[    1.749084] cs35l45 4-0030: supply VA not found, using dummy regulator
[    1.749123] cs35l45 4-0030: supply VP not found, using dummy regulator
[    1.750070] mmc0: SDHCI controller on 8804000.sdhci [8804000.sdhci] using ADMA 64-bit
[    1.757602] cs35l45 4-0030: Cirrus Logic CS35L45: DEVID 35A450 REVID 0xA0 RELID 0x00 OTPID 0x0B.
[    1.765005] msm_pcie_link_train: PCIe RC0 link initialized
[    1.765143] pci-msm 1c00000.qcom,pcie: host bridge /soc/qcom,pcie@1c00000 ranges:
[    1.765153] pci-msm 1c00000.qcom,pcie:   No bus range found for /soc/qcom,pcie@1c00000, using [bus 00-ff]
[    1.765165] pci-msm 1c00000.qcom,pcie:       IO 0x0060200000..0x00602fffff -> 0x0060200000
[    1.765170] pci-msm 1c00000.qcom,pcie:      MEM 0x0060300000..0x0063ffffff -> 0x0060300000
[    1.765520] pci-msm 1c00000.qcom,pcie: PCI host bridge to bus 0000:00
[    1.765524] pci_bus 0000:00: root bus resource [bus 00-ff]
[    1.765526] pci_bus 0000:00: root bus resource [io  0x0000-0xfffff] (bus address [0x60200000-0x602fffff])
[    1.765528] pci_bus 0000:00: root bus resource [mem 0x60300000-0x63ffffff]
[    1.765561] pci 0000:00:00.0: [17cb:0113] type 01 class 0x060400
[    1.765590] pci 0000:00:00.0: reg 0x10: [mem 0x00000000-0x00000fff 64bit]
[    1.765703] pci 0000:00:00.0: PME# supported from D0 D3hot D3cold
[    1.770869] pci 0000:00:00.0: bridge configuration invalid ([bus 00-00]), reconfiguring
[    1.771021] pci 0000:01:00.0: [17cb:1107] type 00 class 0x028000
[    1.771089] pci 0000:01:00.0: reg 0x10: [mem 0x00000000-0x001fffff 64bit]
[    1.771408] pci 0000:01:00.0: PME# supported from D0 D3hot D3cold
[    1.783380] pci_bus 0000:01: busn_res: [bus 01-ff] end is updated to 01
[    1.783402] pci 0000:00:00.0: BAR 14: assigned [mem 0x60400000-0x605fffff]
[    1.783406] pci 0000:00:00.0: BAR 15: assigned [mem 0x60600000-0x607fffff 64bit pref]
[    1.783408] pci 0000:00:00.0: BAR 0: assigned [mem 0x60300000-0x60300fff 64bit]
[    1.783424] pci 0000:00:00.0: BAR 13: assigned [io  0x1000-0x1fff]
[    1.783427] pci 0000:01:00.0: BAR 0: assigned [mem 0x60400000-0x605fffff 64bit]
[    1.783463] pci 0000:00:00.0: PCI bridge to [bus 01]
[    1.783466] pci 0000:00:00.0:   bridge window [io  0x1000-0x1fff]
[    1.783475] pci 0000:00:00.0:   bridge window [mem 0x60400000-0x605fffff]
[    1.783481] pci 0000:00:00.0:   bridge window [mem 0x60600000-0x607fffff 64bit pref]
[    1.783835] msm_pcie_enumerate: PCIe: RC0: has already been enumerated.
[    1.784116] cs35l45 4-0031: supply VA not found, using dummy regulator
[    1.784186] cs35l45 4-0031: supply VP not found, using dummy regulator
[    1.784643] cs35l45 4-0031: Reset line busy, assuming shared reset
[    1.784876] cnss_pci 0000:01:00.0: Adding to iommu group 27
[    1.785867] cnss: PCI is probing, vendor ID: 0x17cb, device ID: 0x1107
[    1.785875] cnss_pci 0000:01:00.0: assigned reserved memory node cnss_wlan_region
[    1.785877] cnss: CMA area is cnss_wlan_region
[    1.785882] cnss: Ramdump size 0x780000
[    1.785886] cnss: Initializing SMMU
[    1.785887] cnss: Enabling SMMU S1 stage
[    1.785888] cnss: smmu_iova_start: 0x00000000a0000000, smmu_iova_len: 0x10000000
[    1.785891] cnss: smmu_iova_ipa_start: 0x00000000b0000000, smmu_iova_ipa_len: 0x10000
[    1.785892] cnss: iommu_geometry: 0
[    1.785895] cnss: PCIe DRV is supported
[    1.785905] cnss_pci 0000:01:00.0: BAR 0: assigned [mem 0x60400000-0x605fffff 64bit]
[    1.785950] pci 0000:00:00.0: enabling device (0006 -> 0007)
[    1.785959] cnss_pci 0000:01:00.0: enabling device (0000 -> 0002)
[    1.785997] cnss: Set PCI DMA MASK (0xfffffffff)
[    1.786733] cnss: MSI base data is 0
[    1.786735] cnss: BAR starts at 0x0000000060400000, length is 200000
[    1.786737] cnss: Assign MSI to user: MHI, num_vectors: 3, user_base_data: 0, base_vector: 0
[    1.786739] cnss: Number of assigned MSI for MHI is 3, base vector is 0
[    1.786740] cnss: Get IRQ number 334 for vector index 0
[    1.786742] cnss: Get IRQ number 335 for vector index 1
[    1.786743] cnss: Get IRQ number 336 for vector index 2
[    1.786746] cnss: Get device version info, family number: 0x4, device number: 0x17, major version: 0x2, minor version: 0x0
[    1.786860] cnss: PCIe DRV is supported
[    1.786863] cnss: FW name added with prefix: kiwi/amss20.bin
[    1.786864] cnss: FW name is kiwi/amss20.bin, FW fallback name is amss20.bin
[    1.786869] cnss: Get PCI link status register: 4130
[    1.786871] cnss: Default PCI link speed is 0x2, link width is 0x2
[    1.793288] cs35l45 4-0031: Cirrus Logic CS35L45: DEVID 35A450 REVID 0xA0 RELID 0x00 OTPID 0x0B.
[    1.794846] nfc_post_init success
[    1.794851] nfc_i2c_dev_probe:nfc secure_zone = false
[    1.794912] nfc_i2c_dev_probe: probing nfc i2c success
[    1.798824] qcom_slim_ngd_runtime_resume QMI handle is NULL
[    1.798843] btfm_slim_probe: name = 217:221:1:0   
[    1.798845] btfm_slim_probe: name = btfmslim_slave
[    1.798847] btfm_slim_probe: is_laddr_valid is true
[    1.800301] Failed to create system directory gsi
[    1.801452] (NULL device *): msm_gsi_probe:5880 No MSIs configured
[    1.803187] cnss: Suspending PCI link
[    1.808995] btfmslim-driver btfmslim_slave: 
[    1.812475] Failed to create system directory rmnet
[    1.820840] Failed to create system directory rmnet
[    1.820868] Failed to create system directory rmnet
[    1.820890] Failed to create system directory rmnet
[    1.820915] Failed to create system directory rmnet
[    1.820937] Failed to create system directory rmnet
[    1.820962] Failed to create system directory rmnet
[    1.820984] Failed to create system directory rmnet
[    1.821005] Failed to create system directory rmnet
[    1.821026] Failed to create system directory rmnet
[    1.821044] Failed to create system directory rmnet
[    1.821062] Failed to create system directory rmnet
[    1.821080] Failed to create system directory rmnet
[    1.821097] Failed to create system directory rmnet
[    1.821113] Failed to create system directory rmnet
[    1.821132] Failed to create system directory rmnet
[    1.821148] Failed to create system directory rmnet
[    1.821165] Failed to create system directory rmnet
[    1.821181] Failed to create system directory rmnet
[    1.821198] Failed to create system directory rmnet
[    1.821214] Failed to create system directory rmnet
[    1.821231] Failed to create system directory rmnet
[    1.821248] Failed to create system directory rmnet
[    1.821264] Failed to create system directory rmnet
[    1.821285] Failed to create system directory wda
[    1.821320] Failed to create system directory wda
[    1.821338] Failed to create system directory wda
[    1.821357] Failed to create system directory dfc
[    1.821381] Failed to create system directory dfc
[    1.821399] Failed to create system directory dfc
[    1.821419] Failed to create system directory dfc
[    1.821437] Failed to create system directory dfc
[    1.821454] Failed to create system directory dfc
[    1.821472] Failed to create system directory dfc
[    1.821488] Failed to create system directory dfc
[    1.821507] Failed to create system directory dfc
[    1.821524] Failed to create system directory dfc
[    1.821545] Failed to create system directory dfc
[    1.821563] Failed to create system directory dfc
[    1.821592] Failed to create system directory dfc
[    1.822286] Failed to create system directory mac80211
[    1.822364] Failed to create system directory mac80211
[    1.822396] Failed to create system directory mac80211
[    1.822427] Failed to create system directory mac80211
[    1.822457] Failed to create system directory mac80211
[    1.822484] Failed to create system directory mac80211
[    1.822514] Failed to create system directory mac80211
[    1.822546] Failed to create system directory mac80211
[    1.822580] Failed to create system directory mac80211
[    1.822615] Failed to create system directory mac80211
[    1.822912] rtc6226: rtc6226_i2c_probe: rtc6226,vdd-load val 15000
[    1.822931] rtc6226: rtc6226_pinctrl_init: target does not use pinctrl
[    1.822935] rtc6226: rtc6226_i2c_probe: rtc6226_pinctrl_init returned -19
[    1.823936] Failed to create system directory mac80211
[    1.825948] rtc6226: rtc6226_i2c_probe exit
[    1.826409] Failed to create system directory mac80211
[    1.826543] Failed to create system directory mac80211
[    1.826579] Failed to create system directory mac80211
[    1.826613] Failed to create system directory mac80211
[    1.826647] Failed to create system directory mac80211
[    1.826680] Failed to create system directory mac80211
[    1.826713] Failed to create system directory mac80211
[    1.826747] Failed to create system directory mac80211
[    1.826775] Failed to create system directory mac80211
[    1.826803] Failed to create system directory mac80211
[    1.829198] Failed to create system directory mac80211
[    1.831080] Failed to create system directory mac80211
[    1.831138] Failed to create system directory mac80211
[    1.831174] Failed to create system directory mac80211
[    1.831203] Failed to create system directory mac80211
[    1.831231] Failed to create system directory mac80211
[    1.831261] Failed to create system directory mac80211
[    1.831290] Failed to create system directory mac80211
[    1.831319] Failed to create system directory mac80211
[    1.831346] Failed to create system directory mac80211
[    1.831372] Failed to create system directory mac80211
[    1.831400] Failed to create system directory mac80211
[    1.831428] Failed to create system directory mac80211
[    1.831453] Failed to create system directory mac80211
[    1.831480] Failed to create system directory mac80211
[    1.831508] Failed to create system directory mac80211
[    1.831533] Failed to create system directory mac80211
[    1.831563] Failed to create system directory mac80211
[    1.833174] Failed to create system directory mac80211
[    1.833220] Failed to create system directory mac80211
[    1.833259] Failed to create system directory mac80211
[    1.833293] Failed to create system directory mac80211
[    1.835822] Failed to create system directory mac80211
[    1.835861] Failed to create system directory mac80211
[    1.835892] Failed to create system directory mac80211
[    1.835929] Failed to create system directory mac80211
[    1.835957] Failed to create system directory mac80211
[    1.835987] Failed to create system directory mac80211
[    1.836245] Failed to create system directory mac80211
[    1.836397] Failed to create system directory mac80211
[    1.836438] Failed to create system directory mac80211
[    1.836874] Failed to create system directory mac80211
[    1.836922] Failed to create system directory mac80211
[    1.836955] Failed to create system directory mac80211
[    1.836993] Failed to create system directory mac80211
[    1.837021] Failed to create system directory mac80211
[    1.837063] Failed to create system directory mac80211
[    1.837101] Failed to create system directory mac80211
[    1.837132] Failed to create system directory mac80211
[    1.837161] Failed to create system directory mac80211
[    1.837191] Failed to create system directory mac80211
[    1.837219] Failed to create system directory mac80211
[    1.837248] Failed to create system directory mac80211
[    1.837284] Failed to create system directory mac80211
[    1.837315] Failed to create system directory mac80211
[    1.837345] Failed to create system directory mac80211
[    1.837377] Failed to create system directory mac80211
[    1.837405] Failed to create system directory mac80211
[    1.837436] Failed to create system directory mac80211
[    1.837466] Failed to create system directory mac80211
[    1.837496] Failed to create system directory mac80211
[    1.837526] Failed to create system directory mac80211
[    1.837556] Failed to create system directory mac80211
[    1.837584] Failed to create system directory mac80211
[    1.837623] Failed to create system directory mac80211
[    1.837667] Failed to create system directory mac80211
[    1.837699] Failed to create system directory mac80211
[    1.837729] Failed to create system directory mac80211
[    1.837760] Failed to create system directory mac80211
[    1.837787] Failed to create system directory mac80211
[    1.837874] Failed to create system directory mac80211
[    1.838117] Failed to create system directory mac80211
[    1.838157] Failed to create system directory mac80211
[    1.838187] Failed to create system directory mac80211
[    1.838220] Failed to create system directory mac80211
[    1.838248] Failed to create system directory mac80211
[    1.838277] Failed to create system directory mac80211
[    1.838306] Failed to create system directory mac80211
[    1.838334] Failed to create system directory mac80211
[    1.838360] Failed to create system directory mac80211
[    1.838390] Failed to create system directory mac80211
[    1.838417] Failed to create system directory mac80211
[    1.838444] Failed to create system directory mac80211
[    1.838473] Failed to create system directory mac80211
[    1.838501] Failed to create system directory mac80211
[    1.838528] Failed to create system directory mac80211
[    1.838630] Failed to create system directory mac80211
[    1.838661] Failed to create system directory mac80211
[    1.838690] Failed to create system directory mac80211
[    1.838719] Failed to create system directory mac80211
[    1.838747] Failed to create system directory mac80211
[    1.838846] Failed to create system directory mac80211
[    1.838883] Failed to create system directory mac80211
[    1.838915] Failed to create system directory mac80211
[    1.838954] Failed to create system directory mac80211
[    1.838987] Failed to create system directory mac80211
[    1.839028] Failed to create system directory mac80211
[    1.839342] Failed to create system directory mac80211
[    1.839389] Failed to create system directory mac80211
[    1.840482] Failed to create system directory mac80211
[    1.840532] Failed to create system directory mac80211
[    1.840570] Failed to create system directory mac80211
[    1.840606] Failed to create system directory mac80211
[    1.840646] Failed to create system directory mac80211
[    1.840685] Failed to create system directory mac80211
[    1.840720] Failed to create system directory mac80211
[    1.840760] Failed to create system directory mac80211
[    1.840799] Failed to create system directory mac80211
[    1.840842] Failed to create system directory mac80211
[    1.840886] Failed to create system directory mac80211
[    1.840929] Failed to create system directory mac80211
[    1.840973] Failed to create system directory mac80211
[    1.841019] Failed to create system directory mac80211
[    1.841388] Failed to create system directory mac80211
[    1.841461] Failed to create system directory mac80211
[    1.841500] Failed to create system directory mac80211
[    1.841530] Failed to create system directory mac80211
[    1.841564] Failed to create system directory mac80211
[    1.841597] Failed to create system directory mac80211
[    1.841625] Failed to create system directory mac80211
[    1.841658] Failed to create system directory mac80211
[    1.841686] Failed to create system directory mac80211
[    1.846237] Could not create tracefs 'gpu_work_period' directory
[    1.846334] Failed to create system directory kgsl
[    1.846387] Failed to create system directory kgsl
[    1.846418] Failed to create system directory kgsl
[    1.846450] Failed to create system directory kgsl
[    1.846478] Failed to create system directory kgsl
[    1.846504] Failed to create system directory kgsl
[    1.846533] Failed to create system directory kgsl
[    1.846561] Failed to create system directory kgsl
[    1.846588] Failed to create system directory kgsl
[    1.846618] Failed to create system directory kgsl
[    1.846646] Failed to create system directory kgsl
[    1.846677] Failed to create system directory kgsl
[    1.846710] Failed to create system directory kgsl
[    1.846737] Failed to create system directory kgsl
[    1.846768] Failed to create system directory kgsl
[    1.846798] Failed to create system directory kgsl
[    1.846827] Failed to create system directory kgsl
[    1.846858] Failed to create system directory kgsl
[    1.846892] Failed to create system directory kgsl
[    1.846928] Failed to create system directory kgsl
[    1.846958] Failed to create system directory kgsl
[    1.846989] Failed to create system directory kgsl
[    1.847017] Failed to create system directory kgsl
[    1.847045] Failed to create system directory kgsl
[    1.847076] Failed to create system directory kgsl
[    1.847109] Failed to create system directory kgsl
[    1.847141] Failed to create system directory kgsl
[    1.847172] Failed to create system directory kgsl
[    1.847203] Failed to create system directory kgsl
[    1.847231] Failed to create system directory kgsl
[    1.847264] Failed to create system directory kgsl
[    1.847294] Failed to create system directory kgsl
[    1.847321] Failed to create system directory kgsl
[    1.847349] Failed to create system directory kgsl
[    1.847373] Failed to create system directory kgsl
[    1.847399] Failed to create system directory kgsl
[    1.847429] Failed to create system directory kgsl
[    1.847454] Failed to create system directory kgsl
[    1.847478] Failed to create system directory kgsl
[    1.847507] Failed to create system directory kgsl
[    1.847531] Failed to create system directory kgsl
[    1.847570] Failed to create system directory kgsl
[    1.847599] Failed to create system directory kgsl
[    1.847624] Failed to create system directory kgsl
[    1.847648] Failed to create system directory kgsl
[    1.847673] Failed to create system directory kgsl
[    1.847698] Failed to create system directory kgsl
[    1.847722] Failed to create system directory kgsl
[    1.847749] Failed to create system directory kgsl
[    1.847772] Failed to create system directory kgsl
[    1.847796] Failed to create system directory kgsl
[    1.847823] Failed to create system directory kgsl
[    1.847847] Failed to create system directory kgsl
[    1.847871] Failed to create system directory kgsl
[    1.847899] Failed to create system directory kgsl
[    1.847925] Failed to create system directory kgsl
[    1.847949] Failed to create system directory kgsl
[    1.847974] Failed to create system directory kgsl
[    1.848001] Failed to create system directory kgsl
[    1.848025] Failed to create system directory kgsl
[    1.848050] Failed to create system directory kgsl
[    1.848073] Failed to create system directory kgsl
[    1.848099] Failed to create system directory kgsl
[    1.848125] Failed to create system directory kgsl
[    1.848153] Failed to create system directory kgsl
[    1.848178] Failed to create system directory kgsl
[    1.848205] Failed to create system directory kgsl
[    1.848234] Failed to create system directory kgsl
[    1.848260] Failed to create system directory kgsl
[    1.848286] Failed to create system directory kgsl
[    1.848313] Failed to create system directory kgsl
[    1.848337] Failed to create system directory kgsl
[    1.848365] Failed to create system directory kgsl
[    1.848389] Failed to create system directory kgsl
[    1.848413] Failed to create system directory kgsl
[    1.848439] Failed to create system directory kgsl
[    1.848463] Failed to create system directory kgsl
[    1.848486] Failed to create system directory kgsl
[    1.848510] Failed to create system directory kgsl
[    1.848533] Failed to create system directory kgsl
[    1.848555] Failed to create system directory kgsl
[    1.848581] Failed to create system directory kgsl
[    1.848606] Failed to create system directory kgsl
[    1.848629] Failed to create system directory kgsl
[    1.848656] Failed to create system directory kgsl
[    1.848682] Failed to create system directory kgsl
[    1.848709] Failed to create system directory kgsl
[    1.848736] Failed to create system directory kgsl
[    1.848758] Failed to create system directory kgsl
[    1.848781] Failed to create system directory kgsl
[    1.848805] Failed to create system directory kgsl
[    1.848831] Failed to create system directory kgsl
[    1.848883] Failed to create system directory kgsl
[    1.848912] Failed to create system directory kgsl
[    1.848979] Failed to create system directory kgsl
[    1.849396] DATARMNET163e93649e(): Starting rmnet SHS module 43a6b 
[    1.852277] DATARMNETb1c42acd9c(): rmnet_offload initializing
[    1.854336] DATARMNET5e4be08a32(): Loading
[    1.855195] DATARMNET7eb0fa5c8f(): rmnet_wlan initializing
[    1.855214] DATARMNET7eb0fa5c8f(): rmnet_wlan_set_hooks set
[    1.856155] Failed to create system directory msm_vidc_events
[    1.856254] Failed to create system directory msm_vidc_events
[    1.856286] Failed to create system directory msm_vidc_events
[    1.856320] Failed to create system directory msm_vidc_events
[    1.856352] Failed to create system directory msm_vidc_events
[    1.856386] Failed to create system directory msm_vidc_events
[    1.856424] Failed to create system directory msm_vidc_events
[    1.856458] Failed to create system directory msm_vidc_events
[    1.857584] aps: init (1.2)
[    1.857941] DATARMNET63abbdc3d3(): Loading
[    1.861751] i2c_geni 88c000.i2c: I2C probed
[    1.862374] msm_vidc_v4l2 aa00000.qcom,vidc:non_secure_pixel_cb: Adding to iommu group 28
[    1.862717] msm_vidc_v4l2 aa00000.qcom,vidc:non_secure_cb: Adding to iommu group 29
[    1.862850] msm_vidc_v4l2 aa00000.qcom,vidc:secure_non_pixel_cb: Adding to iommu group 30
[    1.862890] msm_vidc_v4l2 aa00000.qcom,vidc:secure_bitstream_cb: Adding to iommu group 31
[    1.863313] msm_vidc_v4l2 aa00000.qcom,vidc:secure_pixel_cb: Adding to iommu group 32
[    1.863474] msm_cvp ab00000.qcom,cvp:cvp_non_secure_cb: Adding to iommu group 33
[    1.863664] msm_vidc_v4l2 aa00000.qcom,vidc: bound aa00000.qcom,vidc:non_secure_pixel_cb (ops msm_vidc_component_cb_ops [msm_video])
[    1.863732] msm_vidc_v4l2 aa00000.qcom,vidc: bound aa00000.qcom,vidc:non_secure_cb (ops msm_vidc_component_cb_ops [msm_video])
[    1.863761] msm_vidc_v4l2 aa00000.qcom,vidc: bound aa00000.qcom,vidc:secure_non_pixel_cb (ops msm_vidc_component_cb_ops [msm_video])
[    1.863788] msm_vidc_v4l2 aa00000.qcom,vidc: bound aa00000.qcom,vidc:secure_bitstream_cb (ops msm_vidc_component_cb_ops [msm_video])
[    1.863813] msm_vidc_v4l2 aa00000.qcom,vidc: bound aa00000.qcom,vidc:secure_pixel_cb (ops msm_vidc_component_cb_ops [msm_video])
[    1.863911] msm_cvp ab00000.qcom,cvp:cvp_secure_nonpixel_cb: Adding to iommu group 34
[    1.866387] msm_vidc_v4l2 aa00000.qcom,vidc: Direct firmware load for vpu30_4v.mbn failed with error -2
[    1.866397] msm_vidc_v4l2 aa00000.qcom,vidc: Falling back to sysfs fallback for: vpu30_4v.mbn
[    1.867053] msm_cvp ab00000.qcom,cvp:cvp_secure_pixel_cb: Adding to iommu group 35
[    1.867705] msm_cvp ab00000.qcom,cvp:qcom,msm-cvp,mem_cdsp: assigned reserved memory node cdsp_eva_region
[    1.869170] video_cc-kalama aaf0000.clock-controller: sync-state
[    1.869215] Failed to create system directory ipa
[    1.869308] Failed to create system directory ipa
[    1.869340] Failed to create system directory ipa
[    1.869369] Failed to create system directory ipa
[    1.869398] Failed to create system directory ipa
[    1.869427] Failed to create system directory ipa
[    1.869457] Failed to create system directory ipa
[    1.869489] Failed to create system directory ipa
[    1.869520] Failed to create system directory ipa
[    1.869551] Failed to create system directory ipa
[    1.869585] Failed to create system directory ipa
[    1.869617] Failed to create system directory ipa
[    1.869649] Failed to create system directory ipa
[    1.869686] Failed to create system directory ipa
[    1.869717] Failed to create system directory ipa
[    1.869750] Failed to create system directory ipa
[    1.869785] Failed to create system directory ipa
[    1.870332] adreno-gen7-gmu 3d68000.qcom,gmu: Adding to iommu group 36
[    1.872579] Failed to create system directory sde
[    1.872656] Failed to create system directory sde
[    1.872701] Failed to create system directory sde
[    1.872743] Failed to create system directory sde
[    1.872780] Failed to create system directory sde
[    1.872827] Failed to create system directory sde
[    1.872870] Failed to create system directory sde
[    1.872913] Failed to create system directory sde
[    1.872953] Failed to create system directory sde
[    1.872990] Failed to create system directory sde
[    1.873031] Failed to create system directory sde
[    1.873072] Failed to create system directory sde
[    1.873771] ipa 3e00000.qcom,ipa:ipa_smmu_ap: Adding to iommu group 37
[    1.874787] Failed to create system directory camera
[    1.874822] ipa 3e00000.qcom,ipa:ipa_smmu_wlan: Adding to iommu group 38
[    1.874859] Failed to create system directory camera
[    1.874891] Failed to create system directory camera
[    1.874921] Failed to create system directory camera
[    1.874954] Failed to create system directory camera
[    1.874985] Failed to create system directory camera
[    1.875017] Failed to create system directory camera
[    1.875050] Failed to create system directory camera
[    1.875080] Failed to create system directory camera
[    1.875111] Failed to create system directory camera
[    1.875144] Failed to create system directory camera
[    1.875155] [sde_rsc_hw:rsc_hw_init_v3:545]: sde rsc init successfully done
[    1.875171] [sde_rsc:sde_rsc_probe:1830]: sde rsc index:0 probed successfully
[    1.875174] Failed to create system directory camera
[    1.875206] Failed to create system directory camera
[    1.875238] Failed to create system directory camera
[    1.875242] ipa 3e00000.qcom,ipa:ipa_smmu_uc: Adding to iommu group 39
[    1.875270] Failed to create system directory camera
[    1.875300] Failed to create system directory camera
[    1.875329] Failed to create system directory camera
[    1.875679] CAM_INFO: CAM-UTIL: camera_init: 293 Camera-Banner: (hudsonslave@ip-10-26-39-18) (Mon May 18 06:17:38 UTC 2026)
[    1.875690] ipa 3e00000.qcom,ipa:ipa_smmu_11ad: Adding to iommu group 40
[    1.877220] ipa ipa_smmu_perph_cb_probe:10939 cb 2 is disabled
[    1.877240] ipa ipa_smmu_perph_cb_probe:10939 cb 5 is disabled
[    1.877244] ipa ipa_smmu_perph_cb_probe:10939 cb 6 is disabled
[    1.877275] ipa 3e00000.qcom,ipa: Direct firmware load for ipa_fws.mdt failed with error -2
[    1.877278] ipa 3e00000.qcom,ipa: Falling back to sysfs fallback for: ipa_fws.mdt
[    1.911875] msm_pcie_disable: PCIe: Assert the reset of endpoint of RC0.
[    1.912288] cnss: WLAN_EN Value: 0
[    1.912292] cnss: De-assert WLAN_EN GPIO successfully
[    1.912295] cnss: Regulator vdd-wlan-rfa2 is being disabled
[    1.912309] cnss: Regulator vdd-wlan-rfa1 is being disabled
[    1.912333] cnss: Regulator vdd-wlan-dig is being disabled
[    1.912356] cnss: Regulator vdd-wlan-aon is being disabled
[    1.912376] cnss: Regulator vdd-wlan is being disabled
[    1.912398] cnss: Regulator vdd-wlan-io is being disabled
[    1.912482] cnss: Platform driver probed successfully.
[    5.771742] msmdrm_smmu soc:qcom,smmu_sde_unsec_cb: Adding to iommu group 41
[    5.773389] kgsl-3d 3d00000.qcom,kgsl-3d0: bound 3d68000.qcom,gmu (ops gen7_gmu_component_ops [msm_kgsl])
[    5.775872] Failed to create system directory rndis_ipa
[    5.775876] kauditd_printk_skb: 640 callbacks suppressed
[    5.775879] audit: type=1400 audit(3531966.811:564): avc:  denied  { search } for  pid=712 comm="modprobe" name="events" dev="tracefs" ino=10479 scontext=u:r:vendor_modprobe:s0 tcontext=u:object_r:debugfs_libselinux_tracing:s0 tclass=dir permissive=0
[    5.775969] Failed to create system directory rndis_ipa
[    5.775971] audit: type=1400 audit(3531966.811:565): avc:  denied  { search } for  pid=712 comm="modprobe" name="events" dev="tracefs" ino=10479 scontext=u:r:vendor_modprobe:s0 tcontext=u:object_r:debugfs_libselinux_tracing:s0 tclass=dir permissive=0
[    5.776007] Failed to create system directory rndis_ipa
[    5.776009] audit: type=1400 audit(3531966.811:566): avc:  denied  { search } for  pid=712 comm="modprobe" name="events" dev="tracefs" ino=10479 scontext=u:r:vendor_modprobe:s0 tcontext=u:object_r:debugfs_libselinux_tracing:s0 tclass=dir permissive=0
[    5.776211] RNDIS_IPA module is loaded.
[    5.776338] platform 3da0000.qcom,kgsl-iommu:gfx3d_user: Adding to iommu group 42
[    5.776512] [drm] probing device qcom,smmu_sde_unsec
[    5.776517] [drm] Created domain mdp_ns, secure=0
[    5.778540] platform 3da0000.qcom,kgsl-iommu:gfx3d_lpac: Adding to iommu group 43
[    5.779631] coresight-tmc 10048000.tmc: Adding to iommu group 44
[    5.780818] platform 3da0000.qcom,kgsl-iommu:gfx3d_secure: Adding to iommu group 45
[    5.780849] rmnet_ipa3 started initialization
[    5.780929] coresight-tmc 1004f000.tmc: Adding to iommu group 46
[    5.781500] tmc_etr_usb_init: ETR usb property is not configured!
[    5.783426] IPA clients manager init
[    5.783430] ipa_usb driver init
[    5.783522] ipa_usb registered successfully
[    5.783526] exit: IPA_USB init success!
[    5.783528] ipa_wdi3 registered successfully
[    5.783529] ipa_gsb registered successfully
[    5.783530] ipa_uc_offload registered successfully
[    5.783531] ipa_mhi registered successfully
[    5.783532] ipa_wigig registered successfully
[    5.783533] ipa_eth registered successfully
[    5.783535] ipa_qdss registered successfully
[    5.787872] ------------[ cut here ]------------
[    5.787878] WARNING: CPU: 6 PID: 760 at drivers/base/core.c:1318 device_links_driver_bound+0x258/0x54c
[    5.787885] Modules linked in: ipa_clientsm(OE) ipanetm(OE) coresight_tmc(E) qdss_bridge(E) rndisipam(OE) rmnet_aps(OE) rmnet_wlan(OE) msm_eva(OE) rmnet_offload(OE) usb_f_gsi(E) sys_pm_vx(E) rmnet_shs(OE) rmnet_perf_tether(OE) msm_video(OE) camera(OE+) usb_f_qdss(E) pt_i2c(OE) ipam(OE) rmnet_perf(OE) machine_dlkm(OE) msm_kgsl(OE+) mac80211(E) rmnet_core(OE) gsim(OE) bt_fm_slim(OE) msm_drm(OE+) pt_device_access(OE) camera_sync(OE) msm_hw_fence(OE) cirrus_cs35l45(OE) nxp_nci(OE) synaptics_tcm_ts(OE) sync_fence(OE) rmnet_sch(OE) qcedev_mod_dlkm(OE) swr_dmic_dlkm(OE) radio_i2c_rtc6226_qca(OE) btpower(OE) rmnet_ctl(OE) qrng_dlkm(OE) synx_driver(E) cnss2(OE) cirrus_wm_adsp(OE) rdtags(OE) et603_int(OE) msm_mmrm(OE) lpass_cdc_va_macro_dlkm(OE) goodix_ts(OE) nt36xxx_i2c(OE) qsee_ipc_irq_bridge(E) r8168(E) i3c_master_msm_geni(E) icc_test(E) bcl_soc(E) gh_irq_lend(E) boot_stats(E) max31760_fan(E) wcd938x_dlkm(OE) ehset(E) msm_lmh_dcvs(E) snd_usb_audio_qmi(E) cnss_nl(OE) ddr_cdev(E)
[    5.787929] dmesg_dumper(E) lpass_cdc_tx_macro_dlkm(OE) hdmi_dlkm(OE) leds_qti_flash(E) repeater_i2c_eusb2(E) cpu_voltage_cooling(E) ucsi_glink(E) qti_fixed_regulator(E) qcom_spmi_adc5_gen3(E) phy_msm_snps_eusb2(E) usb_bam(E) qti_userspace_cdev(E) last_logs(OE) cfg80211(E) audio_pkt_dlkm(OE) qcrypto_msm_dlkm(OE) usb_f_ccid(E) spi_msm_geni(E) i2c_msm_geni(E) realtek(E) qti_devfreq_cdev(E) stm_p_ost(E) sdpm_clk(E) qti_cpufreq_cdev(E) spmi_glink_debug(E) leds_qti_tri_led(E) phy_msm_m31_eusb2(E) qcom_vadc_common(E) smcinvoke_dlkm(OE) qcom_cpufreq_hw_debug(E) slim_qcom_ngd_ctrl(E) qcom_lpm(E) qti_qmi_cdev(E) coresight_stm(E) gh_tlmm_vm_mem_access(E) usb_f_diag(E) stm_ftrace(E) qcom_ipc_lite(E) charger_ulog_glink(E) wlan_firmware_service(OE) subsystem_sleep_stats(E) mmc_log_probes(E) microdump_collector(E) stub_dlkm(OE) coresight_dummy(E) cdsprm(E) lpass_cdc_wsa2_macro_dlkm(OE) coresight_funnel(E) tz_log_dlkm(OE) pt_ts(OE) atmel_mxt_ts(OE) lpass_cdc_rx_macro_dlkm(OE)
[    5.787964] qcom_pon(E) ipa_fmwk(E) qcom_edac(E) lpass_cdc_wsa_macro_dlkm(OE) somc_battchg_ext(OE) hung_task_enh(E) mhi_dev_netdev(E) smp2p(E) qti_qmi_sensor_v2(E) swr_haptics_dlkm(OE) nvmem_qfprom(E) hdcp_qseecom_dlkm(OE) cirrus_cs40l2x_codec(OE) lpass_cdc_dlkm(OE) stm_console(E) smsc95xx(E) adsp_loader_dlkm(OE) pinctrl_lpi_dlkm(OE) mbhc_dlkm(OE) pinctrl_spmi_gpio(E) swr_ctrl_dlkm(OE) wcd9xxx_dlkm(OE) qti_battery_charger(E) audio_prm_dlkm(OE) msm_performance(E) glink_pkt(E) f_fs_ipc_log(E) core_hang_detect(E) wsa884x_dlkm(OE) wsa883x_dlkm(OE) cirrus_cs40l2x(OE) qce50_dlkm(OE) msm_ext_display(OE) audpkt_ion_dlkm(OE) panel_event_notifier(E) dwc3_msm(E) spf_core_dlkm(OE) q6_dlkm(OE) mhi_cntrl_qcom(E) wcd938x_slave_dlkm(OE) mhi_dev_uci(E) qcom_esoc(E) gpr_dlkm(OE) phy_generic(E) mhi_dev_satellite(E) mhi_dev_dtr(E) qrtr_mhi(E) mhi(E) coresight_replicator(E) wcd_core_dlkm(OE) cnss_utils(OE) snd_event_dlkm(OE) coresight_cti(E) redriver(E) swr_dlkm(OE) coresight_remote_etm(E)
[    5.788001] q6_notifier_dlkm(OE) qcom_q6v5_pas(E) coresight_tpda(E) coresight_hwevent(E) qcom_pil_info(E) coresight_tgu(E) coresight_tpdm(E) qcom_q6v5(E) coresight_csr(E) qrtr_smd(E) stm_p_basic(E) snd_soc_hdmi_codec(E) slimbus(E) cnss_prealloc(OE) q6_pdr_dlkm(OE) stm_core(E) repeater_qti_pmic_eusb2(E) memlat_scmi(E) cnss_plat_ipc_qmi_svc(OE) qrtr_gunyah(E) coresight(E) qbt_handler(E) msm_memshare(E) qcom_va_minidump(E) smsc(E) msm_geni_serial(E) rimps_log(E) repeater(E) pm8941_pwrkey(E) policy_engine(E) sysmon_subsystem_stats(E) msm_sharedmem(E) adsp_sleepmon(E) spmi_pmic_arb_debug(E) memlat_vendor(E) pinctrl_spmi_mpp(E) eud(E) phy_qcom_ufs_qmp_v4_waipio(E) frpc_adsprpc(E) msm_show_epoch(E) lt9611uxc(E) rdbg(E) gh_mem_notifier(E) cdsp_loader(E) msm_gpi(E) heap_mem_ext_v01(E) pmic_pon_log(E) phy_qcom_ufs_qmp_v4(E) smp2p_sleepstate(E) smsc75xx(E) usb_f_cdev(E) spcom(E) qti_ocp_notifier(E) spss_utils(E) usbmon(E) sps_drv(E) qcom_spss(E) qcom_spmi_temp_alarm(E)
[    5.788038] qcom_sysmon(E) phy_qcom_emu(E) qseecom_proxy(E) hvc_gunyah(E) qcom_ramdump(E) altmode_glink(E) qti_battery_debug(E) qcom_iommu_debug(E) phy_msm_ssusb_qmp(E) reboot_mode(E) sg(E) pinctrl_somc_pmic(E) rq_stats(E) gpucc_kalama(E) glink_probe(E) qcom_glink_spss(E) memlat(E) pwm_qti_lpg(E) soc_sleep_stats(E) pci_msm_drv(E) bam_dma(E) qcom_cpuss_sleep_stats(E) phy_qcom_ufs_qmp_v4_khaje(E) pmic_glink(E) pdr_interface(E) debugcc_kalama(E) qmi_helpers(E) rproc_qcom_common(E) qcom_smd(E) qcom_glink_smem(E) qcom_glink(E) msm_show_resume_irq(E) msm_sysstats(E) zram(E) wakeup_irq_debug(E) zsmalloc(E) nvme(E) nvme_core(E) bcl_pmic5(E) c1dcvs_scmi(E) c1dcvs_vendor(E) qcom_rimps(E) sdhci_msm(E) arm_smmu(E) ufs_qcom(E) ufshcd_crypto_qti(E) msm_qmp(E) qcom_aoss(E) stub_regulator(E) socinfo(E) rtc_pm8xxx(E) qrtr(E) qcom_reboot_reason(E) spmi_pmic_arb(E) qcom_spmi_pmic(E) regmap_spmi(E) qti_regmap_debugfs(E) pmu_scmi(E) pmu_vendor(E) qcom_pmu_lib(E) qcom_llcc_pmu(E)
[    5.788076] qcom_iommu_util(E) qcom_logbuf_vh(E) debug_symbol(E) qcom_dload_mode(E) pinctrl_somc(E) phy_qcom_ufs_qrbtc_sdm845(E) phy_qcom_ufs_qmp_v4_kalama(E) phy_qcom_ufs(E) nvmem_qcom_spmi_sdam(E) ns(E) qnoc_kalama(E) qnoc_qos(E) pinctrl_kalama(E) pinctrl_msm(E) memory_dump_v2(E) mem_buf(E) qcom_dma_heaps(E) msm_dma_iommu_mapping(E) mem_buf_msgq(E) mem_buf_dev(E) mem_hooks(E) llcc_qcom(E) iommu_logger(E) gunyah(E) mdt_loader(E) secure_buffer(E) gh_ctrl(E) videocc_kalama(E) tcsrcc_kalama(E) dispcc_kalama(E) dcc_v2(E) crypto_qti_common(E) crypto_qti_hwkm(E) hwkm(E) tmecom_intf(E) cqhci(E) clk_dummy(E) cpu_hotplug(E) thermal_pause(E) sched_walt(E) qcom_cpufreq_hw(E) bwmon(E) qcom_dcvs(E) dcvs_fp(E) rpmh_regulator(E) qcom_tsens(E) thermal_minidump(E) qcom_pdc(E) qcom_ipcc(E) camcc_kalama(E) icc_rpmh(E) icc_debug(E) icc_bcm_voter(E) gcc_kalama(E) clk_qcom(E) gdsc_regulator(E) debug_regulator(E) proxy_consumer(E) clk_rpmh(E) qcom_rpmh(E) cmd_db(E) qcom_ipc_logging(E)
[    5.788115] qcom_cpu_vendor_hooks(E) gh_virt_wdt(E) qcom_wdt_core(E) qcom_scm(E) minidump(E) smem(E) qcom_hwspinlock(E) gh_rm_drv(E) gh_dbl(E) gh_msgq(E) gh_arm_drv(E)
[    5.788123] CPU: 6 PID: 760 Comm: modprobe Tainted: G S         OE     5.15.189-android13-8-00016-g51bba4309aac-ab14546557 #1
[    5.788126] Hardware name: Sony Corporation. PDX-234 J(Kalama QRD) (DT)
[    5.788127] pstate: 82400005 (Nzcv daif +PAN -UAO +TCO -DIT -SSBS BTYPE=--)
[    5.788129] pc : device_links_driver_bound+0x258/0x54c
[    5.788131] lr : device_links_driver_bound+0x198/0x54c
[    5.788133] sp : ffffffc00f913770
[    5.788134] x29: ffffffc00f913790 x28: 0000000000047a8c x27: ffffff80039834e0
[    5.788137] x26: ffffffeb8ac3c978 x25: 00000000ffffffff x24: ffffffeb8ac3c000
[    5.788139] x23: 0000000000000003 x22: ffffff80039834e0 x21: ffffffeb8ac3c000
[    5.788142] x20: ffffff80494f0010 x19: ffffff8003983410 x18: ffffffc00dfbf0a0
[    5.788144] x17: 0000000000000008 x16: 0000000000030001 x15: 0000000000030001
[    5.788147] x14: ffffff800396b8a0 x13: ffffff800396b678 x12: ffffff800396b899
[    5.788149] x11: 0000000000000001 x10: ffffff8003c64808 x9 : 0000000000000000
[    5.788151] x8 : ffffff8040803020 x7 : 7f7f7f7f7f7f7f7f x6 : 1f736e4cff716468
[    5.788153] x5 : 0000000000000011 x4 : 0000000000000018 x3 : ffffffc00f913778
[    5.788155] x2 : ffffffc00f913778 x1 : ffffffc00f913778 x0 : ffffff80037c0410
[    5.788158] Call trace:
[    5.788159] device_links_driver_bound+0x258/0x54c
[    5.788161] driver_bound+0x48/0x11c
[    5.788164] really_probe+0x200/0x500
[    5.788166] __driver_probe_device+0xa8/0x130
[    5.788168] driver_probe_device+0x48/0x1e8
[    5.788171] __driver_attach+0x1cc/0x2c0
[    5.788173] driver_attach+0x5c/0xc0
[    5.788175] bus_add_driver+0x114/0x26c
[    5.788177] driver_register+0x84/0x17c
[    5.788180] __platform_driver_register+0x28/0x38
[    5.788182] init_module+0x50/0xbd8 [msm_kgsl]
[    5.788522] do_one_initcall+0xe0/0x358
[    5.788526] do_init_module+0x60/0x64c
[    5.788529] load_module+0x155c/0x1830
[    5.788531] __arm64_sys_finit_module+0x18c/0x1a0
[    5.788534] invoke_syscall+0x60/0x150
[    5.788536] el0_svc_common+0xb8/0xf8
[    5.788538] do_el0_svc+0x28/0x98
[    5.788539] el0_svc+0x24/0x84
[    5.788543] el0t_64_sync_handler+0x88/0xec
[    5.788545] el0t_64_sync+0x1b8/0x1bc
[    5.788547] ---[ end trace 84a46af0419a569d ]---
[    5.788551] gpu_cc-kalama 3d90000.clock-controller: sync-state
[    5.788641] msmdrm_smmu soc:qcom,smmu_sde_sec_cb: Adding to iommu group 47
[    5.789023] [drm] probing device qcom,smmu_sde_sec
[    5.789028] [drm] Created domain mdp_s, secure=1
[    5.789268] msm_cam_smmu soc:qcom,cam_smmu:msm_cam_smmu_ife: Adding to iommu group 48
[    5.789882] msm_cam_smmu soc:qcom,cam_smmu:msm_cam_smmu_jpeg: Adding to iommu group 49
[    5.790237] [drm:sde_dbg_init:2672] evtlog_status: enable:11, panic:1, dump:2
[    5.790277] msm_cam_smmu soc:qcom,cam_smmu:msm_cam_smmu_icp: Adding to iommu group 50
[    5.791004] msm_cam_smmu soc:qcom,cam_smmu:msm_cam_smmu_cdm: Adding to iommu group 51
[    5.791575] dsi_phy ae95000.qcom,mdss_dsi_phy0: supply gdsc not found, using dummy regulator
[    5.791742] [drm:dsi_pll_init [msm_drm]] [msm-dsi-info]: DSI_PLL_0: DSI pll label = dsi_pll_4nm
[    5.792049] dsi_pll_init: PLL base=00000000705b2c43
[    5.792246] [drm:dsi_pll_clock_register_4nm [msm_drm]] [msm-dsi-info]: DSI_PLL_0: Registered clocks successfully
[    5.792440] [drm:dsi_phy_driver_probe [msm_drm]] [msm-dsi-info]: DSI_0: Probe successful
[    5.792696] dsi_phy ae97000.qcom,mdss_dsi_phy1: supply gdsc not found, using dummy regulator
[    5.792759] [drm:dsi_pll_init [msm_drm]] [msm-dsi-info]: DSI_PLL_0: DSI pll label = dsi_pll_4nm
[    5.792941] dsi_pll_init: PLL base=000000008bb198bf
[    5.793037] [drm:dsi_pll_clock_register_4nm [msm_drm]] [msm-dsi-info]: DSI_PLL_1: Registered clocks successfully
[    5.793209] [drm:dsi_phy_driver_probe [msm_drm]] [msm-dsi-info]: DSI_1: Probe successful
[    5.793911] [drm:dsi_ctrl_dev_probe [msm_drm]] [msm-dsi-info]: dsi-ctrl-0: Probe successful
[    5.794260] [drm:dsi_ctrl_dev_probe [msm_drm]] [msm-dsi-info]: dsi-ctrl-1: Probe successful
[    5.795656] OF: graph: no port node found in /soc/qcom,dsi-display-primary
[    5.795741] RESET SEQ LENGTH = 8
[    5.796047] dsi_display_res_init: Panel Name = 1
[    5.796195] SPI driver qcom_eeprom has no spi_device_id for qcom,eeprom
[    5.797669] synx: registered bind ops type 0 for cam_sync
[    5.797674] cam_req_mgr soc:qcom,cam-req-mgr: bound soc:qcom,cam-sync (ops cam_sync_component_ops [camera])
[    5.797956] cam_req_mgr soc:qcom,cam-req-mgr: bound soc:qcom,cam_smmu (ops cam_smmu_component_ops [camera])
[    5.798132] cam_req_mgr soc:qcom,cam-req-mgr: bound soc:qcom,cam_smmu:msm_cam_smmu_ife (ops cam_smmu_cb_component_ops [camera])
[    5.798283] cam_req_mgr soc:qcom,cam-req-mgr: bound soc:qcom,cam_smmu:msm_cam_smmu_jpeg (ops cam_smmu_cb_component_ops [camera])
[    5.798438] cam_req_mgr soc:qcom,cam-req-mgr: bound soc:qcom,cam_smmu:msm_cam_smmu_icp (ops cam_smmu_cb_component_ops [camera])
[    5.798578] cam_req_mgr soc:qcom,cam-req-mgr: bound soc:qcom,cam_smmu:msm_cam_smmu_cdm (ops cam_smmu_cb_component_ops [camera])
[    5.798714] cam_req_mgr soc:qcom,cam-req-mgr: bound soc:qcom,cam_smmu:msm_cam_smmu_secure (ops cam_smmu_cb_component_ops [camera])
[    5.799234] CAM_INFO: CAM-CPAS: cam_cpas_get_hw_features: 634 No or invalid fuse entries count: -22
[    5.800966] CAM_INFO: CAM-CPAS: cam_cpas_hw_get_hw_info: 2407 fuse info->num_fuses 0
[    5.800995] cam_req_mgr soc:qcom,cam-req-mgr: bound ac13000.qcom,cam-cpas (ops cam_cpas_dev_component_ops [camera])
[    5.801278] cam_req_mgr soc:qcom,cam-req-mgr: bound soc:qcom,cam-cdm-intf (ops cam_cdm_intf_component_ops [camera])
[    5.802445] CAM_WARN: CAM-CPAS: cam_cpas_hw_stop: 2199 Client=[26][rt-cdm][0] qchannel shut down while top gdsc is still on 1
[    5.802688] cam_req_mgr soc:qcom,cam-req-mgr: bound ac25000.qcom,rt-cdm0 (ops cam_hw_cdm_component_ops [camera])
[    5.816662] CAM_ERR: CAM-CPAS: cam_cpastop_qchannel_handshake: 998 CPAS_START camnoc idle sequence failed, qstat 0x0
[    5.816690] CAM_WARN: CAM-CPAS: cam_cpas_hw_start: 2003 failed in qchannel_handshake rc=-22
[    5.816899] CAM_WARN: CAM-CPAS: cam_cpas_hw_stop: 2199 Client=[27][rt-cdm][1] qchannel shut down while top gdsc is still on 1
[    5.817171] cam_req_mgr soc:qcom,cam-req-mgr: bound ac26000.qcom,rt-cdm1 (ops cam_hw_cdm_component_ops [camera])
[    5.831170] CAM_ERR: CAM-CPAS: cam_cpastop_qchannel_handshake: 998 CPAS_START camnoc idle sequence failed, qstat 0x0
[    5.831201] CAM_WARN: CAM-CPAS: cam_cpas_hw_start: 2003 failed in qchannel_handshake rc=-22
[    5.831411] CAM_WARN: CAM-CPAS: cam_cpas_hw_stop: 2199 Client=[28][rt-cdm][2] qchannel shut down while top gdsc is still on 1
[    5.831675] cam_req_mgr soc:qcom,cam-req-mgr: bound ac27000.qcom,rt-cdm2 (ops cam_hw_cdm_component_ops [camera])
[    5.845595] CAM_ERR: CAM-CPAS: cam_cpastop_qchannel_handshake: 998 CPAS_START camnoc idle sequence failed, qstat 0x0
[    5.845616] CAM_WARN: CAM-CPAS: cam_cpas_hw_start: 2003 failed in qchannel_handshake rc=-22
[    5.845816] CAM_WARN: CAM-CPAS: cam_cpas_hw_stop: 2199 Client=[29][rt-cdm][3] qchannel shut down while top gdsc is still on 1
[    5.846053] cam_req_mgr soc:qcom,cam-req-mgr: bound ac28000.qcom,rt-cdm3 (ops cam_hw_cdm_component_ops [camera])
[    5.849116] audit: type=1400 audit(3531966.883:567): avc:  denied  { search } for  pid=514 comm="modprobe" name="events" dev="tracefs" ino=10479 scontext=u:r:vendor_modprobe:s0 tcontext=u:object_r:debugfs_libselinux_tracing:s0 tclass=dir permissive=0
[    5.849119] Failed to create system directory wlan
[    5.849214] Failed to create system directory wlan
[    5.849216] audit: type=1400 audit(3531966.883:568): avc:  denied  { search } for  pid=514 comm="modprobe" name="events" dev="tracefs" ino=10479 scontext=u:r:vendor_modprobe:s0 tcontext=u:object_r:debugfs_libselinux_tracing:s0 tclass=dir permissive=0
[    5.849255] Failed to create system directory wlan
[    5.849257] audit: type=1400 audit(3531966.883:569): avc:  denied  { search } for  pid=514 comm="modprobe" name="events" dev="tracefs" ino=10479 scontext=u:r:vendor_modprobe:s0 tcontext=u:object_r:debugfs_libselinux_tracing:s0 tclass=dir permissive=0
[    5.849298] Failed to create system directory wlan
[    5.849301] audit: type=1400 audit(3531966.883:570): avc:  denied  { search } for  pid=514 comm="modprobe" name="events" dev="tracefs" ino=10479 scontext=u:r:vendor_modprobe:s0 tcontext=u:object_r:debugfs_libselinux_tracing:s0 tclass=dir permissive=0
[    5.849335] Failed to create system directory wlan
[    5.849337] audit: type=1400 audit(3531966.883:571): avc:  denied  { search } for  pid=514 comm="modprobe" name="events" dev="tracefs" ino=10479 scontext=u:r:vendor_modprobe:s0 tcontext=u:object_r:debugfs_libselinux_tracing:s0 tclass=dir permissive=0
[    5.849372] Failed to create system directory wlan
[    5.849374] audit: type=1400 audit(3531966.883:572): avc:  denied  { search } for  pid=514 comm="modprobe" name="events" dev="tracefs" ino=10479 scontext=u:r:vendor_modprobe:s0 tcontext=u:object_r:debugfs_libselinux_tracing:s0 tclass=dir permissive=0
[    5.849411] Failed to create system directory wlan
[    5.849413] audit: type=1400 audit(3531966.883:573): avc:  denied  { search } for  pid=514 comm="modprobe" name="events" dev="tracefs" ino=10479 scontext=u:r:vendor_modprobe:s0 tcontext=u:object_r:debugfs_libselinux_tracing:s0 tclass=dir permissive=0
[    5.849448] Failed to create system directory wlan
[    5.849485] Failed to create system directory wlan
[    5.849525] Failed to create system directory wlan
[    5.850140] wlan: Loading driver v5.2.1.45E +PANIC_ON_BUG; cld:I1f3a564864; cmn:Ic393d699a2; dev:kiwi_v2
[    5.850626] cnss: WLAN register driver deferred for Calibration
[    5.850655] wlan_hdd_state wlan major(470) initialized
[    5.859897] CAM_ERR: CAM-CPAS: cam_cpastop_qchannel_handshake: 998 CPAS_START camnoc idle sequence failed, qstat 0x0
[    5.859918] CAM_WARN: CAM-CPAS: cam_cpas_hw_start: 2003 failed in qchannel_handshake rc=-22
[    5.860103] CAM_WARN: CAM-CPAS: cam_cpas_hw_stop: 2199 Client=[30][rt-cdm][4] qchannel shut down while top gdsc is still on 1
[    5.860363] cam_req_mgr soc:qcom,cam-req-mgr: bound ac29000.qcom,rt-cdm4 (ops cam_hw_cdm_component_ops [camera])
[    5.860705] cam_req_mgr soc:qcom,cam-req-mgr: bound acb7000.qcom,csid0 (ops cam_ife_csid_component_ops [camera])
[    5.860972] cam_req_mgr soc:qcom,cam-req-mgr: bound acb9000.qcom,csid1 (ops cam_ife_csid_component_ops [camera])
[    5.861216] cam_req_mgr soc:qcom,cam-req-mgr: bound acbb000.qcom,csid2 (ops cam_ife_csid_component_ops [camera])
[    5.861506] cam_req_mgr soc:qcom,cam-req-mgr: bound acca000.qcom,csid-lite0 (ops cam_ife_csid_component_ops [camera])
[    5.861762] cam_req_mgr soc:qcom,cam-req-mgr: bound acce000.qcom,csid-lite1 (ops cam_ife_csid_component_ops [camera])
[    5.862256] cam_req_mgr soc:qcom,cam-req-mgr: bound ac62000.qcom,ife0 (ops cam_vfe_component_ops [camera])
[    5.862677] cam_req_mgr soc:qcom,cam-req-mgr: bound ac71000.qcom,ife1 (ops cam_vfe_component_ops [camera])
[    5.863028] cam_req_mgr soc:qcom,cam-req-mgr: bound ac80000.qcom,ife2 (ops cam_vfe_component_ops [camera])
[    5.863310] cam_req_mgr soc:qcom,cam-req-mgr: bound acca000.qcom,ife-lite0 (ops cam_vfe_component_ops [camera])
[    5.863567] cam_req_mgr soc:qcom,cam-req-mgr: bound acce000.qcom,ife-lite1 (ops cam_vfe_component_ops [camera])
[    5.863928] cam_req_mgr soc:qcom,cam-req-mgr: bound ac9e000.qcom,sfe0 (ops cam_sfe_component_ops [camera])
[    5.864271] cam_req_mgr soc:qcom,cam-req-mgr: bound aca6000.qcom,sfe1 (ops cam_sfe_component_ops [camera])
[    5.864455] CAM_ERR: CAM-ISP: cam_vfe_hw_init: 229 inval param
[    5.864457] CAM_ERR: CAM-ISP: cam_vfe_hw_init: 229 inval param
[    5.864458] CAM_ERR: CAM-ISP: cam_vfe_hw_init: 229 inval param
[    5.864535] cam_req_mgr soc:qcom,cam-req-mgr: bound soc:qcom,cam-isp (ops cam_isp_dev_component_ops [camera])
[    5.865074] cam_req_mgr soc:qcom,cam-req-mgr: bound ac15000.qcom,cci0 (ops cam_cci_component_ops [camera])
[    5.865667] cam_req_mgr soc:qcom,cam-req-mgr: bound ac16000.qcom,cci1 (ops cam_cci_component_ops [camera])
[    5.866220] cam_req_mgr soc:qcom,cam-req-mgr: bound ac17000.qcom,cci2 (ops cam_cci_component_ops [camera])
[    5.866702] cam_req_mgr soc:qcom,cam-req-mgr: bound ace4000.qcom,csiphy0 (ops cam_csiphy_component_ops [camera])
[    5.867099] cam_req_mgr soc:qcom,cam-req-mgr: bound ace6000.qcom,csiphy1 (ops cam_csiphy_component_ops [camera])
[    5.867475] cam_req_mgr soc:qcom,cam-req-mgr: bound ace8000.qcom,csiphy2 (ops cam_csiphy_component_ops [camera])
[    5.867837] cam_req_mgr soc:qcom,cam-req-mgr: bound acea000.qcom,csiphy3 (ops cam_csiphy_component_ops [camera])
[    5.868206] cam_req_mgr soc:qcom,cam-req-mgr: bound acec000.qcom,csiphy4 (ops cam_csiphy_component_ops [camera])
[    5.868568] cam_req_mgr soc:qcom,cam-req-mgr: bound acee000.qcom,csiphy5 (ops cam_csiphy_component_ops [camera])
[    5.868918] cam_req_mgr soc:qcom,cam-req-mgr: bound acf0000.qcom,csiphy6 (ops cam_csiphy_component_ops [camera])
[    5.869287] cam_req_mgr soc:qcom,cam-req-mgr: bound acf2000.qcom,csiphy7 (ops cam_csiphy_component_ops [camera])
[    5.869629] cam_req_mgr soc:qcom,cam-req-mgr: bound ac01000.qcom,icp (ops cam_icp_v2_component_ops [camera])
[    5.870002] cam_req_mgr soc:qcom,cam-req-mgr: bound ac42000.qcom,ipe0 (ops cam_ipe_component_ops [camera])
[    5.870368] cam_req_mgr soc:qcom,cam-req-mgr: bound ac2c000.qcom,bps (ops cam_bps_component_ops [camera])
[    5.871304] cam_req_mgr soc:qcom,cam-req-mgr: bound soc:qcom,cam-icp (ops cam_icp_component_ops [camera])
[    5.871651] cam_req_mgr soc:qcom,cam-req-mgr: bound ac2a000.qcom,jpegenc0 (ops cam_jpeg_enc_component_ops [camera])
[    5.871905] cam_req_mgr soc:qcom,cam-req-mgr: bound ac2b000.qcom,jpegdma0 (ops cam_jpeg_dma_component_ops [camera])
[    5.872407] cam_req_mgr soc:qcom,cam-req-mgr: bound soc:qcom,cam-jpeg (ops cam_jpeg_dev_component_ops [camera])
[    5.872573] CAM_INFO: CAM-CRM: cam_req_mgr_component_master_bind: 1028 All components bound successfully, Spectra camera driver initialized
[    5.873345] msm_drm ae00000.qcom,mdss_mdp: bound af20000.qcom,sde_rscc (ops sde_rsc_comp_ops [msm_drm])
[    5.873643] msm_drm ae00000.qcom,mdss_mdp: bound soc:qcom,wb-display@1 (ops sde_wb_comp_ops [msm_drm])
[    5.873865] msm_drm ae00000.qcom,mdss_mdp: bound soc:qcom,wb-display@2 (ops sde_wb_comp_ops [msm_drm])
[    5.874072] msm_drm ae00000.qcom,mdss_mdp: bound ae90000.qcom,dp_display (ops dp_display_comp_ops [msm_drm])
[    5.874541] [drm:dsi_display_bind [msm_drm]] [msm-dsi-info]: Successfully bind display panel 'somc,1_panel '
[    5.874747] msm_drm ae00000.qcom,mdss_mdp: bound soc:qcom,dsi-display-primary (ops dsi_display_comp_ops [msm_drm])
[    5.874953] [drm] mapped mdp address space @0000000000000000
[    5.875938] [drm:_sde_kms_hw_init_blocks:4934] sde hardware revision:0x90000001
[    5.876767] [drm:dsi_panel_get_mode [msm_drm]] [msm-dsi-info]: default topology: lm: 2 comp_enc:2 intf: 2
[    5.877017] [drm:dsi_panel_get_mode [msm_drm]] [msm-dsi-info]: default topology: lm: 2 comp_enc:2 intf: 2
[    5.877242] [drm:dsi_panel_get_mode [msm_drm]] [msm-dsi-info]: default topology: lm: 2 comp_enc:2 intf: 2
[    5.877467] [drm:dsi_panel_get_mode [msm_drm]] [msm-dsi-info]: default topology: lm: 2 comp_enc:2 intf: 2
[    5.878471] [drm:dp_pll_get][msm-dp-info][881 ]revision=DP_PLL_4NM_V1_1, ssc_en=0, bonding_en=0
[    5.879023] [drm:dp_display_initialize_hdcp][msm-dp-info][881 ]HDCP 1.3 initialized
[    5.879138] [drm:dp_display_initialize_hdcp][msm-dp-info][881 ]HDCP 2.2 initialized
[    5.879304] [drm:dp_mst_init][msm-dp-info][881 ]dp drm mst topology manager init completed
[    5.880219] gh_msgq: Registered client for label: 2
[    5.881699] [drm] Initialized msm_drm 1.4.0 20130625 for ae00000.qcom,mdss_mdp on minor 0
[    5.881703] [drm] cont_splash enabled in 1 of 1 display(s)
[    5.881755] [drm:dsi_ctrl_isr_configure [msm_drm]] [msm-dsi-info]: dsi-ctrl-0: IRQ 381 registered
[    5.882015] [drm:dsi_ctrl_isr_configure [msm_drm]] [msm-dsi-info]: dsi-ctrl-1: IRQ 382 registered
[    5.882484] gcc-kalama 100000.clock-controller: sync-state
[    5.882673] tcsr_cc-kalama 1fc0000.clock-controller: sync-state
[    5.882680] disp_cc-kalama af00000.clock-controller: sync-state
[    5.886437] lxs_ts: SW82907 driver init - 0.01b-f1
[    5.886825] lxs_ts 2-0028: i2c: bus probe : a90000.i2c/i2c-2/2-0028
[    5.886835] lxs_ts 2-0028: pinctrl: not found
[    5.886870] lxs_ts 2-0028: build opt  : __LXS_SUPPORT_PINCTRL
[    5.886871] lxs_ts 2-0028: build opt  : __LXS_SUPPORT_OLED
[    5.886872] lxs_ts 2-0028: build opt  : __LXS_SUPPORT_LPWG
[    5.886873] lxs_ts 2-0028: build opt  : __LXS_SUPPORT_WATCHDOG
[    5.886874] lxs_ts 2-0028: chip type  : 0x0897
[    5.886875] lxs_ts 2-0028: chip class : 7601
[    5.886876] lxs_ts 2-0028: chip name  : SW82907
[    5.886878] lxs_ts 2-0028: drv name   : lxs_ts
[    5.886879] lxs_ts 2-0028: input name : lxs_ts_input
[    5.886880] lxs_ts 2-0028: max finger : 10
[    5.886881] lxs_ts 2-0028: mode bit   : 0x00000007
[    5.886882] lxs_ts 2-0028: tx_hdr     : 2
[    5.886883] lxs_ts 2-0028: rx_hdr     : 0
[    5.886884] lxs_ts 2-0028: tx_dummy   : 0
[    5.886885] lxs_ts 2-0028: rx_dummy   : 0
[    5.886886] lxs_ts 2-0028: LXS Touch Probe
[    5.886887] lxs_ts 2-0028: DTS parsing
[    5.886893] lxs_ts 2-0028: of gpio  : reset-gpio 325
[    5.886895] lxs_ts 2-0028: of gpio  : irq-gpio 326
[    5.886897] lxs_ts 2-0028: coord(dt): max_x 1644, max_y 3840
[    5.886898] lxs_ts 2-0028: coord(dt): zone's size not found
[    5.886899] lxs_ts 2-0028: coord(dt): zone's size - indicator:48, navigation:96, edge:60
[    5.886903] lxs_ts 2-0028: of_string : panel_spec sw82907_test_spec_v0.1.txt
[    5.886905] lxs_ts 2-0028: of_string : self_test sw82907_self_test.txt
[    5.886906] lxs_ts 2-0028: pt(dt): pt_open_cmp 4800 8192
[    5.886908] lxs_ts 2-0028: pt(dt): pt_short_gnd_cmp 6500 8192
[    5.886909] lxs_ts 2-0028: pt(dt): pt_short_trx_cmp 6500 8192
[    5.886910] lxs_ts 2-0028: pt(dt): pt_short_vdd_cmp 0 5200
[    5.886912] lxs_ts 2-0028: pt(dt): pt_sync_v_cmp 57 63
[    5.886913] lxs_ts 2-0028: DTS parsing done
[    5.886914] lxs_ts 2-0028:  max_x           = 1644
[    5.886915] lxs_ts 2-0028:  max_y           = 3840
[    5.886916] lxs_ts 2-0028:  use_lpwg        = 1
[    5.886916] lxs_ts 2-0028:  use_firmware    = 1
[    5.886918] lxs_ts 2-0028:  use_fw_upgrade  = 1
[    5.886918] lxs_ts 2-0028:  use_fw_ver_diff = 1
[    5.886991] lxs_ts 2-0028: gpio_irq: gpio_request_one(326, 1, lxs_gpio_irq)
[    5.886995] lxs_ts 2-0028: input cfg status : __LXS_CONFIG_INPUT_ANDROID
[    5.887037] input: lxs_ts_input as /devices/virtual/input/input4
[    5.887059] lxs_ts 2-0028: input device[input4, i2c-2/2-0028/lxs_ts_input] registered
[    5.887061] lxs_ts 2-0028: input finger: x 1644, y 3840, press 255, width 15, orient 90, t 0
[    5.887083] lxs_ts 2-0028: sysfs initialized
[    5.888034] init: Service 'exec 3 (/vendor/bin/modprobe -a -d /vendor/lib/modules/ lxs_touchscreen)' (pid 881) exited with status 0 waiting took 4.117000 seconds
[    5.888043] init: Sending signal 9 to service 'exec 3 (/vendor/bin/modprobe -a -d /vendor/lib/modules/ lxs_touchscreen)' (pid 881) process group...
[    5.888155] libprocessgroup: Removed cgroup /sys/fs/cgroup/uid_0/pid_881
[    5.888356] init: starting service 'exec 4 (/vendor/bin/modprobe -a -d /vendor/lib/modules/ et603-int)'...
[    5.889341] init: ... started service 'exec 4 (/vendor/bin/modprobe -a -d /vendor/lib/modules/ et603-int)' has pid 997
[    5.889354] init: SVC_EXEC service 'exec 4 (/vendor/bin/modprobe -a -d /vendor/lib/modules/ et603-int)' pid 997 (uid 0 gid 0+0 context u:r:vendor_modprobe:s0) started; waiting...
[    5.891951] init: Service 'vendor.modprobe' (pid 303) exited with status 0 oneshot service took 4.747000 seconds in background
[    5.891961] init: Sending signal 9 to service 'vendor.modprobe' (pid 303) process group...
[    5.892039] libprocessgroup: Removed cgroup /sys/fs/cgroup/uid_0/pid_303
[    5.894104] init: Service 'exec 4 (/vendor/bin/modprobe -a -d /vendor/lib/modules/ et603-int)' (pid 997) exited with status 0 waiting took 0.005000 seconds
[    5.922710] logd: libprocessgroup: JoinCgroup: controller schedtune is not found
[    5.922859] servicemanager: Starting sm instance on /dev/binder
[    5.925130] SELinux: Multiple same specifications for vendor.qti.gnss.ILocAidlGnss/default.
[    5.925658] SELinux: SELinux: Loaded service context from:
[    5.925668] SELinux: 		/system/etc/selinux/plat_service_contexts
[    5.925672] SELinux: 		/system_ext/etc/selinux/system_ext_service_contexts
[    5.925675] SELinux: 		/product/etc/selinux/product_service_contexts
[    5.925678] SELinux: 		/vendor/etc/selinux/vendor_service_contexts
[    5.929924] init: wait for '/dev/block/platform/soc/1d84000.ufshc' took 0ms
[    5.939192] cs40l2x 3-0040: Direct firmware load for cs40l20.bin failed with error -2
[    5.939199] cs40l2x 3-0040: Falling back to sysfs fallback for: cs40l20.bin
[    5.939244] cs40l2x 3-0040: Direct firmware load for cs40l25a_a2h.bin failed with error -2
[    5.939246] cs40l2x 3-0040: Falling back to sysfs fallback for: cs40l25a_a2h.bin
[    5.939269] cs40l2x 3-0040: Direct firmware load for cs40l25a_f0.bin failed with error -2
[    5.939270] cs40l2x 3-0040: Falling back to sysfs fallback for: cs40l25a_f0.bin
[    5.950090] cutils-trace: Error opening trace file: No such file or directory (2)
[    5.950225] SELinux: avc:  denied  { find } for pid=999 uid=1069 name=vendor.qti.hardware.perf2.IPerf/default scontext=u:r:lmkd:s0 tcontext=u:object_r:default_android_service:s0 tclass=service_manager permissive=0
[    5.953694] SELinux: avc:  denied  { find } for pid=999 uid=1069 name=vendor.qti.hardware.perf2.IPerf/default scontext=u:r:lmkd:s0 tcontext=u:object_r:default_android_service:s0 tclass=service_manager permissive=0
[    5.982942] modprobe: Loading module /vendor/lib/modules/slg51000-regulator.ko with args ''
[    5.984349] slg51000-regulator 0-0075: supply vdd not found, using dummy regulator
[    5.997471] slg51000_a_ldo3: supplied by regulator-dummy
[    5.998302] slg51000_a_ldo4: supplied by regulator-dummy
[    5.999367] slg51000_a_ldo5: supplied by regulator-dummy
[    6.000367] slg51000_a_ldo6: supplied by regulator-dummy
[    6.001475] slg51000_a_ldo7: supplied by cam_pmic0_vin7_supply
[    6.001748] slg51000-regulator 0-0075: No IRQ configured
[    6.002049] modprobe: Loaded kernel module /vendor/lib/modules/slg51000-regulator.ko
[    6.002158] modprobe: Loading module /vendor/lib/modules/qcom_glink.ko with args ''
[    6.002379] modprobe: Loading module /vendor/lib/modules/qcom_glink_smem.ko with args ''
[    6.002449] modprobe: Loading module /vendor/lib/modules/qcom_smd.ko with args ''
[    6.002541] modprobe: Loading module /vendor/lib/modules/rproc_qcom_common.ko with args ''
[    6.002661] modprobe: Loading module /vendor/lib/modules/qmi_helpers.ko with args ''
[    6.002751] modprobe: Loading module /vendor/lib/modules/pdr_interface.ko with args ''
[    6.002822] modprobe: Loading module /vendor/lib/modules/panel_event_notifier.ko with args ''
[    6.002875] modprobe: Loading module /vendor/lib/modules/qcom_va_minidump.ko with args ''
[    6.010948] SPI driver sony_camera_spi_subdev has no spi_device_id for sony,camera_subdev
[    6.070140] cam_cc-kalama ade0000.clock-controller: sync-state
[    6.090700] printk: modprobe: 9 output lines suppressed due to ratelimiting
[    6.091883] init: wait for '/dev/block/bootdevice/by-name/TA' took 0ms
[    6.112243] EXT4-fs (sda3): Ignoring removed nomblk_io_submit option
[    6.113422] EXT4-fs (sda3): mounted filesystem with ordered data mode. Opts: errors=remount-ro,nomblk_io_submit. Quota mode: none.
[    6.122327] e2fsck: e2fsck 1.46.6 (1-Feb-2023)
[    6.123173] e2fsck: /dev/block/bootdevice/by-name/persist: clean, 420/8192 files, 1828/8192 blocks
[    6.124796] EXT4-fs (sda3): mounted filesystem with ordered data mode. Opts: barrier=1,discard. Quota mode: none.
[    6.125416] ueventd: firmware: loading 'cs40l20.bin' for '/devices/platform/soc/8c0000.qcom,qupv3_2_geni_se/888000.i2c/i2c-3/3-0040/firmware/cs40l20.bin'
[    6.125563] ueventd: found /vendor/firmware/cs40l20.bin for /devices/platform/soc/8c0000.qcom,qupv3_2_geni_se/888000.i2c/i2c-3/3-0040/firmware/cs40l20.bin
[    6.125859] cs40l2x 3-0040: Wave 000 (Type: 0x0c, Flags: 0x0000, Index:     61, Size:    7, Data: 0xc00000)
[    6.125864] cs40l2x 3-0040: Wave 001 (Type: 0x08, Flags: 0x0000, Index:     68, Size:   24, Data: 0x800042)
[    6.125867] cs40l2x 3-0040: Wave 002 (Type: 0x0a, Flags: 0x0000, Index:     92, Size:    6, Data: 0x8000e2)
[    6.125869] cs40l2x 3-0040: Wave 003 (Type: 0x08, Flags: 0x0000, Index:     98, Size:   27, Data: 0x80004b)
[    6.125871] cs40l2x 3-0040: Wave 004 (Type: 0x08, Flags: 0x0000, Index:    125, Size:   24, Data: 0x800042)
[    6.125873] cs40l2x 3-0040: Wave 005 (Type: 0x08, Flags: 0x0000, Index:    149, Size:   25, Data: 0x800045)
[    6.125874] cs40l2x 3-0040: Wave 006 (Type: 0x08, Flags: 0x0000, Index:    174, Size:   25, Data: 0x800045)
[    6.125876] cs40l2x 3-0040: Wave 007 (Type: 0x0c, Flags: 0x0000, Index:    199, Size:    9, Data: 0x800038)
[    6.125878] cs40l2x 3-0040: Wave 008 (Type: 0x0c, Flags: 0x0000, Index:    208, Size:    9, Data: 0x800048)
[    6.125879] cs40l2x 3-0040: Wave 009 (Type: 0x0a, Flags: 0x0000, Index:    217, Size:    6, Data: 0x8000e2)
[    6.125881] cs40l2x 3-0040: Wave 010 (Type: 0x0a, Flags: 0x0000, Index:    223, Size:    6, Data: 0x8000e2)
[    6.125883] cs40l2x 3-0040: Wave 011 (Type: 0x0c, Flags: 0x0000, Index:    229, Size:   13, Data: 0x8000c0)
[    6.125884] cs40l2x 3-0040: Wave 012 (Type: 0x0a, Flags: 0x0000, Index:    242, Size:    4, Data: 0x800042)
[    6.125886] cs40l2x 3-0040: Wave 013 (Type: 0x0a, Flags: 0x0000, Index:    246, Size:    6, Data: 0x800100)
[    6.125887] cs40l2x 3-0040: Wave 014 (Type: 0x0c, Flags: 0x0000, Index:    252, Size:   11, Data: 0x80016e)
[    6.125889] cs40l2x 3-0040: Wave 015 (Type: 0x0c, Flags: 0x0000, Index:    263, Size:   11, Data: 0x800160)
[    6.125891] cs40l2x 3-0040: Wave 016 (Type: 0x0c, Flags: 0x0000, Index:    274, Size:   13, Data: 0x800098)
[    6.125892] cs40l2x 3-0040: Wave 017 (Type: 0x0c, Flags: 0x0000, Index:    287, Size:    7, Data: 0x800060)
[    6.125894] cs40l2x 3-0040: Wave 018 (Type: 0x0a, Flags: 0x0000, Index:    294, Size:   10, Data: 0x82c400)
[    6.125895] cs40l2x 3-0040: Wave 019 (Type: 0x0a, Flags: 0x0000, Index:    304, Size:    8, Data: 0x800462)
[    6.125971] ueventd: loading /devices/platform/soc/8c0000.qcom,qupv3_2_geni_se/888000.i2c/i2c-3/3-0040/firmware/cs40l20.bin took 0ms
[    6.126075] ueventd: firmware: loading 'cs40l25a_a2h.bin' for '/devices/platform/soc/8c0000.qcom,qupv3_2_geni_se/888000.i2c/i2c-3/3-0040/firmware/cs40l25a_a2h.bin'
[    6.126196] ueventd: found /vendor/firmware/cs40l25a_a2h.bin for /devices/platform/soc/8c0000.qcom,qupv3_2_geni_se/888000.i2c/i2c-3/3-0040/firmware/cs40l25a_a2h.bin
[    6.126469] ueventd: loading /devices/platform/soc/8c0000.qcom,qupv3_2_geni_se/888000.i2c/i2c-3/3-0040/firmware/cs40l25a_a2h.bin took 0ms
[    6.126580] ueventd: firmware: loading 'cs40l25a_f0.bin' for '/devices/platform/soc/8c0000.qcom,qupv3_2_geni_se/888000.i2c/i2c-3/3-0040/firmware/cs40l25a_f0.bin'
[    6.127203] EXT4-fs (sda67): mounted filesystem with ordered data mode. Opts: barrier=1. Quota mode: none.
[    6.135357] EXT4-fs (sda54): Ignoring removed nomblk_io_submit option
[    6.136531] EXT4-fs (sda54): mounted filesystem with ordered data mode. Opts: errors=remount-ro,nomblk_io_submit. Quota mode: none.
[    6.141335] e2fsck: e2fsck 1.46.6 (1-Feb-2023)
[    6.142293] e2fsck: /dev/block/bootdevice/by-name/appslog: clean, 657/4096 files, 3435/4096 blocks
[    6.144460] EXT4-fs (sda54): mounted filesystem with ordered data mode. Opts: barrier=1,discard. Quota mode: none.
[    6.144974] EXT4-fs (sda55): Ignoring removed nomblk_io_submit option
[    6.145739] EXT4-fs (sda55): mounted filesystem with ordered data mode. Opts: errors=remount-ro,nomblk_io_submit. Quota mode: none.
[    6.150169] e2fsck: e2fsck 1.46.6 (1-Feb-2023)
[    6.150922] e2fsck: /dev/block/bootdevice/by-name/diag: clean, 35/8192 files, 2077/8192 blocks
[    6.152165] EXT4-fs (sda55): mounted filesystem with ordered data mode. Opts: barrier=1,discard. Quota mode: none.
[    6.161949] vdc: Waited 0ms for vold
[    6.192229] ueventd: found /vendor/firmware_mnt/image/ipa_fws.mdt for /devices/platform/soc/3e00000.qcom,ipa/firmware/ipa_fws.mdt
[    6.192508] ueventd: loading /devices/platform/soc/3e00000.qcom,ipa/firmware/ipa_fws.mdt took 401ms
[    6.193201] ipa 3e00000.qcom,ipa: Direct firmware load for ipa_fws.b04 failed with error -2
[    6.193206] ipa 3e00000.qcom,ipa: Falling back to sysfs fallback for: ipa_fws.b04
[    6.197748] ipa ipa3_ioctl:2858 IPA not ready, waiting for init completion
[    6.222854] vdc: Waited 0ms for vold
[    6.239514] vdc: Waited 0ms for vold
[    6.281244] tmecom-qmp-client soc:qcom,tmecom-qmp-client: response received
[    6.299779] fsck.f2fs: Info: Automatic fix mode enabled.
[    6.300145] fsck.f2fs: Info: not exist /proc/version!
[    6.300459] fsck.f2fs: Info: MKFS version
[    6.300465] fsck.f2fs:   "6.1.163-186.299.amzn2023.x86_64"
[    6.300466] fsck.f2fs: Info: FSCK version
[    6.300468] fsck.f2fs:   from "5.15.189-android13-8-00016-g51bba4309aac-ab14546557"
[    6.300469] fsck.f2fs:     to "5.15.189-android13-8-00016-g51bba4309aac-ab14546557"
[    6.300471] fsck.f2fs: Info: superblock features = 1499 :  encrypt extra_attr project_quota quota verity casefold
[    6.300472] fsck.f2fs: Info: superblock encrypt level = 0, salt = 00000000000000000000000000000000
[    6.300474] fsck.f2fs: Info: checkpoint stop reason: shutdown(166) 
[    6.325867] ueventd: firmware: loading 'ipa_fws.b04' for '/devices/platform/soc/3e00000.qcom,ipa/firmware/ipa_fws.b04'
[    6.342600] ipa 3e00000.qcom,ipa: Direct firmware load for ipa_fws.b01 failed with error -2
[    6.342606] ipa 3e00000.qcom,ipa: Falling back to sysfs fallback for: ipa_fws.b01
[    6.345135] ipa 3e00000.qcom,ipa: Direct firmware load for ipa_fws.b02 failed with error -2
[    6.345139] ipa 3e00000.qcom,ipa: Falling back to sysfs fallback for: ipa_fws.b02
[    6.348190] ipa 3e00000.qcom,ipa: Direct firmware load for ipa_fws.b03 failed with error -2
[    6.348193] ipa 3e00000.qcom,ipa: Falling back to sysfs fallback for: ipa_fws.b03
[    6.353294] IPA FW loaded successfully
[    6.353881] gsi soc:qcom,msm_gsi: gsi_register_device:1548 GSI irq is wake enabled 242
[    6.356350] ipa ipa3_rmnet_ctl_register_pm_client:739 rmnet_ctl register done
[    6.356371] ipa ipa3_rmnet_ll_register_pm_client:964 rmnet_ll register done
[    6.356390] rmnet_ipa3 started initialization
[    6.356393] IPA SSR support = True
[    6.356394] IPA SG support = True
[    6.356395] IPA Napi Enable = True
[    6.356397] using default for wan-rx-desc-size = 256
[    6.356409] IPA driver is now in ready state
[    6.356494] ipa-lnx-stats ipa_spearhead_stats_ioctl_init:1921 IPA ipa_lnx_stats_ioctl major(464) initial ok :>>>>
[    6.356498] ipa-lnx-stats ipa_spearhead_stats_init:1949 IPA_LNX_STATS_IOCTL init success
[    6.356502] IPA driver initialization was successful.
[    6.356571] ipa-wan ipa3_wwan_register_netdev_pm_client:3497 rmnet_ipa%d register done
[    6.356733] ipa-wan ipa3_wwan_probe:3692 rmnet_ipa completed initialization
[    6.420563] F2FS-fs (dm-54): Using encoding defined by superblock: utf8-12.1.0 with flags 0x0
[    6.458027] gsi soc:qcom,msm_gsi: gsi_stop_channel:3615 chan=14 busy try again
[    6.466788] gh_secure_vm_loader soc:gh-secure-vm-loader@2: Direct firmware load for cpusys_vm.mdt failed with error -2
[    6.466794] gh_secure_vm_loader soc:gh-secure-vm-loader@2: Falling back to sysfs fallback for: cpusys_vm.mdt
[    6.471564] gh_secure_vm_loader soc:gh-secure-vm-loader@2: Direct firmware load for cpusys_vm.b03 failed with error -2
[    6.471569] gh_secure_vm_loader soc:gh-secure-vm-loader@2: Falling back to sysfs fallback for: cpusys_vm.b03
[    6.475249] gh_secure_vm_loader soc:gh-secure-vm-loader@2: Direct firmware load for cpusys_vm.b01 failed with error -2
[    6.475253] gh_secure_vm_loader soc:gh-secure-vm-loader@2: Falling back to sysfs fallback for: cpusys_vm.b01
[    6.479771] gh_secure_vm_loader soc:gh-secure-vm-loader@2: Direct firmware load for cpusys_vm.b02 failed with error -2
[    6.479775] gh_secure_vm_loader soc:gh-secure-vm-loader@2: Falling back to sysfs fallback for: cpusys_vm.b02
[    6.484701] F2FS-fs (dm-54): Mounted with checkpoint version = 77c41208
[    6.502936] vdc: Waited 0ms for vold
[    6.507665] vdc: Waited 0ms for vold
[    6.523081] gunyah: VM: 50 status 2 complete
[    6.523170] gh_proxy_sched: Skip populating VCPU affinity info for VM=50
[    6.523176] gh_proxy_sched: Skip populating VCPU affinity info for VM=50
[    6.523177] gh_proxy_sched: Skip populating VCPU affinity info for VM=50
[    6.523178] gh_proxy_sched: Skip populating VCPU affinity info for VM=50
[    6.523178] gh_proxy_sched: Skip populating VCPU affinity info for VM=50
[    6.523179] gh_proxy_sched: Skip populating VCPU affinity info for VM=50
[    6.523180] gh_proxy_sched: Skip populating VCPU affinity info for VM=50
[    6.523181] gh_proxy_sched: Skip populating VCPU affinity info for VM=50
[    6.523182] gh_proxy_sched: Proxy Scheduling isn't supported for VM=50
[    6.526843] gunyah: VM:50 started running
[    6.627475] fscrypt: AES-256-CTS-CBC using implementation "cts-cbc-aes-ce"
[    6.649693] vdc: Waited 0ms for vold
[    6.677770] vold: keystore2 Keystore earlyBootEnded returned service specific error: -68
[    6.686982] logd: logd reinit
[    6.687538] logd: FrameworkListener: read() failed (Connection reset by peer)
[    6.695769] apexd: Started. subcommand = (null)
[    6.696492] apexd: Scanning /system/apex for pre-installed ApexFiles
[    6.696742] apexd: Found pre-installed APEX /system/apex/com.android.profiling.capex
[    6.697405] apexd: Found pre-installed APEX /system/apex/com.android.nfcservices.apex
[    6.698479] apexd: Found pre-installed APEX /system/apex/com.google.android.scheduling_compressed.apex
[    6.699113] apexd: Found pre-installed APEX /system/apex/com.google.android.extservices_tplus_compressed.apex
[    6.700489] apexd: Found pre-installed APEX /system/apex/com.android.devicelock.apex
[    6.701736] apexd: Found pre-installed APEX /system/apex/com.android.btservices.apex
[    6.703000] apexd: Found pre-installed APEX /system/apex/com.google.android.healthfitness_compressed.apex
[    6.703728] apexd: Found pre-installed APEX /system/apex/com.google.android.sdkext_compressed.apex
[    6.758061] loop4: detected capacity change from 0 to 84008
[    6.758798] loop5: detected capacity change from 0 to 704
[    6.759272] loop6: detected capacity change from 0 to 536
[    6.759533] loop7: detected capacity change from 0 to 23784
[    6.760161] loop8: detected capacity change from 0 to 12208
[    6.761605] loop9: detected capacity change from 0 to 28952
[    6.762149] loop10: detected capacity change from 0 to 44024
[    6.763980] loop11: detected capacity change from 0 to 1280
[    6.764556] loop12: detected capacity change from 0 to 16288
[    6.764793] loop13: detected capacity change from 0 to 47368
[    6.765069] loop14: detected capacity change from 0 to 34104
[    6.765369] loop15: detected capacity change from 0 to 2360
[    6.766707] loop16: detected capacity change from 0 to 1688
[    6.767144] loop17: detected capacity change from 0 to 223928
[    6.767440] loop18: detected capacity change from 0 to 21824
[    6.767869] loop19: detected capacity change from 0 to 16136
[    6.768583] loop20: detected capacity change from 0 to 12520
[    6.769956] loop21: detected capacity change from 0 to 59640
[    6.770251] loop22: detected capacity change from 0 to 89280
[    6.770767] loop23: detected capacity change from 0 to 37944
[    6.771461] loop24: detected capacity change from 0 to 11552
[    6.773237] loop25: detected capacity change from 0 to 43656
[    6.773664] loop26: detected capacity change from 0 to 536
[    6.773940] loop27: detected capacity change from 0 to 1760
[    6.774214] loop28: detected capacity change from 0 to 81584
[    6.775018] device-mapper: verity: sha256 using implementation "sha256-ce"
[    6.775705] device-mapper: verity: sha256 using implementation "sha256-ce"
[    6.775846] loop29: detected capacity change from 0 to 3008
[    6.776171] device-mapper: verity: sha256 using implementation "sha256-ce"
[    6.776175] device-mapper: verity: sha256 using implementation "sha256-ce"
[    6.776194] loop30: detected capacity change from 0 to 15040
[    6.778124] device-mapper: verity: sha256 using implementation "sha256-ce"
[    6.778458] loop31: detected capacity change from 0 to 9112
[    6.778486] EXT4-fs (loop5): mounted filesystem without journal. Opts: (null). Quota mode: none.
[    6.778786] device-mapper: verity: sha256 using implementation "sha256-ce"
[    6.779121] device-mapper: verity: sha256 using implementation "sha256-ce"
[    6.779137] EXT4-fs (loop8): mounted filesystem without journal. Opts: (null). Quota mode: none.
[    6.779313] device-mapper: verity: sha256 using implementation "sha256-ce"
[    6.779379] loop32: detected capacity change from 0 to 72248
[    6.780157] loop33: detected capacity change from 0 to 7128
[    6.780247] device-mapper: verity: sha256 using implementation "sha256-ce"
[    6.780397] loop34: detected capacity change from 0 to 92824
[    6.780857] EXT4-fs (loop18): mounted filesystem without journal. Opts: (null). Quota mode: none.
[    6.781714] device-mapper: verity: sha256 using implementation "sha256-ce"
[    6.782667] loop35: detected capacity change from 0 to 528
[    6.783083] loop36: detected capacity change from 0 to 4440
[    6.784671] loop37: detected capacity change from 0 to 68632
[    6.784985] loop38: detected capacity change from 0 to 81784
[    6.785205] loop39: detected capacity change from 0 to 77872
[    6.788057] device-mapper: verity: sha256 using implementation "sha256-ce"
[    6.788299] EXT4-fs (loop17): mounted filesystem without journal. Opts: (null). Quota mode: none.
[    6.790953] loop40: detected capacity change from 0 to 9104
[    6.791490] device-mapper: verity: sha256 using implementation "sha256-ce"
[    6.791816] device-mapper: verity: sha256 using implementation "sha256-ce"
[    6.791927] device-mapper: verity: sha256 using implementation "sha256-ce"
[    6.792034] device-mapper: verity: sha256 using implementation "sha256-ce"
[    6.792164] loop41: detected capacity change from 0 to 688
[    6.792766] device-mapper: verity: sha256 using implementation "sha256-ce"
[    6.792826] device-mapper: verity: sha256 using implementation "sha256-ce"
[    6.794644] EXT4-fs (dm-48): mounted filesystem without journal. Opts: (null). Quota mode: none.
[    6.794784] EXT4-fs (loop25): mounted filesystem without journal. Opts: (null). Quota mode: none.
[    6.798052] EXT4-fs (dm-51): mounted filesystem without journal. Opts: (null). Quota mode: none.
[    6.798193] EXT4-fs (dm-50): mounted filesystem without journal. Opts: (null). Quota mode: none.
[    6.799775] EXT4-fs (dm-53): mounted filesystem without journal. Opts: (null). Quota mode: none.
[    6.800716] device-mapper: verity: sha256 using implementation "sha256-ce"
[    6.802013] EXT4-fs (dm-42): mounted filesystem without journal. Opts: (null). Quota mode: none.
[    6.802653] EXT4-fs (dm-44): mounted filesystem without journal. Opts: (null). Quota mode: none.
[    6.802984] EXT4-fs (dm-39): mounted filesystem without journal. Opts: (null). Quota mode: none.
[    6.802989] EXT4-fs (dm-43): mounted filesystem without journal. Opts: (null). Quota mode: none.
[    6.803830] EXT4-fs (loop26): mounted filesystem without journal. Opts: (null). Quota mode: none.
[    6.803928] EXT4-fs (loop34): mounted filesystem without journal. Opts: (null). Quota mode: none.
[    6.803968] EXT4-fs (dm-45): mounted filesystem without journal. Opts: (null). Quota mode: none.
[    6.804003] EXT4-fs (dm-38): mounted filesystem without journal. Opts: (null). Quota mode: none.
[    6.804091] EXT4-fs (dm-28): mounted filesystem without journal. Opts: (null). Quota mode: none.
[    6.804729] EXT4-fs (dm-31): mounted filesystem without journal. Opts: (null). Quota mode: none.
[    6.805735] EXT4-fs (dm-37): mounted filesystem without journal. Opts: (null). Quota mode: none.
[    6.806926] EXT4-fs (dm-29): mounted filesystem without journal. Opts: (null). Quota mode: none.
[    6.807920] device-mapper: verity: sha256 using implementation "sha256-ce"
[    6.808102] EXT4-fs (dm-34): mounted filesystem without journal. Opts: (null). Quota mode: none.
[    6.808155] device-mapper: verity: sha256 using implementation "sha256-ce"
[    6.809271] EXT4-fs (loop36): mounted filesystem without journal. Opts: (null). Quota mode: none.
[    6.809508] EXT4-fs (dm-22): mounted filesystem without journal. Opts: (null). Quota mode: none.
[    6.809628] EXT4-fs (dm-27): mounted filesystem without journal. Opts: (null). Quota mode: none.
[    6.809786] EXT4-fs (dm-35): mounted filesystem without journal. Opts: (null). Quota mode: none.
[    6.810029] EXT4-fs (dm-33): mounted filesystem without journal. Opts: (null). Quota mode: none.
[    6.810139] EXT4-fs (dm-17): mounted filesystem without journal. Opts: (null). Quota mode: none.
[    6.815359] device-mapper: verity: sha256 using implementation "sha256-ce"
[    6.815808] EXT4-fs (loop39): mounted filesystem without journal. Opts: (null). Quota mode: none.
[    6.816319] EXT4-fs (dm-25): mounted filesystem without journal. Opts: (null). Quota mode: none.
[    6.818870] device-mapper: verity: sha256 using implementation "sha256-ce"
[    6.819855] device-mapper: verity: sha256 using implementation "sha256-ce"
[    6.819859] EXT4-fs (loop41): mounted filesystem without journal. Opts: (null). Quota mode: none.
[    6.820766] EXT4-fs (dm-18): mounted filesystem without journal. Opts: (null). Quota mode: none.
[    6.820962] EXT4-fs (dm-26): mounted filesystem without journal. Opts: (null). Quota mode: none.
[    6.826821] device-mapper: verity: sha256 using implementation "sha256-ce"
[    6.826882] device-mapper: verity: sha256 using implementation "sha256-ce"
[    6.827015] device-mapper: verity: sha256 using implementation "sha256-ce"
[    6.827913] EXT4-fs (loop38): mounted filesystem without journal. Opts: (null). Quota mode: none.
[    6.828250] EXT4-fs (dm-36): mounted filesystem without journal. Opts: (null). Quota mode: none.
[    6.828264] EXT4-fs (loop28): mounted filesystem without journal. Opts: (null). Quota mode: none.
[    6.828902] EXT4-fs (dm-21): mounted filesystem without journal. Opts: (null). Quota mode: none.
[    6.829014] EXT4-fs (dm-24): mounted filesystem without journal. Opts: (null). Quota mode: none.
[    6.864113] linkerconfig: Failed to open file /system/etc/vndkcorevariant.libraries.txt: No such file or directory
[    6.893148] vdc: Waited 0ms for vold
[    7.038959] fs-verity: sha256 using implementation "sha256-ce"
[    7.179861] apexd: Started. subcommand = --snapshotde
[    7.180255] apexd-snapshotde: Marking APEXd as ready
[    7.198864] Mass Storage Function, version: 2009/09/11
[    7.198867] LUN: removable file: (no medium)
[    7.200395] file system registered
[    7.201192] f_cdev_alloc: port_name:at_usb0 (0000000000000000) portno:(0)
[    7.201472] f_cdev_alloc: port_name:at_usb1 (0000000000000000) portno:(1)
[    7.201727] f_cdev_alloc: port_name:at_usb2 (0000000000000000) portno:(2)
[    7.203480] using random self ethernet address
[    7.203482] using random host ethernet address
[    7.329385] cnss: File system is ready, fs_ready is 1, count is 1
[    7.329394] cnss: Posting event: COLD_BOOT_CAL_START(5), state: 0x2c00000 flags: 0x0
[    7.329397] cnss: PM stay awake, state: 0x2c00000, count: 1
[    7.329407] cnss: PM relax, state: 0x2c00000, count: 0
[    7.329412] cnss: PM stay awake, state: 0x2c00000, count: 1
[    7.329419] cnss: Processing driver event: COLD_BOOT_CAL_START(5), state: 0x2c00000
[    7.329423] cnss: Restarting calibration 130s timeout
[    7.329434] cnss: FW name added with prefix: kiwi/amss20.bin
[    7.329436] cnss: FW name added with prefix: kiwi/amss20.bin
[    7.329437] cnss: FW name is kiwi/amss20.bin, FW fallback name is kiwi/amss20.bin
[    7.329439] cnss: New driver mode is 0
[    7.329442] cnss: Regulator vdd-wlan-io is being enabled
[    7.329446] cnss: Regulator vdd-wlan is being enabled
[    7.329617] cnss: Regulator vdd-wlan-aon is being enabled
[    7.329772] cnss: Regulator vdd-wlan-dig is being enabled
[    7.329875] cnss: Regulator vdd-wlan-rfa1 is being enabled
[    7.329967] cnss: Regulator vdd-wlan-rfa2 is being enabled
[    7.331046] cnss: WLAN_EN Value: 1
[    7.331048] cnss: Assert WLAN_EN GPIO successfully
[    7.331050] cnss: Resuming PCI link
[    7.331071] msm_pcie_enable: PCIe: Assert the reset of endpoint of RC0.
[    7.334357] msm_pcie_enable: PCIe: RC0: PCIE20_PARF_INT_ALL_MASK: 0x7f80d202
[    7.336632] pcie_phy_init: PCIe RC0 PHY is ready!
[    7.346657] msm_pcie_enable: PCIe: Release the reset of endpoint of RC0.
[    7.349650] EXT4-fs (sda2): barriers disabled
[    7.350155] EXT4-fs (sda2): mounted filesystem with ordered data mode. Opts: barrier=0. Quota mode: none.
[    7.363076] msm_pcie_link_train: PCIe RC0 link initialized
[    7.377874] cnss_pci 0000:01:00.0: enabling device (0000 -> 0002)
[    7.378261] cnss: Setting MHI state: INIT(0)
[    7.385554] cnss: Setting MHI state: POWER_ON(2)
[    7.385855] cnss_pci 0000:01:00.0: Direct firmware load for kiwi/amss20.bin failed with error -2
[    7.385859] cnss_pci 0000:01:00.0: Falling back to sysfs fallback for: kiwi/amss20.bin
[    7.390784] [EGISFP] egisfp_open 
[    7.390790] [EGISFP] egisfp_parse_dt : start 
[    7.390977] [EGISFP] egisfp_parse_dt : vcc_33v_pin gpio num is 297 
[    7.390980] [EGISFP] egisfp_parse_dt : Config Regulator for ext_ldo_source 
[    7.390982] [EGISFP] egisfp_parse_dt : vcc regulator voltage get Max = 3800000, Min = 3400000 
[    7.390984] [EGISFP] egisfp_parse_dt : vcc regulator current get 1000000 
[    7.390985] [EGISFP] egisfp_parse_dt : regulator max voltage get = 3960000 
[    7.390990] [EGISFP] egisfp_parse_dt : rst pin gpio num is 343 
[    7.390992] [EGISFP] egisfp_parse_dt : irq pin gpio num is 341 
[    7.390993] [EGISFP] egisfp_parse_dt : successful 
[    7.390995] [EGISFP] egisfp_open : open ioctl user count = 1 
[    7.391020] [EGISFP] egisfp_ioctl : cmd = 0x11 
[    7.391022] [EGISFP] egisfp_ioctl : FP_GET_RESOURCE 
[    7.391023] [EGISFP] egisfp_platforminit : Version 20220922 
[    7.391312] [EGISFP] egisfp_platforminit : find node enter 
[    7.391760] [EGISFP] egisfp_platforminit : successful status = 0 gpio num -> vcc = 297 rst = 343 Irq = 341 
[    7.391763] [EGISFP] egisfp_ioctl done 
[    7.391794] [EGISFP] egisfp_ioctl : cmd = 0x5 
[    7.391796] [EGISFP] egisfp_ioctl : FP_POWER_ONOFF 
[    7.391797] [EGISFP] do_egisfp_power_onoff : power_onoff = 2 
[    7.391799] [EGISFP] egisfp_vreg_setup : original voltage = 3400000 
[    7.391800] [EGISFP] egisfp_vreg_setup : enable_3_8V 
[    7.391956] [EGISFP] egisfp_vreg_setup : modified voltage = 3800000, ret = 0 
[    7.391990] [EGISFP] egisfp_vreg_setup : regulator enable, ret = 0 
[    7.401880] [EGISFP] do_egisfp_power_onoff : power_pin value = 1 
[    7.401885] [EGISFP] egisfp_ioctl done 
[    7.401984] [EGISFP] egisfp_ioctl : cmd = 0xAD 
[    7.401987] [EGISFP] egisfp_ioctl done 
[    7.407559] NetBpfLoad: /apex/com.android.tethering/bin/netbpfload api:35///3500 kver:50f00bd (64-on-aarch64:4k) libbpf: v1.4 uid:0 rc:01 user:100
[    7.407891] NetBpfLoad: Tethering APEX version 372038420
[    7.407968] WARNING: Unprivileged eBPF is enabled, data leaks possible via Spectre v2 BHB attacks!
[    7.411561] NetBpfLoad: skipping prog schedcls_tether_downstream6_ether: kernel version 0x50f00bd is outside required range [0x4090000, 0x5040000)
[    7.411568] NetBpfLoad: skipping prog schedcls_tether_upstream6_ether: kernel version 0x50f00bd is outside required range [0x4090000, 0x5040000)
[    7.411570] NetBpfLoad: skipping prog schedcls_tether_downstream6_rawip: kernel version 0x50f00bd is outside required range [0x40e0000, 0x5040000)
[    7.411572] NetBpfLoad: skipping prog schedcls_tether_upstream6_rawip: kernel version 0x50f00bd is outside required range [0x40e0000, 0x5040000)
[    7.411574] NetBpfLoad: skipping prog schedcls_tether_downstream6_rawip: kernel version 0x50f00bd is outside required range [0x4090000, 0x40e0000)
[    7.411576] NetBpfLoad: skipping prog schedcls_tether_upstream6_rawip: kernel version 0x50f00bd is outside required range [0x4090000, 0x40e0000)
[    7.411578] NetBpfLoad: skipping prog schedcls_tether_downstream4_rawip: kernel version 0x50f00bd is outside required range [0x5040000, 0x50a0000)
[    7.411579] NetBpfLoad: skipping prog schedcls_tether_upstream4_rawip: kernel version 0x50f00bd is outside required range [0x5040000, 0x50a0000)
[    7.445332] [EGISFP] egisfp_ioctl : cmd = 0x4 
[    7.445340] [EGISFP] egisfp_ioctl : FP_SENSOR_RESET 
[    7.454400] printk: netbpfload: 107 output lines suppressed due to ratelimiting
[    7.458367] [EGISFP] do_egisfp_reset : reset_pin = 1 
[    7.458373] [EGISFP] egisfp_ioctl done 
[    7.469443] update_verifier: AIDL IBootControl not available, falling back to HIDL.
[    7.474049] update_verifier: Using HIDL version 1.2 of IBootControl
[    7.474331] update_verifier: Booting slot 0: isSlotMarkedSuccessful=1
[    7.474335] update_verifier: Leaving update_verifier.
[    7.577170] cs40l2x 3-0040: Loaded 20 waveforms from cs40l20.bin, last modified on 2022-10-18
[    7.578672] cs40l2x 3-0040: Firmware revision 10.7.13
[    7.578676] cs40l2x 3-0040: Firmware ID 0x1400D0
[    7.578677] cs40l2x 3-0040: Max. wavetable size: 1860 bytes (XM), 5250 bytes (YM)
[    7.580974] cfg80211: failed to load regulatory.db
[    7.638168] remoteproc remoteproc2: powering up 32300000.remoteproc-cdsp
[    7.638193] remoteproc remoteproc2: Direct firmware load for cdsp.mdt failed with error -2
[    7.638195] remoteproc remoteproc2: Falling back to sysfs fallback for: cdsp.mdt
[    7.638511] remoteproc remoteproc1: powering up 3000000.remoteproc-adsp
[    7.638523] remoteproc remoteproc1: Direct firmware load for adsp.mdt failed with error -2
[    7.638526] remoteproc remoteproc1: Falling back to sysfs fallback for: adsp.mdt
[    7.640669] [EGISFP] egisfp_ioctl : cmd = 0x11 
[    7.640675] [EGISFP] egisfp_ioctl : FP_GET_RESOURCE 
[    7.640676] [EGISFP] egisfp_platforminit : Version 20220922 
[    7.640678] [EGISFP] egisfp_platforminit : platform already init 
[    7.640679] [EGISFP] egisfp_ioctl done 
[    7.640687] [EGISFP] egisfp_ioctl : cmd = 0xAD 
[    7.640688] [EGISFP] egisfp_ioctl done 
[    7.640954] [EGISFP] egisfp_ioctl : cmd = 0x4 
[    7.640957] [EGISFP] egisfp_ioctl : FP_SENSOR_RESET 
[    7.641730] remoteproc remoteproc2: Booting fw image cdsp.mdt, size 5084
[    7.641859] qcom_q6v5_pas 32300000.remoteproc-cdsp: Direct firmware load for cdsp_dtb.mdt failed with error -2
[    7.641863] qcom_q6v5_pas 32300000.remoteproc-cdsp: Falling back to sysfs fallback for: cdsp_dtb.mdt
[    7.643074] remoteproc remoteproc1: Booting fw image adsp.mdt, size 8364
[    7.643089] qcom_q6v5_pas 3000000.remoteproc-adsp: Direct firmware load for adsp_dtb.mdt failed with error -2
[    7.643091] qcom_q6v5_pas 3000000.remoteproc-adsp: Falling back to sysfs fallback for: adsp_dtb.mdt
[    7.647814] qcom_q6v5_pas 3000000.remoteproc-adsp: Direct firmware load for adsp_dtb.b02 failed with error -2
[    7.647820] qcom_q6v5_pas 3000000.remoteproc-adsp: Falling back to sysfs fallback for: adsp_dtb.b02
[    7.650327] msm_cvp: sess: init.qti.write. opening cvp instance: 0000000000000000 type 3 cnt 0
[    7.652223] qcom_q6v5_pas 32300000.remoteproc-cdsp: Direct firmware load for cdsp_dtb.b02 failed with error -2
[    7.652227] qcom_q6v5_pas 32300000.remoteproc-cdsp: Falling back to sysfs fallback for: cdsp_dtb.b02
[    7.653989] [EGISFP] do_egisfp_reset : reset_pin = 1 
[    7.653993] [EGISFP] egisfp_ioctl done 
[    7.654559] [EGISFP] egisfp_ioctl : cmd = 0x4 
[    7.654562] [EGISFP] egisfp_ioctl : FP_SENSOR_RESET 
[    7.655351] msm_cvp:  pwr: cvp (eva) powered on
[    7.655396] msm_cvp ab00000.qcom,cvp: Direct firmware load for evass.mbn failed with error -2
[    7.655398] msm_cvp ab00000.qcom,cvp: Falling back to sysfs fallback for: evass.mbn
[    7.667586] [EGISFP] do_egisfp_reset : reset_pin = 1 
[    7.667592] [EGISFP] egisfp_ioctl done 
[    7.670344] qcom_q6v5_pas 3000000.remoteproc-adsp: Direct firmware load for adsp_dtb.b01 failed with error -2
[    7.670352] qcom_q6v5_pas 3000000.remoteproc-adsp: Falling back to sysfs fallback for: adsp_dtb.b01
[    7.675885] adsprpc: fastrpc_restart_notifier_cb: subsystem lpass is about to start
[    7.678642] qcom rproc: 188101c.remoteproc-spss: recovery disabled
[    7.678678] qcom rproc: 188101c.remoteproc-spss: recovery disabled
[    7.678702] qcom rproc: 188101c.remoteproc-spss: recovery disabled
[    7.678726] qcom rproc: 188101c.remoteproc-spss: recovery disabled
[    7.678748] qcom rproc: 188101c.remoteproc-spss: recovery disabled
[    7.678777] qcom rproc: 188101c.remoteproc-spss: recovery disabled
[    7.686107] qcom_q6v5_pas 32300000.remoteproc-cdsp: Direct firmware load for cdsp_dtb.b01 failed with error -2
[    7.686114] qcom_q6v5_pas 32300000.remoteproc-cdsp: Falling back to sysfs fallback for: cdsp_dtb.b01
[    7.689979] adsprpc: fastrpc_restart_notifier_cb: subsystem cdsp is about to start
[    7.690674] qcom rproc: 3000000.remoteproc-adsp: recovery enabled
[    7.691429] qcom_q6v5_pas 3000000.remoteproc-adsp: Direct firmware load for adsp.b56 failed with error -2
[    7.691433] qcom_q6v5_pas 3000000.remoteproc-adsp: Falling back to sysfs fallback for: adsp.b56
[    7.714912] qcom_q6v5_pas 32300000.remoteproc-cdsp: Direct firmware load for cdsp.b15 failed with error -2
[    7.714921] qcom_q6v5_pas 32300000.remoteproc-cdsp: Falling back to sysfs fallback for: cdsp.b15
[    7.750396] qcom_q6v5_pas 3000000.remoteproc-adsp: Direct firmware load for adsp.b01 failed with error -2
[    7.750406] qcom_q6v5_pas 3000000.remoteproc-adsp: Falling back to sysfs fallback for: adsp.b01
[    7.755351] qcom_q6v5_pas 3000000.remoteproc-adsp: Direct firmware load for adsp.b02 failed with error -2
[    7.755356] qcom_q6v5_pas 3000000.remoteproc-adsp: Falling back to sysfs fallback for: adsp.b02
[    7.755857] synx: session 0 not available, pid: 1464
[    7.755865] synx: synx_uninitialize: invalid session id 0
[    7.755868] msm_cvp: init.qti.write.: closed cvp instance: 0000000000000000 session_id = 0 type 3 0
[    7.766608] qcom_q6v5_pas 32300000.remoteproc-cdsp: Direct firmware load for cdsp.b01 failed with error -2
[    7.766613] qcom_q6v5_pas 32300000.remoteproc-cdsp: Falling back to sysfs fallback for: cdsp.b01
[    7.774077] qcom_q6v5_pas 32300000.remoteproc-cdsp: Direct firmware load for cdsp.b02 failed with error -2
[    7.774082] qcom_q6v5_pas 32300000.remoteproc-cdsp: Falling back to sysfs fallback for: cdsp.b02
[    7.786121] qcom_q6v5_pas 3000000.remoteproc-adsp: Direct firmware load for adsp.b03 failed with error -2
[    7.786125] qcom_q6v5_pas 3000000.remoteproc-adsp: Falling back to sysfs fallback for: adsp.b03
[    7.793103] qcom_q6v5_pas 32300000.remoteproc-cdsp: Direct firmware load for cdsp.b03 failed with error -2
[    7.793107] qcom_q6v5_pas 32300000.remoteproc-cdsp: Falling back to sysfs fallback for: cdsp.b03
[    7.794181] qcom_q6v5_pas 3000000.remoteproc-adsp: Direct firmware load for adsp.b04 failed with error -2
[    7.794185] qcom_q6v5_pas 3000000.remoteproc-adsp: Falling back to sysfs fallback for: adsp.b04
[    7.796186] qcom_q6v5_pas 32300000.remoteproc-cdsp: Direct firmware load for cdsp.b04 failed with error -2
[    7.796191] qcom_q6v5_pas 32300000.remoteproc-cdsp: Falling back to sysfs fallback for: cdsp.b04
[    7.797538] qcom_q6v5_pas 3000000.remoteproc-adsp: Direct firmware load for adsp.b05 failed with error -2
[    7.797542] qcom_q6v5_pas 3000000.remoteproc-adsp: Falling back to sysfs fallback for: adsp.b05
[    7.801314] qcom_q6v5_pas 32300000.remoteproc-cdsp: Direct firmware load for cdsp.b05 failed with error -2
[    7.801319] qcom_q6v5_pas 32300000.remoteproc-cdsp: Falling back to sysfs fallback for: cdsp.b05
[    7.803428] qcom_q6v5_pas 3000000.remoteproc-adsp: Direct firmware load for adsp.b06 failed with error -2
[    7.803432] qcom_q6v5_pas 3000000.remoteproc-adsp: Falling back to sysfs fallback for: adsp.b06
[    7.804310] qcom_q6v5_pas 32300000.remoteproc-cdsp: Direct firmware load for cdsp.b06 failed with error -2
[    7.804313] qcom_q6v5_pas 32300000.remoteproc-cdsp: Falling back to sysfs fallback for: cdsp.b06
[    7.805767] qcom_q6v5_pas 3000000.remoteproc-adsp: Direct firmware load for adsp.b07 failed with error -2
[    7.805770] qcom_q6v5_pas 3000000.remoteproc-adsp: Falling back to sysfs fallback for: adsp.b07
[    7.807448] qcom_q6v5_pas 32300000.remoteproc-cdsp: Direct firmware load for cdsp.b07 failed with error -2
[    7.807453] qcom_q6v5_pas 32300000.remoteproc-cdsp: Falling back to sysfs fallback for: cdsp.b07
[    7.809054] qcom_q6v5_pas 3000000.remoteproc-adsp: Direct firmware load for adsp.b08 failed with error -2
[    7.809058] qcom_q6v5_pas 3000000.remoteproc-adsp: Falling back to sysfs fallback for: adsp.b08
[    7.810900] qcom_q6v5_pas 32300000.remoteproc-cdsp: Direct firmware load for cdsp.b08 failed with error -2
[    7.810904] qcom_q6v5_pas 32300000.remoteproc-cdsp: Falling back to sysfs fallback for: cdsp.b08
[    7.815572] qcom_q6v5_pas 3000000.remoteproc-adsp: Direct firmware load for adsp.b09 failed with error -2
[    7.815576] qcom_q6v5_pas 3000000.remoteproc-adsp: Falling back to sysfs fallback for: adsp.b09
[    7.818365] qcom_q6v5_pas 32300000.remoteproc-cdsp: Direct firmware load for cdsp.b09 failed with error -2
[    7.818370] qcom_q6v5_pas 32300000.remoteproc-cdsp: Falling back to sysfs fallback for: cdsp.b09
[    7.819640] qcom_q6v5_pas 3000000.remoteproc-adsp: Direct firmware load for adsp.b10 failed with error -2
[    7.819643] qcom_q6v5_pas 3000000.remoteproc-adsp: Falling back to sysfs fallback for: adsp.b10
[    7.820935] qcom_q6v5_pas 32300000.remoteproc-cdsp: Direct firmware load for cdsp.b10 failed with error -2
[    7.820939] qcom_q6v5_pas 32300000.remoteproc-cdsp: Falling back to sysfs fallback for: cdsp.b10
[    7.822438] qcom_q6v5_pas 3000000.remoteproc-adsp: Direct firmware load for adsp.b11 failed with error -2
[    7.822441] qcom_q6v5_pas 3000000.remoteproc-adsp: Falling back to sysfs fallback for: adsp.b11
[    7.823766] qcom_q6v5_pas 32300000.remoteproc-cdsp: Direct firmware load for cdsp.b11 failed with error -2
[    7.823793] qcom_q6v5_pas 32300000.remoteproc-cdsp: Falling back to sysfs fallback for: cdsp.b11
[    7.825470] qcom_q6v5_pas 3000000.remoteproc-adsp: Direct firmware load for adsp.b12 failed with error -2
[    7.825474] qcom_q6v5_pas 3000000.remoteproc-adsp: Falling back to sysfs fallback for: adsp.b12
[    7.827460] qcom_q6v5_pas 32300000.remoteproc-cdsp: Direct firmware load for cdsp.b12 failed with error -2
[    7.827465] qcom_q6v5_pas 32300000.remoteproc-cdsp: Falling back to sysfs fallback for: cdsp.b12
[    7.829456] qcom_q6v5_pas 3000000.remoteproc-adsp: Direct firmware load for adsp.b13 failed with error -2
[    7.829460] qcom_q6v5_pas 3000000.remoteproc-adsp: Falling back to sysfs fallback for: adsp.b13
[    7.831413] qcom_q6v5_pas 32300000.remoteproc-cdsp: Direct firmware load for cdsp.b13 failed with error -2
[    7.831416] qcom_q6v5_pas 32300000.remoteproc-cdsp: Falling back to sysfs fallback for: cdsp.b13
[    7.834591] qcom_q6v5_pas 3000000.remoteproc-adsp: Direct firmware load for adsp.b14 failed with error -2
[    7.834595] qcom_q6v5_pas 3000000.remoteproc-adsp: Falling back to sysfs fallback for: adsp.b14
[    7.837136] qcom_q6v5_pas 3000000.remoteproc-adsp: Direct firmware load for adsp.b15 failed with error -2
[    7.837140] qcom_q6v5_pas 3000000.remoteproc-adsp: Falling back to sysfs fallback for: adsp.b15
[    7.839953] qcom_q6v5_pas 3000000.remoteproc-adsp: Direct firmware load for adsp.b16 failed with error -2
[    7.839956] qcom_q6v5_pas 3000000.remoteproc-adsp: Falling back to sysfs fallback for: adsp.b16
[    7.843603] qcom_q6v5_pas 3000000.remoteproc-adsp: Direct firmware load for adsp.b17 failed with error -2
[    7.843607] qcom_q6v5_pas 3000000.remoteproc-adsp: Falling back to sysfs fallback for: adsp.b17
[    7.846711] qcom_q6v5_pas 3000000.remoteproc-adsp: Direct firmware load for adsp.b18 failed with error -2
[    7.846714] qcom_q6v5_pas 3000000.remoteproc-adsp: Falling back to sysfs fallback for: adsp.b18
[    7.850991] qcom_q6v5_pas 3000000.remoteproc-adsp: Direct firmware load for adsp.b19 failed with error -2
[    7.850995] qcom_q6v5_pas 3000000.remoteproc-adsp: Falling back to sysfs fallback for: adsp.b19
[    7.857100] qcom_q6v5_pas 3000000.remoteproc-adsp: Direct firmware load for adsp.b20 failed with error -2
[    7.857104] qcom_q6v5_pas 3000000.remoteproc-adsp: Falling back to sysfs fallback for: adsp.b20
[    7.861053] qcom_q6v5_pas 3000000.remoteproc-adsp: Direct firmware load for adsp.b21 failed with error -2
[    7.861056] qcom_q6v5_pas 3000000.remoteproc-adsp: Falling back to sysfs fallback for: adsp.b21
[    7.864446] qcom_q6v5_pas 3000000.remoteproc-adsp: Direct firmware load for adsp.b22 failed with error -2
[    7.864450] qcom_q6v5_pas 3000000.remoteproc-adsp: Falling back to sysfs fallback for: adsp.b22
[    7.868221] qcom_q6v5_pas 3000000.remoteproc-adsp: Direct firmware load for adsp.b23 failed with error -2
[    7.868225] qcom_q6v5_pas 3000000.remoteproc-adsp: Falling back to sysfs fallback for: adsp.b23
[    7.873307] qcom_q6v5_pas 3000000.remoteproc-adsp: Direct firmware load for adsp.b24 failed with error -2
[    7.873312] qcom_q6v5_pas 3000000.remoteproc-adsp: Falling back to sysfs fallback for: adsp.b24
[    7.880276] qcom_q6v5_pas 3000000.remoteproc-adsp: Direct firmware load for adsp.b25 failed with error -2
[    7.880282] qcom_q6v5_pas 3000000.remoteproc-adsp: Falling back to sysfs fallback for: adsp.b25
[    7.880885] cnss: MHI status cb is called with reason MISSION_MODE(5)
[    7.880902] cnss: Notify MHI to use already allocated images
[    7.880909] cnss: Disable ADSP power collapse
[    7.880914] cnss: PM relax, state: 0x2c00008, count: 0
[    7.884804] adsprpc: fastrpc_restart_notifier_cb: cdsp subsystem is up
[    7.884810] remoteproc remoteproc2: remote processor 32300000.remoteproc-cdsp is now up
[    7.885203] cnss: Setting link speed:0x2, width:0x1
[    7.886576] qcom_smd_qrtr_probe:SMD QRTR driver probed
[    7.886925] coresight-remote-etm soc:turing_etm0: Connection established between QMI handle and 13 service
[    7.889069] Info: adsprpc (97): kworker/0:1: fastrpc_rpmsg_probe: opened rpmsg channel for cdsp
[    7.890559] cdsprm: resmgr pdkill config set to 0
[    7.891291] msm_cvp: warn: cvp_dsp_send_hfi_queue: Done init of HFI queue headers
[    7.892280] qcom,msm_ipclite_rpmsg 32300000.remoteproc-cdsp:glink-edge.ipcliteglink-apps-dsp.-1.-1: rpmsg_probe for ipc_lite done
[    7.895421] cnss: WLFW server arriving: node 7 port 1
[    7.895428] cnss: Posting event: SERVER_ARRIVE(0), state: 0x2c00008 flags: 0x0
[    7.895432] cnss: PM stay awake, state: 0x2c00008, count: 1
[    7.895440] cnss: PM relax, state: 0x2c00008, count: 0
[    7.895446] cnss: PM stay awake, state: 0x2c00008, count: 1
[    7.895452] cnss: Processing driver event: SERVER_ARRIVE(0), state: 0x2c00008
[    7.895457] cnss: QMI WLFW service connected, state: 0x2c00009
[    7.895460] cnss: Sending indication register message, state: 0x2c00009
[    7.897638] cnss: Sending host capability message, state: 0x2c00009
[    7.897644] cnss: Number of clients is 1
[    7.897647] cnss: Assign MSI to user: WAKE, num_vectors: 1, user_base_data: 13, base_vector: 13
[    7.897649] cnss: WAKE MSI base data is 13
[    7.897651] cnss: Calibration done is 0
[    7.897652] cnss: Sending iova starting 0xa0000000 with size 0x10010000
[    7.897655] cnss: Sending feature list 0x6
[    7.899740] cnss: Received QMI WLFW request memory indication
[    7.899742] cnss: PM relax, state: 0x2c00009, count: 0
[    7.899747] cnss: FW requests for memory, size: 0x6f0000, type: 1
[    7.899748] qcom_q6v5_pas 3000000.remoteproc-adsp: Direct firmware load for adsp.b26 failed with error -2
[    7.899749] cnss: FW requests for memory, size: 0x810000, type: 4
[    7.899752] cnss: Posting event: REQUEST_MEM(2), state: 0x2c00009 flags: 0x0
[    7.899753] qcom_q6v5_pas 3000000.remoteproc-adsp: Falling back to sysfs fallback for: adsp.b26
[    7.899755] cnss: PM stay awake, state: 0x2c00009, count: 1
[    7.899761] cnss: PM relax, state: 0x2c00009, count: 0
[    7.899764] cnss: PM stay awake, state: 0x2c00009, count: 1
[    7.899767] cnss: Processing driver event: REQUEST_MEM(2), state: 0x2c00009
[    7.902868] qcom_q6v5_pas 3000000.remoteproc-adsp: Direct firmware load for adsp.b27 failed with error -2
[    7.902872] qcom_q6v5_pas 3000000.remoteproc-adsp: Falling back to sysfs fallback for: adsp.b27
[    7.903587] cnss: Sending respond memory message, state: 0x2c00009
[    7.903596] cnss: Memory for FW, va: 0x0000000000000000, pa: 0x00000000a1800000, size: 0x6f0000, type: 1
[    7.903600] cnss: Memory for FW, va: 0x0000000000000000, pa: 0x00000000a2000000, size: 0x810000, type: 4
[    7.906164] qcom_q6v5_pas 3000000.remoteproc-adsp: Direct firmware load for adsp.b28 failed with error -2
[    7.906169] qcom_q6v5_pas 3000000.remoteproc-adsp: Falling back to sysfs fallback for: adsp.b28
[    7.909913] qcom_q6v5_pas 3000000.remoteproc-adsp: Direct firmware load for adsp.b29 failed with error -2
[    7.909920] qcom_q6v5_pas 3000000.remoteproc-adsp: Falling back to sysfs fallback for: adsp.b29
[    7.910417] cnss: PM relax, state: 0x2c00009, count: 0
[    7.912693] cnss: Received QMI WLFW FW memory ready indication
[    7.912698] cnss: Posting event: FW_MEM_READY(3), state: 0x2c00009 flags: 0x0
[    7.912702] cnss: PM stay awake, state: 0x2c00009, count: 1
[    7.912711] cnss: PM relax, state: 0x2c00009, count: 0
[    7.912719] cnss: PM stay awake, state: 0x2c00009, count: 1
[    7.912726] cnss: Processing driver event: FW_MEM_READY(3), state: 0x2c00009
[    7.912729] cnss: Sending target capability message, state: 0x2c0000b
[    7.913225] qcom_q6v5_pas 3000000.remoteproc-adsp: Direct firmware load for adsp.b30 failed with error -2
[    7.913229] qcom_q6v5_pas 3000000.remoteproc-adsp: Falling back to sysfs fallback for: adsp.b30
[    7.915166] cnss: Device frequency is 19200000 HZ
[    7.915177] cnss: FW_PMU Data: VDD_PMU_AON_I 1 900 0 450
[    7.915181] cnss: VDD_PMU_AON_I mapped to s4e
[    7.915184] cnss: Plat VReg Data: s4e 914 0
[    7.915186] cnss: FW_PMU Data: VDD095_PMU 1 930 0 475
[    7.915189] cnss: VDD095_PMU mapped to s5g
[    7.915190] cnss: Plat VReg Data: s5g 946 0
[    7.915192] cnss: FW_PMU Data: VDD095_MX_PMU 1 960 0 540
[    7.915194] cnss: VDD095_MX_PMU mapped to s2g
[    7.915195] cnss: Plat VReg Data: s2g 974 0
[    7.915197] cnss: FW_PMU Data: VDD095_PMU_BT 1 900 0 540
[    7.915199] cnss: VDD095_PMU_BT mapped to s4e
[    7.915200] cnss: Plat VReg Data: s4e 914 0
[    7.915202] cnss: FW_PMU Data: VDD09_PMU_RFA_I 1 850 0 0
[    7.915204] cnss: VDD09_PMU_RFA_I mapped to s4e
[    7.915205] cnss: Plat VReg Data: s4e 914 0
[    7.915207] cnss: FW_PMU Data: VDD13_PMU_PCIE_I 1 1025 0 0
[    7.915209] cnss: VDD13_PMU_PCIE_I mapped to s4g
[    7.915210] cnss: Plat VReg Data: s4g 1042 0
[    7.915212] cnss: FW_PMU Data: VDD13_PMU_RFA_I 1 1300 0 0
[    7.915214] cnss: VDD13_PMU_RFA_I mapped to s4g
[    7.915215] cnss: Plat VReg Data: s4g 1314 0
[    7.915217] cnss: FW_PMU Data: VDD19_PMU_PCIE_I 1 1850 0 0
[    7.915219] cnss: VDD19_PMU_PCIE_I mapped to s6g
[    7.915220] cnss: Plat VReg Data: s6g 1866 0
[    7.915221] cnss: FW_PMU Data: VDD19_PMU_RFA_I 1 1850 0 0
[    7.915223] cnss: VDD19_PMU_RFA_I mapped to s6g
[    7.915225] cnss: Plat VReg Data: s6g 1866 0
[    7.915227] cnss: s4e mapped to rf
[    7.915229] cnss: Sending AOP Mbox msg: {class: wlan_pdc, ss: rf, res: s4e.v, upval: 914}
[    7.915616] cnss: s5g mapped to bb
[    7.915622] cnss: Sending AOP Mbox msg: {class: wlan_pdc, ss: bb, res: s5g.v, upval: 946}
[    7.916046] cnss: s2g mapped to bb
[    7.916051] cnss: Sending AOP Mbox msg: {class: wlan_pdc, ss: bb, res: s2g.v, upval: 974}
[    7.916452] cnss: s4g mapped to rf
[    7.916454] cnss: Sending AOP Mbox msg: {class: wlan_pdc, ss: rf, res: s4g.v, upval: 1314}
[    7.916837] cnss: s6g mapped to rf
[    7.916839] cnss: Sending AOP Mbox msg: {class: wlan_pdc, ss: rf, res: s6g.v, upval: 1866}
[    7.917221] cnss: Target capability: chip_id: 0x2, chip_family: 0x4, board_id: 0x31, soc_id: 0x40170200, otp_version: 0x0
[    7.917224] cnss: fw_version: 0x110c8586, fw_build_timestamp: 2025-08-25 13:49, fw_build_id: QC_IMAGE_VERSION_STRING=WLAN.HMT.1.1-01414.6-QCAHMTSWPL_V1.0_V2.0_SILICONZ-1.121323.2.124673.3, hwid_bitmap:0x0
[    7.917226] cnss: Hang event params, Length: 0x180, Offset Address: 0x1ec000
[    7.917228] cnss: Sending BDF download message, state: 0x2c0000b, type: 4
[    7.917231] cnss: FW name added with prefix: kiwi/regdb.bin
[    7.918287] qcom_q6v5_pas 3000000.remoteproc-adsp: Direct firmware load for adsp.b31 failed with error -2
[    7.918290] qcom_q6v5_pas 3000000.remoteproc-adsp: Falling back to sysfs fallback for: adsp.b31
[    7.920806] cnss: Downloading BDF: kiwi/regdb.bin, size: 24278
[    7.933624] qcom_q6v5_pas 3000000.remoteproc-adsp: Direct firmware load for adsp.b33 failed with error -2
[    7.933631] qcom_q6v5_pas 3000000.remoteproc-adsp: Falling back to sysfs fallback for: adsp.b33
[    7.933843] cnss: INI File 1 download
[    7.936498] qcom_q6v5_pas 3000000.remoteproc-adsp: Direct firmware load for adsp.b34 failed with error -2
[    7.936502] qcom_q6v5_pas 3000000.remoteproc-adsp: Falling back to sysfs fallback for: adsp.b34
[    7.939223] cnss: Failed to get INI file wlan-connection-roaming.ini (-2), Backup file: Supported
[    7.942093] qcom_q6v5_pas 3000000.remoteproc-adsp: Direct firmware load for adsp.b35 failed with error -2
[    7.942104] qcom_q6v5_pas 3000000.remoteproc-adsp: Falling back to sysfs fallback for: adsp.b35
[    7.944200] cnss: Failed to get INI file wlan-connection-roaming-backup.ini (-2)
[    7.944208] cnss: Sending BDF download message, state: 0x2c0000b, type: 1
[    7.944216] cnss: FW name added with prefix: kiwi/bdwlan.e31
[    7.946331] qcom_q6v5_pas 3000000.remoteproc-adsp: Direct firmware load for adsp.b36 failed with error -2
[    7.946335] qcom_q6v5_pas 3000000.remoteproc-adsp: Falling back to sysfs fallback for: adsp.b36
[    7.949304] cnss: Downloading BDF: kiwi/bdwlan.e31, size: 88760
[    7.951038] qcom_q6v5_pas 3000000.remoteproc-adsp: Direct firmware load for adsp.b38 failed with error -2
[    7.951043] qcom_q6v5_pas 3000000.remoteproc-adsp: Falling back to sysfs fallback for: adsp.b38
[    7.953952] qcom_q6v5_pas 3000000.remoteproc-adsp: Direct firmware load for adsp.b39 failed with error -2
[    7.953957] qcom_q6v5_pas 3000000.remoteproc-adsp: Falling back to sysfs fallback for: adsp.b39
[    7.956694] qcom_q6v5_pas 3000000.remoteproc-adsp: Direct firmware load for adsp.b40 failed with error -2
[    7.956700] qcom_q6v5_pas 3000000.remoteproc-adsp: Falling back to sysfs fallback for: adsp.b40
[    7.961007] qcom_q6v5_pas 3000000.remoteproc-adsp: Direct firmware load for adsp.b41 failed with error -2
[    7.961016] qcom_q6v5_pas 3000000.remoteproc-adsp: Falling back to sysfs fallback for: adsp.b41
[    7.966423] qcom_q6v5_pas 3000000.remoteproc-adsp: Direct firmware load for adsp.b42 failed with error -2
[    7.966430] qcom_q6v5_pas 3000000.remoteproc-adsp: Falling back to sysfs fallback for: adsp.b42
[    7.971285] qcom_q6v5_pas 3000000.remoteproc-adsp: Direct firmware load for adsp.b43 failed with error -2
[    7.971291] qcom_q6v5_pas 3000000.remoteproc-adsp: Falling back to sysfs fallback for: adsp.b43
[    7.979961] qcom_q6v5_pas 3000000.remoteproc-adsp: Direct firmware load for adsp.b44 failed with error -2
[    7.979967] qcom_q6v5_pas 3000000.remoteproc-adsp: Falling back to sysfs fallback for: adsp.b44
[    7.983759] qcom_q6v5_pas 3000000.remoteproc-adsp: Direct firmware load for adsp.b45 failed with error -2
[    7.983763] qcom_q6v5_pas 3000000.remoteproc-adsp: Falling back to sysfs fallback for: adsp.b45
[    7.986314] qcom_q6v5_pas 3000000.remoteproc-adsp: Direct firmware load for adsp.b46 failed with error -2
[    7.986318] qcom_q6v5_pas 3000000.remoteproc-adsp: Falling back to sysfs fallback for: adsp.b46
[    7.989120] qcom_q6v5_pas 3000000.remoteproc-adsp: Direct firmware load for adsp.b47 failed with error -2
[    7.989124] qcom_q6v5_pas 3000000.remoteproc-adsp: Falling back to sysfs fallback for: adsp.b47
[    7.989877] cnss: Host BDF config: HW_XPA: 1 CalDB: 0
[    7.989885] cnss: FW name added with prefix: kiwi/phy_ucode20.elf
[    7.991763] qcom_q6v5_pas 3000000.remoteproc-adsp: Direct firmware load for adsp.b48 failed with error -2
[    7.991767] qcom_q6v5_pas 3000000.remoteproc-adsp: Falling back to sysfs fallback for: adsp.b48
[    7.994387] cnss: Sending M3 information message, state: 0x2c0000b
[    7.994393] cnss: M3 memory, va: 0x0000000000000000, pa: 0x00000000a2a00000, size: 0x4926c
[    7.994660] qcom_q6v5_pas 3000000.remoteproc-adsp: Direct firmware load for adsp.b49 failed with error -2
[    7.994663] qcom_q6v5_pas 3000000.remoteproc-adsp: Falling back to sysfs fallback for: adsp.b49
[    7.997277] cnss: Sending QDSS config download message, state: 0x2c0000b
[    7.997285] cnss: FW name added with prefix: kiwi/qdss_trace_config_v2.cfg
[    7.997310] qcom_q6v5_pas 3000000.remoteproc-adsp: Direct firmware load for adsp.b50 failed with error -2
[    7.997313] qcom_q6v5_pas 3000000.remoteproc-adsp: Falling back to sysfs fallback for: adsp.b50
[    8.000342] cnss: Downloading QDSS: kiwi/qdss_trace_config_v2.cfg, size: 4911
[    8.002784] qcom_q6v5_pas 3000000.remoteproc-adsp: Direct firmware load for adsp.b51 failed with error -2
[    8.002788] qcom_q6v5_pas 3000000.remoteproc-adsp: Falling back to sysfs fallback for: adsp.b51
[    8.003938] cnss: PM relax, state: 0x2c0000b, count: 0
[    8.006391] qcom_q6v5_pas 3000000.remoteproc-adsp: Direct firmware load for adsp.b52 failed with error -2
[    8.006394] qcom_q6v5_pas 3000000.remoteproc-adsp: Falling back to sysfs fallback for: adsp.b52
[    8.009760] qcom_q6v5_pas 3000000.remoteproc-adsp: Direct firmware load for adsp.b53 failed with error -2
[    8.009763] qcom_q6v5_pas 3000000.remoteproc-adsp: Falling back to sysfs fallback for: adsp.b53
[    8.010280] cnss: Received QMI WLFW FW initialization done indication
[    8.010286] cnss: Posting event: FW_READY(4), state: 0x2c0000b flags: 0x0
[    8.010290] cnss: PM stay awake, state: 0x2c0000b, count: 1
[    8.010302] cnss: PM relax, state: 0x2c0000b, count: 0
[    8.010314] cnss: PM stay awake, state: 0x2c0000b, count: 1
[    8.010319] cnss: Processing driver event: FW_READY(4), state: 0x2c0000b
[    8.010322] cnss: Processing FW Init Done..
[    8.010324] cnss: PCIE Gen speed not setup
[    8.010326] cnss: Sending antenna switch sync request, state: 0x2c0000f
[    8.012423] cnss: Antenna switch request failed, result: 1, err: 94
[    8.012429] cnss: CAL DB file not required as per BDF
[    8.012431] cnss: Sending cal file report request. File size: 8454144, state: 0x2c0000f
[    8.013190] qcom_q6v5_pas 3000000.remoteproc-adsp: Direct firmware load for adsp.b54 failed with error -2
[    8.013194] qcom_q6v5_pas 3000000.remoteproc-adsp: Falling back to sysfs fallback for: adsp.b54
[    8.016139] cnss: Sending mode message, mode: CALIBRATION(7), state: 0x2c0000f
[    8.186963] cnss: Removing vote for Regulator vdd-wlan-rfa2
[    8.186987] cnss: Removing vote for Regulator vdd-wlan-rfa1
[    8.187001] cnss: Removing vote for Regulator vdd-wlan-dig
[    8.187013] cnss: Removing vote for Regulator vdd-wlan-aon
[    8.187024] cnss: Removing vote for Regulator vdd-wlan
[    8.187034] cnss: Removing vote for Regulator vdd-wlan-io
[    8.187038] cnss: PM relax, state: 0x2c0000f, count: 0
[    8.187122] cnss: Received QMI WLFW pin connect result indication
[    8.187124] cnss: Pin connect Result: pwr_pin: 0x1 phy_io_pin: 0x0 rf_io_pin: 0x0
[    8.284641] [EGISFP] egisfp_ioctl : cmd = 0x7 
[    8.284648] [EGISFP] egisfp_ioctl : FP_RESET_SET 
[    8.284650] [EGISFP] do_egisfp_reset_set : reset_high_low = 0 
[    8.284666] [EGISFP] do_egisfp_reset_set : reset_pin value = 0 
[    8.284668] [EGISFP] egisfp_ioctl done 
[    8.284703] [EGISFP] egisfp_ioctl : cmd = 0x5 
[    8.284705] [EGISFP] egisfp_ioctl : FP_POWER_ONOFF 
[    8.284706] [EGISFP] do_egisfp_power_onoff : power_onoff = 0 
[    8.284895] [EGISFP] egisfp_vreg_setup : regulator disable, ret = 0 
[    8.285346] adsprpc: fastrpc_restart_notifier_cb: lpass subsystem is up
[    8.285352] remoteproc remoteproc1: remote processor 3000000.remoteproc-adsp is now up
[    8.285595] cnss: DRV subsystem is connected
[    8.286614] qcom_smd_qrtr_probe:SMD QRTR driver probed
[    8.287010] coresight-remote-etm soc:audio_etm0: Connection established between QMI handle and 5 service
[    8.290569] Info: adsprpc (97): kworker/0:1: fastrpc_rpmsg_probe: opened rpmsg channel for lpass
[    8.291564] qcom,gpr 3000000.remoteproc-adsp:glink-edge.adsp_apps.-1.-1: Adding GPR dev: gprsvc:spf_core:2:3
[    8.291911] spf_core_probe
[    8.292416] qcom,gpr 3000000.remoteproc-adsp:glink-edge.adsp_apps.-1.-1: Adding GPR dev: gprsvc:audio-pkt:2:17
[    8.293174] qcom,gpr 3000000.remoteproc-adsp:glink-edge.adsp_apps.-1.-1: Adding GPR dev: gprsvc:q6prm:2:7
[    8.293452] spf_core_add_child_devices:enumarate machine driver
[    8.293464] spf-core-platform soc:spf_core_platform: __spf_core_is_apm_ready: send_command ret
[    8.293473] qcom,gpr 3000000.remoteproc-adsp:glink-edge.adsp_apps.-1.-1: gpr_send_pkt: domain_id[2], Still Dsp is not Up
[    8.293583] audio_notifier_reg_service: service PDR_ADSP is in use
[    8.293590] audio_prm_service_cb: Service opcode 0x0
[    8.293594] audio_prm_probe: prm probe success
[    8.293755] qcom,gpr 3000000.remoteproc-adsp:glink-edge.adsp_apps.-1.-1: gpr_probe: gpr-lite probe success
[    8.294398] adsp_sleepmon: Received ADSP version 0x2
[    8.294461] qcom,gpr 3000000.remoteproc-adsp:glink-edge.adsp_apps.-1.-1: gpr_notifier_register: registered via subsys_notif_register for domain id(2)
[    8.295222] qcom rproc: 32300000.remoteproc-cdsp: recovery disabled
[    8.295261] qcom rproc: 32300000.remoteproc-cdsp: recovery enabled
[    8.309345] qcom rproc: 4080000.remoteproc-mss: recovery disabled
[    8.309376] qcom rproc: 4080000.remoteproc-mss: recovery disabled
[    8.309395] qcom rproc: 4080000.remoteproc-mss: recovery disabled
[    8.309416] qcom rproc: 4080000.remoteproc-mss: recovery enabled
[    8.317730] cnss: Enable WLAN recovery, count is 2
[    8.317740] cnss: Disable PCSS recovery, count is 2
[    8.317743] cnss: Sending pcss recovery status: 0
[    8.319803] cnss: req 55 success
[    8.324244] init: wait for '/sys/class/leds/cs40l25:vibrator/device' took 0ms
[    8.337881] [EGISFP] do_egisfp_power_onoff : power_pin value = 0 
[    8.337889] [EGISFP] egisfp_ioctl done 
[    8.343588] spf-core-platform soc:spf_core_platform: __spf_core_is_apm_ready: send_command ret
[    8.343616] qcom,gpr 3000000.remoteproc-adsp:glink-edge.adsp_apps.-1.-1: gpr_send_pkt: domain_id[2], Still Dsp is not Up
[    8.345938] read descriptors
[    8.345946] read strings
[    8.346023] read descriptors
[    8.346027] read strings
[    8.347106] read descriptors
[    8.347112] read strings
[    8.393713] spf-core-platform soc:spf_core_platform: __spf_core_is_apm_ready: send_command ret
[    8.393739] qcom,gpr 3000000.remoteproc-adsp:glink-edge.adsp_apps.-1.-1: gpr_send_pkt: domain_id[2], Still Dsp is not Up
[    8.443834] spf-core-platform soc:spf_core_platform: __spf_core_is_apm_ready: send_command ret
[    8.443860] qcom,gpr 3000000.remoteproc-adsp:glink-edge.adsp_apps.-1.-1: gpr_send_pkt: domain_id[2], Still Dsp is not Up
[    8.493961] spf-core-platform soc:spf_core_platform: __spf_core_is_apm_ready: send_command ret
[    8.493989] qcom,gpr 3000000.remoteproc-adsp:glink-edge.adsp_apps.-1.-1: gpr_send_pkt: domain_id[2], Still Dsp is not Up
[    8.506940] i2c_geni 888000.i2c: i2c error :-107
[    8.544077] spf-core-platform soc:spf_core_platform: __spf_core_is_apm_ready: send_command ret
[    8.544109] qcom,gpr 3000000.remoteproc-adsp:glink-edge.adsp_apps.-1.-1: gpr_send_pkt: domain_id[2], Still Dsp is not Up
[    8.594205] spf-core-platform soc:spf_core_platform: __spf_core_is_apm_ready: send_command ret
[    8.594234] qcom,gpr 3000000.remoteproc-adsp:glink-edge.adsp_apps.-1.-1: gpr_send_pkt: domain_id[2], Still Dsp is not Up
[    8.644325] spf-core-platform soc:spf_core_platform: __spf_core_is_apm_ready: send_command ret
[    8.644354] qcom,gpr 3000000.remoteproc-adsp:glink-edge.adsp_apps.-1.-1: gpr_send_pkt: domain_id[2], Still Dsp is not Up
[    8.694449] spf-core-platform soc:spf_core_platform: __spf_core_is_apm_ready: send_command ret
[    8.694477] qcom,gpr 3000000.remoteproc-adsp:glink-edge.adsp_apps.-1.-1: gpr_send_pkt: domain_id[2], Still Dsp is not Up
[    8.703898] rmt_storage:INFO:check_support_using_libmdm: Modem subsystem found on target!
[    8.704286] rmt_storage:INFO:main: Done with init now waiting for messages!
[    8.706212] PDR: service lookup for msm/adsp/charger_pd:tms/servreg failed: -6
[    8.708285] audio_notifier_service_cb: service PDR_ADSP, opcode 0x1
[    8.708295] qcom,gpr 3000000.remoteproc-adsp:glink-edge.adsp_apps.-1.-1: gpr_adsp_up: Q6 is Up
[    8.708299] audio_prm_service_cb: Service opcode 0x1
[    8.708314] adsprpc: fastrpc_pdr_cb: msm/adsp/sensor_pd (sensors_pdr_adsprpc) is up for PDR on lpass
[    8.708631] adsprpc: fastrpc_pdr_cb: msm/adsp/audio_pd (audio_pdr_adsprpc) is up for PDR on lpass
[    8.710876] Error: adsprpc (4256): sscrpcd: fastrpc_get_info_from_dsp: could not obtain dsp information, err val -2147482112
[    8.744390] msm_vidc:     fw: <VFW_E:HostDr:unkn:--------:--> VenusHostDriver_ParseC2SysPacket(1072): licence unique code is not matched
[    8.744568] spf-core-platform soc:spf_core_platform: __spf_core_is_apm_ready: send_command ret
[    8.744757] qcom-spf_core gprsvc:spf_core:2:3: spf_core_callback: Payload 2001007
[    8.744765] qcom-spf_core gprsvc:spf_core:2:3: spf_core_callback: sucess response received
[    8.744797] spf-core-platform soc:spf_core_platform: spf_core_add_child_devices: apm is up
[    8.745661] msm-audio-ion soc:spf_core_platform:qcom,msm-audio-ion: Adding to iommu group 52
[    8.746140] msm-audio-ion soc:spf_core_platform:qcom,msm-audio-ion: msm_audio_ion_probe: msm_audio_ion_probe
[    8.746834] msm_vidc:     fw: <VFW_E:HostDr:unkn:--------:--> VenusHostDriver_ParseC2SysPacket(1072): licence unique code is not matched
[    8.746905] msm-audio-ion soc:spf_core_platform:qcom,msm-audio-ion-cma: msm_audio_ion_probe: msm_audio_ion_probe
[    8.771732] lpass_cdc_va_macro va-macro: lpass_cdc_register_macro: register macro successful:3
[    8.772143] lpass_cdc_tx_macro tx-macro: lpass_cdc_register_macro: register macro successful:0
[    8.772966] lpass_cdc_rx_macro rx-macro: lpass_cdc_register_macro: register macro successful:1
[    8.773673] wcd938x_codec wcd938x-codec: msm_cdc_dt_parse_vreg_info: cdc-vdd-rxtx: vol=[1800000 1800000]uV, curr=[30000]uA, ond 0 lpm 1
[    8.773688] wcd938x_codec wcd938x-codec: msm_cdc_dt_parse_vreg_info: cdc-vddio: vol=[1800000 1800000]uV, curr=[30000]uA, ond 0 lpm 1
[    8.773698] wcd938x_codec wcd938x-codec: msm_cdc_dt_parse_vreg_info: cdc-vdd-mic-bias: vol=[3400000 3960000]uV, curr=[30000]uA, ond 0 lpm 0
[    8.773707] wcd938x_codec wcd938x-codec: msm_cdc_dt_parse_vreg_info: cdc-vdd-buck: vol=[1800000 1800000]uV, curr=[650000]uA, ond 1 lpm 1
[    8.775683] prm_gpr_send_pkt: apm ready check not done
[    8.775968] qcom-spf_core gprsvc:spf_core:2:3: spf_core_callback: Payload 2001007
[    8.775975] qcom-spf_core gprsvc:spf_core:2:3: spf_core_callback: sucess response received
[    8.776013] prm_gpr_send_pkt: apm ready check done
[    8.791120] swr-wcd rx_swr_ctrl: swrm_get_logical_dev_num: devnum 1 assigned for dev d01170224
[    8.791175] wcd938x_codec wcd938x-codec: bound wcd938x-slave.d01170224 (ops wcd938x_slave_comp_ops [wcd938x_slave_dlkm])
[    8.791466] swr-wcd va_swr_ctrl: swrm_get_logical_dev_num: devnum 1 assigned for dev d01170223
[    8.791477] wcd938x_codec wcd938x-codec: bound wcd938x-slave.d01170223 (ops wcd938x_slave_comp_ops [wcd938x_slave_dlkm])
[    8.792071] ------------[ cut here ]------------
[    8.792077] Voluntary context switch within RCU read-side critical section!
[    8.792092] WARNING: CPU: 0 PID: 1974 at kernel/rcu/tree_plugin.h:316 rcu_note_context_switch+0x338/0x6b8
[    8.792105] Modules linked in: sony_camera(OE) slg51000_regulator(OE) lxs_touchscreen(OE) wlan(OE) ipa_clientsm(OE) ipanetm(OE) coresight_tmc(E) qdss_bridge(E) rndisipam(OE) rmnet_aps(OE) rmnet_wlan(OE) msm_eva(OE) rmnet_offload(OE) usb_f_gsi(E) sys_pm_vx(E) rmnet_shs(OE) rmnet_perf_tether(OE) msm_video(OE) camera(OE) usb_f_qdss(E) pt_i2c(OE) ipam(OE) rmnet_perf(OE) machine_dlkm(OE) msm_kgsl(OE) mac80211(E) rmnet_core(OE) gsim(OE) bt_fm_slim(OE) msm_drm(OE) pt_device_access(OE) camera_sync(OE) msm_hw_fence(OE) cirrus_cs35l45(OE) nxp_nci(OE) synaptics_tcm_ts(OE) sync_fence(OE) rmnet_sch(OE) qcedev_mod_dlkm(OE) swr_dmic_dlkm(OE) radio_i2c_rtc6226_qca(OE) btpower(OE) rmnet_ctl(OE) qrng_dlkm(OE) synx_driver(E) cnss2(OE) cirrus_wm_adsp(OE) rdtags(OE) et603_int(OE) msm_mmrm(OE) lpass_cdc_va_macro_dlkm(OE) goodix_ts(OE) nt36xxx_i2c(OE) qsee_ipc_irq_bridge(E) r8168(E) i3c_master_msm_geni(E) icc_test(E) bcl_soc(E) gh_irq_lend(E) boot_stats(E) max31760_fan(E) wcd938x_dlkm(OE)
[    8.792230] ehset(E) msm_lmh_dcvs(E) snd_usb_audio_qmi(E) cnss_nl(OE) ddr_cdev(E) dmesg_dumper(E) lpass_cdc_tx_macro_dlkm(OE) hdmi_dlkm(OE) leds_qti_flash(E) repeater_i2c_eusb2(E) cpu_voltage_cooling(E) ucsi_glink(E) qti_fixed_regulator(E) qcom_spmi_adc5_gen3(E) phy_msm_snps_eusb2(E) usb_bam(E) qti_userspace_cdev(E) last_logs(OE) cfg80211(E) audio_pkt_dlkm(OE) qcrypto_msm_dlkm(OE) usb_f_ccid(E) spi_msm_geni(E) i2c_msm_geni(E) realtek(E) qti_devfreq_cdev(E) stm_p_ost(E) sdpm_clk(E) qti_cpufreq_cdev(E) spmi_glink_debug(E) leds_qti_tri_led(E) phy_msm_m31_eusb2(E) qcom_vadc_common(E) smcinvoke_dlkm(OE) qcom_cpufreq_hw_debug(E) slim_qcom_ngd_ctrl(E) qcom_lpm(E) qti_qmi_cdev(E) coresight_stm(E) gh_tlmm_vm_mem_access(E) usb_f_diag(E) stm_ftrace(E) qcom_ipc_lite(E) charger_ulog_glink(E) wlan_firmware_service(OE) subsystem_sleep_stats(E) mmc_log_probes(E) microdump_collector(E) stub_dlkm(OE) coresight_dummy(E) cdsprm(E) lpass_cdc_wsa2_macro_dlkm(OE) coresight_funnel(E)
[    8.792327] tz_log_dlkm(OE) pt_ts(OE) atmel_mxt_ts(OE) lpass_cdc_rx_macro_dlkm(OE) qcom_pon(E) ipa_fmwk(E) qcom_edac(E) lpass_cdc_wsa_macro_dlkm(OE) somc_battchg_ext(OE) hung_task_enh(E) mhi_dev_netdev(E) smp2p(E) qti_qmi_sensor_v2(E) swr_haptics_dlkm(OE) nvmem_qfprom(E) hdcp_qseecom_dlkm(OE) cirrus_cs40l2x_codec(OE) lpass_cdc_dlkm(OE) stm_console(E) smsc95xx(E) adsp_loader_dlkm(OE) pinctrl_lpi_dlkm(OE) mbhc_dlkm(OE) pinctrl_spmi_gpio(E) swr_ctrl_dlkm(OE) wcd9xxx_dlkm(OE) qti_battery_charger(E) audio_prm_dlkm(OE) msm_performance(E) glink_pkt(E) f_fs_ipc_log(E) core_hang_detect(E) wsa884x_dlkm(OE) wsa883x_dlkm(OE) cirrus_cs40l2x(OE) qce50_dlkm(OE) msm_ext_display(OE) audpkt_ion_dlkm(OE) panel_event_notifier(E) dwc3_msm(E) spf_core_dlkm(OE) q6_dlkm(OE) mhi_cntrl_qcom(E) wcd938x_slave_dlkm(OE) mhi_dev_uci(E) qcom_esoc(E) gpr_dlkm(OE) phy_generic(E) mhi_dev_satellite(E) mhi_dev_dtr(E) qrtr_mhi(E) mhi(E) coresight_replicator(E) wcd_core_dlkm(OE) cnss_utils(OE)
[    8.792426] snd_event_dlkm(OE) coresight_cti(E) redriver(E) swr_dlkm(OE) coresight_remote_etm(E) q6_notifier_dlkm(OE) qcom_q6v5_pas(E) coresight_tpda(E) coresight_hwevent(E) qcom_pil_info(E) coresight_tgu(E) coresight_tpdm(E) qcom_q6v5(E) coresight_csr(E) qrtr_smd(E) stm_p_basic(E) snd_soc_hdmi_codec(E) slimbus(E) cnss_prealloc(OE) q6_pdr_dlkm(OE) stm_core(E) repeater_qti_pmic_eusb2(E) memlat_scmi(E) cnss_plat_ipc_qmi_svc(OE) qrtr_gunyah(E) coresight(E) qbt_handler(E) msm_memshare(E) qcom_va_minidump(E) smsc(E) msm_geni_serial(E) rimps_log(E) repeater(E) pm8941_pwrkey(E) policy_engine(E) sysmon_subsystem_stats(E) msm_sharedmem(E) adsp_sleepmon(E) spmi_pmic_arb_debug(E) memlat_vendor(E) pinctrl_spmi_mpp(E) eud(E) phy_qcom_ufs_qmp_v4_waipio(E) frpc_adsprpc(E) msm_show_epoch(E) lt9611uxc(E) rdbg(E) gh_mem_notifier(E) cdsp_loader(E) msm_gpi(E) heap_mem_ext_v01(E) pmic_pon_log(E) phy_qcom_ufs_qmp_v4(E) smp2p_sleepstate(E) smsc75xx(E) usb_f_cdev(E) spcom(E)
[    8.792530] qti_ocp_notifier(E) spss_utils(E) usbmon(E) sps_drv(E) qcom_spss(E) qcom_spmi_temp_alarm(E) qcom_sysmon(E) phy_qcom_emu(E) qseecom_proxy(E) hvc_gunyah(E) qcom_ramdump(E) altmode_glink(E) qti_battery_debug(E) qcom_iommu_debug(E) phy_msm_ssusb_qmp(E) reboot_mode(E) sg(E) pinctrl_somc_pmic(E) rq_stats(E) gpucc_kalama(E) glink_probe(E) qcom_glink_spss(E) memlat(E) pwm_qti_lpg(E) soc_sleep_stats(E) pci_msm_drv(E) bam_dma(E) qcom_cpuss_sleep_stats(E) phy_qcom_ufs_qmp_v4_khaje(E) pmic_glink(E) pdr_interface(E) debugcc_kalama(E) qmi_helpers(E) rproc_qcom_common(E) qcom_smd(E) qcom_glink_smem(E) qcom_glink(E) msm_show_resume_irq(E) msm_sysstats(E) zram(E) wakeup_irq_debug(E) zsmalloc(E) nvme(E) nvme_core(E) bcl_pmic5(E) c1dcvs_scmi(E) c1dcvs_vendor(E) qcom_rimps(E) sdhci_msm(E) arm_smmu(E) ufs_qcom(E) ufshcd_crypto_qti(E) msm_qmp(E) qcom_aoss(E) stub_regulator(E) socinfo(E) rtc_pm8xxx(E) qrtr(E) qcom_reboot_reason(E) spmi_pmic_arb(E) qcom_spmi_pmic(E) regmap_spmi(E)
[    8.792640] qti_regmap_debugfs(E) pmu_scmi(E) pmu_vendor(E) qcom_pmu_lib(E) qcom_llcc_pmu(E) qcom_iommu_util(E) qcom_logbuf_vh(E) debug_symbol(E) qcom_dload_mode(E) pinctrl_somc(E) phy_qcom_ufs_qrbtc_sdm845(E) phy_qcom_ufs_qmp_v4_kalama(E) phy_qcom_ufs(E) nvmem_qcom_spmi_sdam(E) ns(E) qnoc_kalama(E) qnoc_qos(E) pinctrl_kalama(E) pinctrl_msm(E) memory_dump_v2(E) mem_buf(E) qcom_dma_heaps(E) msm_dma_iommu_mapping(E) mem_buf_msgq(E) mem_buf_dev(E) mem_hooks(E) llcc_qcom(E) iommu_logger(E) gunyah(E) mdt_loader(E) secure_buffer(E) gh_ctrl(E) videocc_kalama(E) tcsrcc_kalama(E) dispcc_kalama(E) dcc_v2(E) crypto_qti_common(E) crypto_qti_hwkm(E) hwkm(E) tmecom_intf(E) cqhci(E) clk_dummy(E) cpu_hotplug(E) thermal_pause(E) sched_walt(E) qcom_cpufreq_hw(E) bwmon(E) qcom_dcvs(E) dcvs_fp(E) rpmh_regulator(E) qcom_tsens(E) thermal_minidump(E) qcom_pdc(E) qcom_ipcc(E) camcc_kalama(E) icc_rpmh(E) icc_debug(E) icc_bcm_voter(E) gcc_kalama(E) clk_qcom(E) gdsc_regulator(E)
[    8.792749] debug_regulator(E) proxy_consumer(E) clk_rpmh(E) qcom_rpmh(E) cmd_db(E) qcom_ipc_logging(E) qcom_cpu_vendor_hooks(E) gh_virt_wdt(E) qcom_wdt_core(E) qcom_scm(E) minidump(E) smem(E) qcom_hwspinlock(E) gh_rm_drv(E) gh_dbl(E) gh_msgq(E) gh_arm_drv(E)
[    8.792783] CPU: 0 PID: 1974 Comm: kworker/0:10 Tainted: G S      W  OE     5.15.189-android13-8-00016-g51bba4309aac-ab14546557 #1
[    8.792789] Hardware name: Sony Corporation. PDX-234 J(Kalama QRD) (DT)
[    8.792794] Workqueue: events power_supply_changed_work.cfi_jt
[    8.792804] pstate: 624000c5 (nZCv daIF +PAN -UAO +TCO -DIT -SSBS BTYPE=--)
[    8.792810] pc : rcu_note_context_switch+0x338/0x6b8
[    8.792816] lr : rcu_note_context_switch+0x338/0x6b8
[    8.792822] sp : ffffffc01ceeba20
[    8.792825] x29: ffffffc01ceeba30 x28: ffffffeb8aaf9000 x27: ffffff8814d82400
[    8.792833] x26: 0000000000000000 x25: ffffff8a7887a340 x24: ffffff8814d82410
[    8.792842] x23: ffffff9eedd9e000 x22: ffffffeb8aadc340 x21: ffffffeb89f0fd96
[    8.792849] x20: 0000000000000000 x19: ffffff8814d82400 x18: ffffffc016a51080
[    8.792857] x17: ffffffffffffffff x16: 0000000000000002 x15: 0000000000000004
[    8.792865] x14: ffffff8a6c720000 x13: 0000000000001fff x12: 0000000000000003
[    8.792873] x11: 00000000ffffdfff x10: ffffffeb8abd81a8 x9 : 31fb70f579274f00
[    8.792881] x8 : 31fb70f579274f00 x7 : 205b5d3737303239 x6 : 372e38202020205b
[    8.792889] x5 : ffffff8030fbf677 x4 : ffffffc01ceeb62f x3 : 0000000000000000
[    8.792897] x2 : 0000000000000000 x1 : ffffffc01ceeb790 x0 : 000000000000003f
[    8.792905] Call trace:
[    8.792909] rcu_note_context_switch+0x338/0x6b8
[    8.792915] __schedule+0xc4/0xb8c
[    8.792921] schedule+0x150/0x254
[    8.792926] schedule_preempt_disabled+0x2c/0x4c
[    8.792932] __mutex_lock+0x360/0xb00
[    8.792938] __mutex_lock_slowpath+0x18/0x28
[    8.792943] mutex_lock+0x48/0x12c
[    8.792949] battery_chg_write+0x54/0xc8 [qti_battery_charger]
[    8.792965] usb_psy_get_prop+0xd8/0x1d8 [qti_battery_charger]
[    8.792976] power_supply_get_property+0x48/0xb8
[    8.792983] somc_bcext_psy_notifier_cb+0xac/0x18c [somc_battchg_ext]
[    8.793006] atomic_notifier_call_chain+0x8c/0x138
[    8.793012] power_supply_changed_work+0xe8/0x310
[    8.793017] process_one_work+0x248/0x55c
[    8.793024] worker_thread+0x3b0/0x740
[    8.793029] kthread+0x168/0x1dc
[    8.793035] ret_from_fork+0x10/0x20
[    8.793041] ---[ end trace 84a46af0419a569e ]---
[    8.793662] input: SOMC Charger Removal as /devices/platform/soc/soc:qcom,pmic_glink/soc:qcom,pmic_glink:somc,battchg_ext/input/input5
[    8.795605] battchg_ext: idtp9382a_irq_handler: irq_status=1
[    8.798656] wcd938x_codec wcd938x-codec: wcd938x_soc_codec_probe()
[    8.822350] msm_vidc:     fw: <VFW_E:HostDr:unkn:--------:--> VenusHostDriver_ParseC2SysPacket(1072): licence unique code is not matched
[    8.825198] input: kalama-qrd-snd-card Headset Jack as /devices/platform/soc/soc:spf_core_platform/soc:spf_core_platform:sound/sound/card0/input6
[    8.825244] input: kalama-qrd-snd-card Button Jack as /devices/platform/soc/soc:spf_core_platform/soc:spf_core_platform:sound/sound/card0/input7
[    8.825318] kalama-asoc-snd soc:spf_core_platform:sound: msm_asoc_machine_probe: Sound card kalama-qrd-snd-card registered
[    8.826275] kalama-asoc-snd soc:spf_core_platform:sound: msm_common_snd_init: No DT match for tdm clk attribute, set to default
[    8.826279] kalama-asoc-snd soc:spf_core_platform:sound: msm_common_snd_init: No DT match for mi2s clk attribute, set to default
[    8.826433] kalama-asoc-snd soc:spf_core_platform:sound: num_links 33 
[    8.827143] audio_prm_callback: Failed response received
[    8.827161] prm_gpr_send_pkt: DSP returned error 2
[    8.827170] msm_set_upd_config: upd cdc duty cycling registration failed
[    8.850366] msm_vidc:     fw: <VFW_E:HostDr:unkn:--------:--> VenusHostDriver_ParseC2SysPacket(1072): licence unique code is not matched
[    8.881541] logd: logdr: UID=2987 GID=2987 PID=2016 b tail=0 logMask=8b pid=0 start=0ns deadline=0ns
[    8.882504] android.hardware.health-service.qti: opened battery/capacity after 4 retries
[    8.882647] android.hardware.health-service.qti: Read Batt Capacity after 4 retries ret : 1
[    8.882992] healthd: batteryCapacityLevelPath not found
[    8.883031] android.hardware.health-service.qti: Starting health HAL.
[    8.883481] msm_vidc:     fw: <VFW_E:HostDr:unkn:--------:--> VenusHostDriver_ParseC2SysPacket(1072): licence unique code is not matched
[    8.895419] healthd: battery l=100 v=4247 t=31.0 h=2 st=3 c=-1467809 fc=4434000 cc=0 chg=
[    8.909691] kgsl-3d 3d00000.qcom,kgsl-3d0: Direct firmware load for a740_sqe.fw failed with error -2
[    8.909699] kgsl-3d 3d00000.qcom,kgsl-3d0: Falling back to sysfs fallback for: a740_sqe.fw
[    8.910853] msm-dwc3 a600000.ssusb: DWC3 exited from low power mode
[    8.911272] eusb2-repeater c42d000.qcom,spmi:qcom,pm8550b@7:qcom,eusb2-repeater@fd00: eUSB2 repeater status:OK
[    8.912218] healthd: battery l=100 v=4247 t=31.0 h=2 st=3 c=-1467809 fc=4434000 cc=0 chg=
[    8.914159] dwc3 a600000.dwc3: Adding to iommu group 53
[    8.914752] msm_vidc:     fw: <VFW_E:HostDr:unkn:--------:--> VenusHostDriver_ParseC2SysPacket(1072): licence unique code is not matched
[    8.915009] eusb2-repeater c42d000.qcom,spmi:qcom,pm8550b@7:qcom,eusb2-repeater@fd00: eUSB2 repeater status:OK
[    8.920910] healthd: battery l=100 v=4247 t=31.0 h=2 st=3 c=-1467809 fc=4434000 cc=0 chg=
[    8.930645] healthd: battery l=100 v=4247 t=31.0 h=2 st=3 c=-1467809 fc=4434000 cc=0 chg=
[    8.938820] sps_register_bam_device: sps:BAM 0x000000000a704000 is registered
[    8.939099] lxs_ts 2-0028: after probe start 
[    8.939103] lxs_ts 2-0028: start init work
[    8.939155] lxs_ts 2-0028: LXS(SW82907) after probe start(0.01b-f1)
[    8.939160] lxs_ts 2-0028: lxs_ts_after_probe_func: change power status to power on
[    8.939164] lxs_ts 2-0028: SW82907 reg quirks: [0] 0022h -> 0020h
[    8.939168] lxs_ts 2-0028: SW82907 reg quirks: [1] 0024h -> 0022h
[    8.939171] lxs_ts 2-0028: SW82907 reg quirks: [2] 0005h -> 0004h
[    8.939175] lxs_ts 2-0028: SW82907 reg quirks: [3] 0047h -> 0045h
[    8.939178] lxs_ts 2-0028: SW82907 reg quirks: [4] 0C6Eh -> FFFFh
[    8.939182] lxs_ts 2-0028: SW82907 reg quirks: [5] 0289h -> FFFFh
[    8.939185] lxs_ts 2-0028: SW82907 reg quirks: t 6, m 0
[    8.939188] lxs_ts 2-0028: [opt summary]
[    8.939191] lxs_ts 2-0028:  f_flex_report   : 1
[    8.939193] lxs_ts 2-0028:  f_grab_en       : 1
[    8.939194] lxs_ts 2-0028:  t_sw_rst        : 5
[    8.939195] lxs_ts 2-0028:  t_clock         : 4
[    8.939196] lxs_ts 2-0028:  t_oled          : 2
[    8.939197] lxs_ts 2-0028:  t_tc_cmd        : 10
[    8.939199] lxs_ts 2-0028:  t_tc_quirk      : 1
[    8.939200] lxs_ts 2-0028:  drv_reset_low   : 5 ms
[    8.939201] lxs_ts 2-0028:  drv_delay       : 30 ms
[    8.939202] lxs_ts 2-0028: [tc cmd set] (mode bit 0007h)
[    8.939203] lxs_ts 2-0028:  0001h [LP  ] 
[    8.939205] lxs_ts 2-0028:  0301h [NP  ] 
[    8.939207] lxs_ts 2-0028:  0004h [STOP] 
[    8.939209] lxs_ts 2-0028: fw upgrade setup
[    8.944262] lxs_ts 2-0028: gpio_reset: gpio_set_value(325, 1)
[    8.950885] msm_vidc:     fw: <VFW_E:HostDr:unkn:--------:--> VenusHostDriver_ParseC2SysPacket(1072): licence unique code is not matched
[    8.966582] remoteproc remoteproc3: powering up 4080000.remoteproc-mss
[    8.966628] remoteproc remoteproc3: Direct firmware load for modem.mdt failed with error -2
[    8.966635] remoteproc remoteproc3: Falling back to sysfs fallback for: modem.mdt
[    8.974148] msm_vidc:     fw: <VFW_E:HostDr:unkn:--------:--> VenusHostDriver_ParseC2SysPacket(1072): licence unique code is not matched
[    9.045006] msm_vidc:     fw: <VFW_E:HostDr:unkn:--------:--> VenusHostDriver_ParseC2SysPacket(1072): licence unique code is not matched
[    9.056094] lxs_ts 2-0028: ic test done
[    9.056437] lxs_ts 2-0028: rinfo: max_x 1645, max_y 3841
[    9.057872] lxs_ts 2-0028: rinfo: tx 16, rx 37
[    9.058269] lxs_ts 2-0028: threaded irq request done(383, lxs_ts, 0x2002)
[    9.058292] lxs_ts 2-0028: report type  : 1
[    9.058299] lxs_ts 2-0028: status type  : 2
[    9.058304] lxs_ts 2-0028: status mask  : 0050A660h
[    9.058309] lxs_ts 2-0028:  normal      : 00508060h
[    9.058313] lxs_ts 2-0028:  logging     : 0050A000h
[    9.058318] lxs_ts 2-0028:  reset       : 00000660h
[    9.058322] lxs_ts 2-0028:  ic normal   : 000000D6h
[    9.058327] lxs_ts 2-0028:  ic abnormal : 00000001h
[    9.058331] lxs_ts 2-0028:  ic error    : 00000028h
[    9.058336] lxs_ts 2-0028:  ic valid    : 000000FFh
[    9.058342] lxs_ts 2-0028: LXS Touch Probe done
[    9.058346] lxs_ts 2-0028: LXS Touch Auto Start
[    9.058385] lxs_ts 2-0028: watchdog on
[    9.058391] lxs_ts 2-0028: watchdog delay 10000 ms
[    9.058395] lxs_ts 2-0028: lxs_ts_watchdog_init (10000 ms)
[    9.058403] lxs_ts 2-0028: LXS(SW82907) init work start(0.01b-f1)
[    9.069935] lxs_ts 2-0028: ic test done
[    9.073827] lxs_ts 2-0028: [T] chip class 7601, version v1.18 (0x040A0112, 0x01)
[    9.073844] lxs_ts 2-0028: [T] product id S2X65234, flash boot idle(done), crc ok (0x00000004)
[    9.075491] lxs_ts 2-0028: [SW82907] IC info is good: 10, 4
[    9.076323] lxs_ts 2-0028: SW82907 resume touch: lpm 0
[    9.076332] lxs_ts 2-0028: display frame rate: 2
[    9.076620] lxs_ts 2-0028: touch frame rate: 2
[    9.076902] lxs_ts 2-0028: current driving mode is NP
[    9.077192] lxs_ts 2-0028: TC Driving[0C03h] wr 0x301
[    9.084445] msm_vidc:     fw: <VFW_E:HostDr:unkn:--------:--> VenusHostDriver_ParseC2SysPacket(1072): licence unique code is not matched
[    9.111658] lxs_ts 2-0028: command done: mode 1, running_sts 02h
[    9.111930] lxs_ts 2-0028: grab_mode[0D0Bh]: ON(00000001h)
[    9.111935] lxs_ts 2-0028: charger: 0h (0h, 0h)
[    9.112665] lxs_ts 2-0028: state_ime: 0
[    9.112943] lxs_ts 2-0028: state_call: 0(IDLE)
[    9.114130] lxs_ts 2-0028: blend_filter(set): 0
[    9.115431] lxs_ts 2-0028: stop_filter(set): 0
[    9.115440] lxs_ts 2-0028: SW82907 resume touch(0): lcd_mode 1, driving_mode 1
[    9.115460] lxs_ts 2-0028: prd: param: row 16, col 37
[    9.116702] lxs_ts 2-0028: prd:  raw: t 1, rr 0, rt 0, ro 0, s 1, v 0, h 0, fmt 0x20000
[    9.116708] lxs_ts 2-0028: prd:  sys: t 1, rr 0, rt 0, ro 0, s 1, v 0, h 0, fmt 0x20000
[    9.116712] lxs_ts 2-0028: prd:   sd: t 1, rr 0, rt 0, ro 0, s 1, v 0, h 0, fmt 0x20000
[    9.116716] lxs_ts 2-0028: prd: flag: raw 0, sys 0, sd 0, app 1
[    9.116722] lxs_ts 2-0028: prd: prd_sd_cmp_setup: cmp set: LP_OPEN, min 4800, max 8192
[    9.116724] lxs_ts 2-0028: prd: prd_sd_cmp_setup: cmp set: LP_SHORT_GND, min 6500, max 8192
[    9.116726] lxs_ts 2-0028: prd: prd_sd_cmp_setup: cmp set: LP_SHORT_TRX, min 6500, max 8192
[    9.116727] lxs_ts 2-0028: prd: prd_sd_cmp_setup: cmp set: LP_SHORT_VDD, min 0, max 5200
[    9.116729] lxs_ts 2-0028: prd: prd_sd_cmp_setup: cmp set: SYNC(V), min 57, max 63
[    9.116730] lxs_ts 2-0028: prd: SW82907[S2X65234] param init done
[    9.116772] lxs_ts 2-0028: LXS(SW82907) init done
[    9.116789] lxs_ts 2-0028: irq(383) enabled
[    9.116792] lxs_ts 2-0028: irq(383) wake enabled
[    9.116794] lxs_ts 2-0028: Touch F/W upgrade triggered(1h)
[    9.116803] lxs_ts 2-0028: FW upgrade work func
[    9.116807] lxs_ts 2-0028: irq(383) wake disabled
[    9.116820] lxs_ts 2-0028: irq(383) disabled
[    9.116821] lxs_ts 2-0028: FW upgrade: status 1(BUSY)
[    9.116822] lxs_ts 2-0028: fw type: FW_TYPE_OLED
[    9.116824] lxs_ts 2-0028: getting fw from file
[    9.116825] lxs_ts 2-0028: target fw: touch_module_id_0x01.img (rel)
[    9.116846] lxs_ts 2-0028: Direct firmware load for touch_module_id_0x01.img failed with error -2
[    9.116849] lxs_ts 2-0028: Falling back to sysfs fallback for: touch_module_id_0x01.img
[    9.118368] msm_vidc:     fw: <VFW_E:HostDr:unkn:--------:--> VenusHostDriver_ParseC2SysPacket(1072): licence unique code is not matched
[    9.151624] msm_vidc:     fw: <VFW_E:HostDr:unkn:--------:--> VenusHostDriver_ParseC2SysPacket(1072): licence unique code is not matched
[    9.186798] msm_cvp: sess: vendor.qti.medi opening cvp instance: 0000000000000000 type 1 cnt 0
[    9.187214] msm_cvp:   fw: <CFW_E:HostDr:--------:-> [16629539]: VenusHostDriver_SetSysProperty(595): QC_IMAGE_VERSION_STRING=EVA.FIRMWARE.3.1-12_06620505_build1
[    9.187222] msm_cvp:   fw: <CFW_E:HostDr:--------:-> [63618759]: VenusHostDriver_SetSysProperty(595): QC_IMAGE_VERSION_STRING=EVA.FIRMWARE.3.1-12_06620505_build1
[    9.360699] cnss-daemon: NL group_id 10, cnss_nl.family_id 41
[    9.362553] cnss_plat: cnss_plat_ipc_qmi_reg_client_req_handler: QMI Client Connected. QMI Socket Node: 1 Port: 16538 ID: 1
[    9.362565] cnss: CNSS Daemon connected
[    9.370806] cnss-daemon: ro.baseband : [msm]
[    9.371033] cnss_plat: MAC: 1 HW_TRC: 0 CAL: 0
[    9.371274] cnss-daemon: no interop issues ap currently
[    9.400363] read descriptors
[    9.400386] read strings
[    9.464707] adreno-gen7-gmu 3d68000.qcom,gmu: Direct firmware load for gmu_gen70200.bin failed with error -2
[    9.464716] adreno-gen7-gmu 3d68000.qcom,gmu: Falling back to sysfs fallback for: gmu_gen70200.bin
[    9.509996] remoteproc remoteproc3: Booting fw image modem.mdt, size 6364
[    9.510515] qcom_q6v5_pas 4080000.remoteproc-mss: Direct firmware load for modem_dtb.mdt failed with error -2
[    9.510519] qcom_q6v5_pas 4080000.remoteproc-mss: Falling back to sysfs fallback for: modem_dtb.mdt
[    9.523990] lxs_ts 2-0028: fw size: 131072
[    9.523999] lxs_ts 2-0028: FW compare: bin-ver: 1.18(0) (S2X65234)
[    9.524001] lxs_ts 2-0028: FW compare: dev-ver: 1.18(0) (S2X65234)
[    9.524003] lxs_ts 2-0028: FW compare: up 0x00, fup 0x00
[    9.524005] lxs_ts 2-0028: FW upgrade: status 4(NG_F_CHK)
[    9.524013] lxs_ts 2-0028: (E) FW upgrade skipped
[    9.524019] lxs_ts 2-0028: LXS(SW82907) reset control(0x1)
[    9.524021] lxs_ts 2-0028: HW Reset(Async)
[    9.524030] lxs_ts 2-0028: gpio_reset: gpio_set_value(325, 0)
[    9.529057] lxs_ts 2-0028: gpio_reset: gpio_set_value(325, 1)
[    9.538193] qcom_q6v5_pas 4080000.remoteproc-mss: Direct firmware load for modem_dtb.b02 failed with error -2
[    9.538199] qcom_q6v5_pas 4080000.remoteproc-mss: Falling back to sysfs fallback for: modem_dtb.b02
[    9.587130] msm_ext_disp_update_audio_ops: Display not found (EXT_DISPLAY_TYPE_DP) ctld (0) stream (0)
[    9.587140] msm_ext_disp_update_audio_ops: Display not found (EXT_DISPLAY_TYPE_HDMI) ctld (0) stream (0)
[    9.587144] msm_ext_disp_update_audio_ops: Display not found (EXT_DISPLAY_TYPE_DP) ctld (0) stream (0)
[    9.587148] msm_ext_disp_update_audio_ops: Display not found (EXT_DISPLAY_TYPE_DP) ctld (0) stream (0)
[    9.587153] msm_ext_disp_update_audio_ops: Display not found (EXT_DISPLAY_TYPE_DP) ctld (0) stream (0)
[    9.587157] msm-ext-disp-audio-codec-rx soc:qcom,msm-ext-disp:qcom,msm-ext-disp-audio-codec-rx: msm_ext_disp_audio_type_get: get_audio_edid_blk() or get_intf_id is NULL
[    9.587163] msm_ext_disp_update_audio_ops: Display not found (EXT_DISPLAY_TYPE_DP) ctld (0) stream (0)
[    9.587195] msm-ext-disp-audio-codec-rx soc:qcom,msm-ext-disp:qcom,msm-ext-disp-audio-codec-rx: msm_ext_disp_audio_type_get: get_audio_edid_blk() or get_intf_id is NULL
[    9.587260] msm_ext_disp_update_audio_ops: Display not found (EXT_DISPLAY_TYPE_DP) ctld (0) stream (0)
[    9.587264] msm-ext-disp-audio-codec-rx soc:qcom,msm-ext-disp:qcom,msm-ext-disp-audio-codec-rx: msm_ext_disp_audio_type_get: get_audio_edid_blk() or get_intf_id is NULL
[    9.587284] msm-ext-disp-audio-codec-rx soc:qcom,msm-ext-disp:qcom,msm-ext-disp-audio-codec-rx: msm_ext_disp_audio_device_get: invalid dai id: 4
[    9.622066] gsi soc:qcom,msm_gsi: gsi_stop_channel:3615 chan=14 busy try again
[    9.629849] lxs_ts 2-0028: LXS(SW82907) init work start(0.01b-f1)
[    9.636351] lxs_ts 2-0028: ic test done
[    9.639754] lxs_ts 2-0028: [T] chip class 7601, version v1.18 (0x040A0112, 0x01)
[    9.639758] lxs_ts 2-0028: [T] product id S2X65234, flash boot idle(done), crc ok (0x00000004)
[    9.641176] lxs_ts 2-0028: [SW82907] IC info is good: 10, 4
[    9.641933] lxs_ts 2-0028: SW82907 resume touch: lpm 0
[    9.641938] lxs_ts 2-0028: display frame rate: 2
[    9.642185] lxs_ts 2-0028: touch frame rate: 2
[    9.642432] lxs_ts 2-0028: current driving mode is NP
[    9.642682] lxs_ts 2-0028: TC Driving[0C03h] wr 0x301
[    9.682201] lxs_ts 2-0028: command done: mode 1, running_sts 02h
[    9.682459] lxs_ts 2-0028: grab_mode[0D0Bh]: ON(00000001h)
[    9.682463] lxs_ts 2-0028: charger: 0h (0h, 0h)
[    9.682710] lxs_ts 2-0028: state_ime: 0
[    9.682960] lxs_ts 2-0028: state_call: 0(IDLE)
[    9.683455] lxs_ts 2-0028: blend_filter(set): 0
[    9.683703] lxs_ts 2-0028: stop_filter(set): 0
[    9.683705] lxs_ts 2-0028: SW82907 resume touch(0): lcd_mode 1, driving_mode 1
[    9.683708] lxs_ts 2-0028: prd: update swap info
[    9.684381] lxs_ts 2-0028: prd:  raw: t 1, rr 0, rt 0, ro 0, s 1, v 0, h 0, fmt 0x20000
[    9.684384] lxs_ts 2-0028: prd:  sys: t 1, rr 0, rt 0, ro 0, s 1, v 0, h 0, fmt 0x20000
[    9.684385] lxs_ts 2-0028: prd:   sd: t 1, rr 0, rt 0, ro 0, s 1, v 0, h 0, fmt 0x20000
[    9.684387] lxs_ts 2-0028: prd: flag: raw 0, sys 0, sd 0, app 1
[    9.684391] lxs_ts 2-0028: prd: prd_sd_cmp_setup: cmp set: LP_OPEN, min 4800, max 8192
[    9.684393] lxs_ts 2-0028: prd: prd_sd_cmp_setup: cmp set: LP_SHORT_GND, min 6500, max 8192
[    9.684394] lxs_ts 2-0028: prd: prd_sd_cmp_setup: cmp set: LP_SHORT_TRX, min 6500, max 8192
[    9.684396] lxs_ts 2-0028: prd: prd_sd_cmp_setup: cmp set: LP_SHORT_VDD, min 0, max 5200
[    9.684397] lxs_ts 2-0028: prd: prd_sd_cmp_setup: cmp set: SYNC(V), min 57, max 63
[    9.684399] lxs_ts 2-0028: LXS(SW82907) init done
[    9.684414] lxs_ts 2-0028: irq(383) enabled
[    9.684417] lxs_ts 2-0028: irq(383) wake enabled
[    9.684420] lxs_ts 2-0028: lxs_ts_watchdog_run: on (10000 ms)
[    9.685372] lxs_ts 2-0028: [1] TC Driving OK
[    9.703462] qcom_q6v5_pas 4080000.remoteproc-mss: Direct firmware load for modem_dtb.b01 failed with error -2
[    9.703471] qcom_q6v5_pas 4080000.remoteproc-mss: Falling back to sysfs fallback for: modem_dtb.b01
[    9.706210] smcinvoke: prepare_send_scm_msg: Secure side is busy,will retry after 30 ms, retry_count = 0
[    9.706270] smcinvoke: prepare_send_scm_msg: Secure side is busy,will retry after 30 ms, retry_count = 0
[    9.706339] smcinvoke: prepare_send_scm_msg: Secure side is busy,will retry after 30 ms, retry_count = 0
[    9.706523] synx: [sess: 22017] session created cvp-kernel-client
[    9.707268] msm_vidc: err : e214afc0:  avcE_0: msm_venc_subscribe_event: invalid type 5 id 0
[    9.707299] msm_vidc:     fw: <VFW_E:HostDr:unkn:--------:--> VenusHostDriver_ParseC2SysPacket(1072): licence unique code is not matched
[    9.709462] adsprpc: fastrpc_restart_notifier_cb: subsystem mpss is about to start
[    9.709471] ipa-wan ipa3_lcl_mdm_ssr_notifier_cb:4037 IPA received MPSS BEFORE_POWERUP
[    9.709926] msm_cvp: warn: msm_cvp_cleanup_instance Unexpected pm_qos off vote 0
[    9.710017] ipa-wan ipa3_lcl_mdm_ssr_notifier_cb:4046 IPA BEFORE_POWERUP handling is complete
[    9.710173] msm_cvp: vendor.qti.medi: closed cvp instance: 0000000000000000 session_id = 0 type 1 0
[    9.710178] synx: [sess: 22017] session destroyed cvp-kernel-client, uid: 22017
[    9.718587] kgsl-3d 3d00000.qcom,kgsl-3d0: Direct firmware load for a740_zap.mbn failed with error -2
[    9.718591] kgsl-3d 3d00000.qcom,kgsl-3d0: Falling back to sysfs fallback for: a740_zap.mbn
[    9.721977] (virq:irq_count)- GICv3:IPI(1):33818 GICv3:ufshcd(35):14257 GICv3:IPI(2):13770 GICv3:IPI(6):12660 GICv3:arch_timer(11):9360 GICv3:ipcc_0(37):3183 ipcc:glink-native-adsp(385):3119 GICv3:apps_rsc-drv-2(20):749 GICv3:i2c_geni(279):695 GICv3:i2c_geni(280):664 
[    9.721991] (cpu:irq_count)- 0:17775 1:2925 2:2753 3:11387 4:11380 5:11858 6:11452 7:24208 
[    9.721997] (ipi:irq_count)- 0:33818 1:13770 2:0 3:0 4:0 5:12660 6:0 
[    9.730489] qcom_q6v5_pas 4080000.remoteproc-mss: Direct firmware load for modem.b31 failed with error -2
[    9.730497] qcom_q6v5_pas 4080000.remoteproc-mss: Falling back to sysfs fallback for: modem.b31
[    9.730854] msm_vidc: err : e20b4fc0:  avcE_0: msm_venc_subscribe_event: invalid type 5 id 0
[    9.730896] msm_vidc:     fw: <VFW_E:HostDr:unkn:--------:--> VenusHostDriver_ParseC2SysPacket(1072): licence unique code is not matched
[    9.731045] slg51000-regulator 0-0075: disable LDO6 supply_name:vin7 off_time:2000us
[    9.733390] msm_cvp: sess: vendor.qti.medi opening cvp instance: 0000000000000000 type 1 cnt 0
[    9.733690] msm_cvp:   fw: <CFW_E:HostDr:--------:-> [81760773]: VenusHostDriver_SetSysProperty(595): QC_IMAGE_VERSION_STRING=EVA.FIRMWARE.3.1-12_06620505_build1
[    9.760022] qcom_q6v5_pas 4080000.remoteproc-mss: Direct firmware load for modem.b01 failed with error -2
[    9.760033] qcom_q6v5_pas 4080000.remoteproc-mss: Falling back to sysfs fallback for: modem.b01
[    9.760544] synx: [sess: 18945] session created cvp-kernel-client
[    9.760915] smcinvoke: prepare_send_scm_msg: Secure side is busy,will retry after 30 ms, retry_count = 1
[    9.760959] smcinvoke: prepare_send_scm_msg: Secure side is busy,will retry after 30 ms, retry_count = 1
[    9.763592] msm_vidc: err : defeafc0:  avcE_0: msm_venc_subscribe_event: invalid type 5 id 0
[    9.763605] msm_vidc:     fw: <VFW_E:HostDr:unkn:--------:--> VenusHostDriver_ParseC2SysPacket(1072): licence unique code is not matched
[    9.764976] qcom_q6v5_pas 4080000.remoteproc-mss: Direct firmware load for modem.b02 failed with error -2
[    9.764983] qcom_q6v5_pas 4080000.remoteproc-mss: Falling back to sysfs fallback for: modem.b02
[    9.770553] msm_cvp: warn: msm_cvp_cleanup_instance Unexpected pm_qos off vote 0
[    9.770718] msm_cvp: vendor.qti.medi: closed cvp instance: 0000000000000000 session_id = 0 type 1 0
[    9.770736] synx: [sess: 18945] session destroyed cvp-kernel-client, uid: 18945
[    9.776595] qcom_q6v5_pas 4080000.remoteproc-mss: Direct firmware load for modem.b03 failed with error -2
[    9.776599] qcom_q6v5_pas 4080000.remoteproc-mss: Falling back to sysfs fallback for: modem.b03
[    9.781676] qcom_q6v5_pas 4080000.remoteproc-mss: Direct firmware load for modem.b04 failed with error -2
[    9.781682] qcom_q6v5_pas 4080000.remoteproc-mss: Falling back to sysfs fallback for: modem.b04
[    9.785496] qcom_q6v5_pas 4080000.remoteproc-mss: Direct firmware load for modem.b05 failed with error -2
[    9.785502] qcom_q6v5_pas 4080000.remoteproc-mss: Falling back to sysfs fallback for: modem.b05
[    9.791831] qcom_q6v5_pas 4080000.remoteproc-mss: Direct firmware load for modem.b06 failed with error -2
[    9.791838] qcom_q6v5_pas 4080000.remoteproc-mss: Falling back to sysfs fallback for: modem.b06
[    9.795042] smcinvoke: prepare_send_scm_msg: Secure side is busy,will retry after 30 ms, retry_count = 2
[    9.796285] msm_vidc: err : deef2fc0:  avcE_0: msm_venc_subscribe_event: invalid type 5 id 0
[    9.796344] msm_vidc:     fw: <VFW_E:HostDr:unkn:--------:--> VenusHostDriver_ParseC2SysPacket(1072): licence unique code is not matched
[    9.796514] qcom_q6v5_pas 4080000.remoteproc-mss: Direct firmware load for modem.b07 failed with error -2
[    9.796519] qcom_q6v5_pas 4080000.remoteproc-mss: Falling back to sysfs fallback for: modem.b07
[    9.799569] msm_cvp: sess: vendor.qti.medi opening cvp instance: 0000000000000000 type 1 cnt 0
[    9.800494] msm_cvp:   fw: <CFW_E:HostDr:--------:-> [84131916]: VenusHostDriver_SetSysProperty(595): QC_IMAGE_VERSION_STRING=EVA.FIRMWARE.3.1-12_06620505_build1
[    9.801444] qcom_q6v5_pas 4080000.remoteproc-mss: Direct firmware load for modem.b08 failed with error -2
[    9.801449] qcom_q6v5_pas 4080000.remoteproc-mss: Falling back to sysfs fallback for: modem.b08
[    9.804692] synx: [sess: 18945] session created cvp-kernel-client
[    9.806265] msm_vidc: err : dee3afc0:  avcE_0: msm_venc_subscribe_event: invalid type 5 id 0
[    9.806286] msm_vidc:     fw: <VFW_E:HostDr:unkn:--------:--> VenusHostDriver_ParseC2SysPacket(1072): licence unique code is not matched
[    9.815632] healthd: battery l=100 v=4192 t=32.0 h=2 st=3 c=-2073903 fc=4434000 cc=0 chg=u
[    9.817624] smcinvoke: prepare_send_scm_msg: Secure side is busy,will retry after 30 ms, retry_count = 0
[    9.818489] msm_cvp: warn: msm_cvp_cleanup_instance Unexpected pm_qos off vote 0
[    9.818881] msm_cvp: vendor.qti.medi: closed cvp instance: 0000000000000000 session_id = 0 type 1 0
[    9.818886] synx: [sess: 18945] session destroyed cvp-kernel-client, uid: 18945
[    9.823046] msm_vidc: err : dedb2fc0:  avcE_0: msm_venc_subscribe_event: invalid type 5 id 0
[    9.823094] msm_vidc:     fw: <VFW_E:HostDr:unkn:--------:--> VenusHostDriver_ParseC2SysPacket(1072): licence unique code is not matched
[    9.827465] qcom_q6v5_pas 4080000.remoteproc-mss: Direct firmware load for modem.b09 failed with error -2
[    9.827471] qcom_q6v5_pas 4080000.remoteproc-mss: Falling back to sysfs fallback for: modem.b09
[    9.831865] qcom_q6v5_pas 4080000.remoteproc-mss: Direct firmware load for modem.b10 failed with error -2
[    9.831873] qcom_q6v5_pas 4080000.remoteproc-mss: Falling back to sysfs fallback for: modem.b10
[    9.836175] qcom_q6v5_pas 4080000.remoteproc-mss: Direct firmware load for modem.b11 failed with error -2
[    9.836183] qcom_q6v5_pas 4080000.remoteproc-mss: Falling back to sysfs fallback for: modem.b11
[    9.841883] healthd: battery l=100 v=4196 t=31.0 h=2 st=3 c=-2073903 fc=4434000 cc=17 chg=u
[    9.850604] qcom_q6v5_pas 4080000.remoteproc-mss: Direct firmware load for modem.b12 failed with error -2
[    9.850612] qcom_q6v5_pas 4080000.remoteproc-mss: Falling back to sysfs fallback for: modem.b12
[    9.856885] qcom_q6v5_pas 4080000.remoteproc-mss: Direct firmware load for modem.b13 failed with error -2
[    9.856896] qcom_q6v5_pas 4080000.remoteproc-mss: Falling back to sysfs fallback for: modem.b13
[    9.878391] qcom_q6v5_pas 4080000.remoteproc-mss: Direct firmware load for modem.b15 failed with error -2
[    9.878399] qcom_q6v5_pas 4080000.remoteproc-mss: Falling back to sysfs fallback for: modem.b15
[    9.897952] qcom_q6v5_pas 4080000.remoteproc-mss: Direct firmware load for modem.b16 failed with error -2
[    9.897961] qcom_q6v5_pas 4080000.remoteproc-mss: Falling back to sysfs fallback for: modem.b16
[    9.903725] qcom_q6v5_pas 4080000.remoteproc-mss: Direct firmware load for modem.b17 failed with error -2
[    9.903733] qcom_q6v5_pas 4080000.remoteproc-mss: Falling back to sysfs fallback for: modem.b17
[    9.909393] qcom_q6v5_pas 4080000.remoteproc-mss: Direct firmware load for modem.b18 failed with error -2
[    9.909401] qcom_q6v5_pas 4080000.remoteproc-mss: Falling back to sysfs fallback for: modem.b18
[    9.968516] qcom_q6v5_pas 4080000.remoteproc-mss: Direct firmware load for modem.b19 failed with error -2
[    9.968526] qcom_q6v5_pas 4080000.remoteproc-mss: Falling back to sysfs fallback for: modem.b19
[    9.983047] qcom_q6v5_pas 4080000.remoteproc-mss: Direct firmware load for modem.b20 failed with error -2
[    9.983057] qcom_q6v5_pas 4080000.remoteproc-mss: Falling back to sysfs fallback for: modem.b20
[    9.998128] qcom_q6v5_pas 4080000.remoteproc-mss: Direct firmware load for modem.b22 failed with error -2
[    9.998137] qcom_q6v5_pas 4080000.remoteproc-mss: Falling back to sysfs fallback for: modem.b22
[   10.002166] qcom_q6v5_pas 4080000.remoteproc-mss: Direct firmware load for modem.b23 failed with error -2
[   10.002176] qcom_q6v5_pas 4080000.remoteproc-mss: Falling back to sysfs fallback for: modem.b23
[   10.032161] qcom_q6v5_pas 4080000.remoteproc-mss: Direct firmware load for modem.b24 failed with error -2
[   10.032171] qcom_q6v5_pas 4080000.remoteproc-mss: Falling back to sysfs fallback for: modem.b24
[   10.035008] eusb2-repeater c42d000.qcom,spmi:qcom,pm8550b@7:qcom,eusb2-repeater@fd00: eUSB2 repeater status:OK
[   10.094525] dwc3 a600000.dwc3: Set IRQ thread:irq/310-dwc3 pid:2950 to SCHED_NORMAL prio
[   10.100699] android_work: did not send uevent (0 0 0000000000000000)
[   10.100713] msm_eusb2_phy 88e3000.hsphy: Avail curr from USB = 0
[   10.103855] msm-dwc3 a600000.ssusb: DWC3 in low power mode
[   10.105920] msm-dwc3 a600000.ssusb: DWC3 exited from low power mode
[   10.106151] eusb2-repeater c42d000.qcom,spmi:qcom,pm8550b@7:qcom,eusb2-repeater@fd00: eUSB2 repeater status:OK
[   10.109717] msm_ext_disp_update_audio_ops: Display not found (EXT_DISPLAY_TYPE_DP) ctld (0) stream (0)
[   10.109731] msm_ext_disp_update_audio_ops: Display not found (EXT_DISPLAY_TYPE_HDMI) ctld (0) stream (0)
[   10.109737] msm_ext_disp_update_audio_ops: Display not found (EXT_DISPLAY_TYPE_DP) ctld (0) stream (0)
[   10.109743] msm_ext_disp_update_audio_ops: Display not found (EXT_DISPLAY_TYPE_DP) ctld (0) stream (0)
[   10.109753] msm_ext_disp_update_audio_ops: Display not found (EXT_DISPLAY_TYPE_DP) ctld (0) stream (0)
[   10.109757] msm-ext-disp-audio-codec-rx soc:qcom,msm-ext-disp:qcom,msm-ext-disp-audio-codec-rx: msm_ext_disp_audio_type_get: get_audio_edid_blk() or get_intf_id is NULL
[   10.109765] msm_ext_disp_update_audio_ops: Display not found (EXT_DISPLAY_TYPE_DP) ctld (0) stream (0)
[   10.109767] msm-ext-disp-audio-codec-rx soc:qcom,msm-ext-disp:qcom,msm-ext-disp-audio-codec-rx: msm_ext_disp_audio_type_get: get_audio_edid_blk() or get_intf_id is NULL
[   10.109773] msm_ext_disp_update_audio_ops: Display not found (EXT_DISPLAY_TYPE_DP) ctld (0) stream (0)
[   10.109776] msm-ext-disp-audio-codec-rx soc:qcom,msm-ext-disp:qcom,msm-ext-disp-audio-codec-rx: msm_ext_disp_audio_type_get: get_audio_edid_blk() or get_intf_id is NULL
[   10.109794] msm-ext-disp-audio-codec-rx soc:qcom,msm-ext-disp:qcom,msm-ext-disp-audio-codec-rx: msm_ext_disp_audio_device_get: invalid dai id: 4
[   10.131350] cs35l45 4-0030: Preload DSP before boot
[   10.133225] cs35l45 4-0030: Direct firmware load for L-cs35l45-dsp1-spk-prot.wmfw failed with error -2
[   10.133233] cs35l45 4-0030: Falling back to sysfs fallback for: L-cs35l45-dsp1-spk-prot.wmfw
[   10.141359] cs35l45 4-0030: DSP1: Firmware version: 3
[   10.141370] cs35l45 4-0030: DSP1: L-cs35l45-dsp1-spk-prot.wmfw: Fri 24 Jun 2022 13:57:44 W. Europe Daylight Time
[   10.158561] dwc3 a600000.dwc3: Set IRQ thread:irq/310-dwc3 pid:2950 to SCHED_NORMAL prio
[   10.184859] qcom_q6v5_pas 4080000.remoteproc-mss: Direct firmware load for modem.b25 failed with error -2
[   10.184869] qcom_q6v5_pas 4080000.remoteproc-mss: Falling back to sysfs fallback for: modem.b25
[   10.190481] qcom_q6v5_pas 4080000.remoteproc-mss: Direct firmware load for modem.b26 failed with error -2
[   10.190490] qcom_q6v5_pas 4080000.remoteproc-mss: Falling back to sysfs fallback for: modem.b26
[   10.194334] qcom_q6v5_pas 4080000.remoteproc-mss: Direct firmware load for modem.b27 failed with error -2
[   10.194345] qcom_q6v5_pas 4080000.remoteproc-mss: Falling back to sysfs fallback for: modem.b27
[   10.201124] qcom_q6v5_pas 4080000.remoteproc-mss: Direct firmware load for modem.b28 failed with error -2
[   10.201133] qcom_q6v5_pas 4080000.remoteproc-mss: Falling back to sysfs fallback for: modem.b28
[   10.205336] qcom_q6v5_pas 4080000.remoteproc-mss: Direct firmware load for modem.b29 failed with error -2
[   10.205345] qcom_q6v5_pas 4080000.remoteproc-mss: Falling back to sysfs fallback for: modem.b29
[   10.274196] msm_eusb2_phy 88e3000.hsphy: Avail curr from USB = 2
[   10.479604] cs35l45 4-0030: DSP1: Firmware: 4fa00 vendor: 0x2 v0.61.0, 5 algorithms
[   10.481364] cs35l45 4-0030: DSP1: 0: ID cd v129.78.0 XM@202 YM@27
[   10.481376] cs35l45 4-0030: DSP1: 1: ID f206 v1.0.0 XM@f2 YM@0
[   10.481380] cs35l45 4-0030: DSP1: 2: ID f20b v0.1.0 XM@3c2 YM@0
[   10.481384] cs35l45 4-0030: DSP1: 3: ID f204 v0.0.1 XM@414 YM@0
[   10.481387] cs35l45 4-0030: DSP1: 4: ID f205 v0.2.0 XM@442 YM@0
[   10.481410] cs35l45 4-0030: Direct firmware load for L-cs35l45-dsp1-spk-prot.bin failed with error -2
[   10.481413] cs35l45 4-0030: Falling back to sysfs fallback for: L-cs35l45-dsp1-spk-prot.bin
[   10.559800] android_work: sent uevent USB_STATE=CONNECTED
[   10.565566] msm_eusb2_phy 88e3000.hsphy: Avail curr from USB = 500
[   10.565932] android_work: sent uevent USB_STATE=CONFIGURED
[   10.641293] cs35l45 4-0030: DSP1: Failed to parse legacy: -19
[   10.927845] slg51000-regulator 0-0075: disable LDO6 supply_name:vin7 off_time:2000us
[   10.979894] audit_log_lost: 43 callbacks suppressed
[   10.979900] audit: audit_lost=30 audit_rate_limit=20 audit_backlog_limit=128
[   10.979903] audit: rate limit exceeded
[   10.979910] binder: 1002:1002 transaction async to 2288:0 failed 6771/29201/-1, code 1 size 164-8 line 3235
[   10.980274] slg51000-regulator 0-0075: disable LDO6 supply_name:vin7 off_time:2000us
[   11.042983] slg51000-regulator 0-0075: disable LDO6 supply_name:vin7 off_time:2000us
[   11.126936] [drm:dsi_display_set_mode [msm_drm]] [msm-dsi-info]: mdp_transfer_time=7680, hactive=1096, vactive=2560, fps=60, clk_rate=1191321360
[   11.127776] lxs_ts 2-0028: After: Unblank
[   11.127780] lxs_ts 2-0028: start@11.97978224
[   11.127781] lxs_ts 2-0028: lxs_ts_resume: start
[   11.127783] lxs_ts 2-0028: lxs_hal_touch_mode: state 0(0), lcd 1(1, 1, 1), c 0x0(0)
[   11.127785] lxs_ts 2-0028: lxs_ts_resume: end
[   11.127786] lxs_ts 2-0028: end@11.97985099
[   11.128257] adsprpc: fastrpc_restart_notifier_cb: mpss subsystem is up
[   11.128264] ipa-wan ipa3_lcl_mdm_ssr_notifier_cb:4056 IPA received MPSS AFTER_POWERUP
[   11.128270] ipa ipa3_odl_pipe_open:371 adpl pipe not configured
[   11.128277] ipa-wan ipa3_lcl_mdm_ssr_notifier_cb:4061 IPA AFTER_POWERUP handling is complete
[   11.128280] remoteproc remoteproc3: remote processor 4080000.remoteproc-mss is now up
[   11.133250] qcom_smd_qrtr_probe:SMD QRTR driver probed
[   11.133314] qrtr: Modem QMI Readiness RX cmd:0x2 node[0x0]
[   11.143595] servicemanager: Caller(pid=2233,uid=1001,sid=u:r:rild:s0) Found android.hardware.radio.config.IRadioConfig/default in device VINTF manifest.
[   11.144515] servicemanager: Caller(pid=2233,uid=1001,sid=u:r:rild:s0) Found android.hardware.radio.messaging.IRadioMessaging/slot1 in device VINTF manifest.
[   11.145118] servicemanager: Caller(pid=2233,uid=1001,sid=u:r:rild:s0) Found android.hardware.radio.modem.IRadioModem/slot1 in device VINTF manifest.
[   11.145559] servicemanager: Caller(pid=2233,uid=1001,sid=u:r:rild:s0) Found android.hardware.radio.network.IRadioNetwork/slot1 in device VINTF manifest.
[   11.145920] servicemanager: Caller(pid=2233,uid=1001,sid=u:r:rild:s0) Found android.hardware.radio.sim.IRadioSim/slot1 in device VINTF manifest.
[   11.146403] servicemanager: Caller(pid=2233,uid=1001,sid=u:r:rild:s0) Found android.hardware.radio.voice.IRadioVoice/slot1 in device VINTF manifest.
[   11.146767] servicemanager: Caller(pid=2233,uid=1001,sid=u:r:rild:s0) Found vendor.qti.hardware.radio.qtiradioconfig.IQtiRadioConfig/default in device VINTF manifest.
[   11.147526] init: processing action (vendor.backlight_on=1 && vendor.display.hmd_mode=0 && vendor.enable.always_on_display=0) from (/odm/etc/init/init.sony-device-common.rc:24)
[   11.147724] dsi_panel_set_hmd_mode: set HMD mode=0
[   11.148171] init: processing action (vendor.backlight_on=1) from (/odm/etc/init/init.sony-platform.rc:187)
[   11.148283] lxs_ts 2-0028: store_enable: value 1
[   11.148289] lxs_ts 2-0028: touch enable device, 1
[   11.148294] lxs_ts 2-0028: lxs_ts_watchdog_stop
[   11.148298] lxs_ts 2-0028: __lxs_hal_enable_work_func: lcd 1(1, 1, 1), c 0x0(0)
[   11.148304] lxs_ts 2-0028: lxs_ts_watchdog_run: on (10000 ms)
[   11.148373] init: processing action (vendor.backlight_on=1 && vendor.enable.always_on_display=0) from (/odm/etc/init/init.sony-platform.rc:193)
[   11.148883] lxs_ts 2-0028: set_lowpower_mode: 0
[   11.149160] lxs_ts 2-0028: store_enable: value 1
[   11.149163] lxs_ts 2-0028: touch enable device, 1
[   11.149167] lxs_ts 2-0028: lxs_ts_watchdog_stop
[   11.149169] lxs_ts 2-0028: __lxs_hal_enable_work_func: lcd 1(1, 1, 1), c 0x0(0)
[   11.149174] lxs_ts 2-0028: lxs_ts_watchdog_run: on (10000 ms)
[   11.154670] servicemanager: Caller(pid=2233,uid=1001,sid=u:r:rild:s0) Found vendor.qti.hardware.radio.qtiradio.IQtiRadioStable/slot1 in device VINTF manifest.
[   11.155559] servicemanager: Caller(pid=2233,uid=1001,sid=u:r:rild:s0) Found vendor.qti.hardware.radio.ims.IImsRadio/imsradio0 in device VINTF manifest.
[   11.156731] servicemanager: Caller(pid=1852,uid=1041,sid=u:r:audioserver:s0) Since 'activity' could not be found trying to start it as a lazy AIDL service. (if it's not configured to be a lazy service, it may be stuck starting or still starting).
[   11.161624] cs35l45 4-0031: Preload DSP before boot
[   11.163114] [drm:dsi_display_set_mode [msm_drm]] [msm-dsi-info]: mdp_transfer_time=7680, hactive=1096, vactive=2560, fps=120, clk_rate=1191321360
[   11.164828] lxs_ts 2-0028: After: Unblank
[   11.164834] lxs_ts 2-0028: start@11.135032443
[   11.164836] lxs_ts 2-0028: lxs_ts_resume: start
[   11.164838] lxs_ts 2-0028: lxs_hal_touch_mode: state 0(0), lcd 1(1, 1, 1), c 0x0(0)
[   11.164841] lxs_ts 2-0028: lxs_ts_resume: end
[   11.164843] lxs_ts 2-0028: end@11.135041349
[   11.165368] init: Control message: Could not find 'aidl/activity' for ctl.interface_start from pid: 1000 (/system/bin/servicemanager)
[   11.166972] cs35l45 4-0031: Direct firmware load for R-cs35l45-dsp1-spk-prot.wmfw failed with error -2
[   11.166977] cs35l45 4-0031: Falling back to sysfs fallback for: R-cs35l45-dsp1-spk-prot.wmfw
[   11.170075] ueventd: firmware: loading 'R-cs35l45-dsp1-spk-prot.wmfw' for '/devices/platform/soc/8c0000.qcom,qupv3_2_geni_se/88c000.i2c/i2c-4/4-0031/firmware/R-cs35l45-dsp1-spk-prot.wmfw'
[   11.172266] ueventd: found /vendor/firmware/R-cs35l45-dsp1-spk-prot.wmfw for /devices/platform/soc/8c0000.qcom,qupv3_2_geni_se/88c000.i2c/i2c-4/4-0031/firmware/R-cs35l45-dsp1-spk-prot.wmfw
[   11.174576] ueventd: loading /devices/platform/soc/8c0000.qcom,qupv3_2_geni_se/88c000.i2c/i2c-4/4-0031/firmware/R-cs35l45-dsp1-spk-prot.wmfw took 4ms
[   11.174609] cs35l45 4-0031: DSP1: Firmware version: 3
[   11.174615] cs35l45 4-0031: DSP1: R-cs35l45-dsp1-spk-prot.wmfw: Fri 24 Jun 2022 13:57:44 W. Europe Daylight Time
[   11.227834] rmt_storage:INFO:rmt_storage_open_cb: Processing: Open Request (req_h 0x1) for /boot/modem_fs1!
[   11.228447] rmt_storage:INFO:rmt_storage_open_cb: Processing: Open Request (req_h 0x2) for /boot/modem_fs2!
[   11.229670] rmt_storage:INFO:rmt_storage_alloc_buff_cb: Received req_size: 2621440! avail: 2621440
[   11.230021] rmt_storage:INFO:rmt_storage_rw_iovec_cb: Read iovec request (req_h 0x4 wr_count 0) received for /boot/modem_fs1
[   11.230139] rmt_storage:INFO:rmt_storage_client_thread: Calling Read [offset=512, size=512, req_h 0x4, wr_count 0] for /boot/modem_fs1!
[   11.230322] rmt_storage:INFO:rmt_storage_client_thread: Done Read (bytes = 512, req_h 0x4, wr_count 0) for /boot/modem_fs1!
[   11.230502] rmt_storage:INFO:rmt_storage_rw_iovec_cb: Read iovec request (req_h 0x5 wr_count 0) received for /boot/modem_fs2
[   11.230718] rmt_storage:INFO:rmt_storage_client_thread: Calling Read [offset=512, size=512, req_h 0x5, wr_count 0] for /boot/modem_fs2!
[   11.336253] coresight-remote-etm soc:modem2_etm0: Connection established between QMI handle and 11 service
[   11.336351] coresight-remote-etm soc:modem_etm0: Connection established between QMI handle and 2 service
[   11.355397] memshare soc:qcom,memshare: memshare_query: client_id : 1, query_resp.size :5242880, query_resp.resp.result :0
[   11.355505] memshare soc:qcom,memshare: memshare_alloc: memory alloc request received for client id: 1, proc_id: 0, request size: 5242880
[   11.355512] memshare soc:qcom,memshare: memshare_alloc: found client with client_id: 1, index: 2
[   11.360969] memshare soc:qcom,memshare: memshare_alloc: client_id: 1, alloc_resp.num_bytes: 5242880, alloc_resp.resp.result: 0
[   11.406450] Sending QMI_IPA_INIT_MODEM_DRIVER_REQ_V01
[   11.406765] ipa-wan ipa3_handle_indication_req:147 not send indication
[   11.411350] CAM_INFO: CAM-SMMU: cam_smmu_need_force_alloc_cached: 453 force_cache_allocs=1
[   11.411367] CAM_INFO: CAM-MEM: cam_mem_mgr_get_dma_heaps: 662 Heaps : system=0000000000000000, system_uncached=0000000000000000, camera=0000000000000000, camera-uncached=0000000000000000, secure_display=0000000000000000, ubwc_p_heap=0000000000000000
[   11.414796] CAM_INFO: CAM-ICP: cam_icp_v2_download_fw: 790 Loading Secure PIL : Y
[   11.417610] ueventd: firmware: loading 'CAMERA_ICP.mbn' for '/devices/platform/soc/ac01000.qcom,icp/firmware/CAMERA_ICP.mbn'
[   11.417910] ueventd: found /vendor/firmware/CAMERA_ICP.mbn for /devices/platform/soc/ac01000.qcom,icp/firmware/CAMERA_ICP.mbn
[   11.419906] ueventd: loading /devices/platform/soc/ac01000.qcom,icp/firmware/CAMERA_ICP.mbn took 2ms
[   11.421271] ipa ipa3_uc_wdi_event_log_info_handler:371 WDI protocol missing 0x1
[   11.421284] ipa ipa3_uc_ntn_event_log_info_handler:19 NTN protocol missing 0x1
[   11.421313] ipa ipa_pc_qmp_enable:12130 mailbox channel request failed, ret=-2
[   11.421368] ipa ipa3_uc_send_cmd_64b_param:1086 uC cmd(17): Received status 4, Expected status 0
[   11.421374] ipa ipa3_deferred_holb_work:387 Failed to enable HOLB monitoring -14
[   11.429216] QMI_IPA_INIT_MODEM_DRIVER_REQ_V01 response received
[   11.448335] CAM_INFO: CAM-ICP: cam_icp_mgr_process_dbg_buf: 2918 FW_DBG:CICP_FW_E : HFI  :QC_IMAGE_VERSION_STRING=CICP.FW.1.0-00137-DOUBLE_EXC_UPDATE_0718,OEM_IMAGE_VERSION_STRING=QCAM-SYS-SW9,BUILD_TIME: Jul 18 2023 02:40:16,CACHE_ENABLED at icphostinterface.c:814
[   11.448341] CAM_INFO: CAM-ICP: cam_icp_mgr_hw_open: 4600 FW download done successfully
[   11.448345] CAM_INFO: CAM-ICP: cam_icp_mgr_process_dbg_buf: 2918 FW_DBG:CICP_FW_E : HFI  :ELF variant: CACHE-ENABLED:T480:API_V2:USE_CDM_1_1:T780:TCM_ENABLED: , API version: 0x20000d3 at icphostinterface.c:815 QC_IMAGE_VERSION_STRING=CICP.FW.1.0-00137-DOUBLE_EXC_UPDATE_0718 OEM_IMAGE_VERSION_STRING=QCAM-SYS-SW9
[   11.448347] CAM_INFO: CAM-ICP: cam_icp_mgr_process_dbg_buf: 2918 FW_DBG:CICP_FW_E : HWDRV_:DMI_STATUS polling timed out at hardwaredriver_ipebps.c:450 QC_IMAGE_VERSION_STRING=CICP.FW.1.0-00137-DOUBLE_EXC_UPDATE_0718 OEM_IMAGE_VERSION_STRING=QCAM-SYS-SW9
[   11.462250] cnss: COEX server arrive: node 0 port 58
[   11.462261] cnss: COEX Server Connected: 0x2e0200f
[   11.507119] cs35l45 4-0031: DSP1: Firmware: 4fa00 vendor: 0x2 v0.61.0, 5 algorithms
[   11.508794] cs35l45 4-0031: DSP1: 0: ID cd v129.78.0 XM@202 YM@27
[   11.508805] cs35l45 4-0031: DSP1: 1: ID f206 v1.0.0 XM@f2 YM@0
[   11.508809] cs35l45 4-0031: DSP1: 2: ID f20b v0.1.0 XM@3c2 YM@0
[   11.508813] cs35l45 4-0031: DSP1: 3: ID f204 v0.0.1 XM@414 YM@0
[   11.508816] cs35l45 4-0031: DSP1: 4: ID f205 v0.2.0 XM@442 YM@0
[   11.508844] cs35l45 4-0031: Direct firmware load for R-cs35l45-dsp1-spk-prot.bin failed with error -2
[   11.508846] cs35l45 4-0031: Falling back to sysfs fallback for: R-cs35l45-dsp1-spk-prot.bin
[   11.510401] ueventd: firmware: loading 'R-cs35l45-dsp1-spk-prot.bin' for '/devices/platform/soc/8c0000.qcom,qupv3_2_geni_se/88c000.i2c/i2c-4/4-0031/firmware/R-cs35l45-dsp1-spk-prot.bin'
[   11.510578] ueventd: found /vendor/firmware/R-cs35l45-dsp1-spk-prot.bin for /devices/platform/soc/8c0000.qcom,qupv3_2_geni_se/88c000.i2c/i2c-4/4-0031/firmware/R-cs35l45-dsp1-spk-prot.bin
[   11.511160] ueventd: loading /devices/platform/soc/8c0000.qcom,qupv3_2_geni_se/88c000.i2c/i2c-4/4-0031/firmware/R-cs35l45-dsp1-spk-prot.bin took 0ms
[   11.522039] gsi soc:qcom,msm_gsi: gsi_stop_channel:3615 chan=14 busy try again
[   11.657255] cs35l45 4-0031: DSP1: Failed to parse legacy: -19
[   11.728629] init: Untracked pid 3102 received signal 1
[   11.728642] init: Untracked pid 3102 did not have an associated service entry and will not be reaped
[   12.110502] init: Control message: Could not find 'aidl/sensor_privacy' for ctl.interface_start from pid: 1000 (/system/bin/servicemanager)
[   12.119801] init: service 'idmap2d' requested start, but it is already running (flags: 4)
[   12.119815] init: Control message: Processed ctl.start for 'idmap2d' from pid: 1930 (system_server)
[   12.173941] SELinux:  Context u:object_r:lsposed_file:s0 is not valid (left unmapped).
[   12.175888] adsp_sleepmon: Audio: num_sessions=1,num_lpi_sessions=0,timer_pending=0
[   12.325489] adsp_sleepmon: Audio: num_sessions=0,num_lpi_sessions=0,timer_pending=1
[   12.354745] cnss: IMS server arrive: node 0 port 105
[   12.354756] cnss: IMS Server Connected: 0x2e0600f
[   12.354758] cnss: Sending ASYNC ims subscribe for indication
[   12.359499] USB cable not connected
[   12.362236] init: Control message: Could not find 'android.frameworks.sensorservice@1.0::ISensorManager/default' for ctl.interface_start from pid: 1001 (/system/system_ext/bin/hwservicemanager)
[   12.365319] kalama-asoc-snd soc:spf_core_platform:sound: check_userspace_service_state: pcm_id 25 state 0
[   12.372864] ip_local_port_range: prefer different parity for start/end values.
[   12.388754] cnss: QMI DMS service connected, state: 0x2f0600f
[   12.469769] cnss: Received IMS subscribe indication response
[   12.530023] DATARMNET6e31e62d2e(): Initializing on device rmnet_data0
[   12.530041] rmnet_shs initializing rmnet_data0
[   12.530052] rmnet_shs init with 0
[   12.530982] DATARMNET7dec24813e(): Initializing on device rmnet_data0
[   12.561400] ipa ipa3_setup_apps_low_lat_prod_pipe:349 Configuring low lat prod with rmnet config
[   12.562688] ipa ipa3_setup_apps_low_lat_data_prod_pipe:510 Configuring low lat data prod with rmnet config
[   12.562700] ipa ipa3_setup_apps_low_lat_data_prod_pipe:538 Not enabling deaggr on low_lat_prod
[   12.571306] ipa ipa3_set_aggr_limit:5610 set rx_buff_sz config from netmngr 32768
[   12.575821] ipa ipa3_set_aggr_limit:5610 set rx_buff_sz config from netmngr 32768
[   12.577318] rmnet_ctl driver probed
[   12.579204] ipa ipa3_set_aggr_limit:5610 set rx_buff_sz config from netmngr 8192
[   12.617376] ipa-wan ipa3_wwan_ioctl:2910 dev(rmnet_data0) register to IPA
[   12.791061] DFC QMAP init
[   12.791608] Connection established with the WDA Service, DL Marker enabled
[   12.873956] rmnet_shs:  mask: 0x7d maplen: 6
[   13.013924] kalama-asoc-snd soc:spf_core_platform:sound: check_userspace_service_state: pcm_id 7 state 0
[   13.029221] read descriptors
[   13.029233] read strings
[   13.029274] read descriptors
[   13.029279] read strings
[   13.053404] msm_cvp:  pwr: cvp (eva) power collapsed
[   13.129857] [EGISFP] egisfp_ioctl : cmd = 0x5 
[   13.129865] [EGISFP] egisfp_ioctl : FP_POWER_ONOFF 
[   13.129868] [EGISFP] do_egisfp_power_onoff : power_onoff = 2 
[   13.129873] [EGISFP] egisfp_vreg_setup : original voltage = 3400000 
[   13.129875] [EGISFP] egisfp_vreg_setup : enable_3_8V 
[   13.130116] [EGISFP] egisfp_vreg_setup : modified voltage = 3800000, ret = 0 
[   13.130119] [EGISFP] egisfp_vreg_setup : regulator enable, ret = 0 
[   13.137882] [EGISFP] do_egisfp_power_onoff : power_pin value = 1 
[   13.137890] [EGISFP] egisfp_ioctl done 
[   13.139036] [EGISFP] egisfp_ioctl : cmd = 0x4 
[   13.139043] [EGISFP] egisfp_ioctl : FP_SENSOR_RESET 
[   13.152314] [EGISFP] do_egisfp_reset : reset_pin = 1 
[   13.152322] [EGISFP] egisfp_ioctl done 
[   13.289843] apexd: getSessions() received by ApexService
[   13.574516] gsi soc:qcom,msm_gsi: gsi_stop_channel:3615 chan=1 busy try again
[   13.576056] gsi soc:qcom,msm_gsi: gsi_stop_channel:3615 chan=14 busy try again
[   13.785371] [EGISFP] egisfp_ioctl : cmd = 0x7 
[   13.785380] [EGISFP] egisfp_ioctl : FP_RESET_SET 
[   13.785381] [EGISFP] do_egisfp_reset_set : reset_high_low = 0 
[   13.785400] [EGISFP] do_egisfp_reset_set : reset_pin value = 0 
[   13.785401] [EGISFP] egisfp_ioctl done 
[   13.785412] [EGISFP] egisfp_ioctl : cmd = 0x5 
[   13.785413] [EGISFP] egisfp_ioctl : FP_POWER_ONOFF 
[   13.785414] [EGISFP] do_egisfp_power_onoff : power_onoff = 0 
[   13.785601] [EGISFP] egisfp_vreg_setup : regulator disable, ret = 0 
[   13.837929] [EGISFP] do_egisfp_power_onoff : power_pin value = 0 
[   13.837939] [EGISFP] egisfp_ioctl done 
[   14.090097] audit: audit_lost=31 audit_rate_limit=20 audit_backlog_limit=128
[   14.090105] audit: rate limit exceeded
[   14.353533] bt_ioctl: BT_CMD_PWR_CTRL pwr_cntrl: 0
[   14.354122] bt_ioctl: BT chip state is already: 0 no change
[   14.354173] bt_ioctl: BT_CMD_PWR_CTRL pwr_cntrl: 1
[   14.354412] BTON:Turn Bt OFF asserting BT_EN to low
[   14.354416] bt-reset-gpio(382) value(0)
[   14.409877] BTON:Turn Bt OFF post asserting BT_EN to low
[   14.409892] bt-reset-gpio(382) value(0)
[   14.409896] BTON:Turn Bt OFF bt-sw-ctrl-gpio(383) value(1)
[   14.409899] BTON:Turn Bt ON wl-reset-gpio(381) value(1)
[   14.409901] BTON: WLAN ON Asserting BT_EN to high
[   14.434249] gsi soc:qcom,msm_gsi: gsi_stop_channel:3615 chan=1 busy try again
[   14.436463] gsi soc:qcom,msm_gsi: gsi_stop_channel:3615 chan=14 busy try again
[   14.465862] BTON:Turn Bt On bt-reset-gpio(382) value(1)
[   14.465871] BTON: Turn BT ON bt-sw-ctrl-gpio(383) value(1)
[   14.465873] bt_configure_gpios: bt_gpio= 382 on: 1
[   14.494262] bt_ioctl: unified Current SOC Version : 40170200
[   15.251993] qcedev_ioctl: info: vaddr = ffa00000
, fd = 17
[   15.260996] qcedev_ioctl: info: vaddr = ff600000
, fd = 19
[   15.264548] qcedev_ioctl: info: vaddr = ff200000
, fd = 21
[   15.357198] [EGISFP] egisfp_ioctl : cmd = 0x5 
[   15.357206] [EGISFP] egisfp_ioctl : FP_POWER_ONOFF 
[   15.357209] [EGISFP] do_egisfp_power_onoff : power_onoff = 2 
[   15.357215] [EGISFP] egisfp_vreg_setup : original voltage = 3400000 
[   15.357218] [EGISFP] egisfp_vreg_setup : enable_3_8V 
[   15.357393] [EGISFP] egisfp_vreg_setup : modified voltage = 3800000, ret = 0 
[   15.357397] [EGISFP] egisfp_vreg_setup : regulator enable, ret = 0 
[   15.361886] [EGISFP] do_egisfp_power_onoff : power_pin value = 1 
[   15.361896] [EGISFP] egisfp_ioctl done 
[   15.363147] [EGISFP] egisfp_ioctl : cmd = 0x4 
[   15.363154] [EGISFP] egisfp_ioctl : FP_SENSOR_RESET 
[   15.376272] [EGISFP] do_egisfp_reset : reset_pin = 1 
[   15.376280] [EGISFP] egisfp_ioctl done 
[   15.481860] smcinvoke: process_tzcb_req: CBobj timed out cb-tzhandle:-2147483626, retry:0, op:0 counts :16416
[   15.481898] smcinvoke: process_tzcb_req: CBobj -2147483626 timedout pid 979,tid 979, srvr state=0, srvr id:22
[   15.485250] [EGISFP] egisfp_ioctl : cmd = 0xA5 
[   15.485260] [EGISFP] egisfp_interrupt_free 
[   15.485261] [EGISFP] egisfp_ioctl : INT_TRIGGER_CLOSE 0  
[   15.485263] [EGISFP] egisfp_ioctl done 
[   15.485269] [EGISFP] egisfp_ioctl : cmd = 0xA4 
[   15.485271] [EGISFP] egisfp_interrupt_init :  mode = 3 period = 0 threshold = 0 
[   15.485272] [EGISFP] egisfp_interrupt_init :  request_irq_done = 0 gpio_irq = 0  pin = 341 
[   15.485326] [EGISFP] egisfp_interrupt_init : fp_irq number 403 
[   15.485328] [EGISFP] egisfp_interrupt_init : current flag : 0 disable: 0 enable: 1 
[   15.485329] [EGISFP] egisfp_interrupt_init : LEVEL_TRIGGER_HIGH 
[   15.485383] [EGISFP] egisfp_interrupt_init : request_irq return 0 
[   15.485385] [EGISFP] egisfp_interrupt_init : current flag : 1 disable: 0 enable: 1 
[   15.485386] [EGISFP] egisfp_interrupt_init : enable irq with mode = 3 
[   15.485387] [EGISFP] egisfp_interrupt_enable : enable 
[   15.485389] [EGISFP] egisfp_ioctl : INT_TRIGGER_INIT 0 
[   15.485390] [EGISFP] egisfp_ioctl done 
[   15.713957] cnss: Received QMI WLFW pin connect result indication
[   15.713969] cnss: Pin connect Result: pwr_pin: 0x0 phy_io_pin: 0x0 rf_io_pin: 0x2b
[   15.716089] cnss: Received Cal done indication. File size: 8442616
[   15.716101] cnss: Calibration took 7700 ms
[   15.716104] cnss: Posting event: COLD_BOOT_CAL_DONE(6), state: 0x2f0600f flags: 0x0
[   15.716107] cnss: PM stay awake, state: 0x2f0600f, count: 1
[   15.716121] cnss: PM relax, state: 0x2f0600f, count: 0
[   15.716139] cnss: PM stay awake, state: 0x2f0600f, count: 1
[   15.716146] cnss: Processing driver event: COLD_BOOT_CAL_DONE(6), state: 0x2f0600f
[   15.716149] cnss: Calibration completed successfully
[   15.716152] cnss: Sending mode message, mode: OFF(4), state: 0x2f0600f
[   15.766751] cnss: Sending coex antenna switch_to_mdm
[   15.766920] cnss: WLFW server exiting
[   15.766926] cnss: Posting event: SERVER_EXIT(1), state: 0x2f8600f flags: 0x0
[   15.766994] cnss: Skip driver remove
[   15.767593] cnss: Enable ADSP power collapse
[   15.767598] cnss: Setting MHI state: POWER_OFF(4)
[   15.817900] cnss: Suspending PCI link
[   15.827830] msm_pcie_disable: PCIe: Assert the reset of endpoint of RC0.
[   15.828361] cnss: Setting MHI state: DEINIT(1)
[   15.828410] cnss: WLAN_EN Value: 0
[   15.828414] cnss: De-assert WLAN_EN GPIO successfully
[   15.828417] cnss: Regulator vdd-wlan-rfa2 is being disabled
[   15.828424] cnss: Regulator vdd-wlan-rfa1 is being disabled
[   15.828429] cnss: Regulator vdd-wlan-dig is being disabled
[   15.828435] cnss: Regulator vdd-wlan-aon is being disabled
[   15.828459] cnss: Regulator vdd-wlan is being disabled
[   15.828473] cnss: Regulator vdd-wlan-io is being disabled
[   15.851397] bt_ioctl: BT_CMD_PWR_CTRL pwr_cntrl: 2
[   15.926107] AidlLazyServiceRegistrar: Process has 0 (of 1 available) client(s) in use after notification apexservice has clients: 0
[   15.926118] AidlLazyServiceRegistrar: Shutdown prevented by forcePersist override flag.
[   15.933861] cnss: CAL DB file not required as per BDF
[   15.933873] cnss: Schedule WLAN driver load
[   15.933880] cnss: Processing driver event: SERVER_EXIT(1), state: 0x2fa6001
[   15.933884] cnss: QMI WLFW service disconnected, state: 0x2fa6000
[   15.933907] cnss: Posting event: REGISTER_DRIVER(7)-sync, state: 0x2fa6000 flags: 0x5
[   15.934002] cnss: Processing driver event: REGISTER_DRIVER-sync(7), state: 0x2f26000
[   15.934015] cnss: FW name added with prefix: kiwi/amss20.bin
[   15.934018] cnss: FW name added with prefix: kiwi/amss20.bin
[   15.934046] cnss: FW name is kiwi/amss20.bin, FW fallback name is kiwi/amss20.bin
[   15.934049] cnss: New driver mode is 0
[   15.934052] cnss: Regulator vdd-wlan-io is being enabled
[   15.934379] cnss: Regulator vdd-wlan is being enabled
[   15.934544] cnss: Regulator vdd-wlan-aon is being enabled
[   15.934625] cnss: Regulator vdd-wlan-dig is being enabled
[   15.934656] cnss: Regulator vdd-wlan-rfa1 is being enabled
[   15.934720] cnss: Regulator vdd-wlan-rfa2 is being enabled
[   15.935796] cnss: WLAN_EN Value: 1
[   15.935803] cnss: Assert WLAN_EN GPIO successfully
[   15.935808] cnss: Resuming PCI link
[   15.935838] msm_pcie_enable: PCIe: Assert the reset of endpoint of RC0.
[   15.939497] msm_pcie_enable: PCIe: RC0: PCIE20_PARF_INT_ALL_MASK: 0x7f80d202
[   15.941856] pcie_phy_init: PCIe RC0 PHY is ready!
[   15.951916] msm_pcie_enable: PCIe: Release the reset of endpoint of RC0.
[   15.968514] msm_pcie_link_train: PCIe RC0 link initialized
[   15.985950] cnss_pci 0000:01:00.0: enabling device (0000 -> 0002)
[   15.986758] cnss: Setting MHI state: INIT(0)
[   15.986873] cnss: Setting MHI state: POWER_ON(2)
[   15.987692] cnss_pci 0000:01:00.0: Direct firmware load for kiwi/amss20.bin failed with error -2
[   15.987699] cnss_pci 0000:01:00.0: Falling back to sysfs fallback for: kiwi/amss20.bin
[   15.993653] ueventd: firmware: loading 'kiwi/amss20.bin' for '/devices/platform/soc/1c00000.qcom,pcie/pci0000:00/0000:00:00.0/0000:01:00.0/firmware/kiwi!amss20.bin'
[   16.130045] gsi soc:qcom,msm_gsi: gsi_stop_channel:3615 chan=1 busy try again
[   16.132171] gsi soc:qcom,msm_gsi: gsi_stop_channel:3615 chan=14 busy try again
[   16.484653] cnss: MHI status cb is called with reason MISSION_MODE(5)
[   16.484672] cnss: Disable ADSP power collapse
[   16.484706] cnss: Completed event: REGISTER_DRIVER(7), state: 0x6f26010, ret: 0/0
[   16.484714] cnss: PM relax, state: 0x6f26010, count: 0
[   16.488425] cnss: Setting link speed:0x2, width:0x1
[   16.619280] qrtr: announce_servers(): Avoiding duplicate announce for NODE ID 7
[   16.619541] cnss: WLFW server arriving: node 7 port 1
[   16.619549] cnss: Posting event: SERVER_ARRIVE(0), state: 0x6f26010 flags: 0x0
[   16.619555] cnss: PM stay awake, state: 0x6f26010, count: 1
[   16.619569] cnss: PM relax, state: 0x6f26010, count: 0
[   16.619576] cnss: PM stay awake, state: 0x6f26010, count: 1
[   16.619581] cnss: Processing driver event: SERVER_ARRIVE(0), state: 0x6f26010
[   16.619585] cnss: QMI WLFW service connected, state: 0x6f26011
[   16.619588] cnss: Sending indication register message, state: 0x6f26011
[   16.624764] cnss: Sending host capability message, state: 0x6f26011
[   16.624769] cnss: Number of clients is 1
[   16.624773] cnss: Assign MSI to user: WAKE, num_vectors: 1, user_base_data: 13, base_vector: 13
[   16.624776] cnss: WAKE MSI base data is 13
[   16.624777] cnss: Calibration done is 1
[   16.624779] cnss: Sending iova starting 0xa0000000 with size 0x10010000
[   16.624781] cnss: Sending feature list 0x6
[   16.626894] cnss: Received QMI WLFW request memory indication
[   16.626898] cnss: PM relax, state: 0x6f26011, count: 0
[   16.626899] cnss: FW requests for memory, size: 0x6f0000, type: 1
[   16.626902] cnss: FW requests for memory, size: 0x810000, type: 4
[   16.626904] cnss: Posting event: REQUEST_MEM(2), state: 0x6f26011 flags: 0x0
[   16.626907] cnss: PM stay awake, state: 0x6f26011, count: 1
[   16.626913] cnss: PM relax, state: 0x6f26011, count: 0
[   16.626918] cnss: PM stay awake, state: 0x6f26011, count: 1
[   16.626921] cnss: Processing driver event: REQUEST_MEM(2), state: 0x6f26011
[   16.626924] cnss: Sending respond memory message, state: 0x6f26011
[   16.626926] cnss: Memory for FW, va: 0x0000000000000000, pa: 0x00000000a1800000, size: 0x6f0000, type: 1
[   16.626930] cnss: Memory for FW, va: 0x0000000000000000, pa: 0x00000000a2000000, size: 0x810000, type: 4
[   16.632359] cnss: PM relax, state: 0x6f26011, count: 0
[   16.633830] cnss: Received QMI WLFW FW memory ready indication
[   16.633836] cnss: Posting event: FW_MEM_READY(3), state: 0x6f26011 flags: 0x0
[   16.633839] cnss: PM stay awake, state: 0x6f26011, count: 1
[   16.633849] cnss: PM relax, state: 0x6f26011, count: 0
[   16.633849] cnss: PM stay awake, state: 0x6f26011, count: 1
[   16.633855] cnss: Processing driver event: FW_MEM_READY(3), state: 0x6f26011
[   16.633858] cnss: Sending target capability message, state: 0x6f26013
[   16.636257] cnss: Device frequency is 19200000 HZ
[   16.636264] cnss: Target capability: chip_id: 0x2, chip_family: 0x4, board_id: 0x31, soc_id: 0x40170200, otp_version: 0x0
[   16.636267] cnss: fw_version: 0x110c8586, fw_build_timestamp: 2025-08-25 13:49, fw_build_id: QC_IMAGE_VERSION_STRING=WLAN.HMT.1.1-01414.6-QCAHMTSWPL_V1.0_V2.0_SILICONZ-1.121323.2.124673.3, hwid_bitmap:0x0
[   16.636270] cnss: Hang event params, Length: 0x180, Offset Address: 0x1ec000
[   16.636272] cnss: Sending BDF download message, state: 0x6f26013, type: 4
[   16.636276] cnss: FW name added with prefix: kiwi/regdb.bin
[   16.639269] ueventd: firmware: loading 'kiwi/regdb.bin' for '/devices/platform/soc/b0000000.qcom,cnss-qca-converged/firmware/kiwi!regdb.bin'
[   16.639376] ueventd: found /vendor/firmware/kiwi/regdb.bin for /devices/platform/soc/b0000000.qcom,cnss-qca-converged/firmware/kiwi!regdb.bin
[   16.639447] ueventd: loading /devices/platform/soc/b0000000.qcom,cnss-qca-converged/firmware/kiwi!regdb.bin took 0ms
[   16.639498] cnss: Downloading BDF: kiwi/regdb.bin, size: 24278
[   16.652098] cnss: INI File 1 download
[   16.655209] ueventd: firmware: loading 'wlan-connection-roaming.ini' for '/devices/platform/soc/b0000000.qcom,cnss-qca-converged/firmware/wlan-connection-roaming.ini'
[   16.655591] ueventd: firmware: could not find firmware for wlan-connection-roaming.ini
[   16.655604] ueventd: firmware: attempted /etc/firmware/wlan-connection-roaming.ini, open failed: No such file or directory
[   16.655608] ueventd: firmware: attempted /odm/firmware/wlan-connection-roaming.ini, open failed: No such file or directory
[   16.655612] ueventd: firmware: attempted /vendor/firmware/wlan-connection-roaming.ini, open failed: No such file or directory
[   16.655616] ueventd: firmware: attempted /firmware/image/wlan-connection-roaming.ini, open failed: No such file or directory
[   16.655620] ueventd: firmware: attempted /vendor/firmware_mnt/image/wlan-connection-roaming.ini, open failed: No such file or directory
[   16.655712] cnss: Failed to get INI file wlan-connection-roaming.ini (-2), Backup file: Supported
[   16.658803] cnss: Failed to get INI file wlan-connection-roaming-backup.ini (-2)
[   16.658812] cnss: Sending BDF download message, state: 0x6f26013, type: 1
[   16.658818] cnss: FW name added with prefix: kiwi/bdwlan.e31
[   16.661524] cnss: Downloading BDF: kiwi/bdwlan.e31, size: 88760
[   16.705958] cnss: Host BDF config: HW_XPA: 1 CalDB: 0
[   16.705969] cnss: Sending M3 information message, state: 0x6f26013
[   16.705971] cnss: M3 memory, va: 0x0000000000000000, pa: 0x00000000a2a00000, size: 0x4926c
[   16.708136] cnss: Sending QDSS config download message, state: 0x6f26013
[   16.708140] cnss: FW name added with prefix: kiwi/qdss_trace_config_v2.cfg
[   16.711433] cnss: Downloading QDSS: kiwi/qdss_trace_config_v2.cfg, size: 4911
[   16.715726] cnss: PM relax, state: 0x6f26013, count: 0
[   16.723141] cnss: Received QMI WLFW FW initialization done indication
[   16.723148] cnss: Posting event: FW_READY(4), state: 0x6f26013 flags: 0x0
[   16.723152] cnss: PM stay awake, state: 0x6f26013, count: 1
[   16.723163] cnss: PM relax, state: 0x6f26013, count: 0
[   16.723167] cnss: PM stay awake, state: 0x6f26013, count: 1
[   16.723174] cnss: Processing driver event: FW_READY(4), state: 0x6f26013
[   16.723176] cnss: Processing FW Init Done..
[   16.723179] cnss: PCIE Gen speed not setup
[   16.723181] cnss: Requesting DMS MAC address
[   16.723450] cnss: QMI_DMS_GET_MAC_ADDRESS_REQ_V01 failed, result: 1, err: 16
[   16.736179] cnss: Sending ini sync request, state: 0x6f26017, fw_log_mode: 1
[   16.739889] [kworke][0x19fa142e][05:14:01.081607] wlan: [10:I:HIF] hif_pci_enable_bus: con_mode = 0x0, WLAN_SOC_device_id = 0x1107
[   16.739899] [kworke][0x19fa14a8][05:14:01.081614] wlan: [10:I:HIF] hif_pci_get_soc_info_pld: hif_pci_get_soc_info_pld: fam num 4 dev ver 23 maj ver 2 min ver 0

[   16.739903] [kworke][0x19fa1532][05:14:01.081621] wlan: [10:I:HIF] hif_pci_enable_bus: hif_enable_pci done
[   16.740005] [kworke][0x19fa1cd7][05:14:01.081723] wlan: [10:I:HIF] hif_get_device_type:  *********** KIWI *************
[   16.740007] [kworke][0x19fa1d0e][05:14:01.081726] wlan: [10:I:HIF] hif_pci_enable_bus: hif_type = 0x1a, target_type = 0x1f
[   16.740010] [kworke][0x19fa1d49][05:14:01.081729] wlan: [10:I:HIF] hif_register_tbl_attach: HIF_TYPE_KIWI
[   16.740013] [kworke][0x19fa1d7f][05:14:01.081732] wlan: [10:I:HIF] hif_target_register_tbl_attach: TARGET_TYPE_KIWI
[   16.740015] [kworke][0x19fa1daa][05:14:01.081734] wlan: [10:I:HIF] hif_pci_enable_bus: Skip tgt_wake up for srng devices
[   16.740039] cnss: Assign MSI to user: CE, num_vectors: 10, user_base_data: 3, base_vector: 3
[   16.740048] [kworke][0x19fa2014][05:14:01.081766] wlan: [10:E:HIF] hif_print_hal_shadow_register_cfg: v3: num_config 36
[   16.740055] [kworke][0x19fa20a2][05:14:01.081774] wlan: [10:E:HIF] hif_print_hal_shadow_register_cfg: i 0, val a3b04c
[   16.740058] [kworke][0x19fa20dc][05:14:01.081777] wlan: [10:E:HIF] hif_print_hal_shadow_register_cfg: i 1, val a3b054
[   16.740061] [kworke][0x19fa2114][05:14:01.081779] wlan: [10:E:HIF] hif_print_hal_shadow_register_cfg: i 2, val a3b05c
[   16.740064] [kworke][0x19fa214b][05:14:01.081782] wlan: [10:E:HIF] hif_print_hal_shadow_register_cfg: i 3, val a3b064
[   16.740067] [kworke][0x19fa2185][05:14:01.081785] wlan: [10:E:HIF] hif_print_hal_shadow_register_cfg: i 4, val a3b06c
[   16.740070] [kworke][0x19fa21bb][05:14:01.081788] wlan: [10:E:HIF] hif_print_hal_shadow_register_cfg: i 5, val a3b074
[   16.740072] [kworke][0x19fa21f1][05:14:01.081791] wlan: [10:E:HIF] hif_print_hal_shadow_register_cfg: i 6, val a3b07c
[   16.740075] [kworke][0x19fa2227][05:14:01.081794] wlan: [10:E:HIF] hif_print_hal_shadow_register_cfg: i 7, val a3b084
[   16.740078] [kworke][0x19fa2260][05:14:01.081797] wlan: [10:E:HIF] hif_print_hal_shadow_register_cfg: i 8, val a3b08c
[   16.740081] [kworke][0x19fa2297][05:14:01.081800] wlan: [10:E:HIF] hif_print_hal_shadow_register_cfg: i 9, val a3b028
[   16.740089] [kworke][0x19fa22cd][05:14:01.081802] wlan: [10:E:HIF] hif_print_hal_shadow_register_cfg: i 10, val a3b020
[   16.740092] [kworke][0x19fa236f][05:14:01.081811] wlan: [10:E:HIF] hif_print_hal_shadow_register_cfg: i 11, val a3b0ac
[   16.740095] [kworke][0x19fa23ab][05:14:01.081814] wlan: [10:E:HIF] hif_print_hal_shadow_register_cfg: i 12, val a46000
[   16.740098] [kworke][0x19fa23e3][05:14:01.081817] wlan: [10:E:HIF] hif_print_hal_shadow_register_cfg: i 13, val a46008
[   16.740101] [kworke][0x19fa2419][05:14:01.081820] wlan: [10:E:HIF] hif_print_hal_shadow_register_cfg: i 14, val a46010
[   16.740104] [kworke][0x19fa244f][05:14:01.081823] wlan: [10:E:HIF] hif_print_hal_shadow_register_cfg: i 15, val a46018
[   16.740107] [kworke][0x19fa2484][05:14:01.081825] wlan: [10:E:HIF] hif_print_hal_shadow_register_cfg: i 16, val a46020
[   16.740110] [kworke][0x19fa24bc][05:14:01.081828] wlan: [10:E:HIF] hif_print_hal_shadow_register_cfg: i 17, val a370b8
[   16.740112] [kworke][0x19fa24f2][05:14:01.081831] wlan: [10:E:HIF] hif_print_hal_shadow_register_cfg: i 18, val a37010
[   16.740115] [kworke][0x19fa2526][05:14:01.081834] wlan: [10:E:HIF] hif_print_hal_shadow_register_cfg: i 19, val a370cc
[   16.740118] [kworke][0x19fa255c][05:14:01.081837] wlan: [10:E:HIF] hif_print_hal_shadow_register_cfg: i 20, val a370d4
[   16.740121] [kworke][0x19fa2595][05:14:01.081839] wlan: [10:E:HIF] hif_print_hal_shadow_register_cfg: i 21, val a370dc
[   16.740124] [kworke][0x19fa25ca][05:14:01.081842] wlan: [10:E:HIF] hif_print_hal_shadow_register_cfg: i 22, val a370e4
[   16.740127] [kworke][0x19fa2601][05:14:01.081845] wlan: [10:E:HIF] hif_print_hal_shadow_register_cfg: i 23, val a370ec
[   16.740129] [kworke][0x19fa2637][05:14:01.081848] wlan: [10:E:HIF] hif_print_hal_shadow_register_cfg: i 24, val a370f4
[   16.740132] [kworke][0x19fa266c][05:14:01.081851] wlan: [10:E:HIF] hif_print_hal_shadow_register_cfg: i 25, val a370fc
[   16.740135] [kworke][0x19fa26a1][05:14:01.081853] wlan: [10:E:HIF] hif_print_hal_shadow_register_cfg: i 26, val a37104
[   16.740138] [kworke][0x19fa26d7][05:14:01.081856] wlan: [10:E:HIF] hif_print_hal_shadow_register_cfg: i 27, val 1b80400
[   16.740141] [kworke][0x19fa270d][05:14:01.081859] wlan: [10:E:HIF] hif_print_hal_shadow_register_cfg: i 28, val 1b83400
[   16.740146] [kworke][0x19fa2743][05:14:01.081862] wlan: [10:E:HIF] hif_print_hal_shadow_register_cfg: i 29, val 1b8340c
[   16.740149] [kworke][0x19fa27a8][05:14:01.081867] wlan: [10:E:HIF] hif_print_hal_shadow_register_cfg: i 30, val 1b85400
[   16.740151] [kworke][0x19fa27de][05:14:01.081870] wlan: [10:E:HIF] hif_print_hal_shadow_register_cfg: i 31, val 1b8540c
[   16.740154] [kworke][0x19fa2813][05:14:01.081873] wlan: [10:E:HIF] hif_print_hal_shadow_register_cfg: i 32, val 1b86400
[   16.740157] [kworke][0x19fa2848][05:14:01.081875] wlan: [10:E:HIF] hif_print_hal_shadow_register_cfg: i 33, val 1b88400
[   16.740160] [kworke][0x19fa287d][05:14:01.081878] wlan: [10:E:HIF] hif_print_hal_shadow_register_cfg: i 34, val 1b8f400
[   16.740162] [kworke][0x19fa28b2][05:14:01.081881] wlan: [10:E:HIF] hif_print_hal_shadow_register_cfg: i 35, val 1b8f40c
[   16.740165] cnss: Mode: 0, config: 0000000000000000, host_version: 5.2.1.45E
[   16.740168] cnss: Sending WLAN config message, state: 0x6f26017
[   16.740170] cnss: Shadow reg v3 len: 36
[   16.744238] cnss: Sending mode message, mode: MISSION(0), state: 0x6f26017
[   16.780769] cnss: Get MSI low addr = 0xa0000040, high addr = 0x0
[   16.780781] [kworke][0x1a060f0b][05:14:01.122499] wlan: [10:I:HAL] hal_srng_update_high_wm_thresholds: ring_id: 64, wm_thresh- <50:0, 50-60:8, 60-70:9, 70-80:11, 80-90:12, 90-100:14
[   16.780844] [kworke][0x1a0613c7][05:14:01.122562] wlan: [10:I:HAL] hal_srng_update_high_wm_thresholds: ring_id: 82, wm_thresh- <50:0, 50-60:256, 60-70:307, 70-80:358, 80-90:409, 90-100:460
[   16.780914] cnss: Received QMI WLFW pin connect result indication
[   16.780920] cnss: Pin connect Result: pwr_pin: 0x1 phy_io_pin: 0x0 rf_io_pin: 0x0
[   16.780935] [kworke][0x1a061a97][05:14:01.122653] wlan: [10:I:HAL] hal_srng_update_high_wm_thresholds: ring_id: 101, wm_thresh- <50:0, 50-60:256, 60-70:307, 70-80:358, 80-90:409, 90-100:460
[   16.781018] [kworke][0x1a0620e3][05:14:01.122737] wlan: [10:I:HAL] hal_srng_update_high_wm_thresholds: ring_id: 83, wm_thresh- <50:0, 50-60:128, 60-70:153, 70-80:179, 80-90:204, 90-100:230
[   16.781112] [kworke][0x1a0627f0][05:14:01.122831] wlan: [10:I:HAL] hal_srng_update_high_wm_thresholds: ring_id: 102, wm_thresh- <50:0, 50-60:128, 60-70:153, 70-80:179, 80-90:204, 90-100:230
[   16.781177] [kworke][0x1a062ccb][05:14:01.122896] wlan: [10:I:HAL] hal_srng_update_high_wm_thresholds: ring_id: 67, wm_thresh- <50:0, 50-60:16, 60-70:19, 70-80:22, 80-90:25, 90-100:28
[   16.781242] [kworke][0x1a063162][05:14:01.122957] wlan: [10:I:HAL] hal_srng_update_high_wm_thresholds: ring_id: 68, wm_thresh- <50:0, 50-60:128, 60-70:153, 70-80:179, 80-90:204, 90-100:230
[   16.781305] [kworke][0x1a063666][05:14:01.123024] wlan: [10:I:HAL] hal_srng_update_high_wm_thresholds: ring_id: 88, wm_thresh- <50:0, 50-60:16, 60-70:19, 70-80:22, 80-90:25, 90-100:28
[   16.781398] [kworke][0x1a063d62][05:14:01.123117] wlan: [10:I:HAL] hal_srng_update_high_wm_thresholds: ring_id: 107, wm_thresh- <50:0, 50-60:16, 60-70:19, 70-80:22, 80-90:25, 90-100:28
[   16.781461] [kworke][0x1a064214][05:14:01.123179] wlan: [10:I:HIF] hif_configure_irq: E
[   16.781463] cnss: Get IRQ number 347 for vector index 13
[   16.781527] cnss: Get IRQ number 337 for vector index 3
[   16.781560] cnss: Get IRQ number 338 for vector index 4
[   16.781590] cnss: Get IRQ number 339 for vector index 5
[   16.781619] cnss: Get IRQ number 340 for vector index 6
[   16.781648] cnss: Get IRQ number 341 for vector index 7
[   16.781677] cnss: Get IRQ number 342 for vector index 8
[   16.781695] cnss: Get IRQ number 343 for vector index 9
[   16.781713] cnss: Get IRQ number 344 for vector index 10
[   16.781730] cnss: Get IRQ number 345 for vector index 11
[   16.781770] wlan_pld:pld_is_ipa_offload_disabled:3344:: Not supported on type 0
[   16.781838] [kworke][0x1a065e59][05:14:01.123556] wlan: [10:E:POLICY_MGR] policy_mgr_init_cfg: max_conc_cxns 4 non-nan
[   16.781847] cnss: Platform cap_flag is 0x4
[   16.781973] [kworke][0x1a066876][05:14:01.123691] wlan: [10:E:QDF] __cds_get_context: Module ID 66 context is Null (via hdd_update_ol_config)
[   16.782444] [kworke][0x1a068bcd][05:14:01.124162] wlan: [10:E:QDF] __cds_get_context: Module ID 66 context is Null (via cds_open)
[   16.783045] [kworke][0x1a06b8d2][05:14:01.124763] wlan: [10:F:WMA] WMA --> wmi_unified_attach - success
[   16.784396] [kworke][0x1a071e26][05:14:01.126114] wlan: [10:E:QDF] htc_wait_target: Target Ready! TX resource : 1 size:2176, MaxMsgsPerHTCBundle = 1
[   16.784402] [kworke][0x1a071ea8][05:14:01.126121] wlan: [10:E:QDF] htc_setup_target_buffer_assignments: SVS Index : 1 TX : 0x100 : alloc:1
[   16.784777] [kworke][0x1a073aca][05:14:01.126496] wlan: [10:I:DP] dp_soc_tx_desc_sw_pools_alloc Tx Desc Alloc num_pool = 6, descs = 8192
[   16.785687] cnss: Assign MSI to user: DP, num_vectors: 18, user_base_data: 14, base_vector: 14
[   16.786610] [kworke][0x1a07c447][05:14:01.128329] wlan: [10:I:HAL] hal_srng_update_high_wm_thresholds: ring_id: 120, wm_thresh- <50:0, 50-60:16384, 60-70:19660, 70-80:22937, 80-90:26214, 90-100:29491
[   16.786957] [kworke][0x1a07de3d][05:14:01.128675] wlan: [10:I:HAL] hal_srng_update_high_wm_thresholds: ring_id: 121, wm_thresh- <50:0, 50-60:512, 60-70:614, 70-80:716, 80-90:819, 90-100:921
[   16.787000] [kworke][0x1a07e17a][05:14:01.128718] wlan: [10:I:HAL] hal_srng_update_high_wm_thresholds: ring_id: 16, wm_thresh- <50:0, 50-60:64, 60-70:76, 70-80:89, 80-90:102, 90-100:115
[   16.787060] [kworke][0x1a07e5f6][05:14:01.128778] wlan: [10:I:HAL] hal_srng_update_high_wm_thresholds: ring_id: 131, wm_thresh- <50:0, 50-60:512, 60-70:614, 70-80:716, 80-90:819, 90-100:921
[   16.787122] [kworke][0x1a07eaa5][05:14:01.128840] wlan: [10:I:HAL] hal_srng_update_high_wm_thresholds: ring_id: 0, wm_thresh- <50:0, 50-60:128, 60-70:153, 70-80:179, 80-90:204, 90-100:230
[   16.787182] [kworke][0x1a07eec4][05:14:01.128895] wlan: [10:I:HAL] hal_srng_update_high_wm_thresholds: ring_id: 20, wm_thresh- <50:0, 50-60:64, 60-70:76, 70-80:89, 80-90:102, 90-100:115
[   16.787234] [kworke][0x1a07f30d][05:14:01.128952] wlan: [10:I:HAL] hal_srng_update_high_wm_thresholds: ring_id: 21, wm_thresh- <50:0, 50-60:128, 60-70:153, 70-80:179, 80-90:204, 90-100:230
[   16.787294] [kworke][0x1a07f78b][05:14:01.129012] wlan: [10:I:HAL] hal_srng_update_high_wm_thresholds: ring_id: 24, wm_thresh- <50:0, 50-60:2560, 60-70:3072, 70-80:3584, 80-90:4096, 90-100:4608
[   16.787357] [kworke][0x1a07fc48][05:14:01.129075] wlan: [10:I:HAL] hal_srng_update_high_wm_thresholds: ring_id: 128, wm_thresh- <50:0, 50-60:4096, 60-70:4915, 70-80:5734, 80-90:6553, 90-100:7372
[   16.787428] [kworke][0x1a08019b][05:14:01.129147] wlan: [10:I:HAL] hal_srng_update_high_wm_thresholds: ring_id: 25, wm_thresh- <50:0, 50-60:2560, 60-70:3072, 70-80:3584, 80-90:4096, 90-100:4608
[   16.787490] [kworke][0x1a080641][05:14:01.129208] wlan: [10:I:HAL] hal_srng_update_high_wm_thresholds: ring_id: 132, wm_thresh- <50:0, 50-60:4096, 60-70:4915, 70-80:5734, 80-90:6553, 90-100:7372
[   16.787572] [kworke][0x1a080c6a][05:14:01.129291] wlan: [10:I:HAL] hal_srng_update_high_wm_thresholds: ring_id: 26, wm_thresh- <50:0, 50-60:2560, 60-70:3072, 70-80:3584, 80-90:4096, 90-100:4608
[   16.787635] [kworke][0x1a081128][05:14:01.129354] wlan: [10:I:HAL] hal_srng_update_high_wm_thresholds: ring_id: 130, wm_thresh- <50:0, 50-60:4096, 60-70:4915, 70-80:5734, 80-90:6553, 90-100:7372
[   16.787720] [kworke][0x1a081786][05:14:01.129439] wlan: [10:I:HAL] hal_srng_update_high_wm_thresholds: ring_id: 1, wm_thresh- <50:0, 50-60:3072, 60-70:3686, 70-80:4300, 80-90:4915, 90-100:5529
[   16.787805] [kworke][0x1a081dd9][05:14:01.129523] wlan: [10:I:HAL] hal_srng_update_high_wm_thresholds: ring_id: 2, wm_thresh- <50:0, 50-60:3072, 60-70:3686, 70-80:4300, 80-90:4915, 90-100:5529
[   16.787888] [kworke][0x1a082413][05:14:01.129606] wlan: [10:I:HAL] hal_srng_update_high_wm_thresholds: ring_id: 3, wm_thresh- <50:0, 50-60:3072, 60-70:3686, 70-80:4300, 80-90:4915, 90-100:5529
[   16.787974] [kworke][0x1a082a4d][05:14:01.129689] wlan: [10:I:HAL] hal_srng_update_high_wm_thresholds: ring_id: 4, wm_thresh- <50:0, 50-60:3072, 60-70:3686, 70-80:4300, 80-90:4915, 90-100:5529
[   16.788052] [kworke][0x1a08305d][05:14:01.129770] wlan: [10:I:HAL] hal_srng_update_high_wm_thresholds: ring_id: 5, wm_thresh- <50:0, 50-60:3072, 60-70:3686, 70-80:4300, 80-90:4915, 90-100:5529
[   16.788117] [kworke][0x1a08354a][05:14:01.129836] wlan: [10:I:HAL] hal_srng_update_high_wm_thresholds: ring_id: 6, wm_thresh- <50:0, 50-60:3072, 60-70:3686, 70-80:4300, 80-90:4915, 90-100:5529
[   16.788183] [kworke][0x1a083a38][05:14:01.129901] wlan: [10:I:HAL] hal_srng_update_high_wm_thresholds: ring_id: 7, wm_thresh- <50:0, 50-60:3072, 60-70:3686, 70-80:4300, 80-90:4915, 90-100:5529
[   16.788249] [kworke][0x1a083f29][05:14:01.129967] wlan: [10:I:HAL] hal_srng_update_high_wm_thresholds: ring_id: 8, wm_thresh- <50:0, 50-60:3072, 60-70:3686, 70-80:4300, 80-90:4915, 90-100:5529
[   16.789523] [kworke][0x1a089ec0][05:14:01.131242] wlan: [10:I:scan] scm_channel_list_db_init: min_freq 5935 max_freq 7115
[   16.789644] [kworke][0x1a08a7d3][05:14:01.131363] wlan: [10:I:HAL] hal_srng_update_high_wm_thresholds: ring_id: 184, wm_thresh- <50:0, 50-60:8192, 60-70:9830, 70-80:11468, 80-90:13107, 90-100:14745
[   16.789662] [kworke][0x1a08a91e][05:14:01.131380] wlan: [10:I:HAL] hal_srng_update_high_wm_thresholds: ring_id: 189, wm_thresh- <50:0, 50-60:512, 60-70:614, 70-80:716, 80-90:819, 90-100:921
[   16.789666] [kworke][0x1a08a97a][05:14:01.131385] wlan: [10:I:DP] Peer pool init
[   16.789777] [kworke][0x1a08b1c4][05:14:01.131495] wlan: [10:I:HAL] hal_srng_update_high_wm_thresholds: ring_id: 185, wm_thresh- <50:0, 50-60:2048, 60-70:2457, 70-80:2867, 80-90:3276, 90-100:3686
[   16.789784] [kworke][0x1a08b244][05:14:01.131502] wlan: [10:I:HAL] hal_srng_update_high_wm_thresholds: ring_id: 198, wm_thresh- <50:0, 50-60:2048, 60-70:2457, 70-80:2867, 80-90:3276, 90-100:3686
[   16.789787] [kworke][0x1a08b288][05:14:01.131505] wlan: [10:E:DP] dp_rx_fst_attach: FST setup params FT size 256, hash_mask 0xff, skid_length 16
[   16.789825] [kworke][0x1a08b55a][05:14:01.131543] wlan: [10:I:HAL] hal_srng_update_high_wm_thresholds: ring_id: 188, wm_thresh- <50:0, 50-60:512, 60-70:614, 70-80:716, 80-90:819, 90-100:921
[   16.789838] [kworke][0x1a08b5b0][05:14:01.131548] wlan: [10:I:HAL] hal_srng_update_high_wm_thresholds: ring_id: 201, wm_thresh- <50:0, 50-60:512, 60-70:614, 70-80:716, 80-90:819, 90-100:921
[   16.791264] [kworke][0x1a092143][05:14:01.132982] wlan: [10:E:DP] dp_rx_buffer_pool_init: RX buffer pool support is disabled
[   16.797312] cnss: Get IRQ number 348 for vector index 14
[   16.797327] [kworke][0x1a0ae7fe][05:14:01.139045] wlan: [10:I:HIF] hif_event_history_init: SRNG events history initialized for group: 0
[   16.797329] cnss: Get IRQ number 349 for vector index 15
[   16.797332] [kworke][0x1a0ae86c][05:14:01.139051] wlan: [10:I:HIF] hif_event_history_init: SRNG events history initialized for group: 1
[   16.797334] cnss: Get IRQ number 350 for vector index 16
[   16.797337] [kworke][0x1a0ae8c9][05:14:01.139056] wlan: [10:I:HIF] hif_event_history_init: SRNG events history initialized for group: 2
[   16.797338] cnss: Get IRQ number 351 for vector index 17
[   16.797343] [kworke][0x1a0ae939][05:14:01.139061] wlan: [10:I:HIF] hif_event_history_init: SRNG events history initialized for group: 3
[   16.797344] cnss: Get IRQ number 352 for vector index 18
[   16.797347] [kworke][0x1a0ae984][05:14:01.139065] wlan: [10:I:HIF] hif_event_history_init: SRNG events history initialized for group: 4
[   16.797348] cnss: Get IRQ number 353 for vector index 19
[   16.797351] [kworke][0x1a0ae9d0][05:14:01.139069] wlan: [10:I:HIF] hif_event_history_init: SRNG events history initialized for group: 5
[   16.797352] cnss: Get IRQ number 354 for vector index 20
[   16.797355] [kworke][0x1a0aea1c][05:14:01.139073] wlan: [10:I:HIF] hif_event_history_init: SRNG events history initialized for group: 6
[   16.797356] cnss: Get IRQ number 355 for vector index 21
[   16.797368] [kworke][0x1a0aea7b][05:14:01.139078] wlan: [10:I:HIF] hif_event_history_init: SRNG events history initialized for group: 7
[   16.797370] cnss: Get IRQ number 356 for vector index 22
[   16.797373] [kworke][0x1a0aeb78][05:14:01.139091] wlan: [10:I:HIF] hif_event_history_init: SRNG events history initialized for group: 8
[   16.797374] cnss: Get IRQ number 357 for vector index 23
[   16.797377] [kworke][0x1a0aebc7][05:14:01.139095] wlan: [10:I:HIF] hif_event_history_init: SRNG events history initialized for group: 9
[   16.797378] cnss: Get IRQ number 358 for vector index 24
[   16.797381] [kworke][0x1a0aec1a][05:14:01.139100] wlan: [10:I:HIF] hif_event_history_init: SRNG events history initialized for group: 10
[   16.797383] cnss: Get IRQ number 359 for vector index 25
[   16.797386] [kworke][0x1a0aec7c][05:14:01.139105] wlan: [10:I:HIF] hif_event_history_init: SRNG events history initialized for group: 11
[   16.797388] cnss: Get IRQ number 360 for vector index 26
[   16.797391] [kworke][0x1a0aecca][05:14:01.139109] wlan: [10:I:HIF] hif_event_history_init: SRNG events history initialized for group: 12
[   16.797392] cnss: Get IRQ number 361 for vector index 27
[   16.797395] [kworke][0x1a0aed1e][05:14:01.139113] wlan: [10:I:HIF] hif_event_history_init: SRNG events history initialized for group: 13
[   16.797396] cnss: Get IRQ number 362 for vector index 28
[   16.797399] [kworke][0x1a0aed6a][05:14:01.139117] wlan: [10:I:HIF] hif_event_history_init: SRNG events history initialized for group: 14
[   16.797400] cnss: Get IRQ number 363 for vector index 29
[   16.797404] [kworke][0x1a0aedca][05:14:01.139122] wlan: [10:I:HIF] hif_event_history_init: SRNG events history initialized for group: 15
[   16.797405] cnss: Get IRQ number 364 for vector index 30
[   16.797408] [kworke][0x1a0aee16][05:14:01.139126] wlan: [10:I:HIF] hif_event_history_init: SRNG events history initialized for group: 16
[   16.797409] cnss: Get IRQ number 365 for vector index 31
[   16.797412] [kworke][0x1a0aee5d][05:14:01.139130] wlan: [10:I:HIF] hif_event_history_init: SRNG events history initialized for group: 17
[   16.799404] [kworke][0x1a0b83ce][05:14:01.141122] wlan: [761:I:WMA] wma_rx_service_ready_event: Firmware build version : 110c8586
[   16.799412] [kworke][0x1a0b8443][05:14:01.141129] wlan: [761:I:WMA] wma_rx_service_ready_event: Board id: 0, Board version: 8 0 0 0 1
[   16.800513] [kworke][0x1a0bd6ff][05:14:01.142232] wlan: [761:E:WMA] wma_update_supported_bands: wrong supported band
[   16.800594] [kworke][0x1a0bdce9][05:14:01.142311] wlan: [761:E:QDF] copy_fw_abi_version_tlv: copy_fw_abi_version_tlv: INIT_CMD version: 1, 0, 0x5f414351, 0x4c4d, 0x0, 0x0
[   16.899601] [kworke][0x1a28de8a][05:14:01.241319] wlan: [761:E:QDF] ready_extract_init_status_tlv: ready_extract_init_status_tlv:0
[   16.899897] [kworke][0x1a28f4c6][05:14:01.241615] wlan: [761:E:REGULATORY] reg_is_fcc_regdmn: Failed to get reg domain
[   16.899904] [kworke][0x1a28f549][05:14:01.241622] wlan: [761:I:dfs] WLAN_DEBUG_DFS_ALWAYS : wlan_dfs_pdev_obj_create_notification: dfs_offload 1
[   16.899906] [kworke][0x1a28f574][05:14:01.241624] wlan: [761:I:dfs] WLAN_DEBUG_DFS_ALWAYS : wlan_dfs_pdev_obj_create_notification: dfs_bangradar_320_support 0
[   16.899911] [kworke][0x1a28f5d9][05:14:01.241630] wlan: [761:I:SPECTRAL] null_get_capability: SPECTRAL : get_capability not registered

[   16.899913] [kworke][0x1a28f5f7][05:14:01.241631] wlan: [761:I:SPECTRAL] target_if_pdev_spectral_init: HAL_CAP_PHYDIAG : Capable
[   16.899914] [kworke][0x1a28f611][05:14:01.241633] wlan: [761:I:SPECTRAL] null_get_capability: SPECTRAL : get_capability not registered

[   16.899915] [kworke][0x1a28f629][05:14:01.241634] wlan: [761:I:SPECTRAL] target_if_pdev_spectral_init: HAL_CAP_RADAR   : Capable
[   16.899916] [kworke][0x1a28f63f][05:14:01.241635] wlan: [761:I:SPECTRAL] null_get_capability: SPECTRAL : get_capability not registered

[   16.899918] [kworke][0x1a28f659][05:14:01.241636] wlan: [761:I:SPECTRAL] target_if_pdev_spectral_init: HAL_CAP_SPECTRAL_SCAN : Capable
[   16.899919] [kworke][0x1a28f67a][05:14:01.241638] wlan: [761:I:SPECTRAL] null_get_tsf64: SPECTRAL : get_tsf64 not registered

[   16.899925] [kworke][0x1a28f6eb][05:14:01.241644] wlan: [761:I:GREEN_AP] wlan_green_ap_pdev_obj_create_notification: Green AP creation successful, green ap ctx: 0000000000000000, pdev: 0000000000000000
[   16.900002] [kworke][0x1a28fcb4][05:14:01.241721] wlan: [761:I:HAL] hal_srng_update_high_wm_thresholds: ring_id: 193, wm_thresh- <50:0, 50-60:24, 60-70:28, 70-80:33, 80-90:38, 90-100:43
[   16.900054] [kworke][0x1a290087][05:14:01.241772] wlan: [761:I:HAL] hal_srng_update_high_wm_thresholds: ring_id: 206, wm_thresh- <50:0, 50-60:24, 60-70:28, 70-80:33, 80-90:38, 90-100:43
[   16.900095] [kworke][0x1a2903a6][05:14:01.241814] wlan: [761:E:CFR] cfr_streamfs_init: Directory create failed
[   16.900098] [kworke][0x1a2903e9][05:14:01.241817] wlan: [761:E:CFR] wlan_cfr_pdev_open: cfr_streamfs_init failed with 16

[   16.900109] [kworke][0x1a2904b4][05:14:01.241828] wlan: [761:I:REGULATORY] reg_set_band: same band 7
[   16.900111] [kworke][0x1a2904dd][05:14:01.241830] wlan: [761:I:HDD] hdd_intersect_igmp_offload_setting: fw cap to handle igmp 1 igmp_offload_enable ini 0
[   16.900158] [kworke][0x1a29085d][05:14:01.241877] wlan: [761:I:GREEN_AP] target_if_green_ap_register_egap_event_handler: Set the Enhance Green AP event handler
[   16.900180] [kworke][0x1a2909e9][05:14:01.241897] wlan: [10:I:WMA] wma_wait_for_ready_event: FW ready event received
[   16.900225] [kworke][0x1a290d5f][05:14:01.241943] wlan: [10:I:HAL] hal_srng_update_high_wm_thresholds: ring_id: 192, wm_thresh- <50:0, 50-60:64, 60-70:76, 70-80:89, 80-90:102, 90-100:115
[   16.900318] [kworke][0x1a29145a][05:14:01.242036] wlan: [10:I:HAL] hal_srng_update_high_wm_thresholds: ring_id: 205, wm_thresh- <50:0, 50-60:64, 60-70:76, 70-80:89, 80-90:102, 90-100:115
[   16.900503] [kworke][0x1a292237][05:14:01.242221] wlan: [10:I:SYS] Creating periodic timer for OLBC UPDATE CACHE TIMEOUT

[   16.900544] [kworke][0x1a292556][05:14:01.242263] wlan: [10:E:DP] dp_rxdma_ring_config: pdev_id 0 max_mac_rings 2
[   16.900548] [kworke][0x1a2925a5][05:14:01.242267] wlan: [10:E:TXRX] dp_rxdma_ring_config: mac_id 0
[   16.900574] [kworke][0x1a29278b][05:14:01.242292] wlan: [10:E:TXRX] dp_rxdma_ring_config: mac_id 1
[   16.900725] [kworke][0x1a2932dd][05:14:01.242443] wlan: [10:I:HAL] hal_reo_set_err_dst_remap_kiwi: HWIO_REO_R0_ERROR_DESTINATION_MAPPING_IX_0 0x0
[   16.900746] [kworke][0x1a293477][05:14:01.242465] wlan: [10:I:HAL] hal_reo_set_err_dst_remap_kiwi: HWIO_REO_R0_ERROR_DESTINATION_MAPPING_IX_1 0x0
[   16.900788] [kworke][0x1a293778][05:14:01.242505] wlan: [10:I:DIRECT_BUF_RX] target_if_direct_buf_rx_register_events: DBR Handler Context 1
[   16.920818] [kworke][0x1a2f15c6][05:14:01.262535] wlan: [10:E:fwol] ucfg_fwol_send_get_thermal_stats_cmd: Command Disabled in Ini gThermalStatsTempOffset 5 or not enabled in FW 0
[   16.920831] [kworke][0x1a2f16d7][05:14:01.262550] wlan: [10:E:OSIF] os_if_fwol_get_thermal_stats_req: Failed to send get thermal stats cmd to FW, 4
[   16.920958] [kworke][0x1a2f2059][05:14:01.262676] wlan: [10:E:WMI] send_action_oui_cmd_tlv: Invalid action id
[   16.920964] [kworke][0x1a2f20cd][05:14:01.262682] wlan: [10:E:WMI] send_action_oui_cmd_tlv: Invalid action id
[   16.921410] cnss_utils: WLAN MAC address is not set, type 0
[   16.923678] [kworke][0x1a2fec5d][05:14:01.265397] wlan: [10:I:HDD] hdd_initialize_mac_address: using MAC address from wlan_mac.bin
[   16.925632] cnss: Host time = 22884670 us, device time = 972820 us, offset = 21911850 us
[   16.925662] cnss: Updated time sync regs [0x98c] = 0x14e592a, [0x990] = 0x0
[   16.925677] cnss: Removing vote for Regulator vdd-wlan-rfa2
[   16.925703] cnss: Removing vote for Regulator vdd-wlan-rfa1
[   16.925720] cnss: Removing vote for Regulator vdd-wlan-dig
[   16.925733] cnss: Removing vote for Regulator vdd-wlan-aon
[   16.925745] cnss: Removing vote for Regulator vdd-wlan
[   16.925759] cnss: Removing vote for Regulator vdd-wlan-io
[   16.925765] cnss: PM relax, state: 0x6f26107, count: 0
[   16.937117] [wifi@1][0x1a33dc43][05:14:01.278835] wlan: [1698:I:HDD] wlan_hdd_state_ctrl_param_write: Wifi Turning On from UI

[   16.937125] [wifi@1][0x1a33dcd6][05:14:01.278843] wlan: [1698:I:HDD] wlan_hdd_state_ctrl_param_write: is_driver_loaded 1 is_driver_recovering 0
[   16.937524] [wifi@1][0x1a33fac6][05:14:01.279242] wlan: [1698:I:DP] 00000000: 80 76 83 1b 8a fa cf 8e 6c 47 78 de ff dd 9f bb
[   16.937528] [wifi@1][0x1a33fb12][05:14:01.279246] wlan: [1698:I:DP] 00000010: 38 cb 45 fa
[   16.937535] [wifi@1][0x1a33fb9d][05:14:01.279253] wlan: [1698:I:DP] 00000000: af 4a 12 8d ed cb 54 2f be 32 9d 9c 95 9f b7 80
[   16.937537] [wifi@1][0x1a33fbc3][05:14:01.279255] wlan: [1698:I:DP] 00000010: ce d6 38 b6 ef 5c 85 23 e6 61 b3 ad fc 60 c0 db
[   16.937538] [wifi@1][0x1a33fbe5][05:14:01.279257] wlan: [1698:I:DP] 00000020: 1e 71 de 19 85 66 68 ca 4f 0e c0 34
[   16.938232] [wifi@1][0x1a342fde][05:14:01.279950] wlan: [1698:E:HDD] hdd_sysfs_bmiss_create: could not create bmiss sysfs file
[   16.938241] [wifi@1][0x1a34308e][05:14:01.279959] wlan: [1698:I:HDD] hdd_sysfs_somcsne_interface_create: Completed to create somcsne sysfs file (wlan0)
[   16.938454] [wifi@1][0x1a34408f][05:14:01.280173] wlan: [1698:E:TWT] wlan_twt_is_setup_done: Peer object not found 00:00:00:00:00:00
[   16.950080] [wifi@1][0x1a37a875][05:14:01.291798] wlan: [1698:E:HDD] hdd_convert_nl80211_to_reg_band_mask: band: 2 not supported
[   16.957002] servicemanager: Caller(pid=1930,uid=1000,sid=u:r:system_server:s0) Found android.hardware.wifi.supplicant.ISupplicant/default in device VINTF manifest.
[   16.957127] servicemanager: Caller(pid=1930,uid=1000,sid=u:r:system_server:s0) Found android.hardware.wifi.supplicant.ISupplicant/default in device VINTF manifest.
[   16.957173] servicemanager: Caller(pid=1930,uid=1000,sid=u:r:system_server:s0) Since 'android.hardware.wifi.supplicant.ISupplicant/default' could not be found trying to start it as a lazy AIDL service. (if it's not configured to be a lazy service, it may be stuck starting or still starting).
[   16.957674] init: starting service 'wpa_supplicant'...
[   16.957903] init: Created socket '/dev/socket/wpa_wlan0', mode 660, user 1010, group 1010
[   16.959088] init: ... started service 'wpa_supplicant' has pid 5094
[   16.959101] init: Control message: Processed ctl.interface_start for 'aidl/android.hardware.wifi.supplicant.ISupplicant/default' from pid: 1000 (/system/bin/servicemanager)
[   16.975533] capability: warning: `wpa_supplicant' uses 32-bit capabilities (legacy support in use)
[   16.976239] servicemanager: Caller(pid=5094,uid=1010,sid=u:r:hal_wifi_supplicant_default:s0) Found android.hardware.wifi.supplicant.ISupplicant/default in device VINTF manifest.
[   16.976587] BpBinder: onLastStrongRef automatically unlinking death recipients: 
[   16.988693] [wifi@1][0x1a42f86a][05:14:01.330411] wlan: [1698:E:HDD] hdd_convert_nl80211_to_reg_band_mask: band: 2 not supported
[   17.002274] [wifi@1][0x1a46f317][05:14:01.343993] wlan: [1698:E:OSIF] wlan_hdd_set_station_stats_request_pending: peer is null
[   17.064850] [kworke][0x1a594843][05:14:01.406569] wlan: [662:I:REGULATORY] reg_set_band: set band bitmap: 3
[   17.064864] [kworke][0x1a59494e][05:14:01.406582] wlan: [662:E:HDD] hdd_reg_set_band: Failed to send RSO update to fw on set band
[   17.142021] gsi soc:qcom,msm_gsi: gsi_stop_channel:3615 chan=1 busy try again
[   17.143824] gsi soc:qcom,msm_gsi: gsi_stop_channel:3615 chan=14 busy try again
[   17.401843] adsp_sleepmon: timer_event = 1,suspend_event = 0
[   17.450074] gsi soc:qcom,msm_gsi: gsi_stop_channel:3615 chan=1 busy try again
[   17.452177] gsi soc:qcom,msm_gsi: gsi_stop_channel:3615 chan=14 busy try again
[   17.699652] cnss: Runtime suspend start
[   17.699774] [kworke][0x1b134b91][05:14:02.041493] wlan: [867:I:PMO] pmo_core_enable_wow_in_fw: drv wow is enabled
[   17.715578] [kworke][0x1b17ecdf][05:14:02.057297] wlan: [867:I:HIF] hif_try_complete_tasks: waiting for tasklets 1 grp tasklets 0 work 0
[   17.729834] cnss: Setting MHI state: SUSPEND(6)
[   17.729843] cnss: Suspending PCI link
[   17.729846] cnss: Use PCIe DRV suspend
[   17.733235] cnss: Runtime suspend status: 0
[   19.193932] (virq:irq_count)- GICv3:IPI(1):93696 GICv3:IPI(6):36995 GICv3:ufshcd(35):31069 GICv3:arch_timer(11):25403 GICv3:IPI(2):19982 GICv3:ipcc_0(37):8348 ipcc:glink-native-adsp(385):6371 ipcc:glink-native-modem(402):2223 GICv3:i2c_geni(280):1894 GICv3:apps_rsc-drv-2(20):1604 
[   19.193946] (cpu:irq_count)- 0:44483 1:6168 2:6131 3:31320 4:31855 5:32482 6:30891 7:52017 
[   19.193950] (ipi:irq_count)- 0:93696 1:19982 2:0 3:0 4:0 5:36995 6:0 
[   19.394028] gsi soc:qcom,msm_gsi: gsi_stop_channel:3615 chan=1 busy try again
[   19.396130] gsi soc:qcom,msm_gsi: gsi_stop_channel:3615 chan=14 busy try again
[   19.421328] USB cable not connected
[   20.244188] SELinux: avc:  denied  { find } for pid=1930 uid=1000 name=vendor.qti.hardware.servicetrackeraidl.IServicetracker/default scontext=u:r:system_server:s0 tcontext=u:object_r:default_android_service:s0 tclass=service_manager permissive=0
[   20.244763] SELinux: avc:  denied  { find } for pid=1930 uid=1000 name=vendor.qti.hardware.servicetrackeraidl.IServicetracker/default scontext=u:r:system_server:s0 tcontext=u:object_r:default_android_service:s0 tclass=service_manager permissive=0
[   20.558295] SELinux: avc:  denied  { find } for pid=1930 uid=1000 name=vendor.qti.hardware.servicetrackeraidl.IServicetracker/default scontext=u:r:system_server:s0 tcontext=u:object_r:default_android_service:s0 tclass=service_manager permissive=0
[   20.559065] SELinux: avc:  denied  { find } for pid=1930 uid=1000 name=vendor.qti.hardware.servicetrackeraidl.IServicetracker/default scontext=u:r:system_server:s0 tcontext=u:object_r:default_android_service:s0 tclass=service_manager permissive=0
[   22.261277] init: Sending signal 9 to service 'idmap2d' (pid 2256) process group...
[   22.262365] libprocessgroup: Removed cgroup /sys/fs/cgroup/uid_1000/pid_2256
[   22.262619] init: Control message: Processed ctl.stop for 'idmap2d' from pid: 1930 (system_server)
[   22.262696] init: Service 'idmap2d' (pid 2256) received signal 9
[   22.262704] init: Sending signal 9 to service 'idmap2d' (pid 2256) process group...
[   22.262727] libprocessgroup: Failed to write 1 to /sys/fs/cgroup/uid_1000/pid_2256/cgroup.kill: No such file or directory
[   22.262739] libprocessgroup: Failed to open /sys/fs/cgroup/uid_1000/pid_2256/cgroup.procs: No such file or directory
[   22.377362] SELinux: avc:  denied  { find } for pid=1930 uid=1000 name=vendor.qti.hardware.servicetrackeraidl.IServicetracker/default scontext=u:r:system_server:s0 tcontext=u:object_r:default_android_service:s0 tclass=service_manager permissive=0
[   22.379978] SELinux: avc:  denied  { find } for pid=1930 uid=1000 name=vendor.qti.hardware.servicetrackeraidl.IServicetracker/default scontext=u:r:system_server:s0 tcontext=u:object_r:default_android_service:s0 tclass=service_manager permissive=0
[   22.384687] SELinux: avc:  denied  { find } for pid=1930 uid=1000 name=vendor.qti.hardware.servicetrackeraidl.IServicetracker/default scontext=u:r:system_server:s0 tcontext=u:object_r:default_android_service:s0 tclass=service_manager permissive=0
[   22.392856] SELinux: avc:  denied  { find } for pid=1930 uid=1000 name=vendor.qti.hardware.servicetrackeraidl.IServicetracker/default scontext=u:r:system_server:s0 tcontext=u:object_r:default_android_service:s0 tclass=service_manager permissive=0
[   22.409844] SELinux: avc:  denied  { find } for pid=1930 uid=1000 name=vendor.qti.hardware.servicetrackeraidl.IServicetracker/default scontext=u:r:system_server:s0 tcontext=u:object_r:default_android_service:s0 tclass=service_manager permissive=0
[   23.010466] SELinux: avc:  denied  { find } for pid=1930 uid=1000 name=vendor.qti.hardware.servicetrackeraidl.IServicetracker/default scontext=u:r:system_server:s0 tcontext=u:object_r:default_android_service:s0 tclass=service_manager permissive=0
[   23.439642] binder: undelivered transaction 53067, process died.
[   23.439932] init: Service 'bootanim' (pid 2867) exited with status 0 oneshot service took 13.655000 seconds in background
[   23.439944] init: Sending signal 9 to service 'bootanim' (pid 2867) process group...
[   23.440081] libprocessgroup: Removed cgroup /sys/fs/cgroup/uid_1003/pid_2867
[   23.485340] [wifi@1][0x21b248f4][05:14:07.827058] wlan: [1698:E:REGULATORY] reg_get_channel_flags_for_freq: chan freq is not valid
[   23.485357] [wifi@1][0x21b24a44][05:14:07.827075] wlan: [1698:E:REGULATORY] reg_get_channel_flags_for_freq: chan freq is not valid
[   23.485365] [wifi@1][0x21b24adc][05:14:07.827083] wlan: [1698:E:REGULATORY] reg_get_channel_flags_for_freq: chan freq is not valid
[   23.485372] [wifi@1][0x21b24b63][05:14:07.827090] wlan: [1698:E:REGULATORY] reg_get_channel_flags_for_freq: chan freq is not valid
[   23.485376] [wifi@1][0x21b24bbd][05:14:07.827095] wlan: [1698:E:REGULATORY] reg_get_channel_flags_for_freq: chan freq is not valid
[   23.485381] [wifi@1][0x21b24c0c][05:14:07.827099] wlan: [1698:E:REGULATORY] reg_get_channel_flags_for_freq: chan freq is not valid
[   23.485385] [wifi@1][0x21b24c59][05:14:07.827103] wlan: [1698:E:REGULATORY] reg_get_channel_flags_for_freq: chan freq is not valid
[   23.485389] [wifi@1][0x21b24cae][05:14:07.827107] wlan: [1698:E:REGULATORY] reg_get_channel_flags_for_freq: chan freq is not valid
[   23.485393] [wifi@1][0x21b24cfd][05:14:07.827112] wlan: [1698:E:REGULATORY] reg_get_channel_flags_for_freq: chan freq is not valid
[   23.485397] [wifi@1][0x21b24d4c][05:14:07.827116] wlan: [1698:E:REGULATORY] reg_get_channel_flags_for_freq: chan freq is not valid
[   23.485401] [wifi@1][0x21b24d99][05:14:07.827120] wlan: [1698:E:REGULATORY] reg_get_channel_flags_for_freq: chan freq is not valid
[   23.485405] [wifi@1][0x21b24de8][05:14:07.827124] wlan: [1698:E:REGULATORY] reg_get_channel_flags_for_freq: chan freq is not valid
[   23.487151] cnss: Resuming PCI link
[   23.488663] servicemanager: Notifying apexservice they do (previously: don't) have clients when service is guaranteed to be in use
[   23.488761] AidlLazyServiceRegistrar: Process has 1 (of 1 available) client(s) in use after notification apexservice has clients: 1
[   23.488767] AidlLazyServiceRegistrar: Shutdown prevented by forcePersist override flag.
[   23.490570] apexd: markBootCompleted() received by ApexService
[   23.491420] cnss: Set PCI link status to: 2
[   23.491433] cnss: Setting MHI state: RESUME(7)
[   23.491755] [wifi@1][0x21b42a23][05:14:07.833474] wlan: [1698:E:OSIF] wlan_hdd_set_station_stats_request_pending: peer is null
[   23.500507] cnss: Setting MHI state: SUSPEND(6)
[   23.500520] cnss: Suspending PCI link
[   23.500524] cnss: Use PCIe DRV suspend
[   23.502524] SELinux: avc:  denied  { find } for pid=1930 uid=1000 name=vendor.qti.hardware.servicetrackeraidl.IServicetracker/default scontext=u:r:system_server:s0 tcontext=u:object_r:default_android_service:s0 tclass=service_manager permissive=0
[   23.510940] cnss: Runtime resume start
[   23.510956] cnss: Resuming PCI link
[   23.514866] cnss: Set PCI link status to: 2
[   23.514878] cnss: Setting MHI state: RESUME(7)
[   23.515805] [kworke][0x21bb35d8][05:14:07.857523] wlan: [657:I:PMO] pmo_core_psoc_send_host_wakeup_ind_to_fw: Host wakeup indication sent to fw
[   23.517129] Boot completed 
[   23.520744] Boot completed 
[   23.523231] cnss: Runtime resume status: 0
[   23.535648] SELinux: avc:  denied  { find } for pid=1930 uid=1000 name=vendor.qti.hardware.servicetrackeraidl.IServicetracker/default scontext=u:r:system_server:s0 tcontext=u:object_r:default_android_service:s0 tclass=service_manager permissive=0
[   23.536413] SELinux: avc:  denied  { find } for pid=1930 uid=1000 name=vendor.qti.hardware.servicetrackeraidl.IServicetracker/default scontext=u:r:system_server:s0 tcontext=u:object_r:default_android_service:s0 tclass=service_manager permissive=0
[   23.564533] zram0: detected capacity change from 0 to 8388608
[   23.571277] [schedu][0x21cb763c][05:14:07.912995] wlan: [5078:I:OSIF] scan start scan id 40961
[   23.577075] init: wait for '/dev/smcinvoke' took 0ms
[   23.590704] lxs_ts 2-0028: orientation_change: landscape 0(0)
[   23.592164] lxs_ts 2-0028: grab_mode[0D0Bh]: ON(00000001h)
[   23.592308] lxs_ts 2-0028: enable_knock: 1
[   23.592371] dsi_panel_pre_sod_mode_store: sod mode setting 1
[   23.597645] healthd: battery l=100 v=4247 t=31.0 h=2 st=2 c=-1430821 fc=4434000 cc=17 chg=u
[   23.600725] Adding 4194300k swap on /dev/block/zram0.  Priority:32758 extents:1 across:4194300k SS
[   23.770064] Enabling WiFi
[   23.770074] [cnd][0x2205b403][05:14:08.111792] wlan: [5340:I:HDD] wlan_hdd_state_ctrl_param_write: is_driver_loaded 1 is_driver_recovering 0
[   23.770080] [cnd][0x2205b476][05:14:08.111798] wlan: [5340:E:HDD] wlan_hdd_state_ctrl_param_write: WiFi is already enabled
[   24.221027] audit: audit_lost=63 audit_rate_limit=5 audit_backlog_limit=128
[   24.221050] audit: rate limit exceeded
[   24.396822] [schedu][0x22bd521d][05:14:08.738540] wlan: [5078:I:OSIF] vdev 0, scan id 40961 type COMPLETED(1) reason COMPLETED(1) scan found 7 bss
[   24.402504] [wifi@1][0x22befc41][05:14:08.744222] wlan: [1698:E:OSIF] wlan_hdd_set_station_stats_request_pending: peer is null
[   24.433132] [schedu][0x22c7f55f][05:14:08.774850] wlan: [5078:I:OSIF] scan start scan id 40962
[   24.600249] [schedu][0x22f8eb1e][05:14:08.941967] wlan: [5078:I:OSIF] vdev 0, scan id 40962 type COMPLETED(1) reason CANCELLED(2) scan found 5 bss
[   24.658718] [wifi@1][0x230a0c4b][05:14:09.000436] wlan: [1698:E:DP] dp_rx_flush_rx_cached: txrx_peer NULL!! peer mac_addr(3c:38:f4:2e:16:56)
[   24.658747] [wifi@1][0x230a0e82][05:14:09.000465] wlan: [1698:E:DP] dp_tx_flow_pool_unmap_handler: flow pool id: 0 is inactive, ignore unmap
[   24.683201] [schedu][0x2311385b][05:14:09.024917] wlan: [5078:I:CMN_MLME] vdev 0 cm_id 0xc000001: Connecting to BELL1143 18:fd:74:fe:34:a4 rssi: -53 freq: 5180 akm 0x800 cipher: uc 0x8 mc 0x8, wps 0 osen 0 force RSN 0 CC: CA
[   24.684140] [schedu][0x23117ee5][05:14:09.025857] wlan: [5078:I:WMI] send_vdev_start_cmd_tlv: vdev_id 0 freq 5180 chanmode 18 ch_info: 0x12 is_dfs 0 beacon interval 100 dtim 0 center_chan 5210 center_freq2 0 reg_info_1: 0x0 reg_info_2: 0x0, req->max_txpow: 0x0 Tx SS 2, Rx SS 2, ldpc_rx: 0, cac 0, regd 1, HE ops: 0req->dis_hw_ack: 0 
[   24.768040] [schedu][0x232a134b][05:14:09.109756] wlan: [5078:I:PE] Auth TX: success (0)
[   24.804227] [schedu][0x2334ad5b][05:14:09.145943] wlan: [5078:I:PE] Auth RX: vdev 0 sys role 2 lim_state 29 from 18:fd:74:fe:34:a4 rssi -48 auth_alg 3 seq 373
[   24.804254] [schedu][0x2334af68][05:14:09.145971] wlan: [5078:I:PE] SAE Auth RX type 0 subtype 11 from 18:fd:74:fe:34:a4
[   24.811809] [schedu][0x2336e617][05:14:09.153526] wlan: [5078:I:PE] Assoc req TX: vdev 0 to 18:fd:74:fe:34:a4 seq num 2051
[   24.814579] [schedu][0x2337b5d0][05:14:09.156296] wlan: [5078:I:PE] Assoc req TX: success (0)
[   24.821455] [schedu][0x2339b981][05:14:09.163172] wlan: [5078:I:PE] Assoc rsp RX: subtype 0 vdev 0 sys role 2 lim state 10 rssi -51 from 18:fd:74:fe:34:a4
[   24.831676] [schedu][0x233cb80c][05:14:09.173392] wlan: [5078:E:WMA] wma_sr_update: Spatial Reuse disabled for vdev_id: 0
[   24.832564] [schedu][0x233cfab1][05:14:09.174281] wlan: [5078:I:CMN_MLME] cm_roam_switch_to_init: dual_sta_roam_active:1, is_dbs:0, state:0
[   24.832579] [schedu][0x233cfbcb][05:14:09.174296] wlan: [5078:I:CMN_MLME] cm_roam_switch_to_init: STA + STA concurrency with a primary iface, have roaming enabled on both interfaces
[   24.832698] [schedu][0x233d04ba][05:14:09.174415] wlan: [5078:I:OSIF] wlan0(vdevid-0): 96:ee:47:b4:b6:a4 Connect with 18:fd:74:fe:34:a4 SSID "BELL1143" is SUCCESS cm_id 0xc000001 cm_reason 0 status_code 0 is_reassoc 0 send discon 0
[   24.846708] qcedev_ioctl: info: vaddr = ffa00000
, fd = 17
[   24.848815] qcedev_ioctl: info: vaddr = ff600000
, fd = 19
[   24.851639] qcedev_ioctl: info: vaddr = ff200000
, fd = 21
[   24.923934] [dp_rx_][0x2357bf05][05:14:09.265646] wlan: [5081:I:QDF] EAPOL-1 RX: SA:18:fd:74:fe:34:a4 DA:96:ee:47:b4:b6:a4
[   24.931458] [soft_i][0x2359f398][05:14:09.273173] wlan: [0:I:QDF] EAPOL-2 TX: SA:96:ee:47:b4:b6:a4 DA:18:fd:74:fe:34:a4 msdu_id:0 status: succ
[   24.931555] [soft_i][0x2359f9f7][05:14:09.273258] wlan: [0:E:DP] dp_tx_update_peer_stats: Release source:3 is not from TQM
[   24.935185] [dp_rx_][0x235b0b17][05:14:09.276900] wlan: [5081:I:QDF] EAPOL-3 RX: SA:18:fd:74:fe:34:a4 DA:96:ee:47:b4:b6:a4
[   24.937401] [soft_i][0x235bb154][05:14:09.279116] wlan: [0:I:QDF] EAPOL-4 TX: SA:96:ee:47:b4:b6:a4 DA:18:fd:74:fe:34:a4 msdu_id:0 status: succ
[   25.055029] [soft_i][0x237e2712][05:14:09.396739] wlan: [0:E:REGULATORY] reg_is_fcc_regdmn: Failed to get reg domain
[   25.072283] [soft_i][0x23833574][05:14:09.413998] wlan: [0:I:QDF] DHCP-R TX: SA:96:ee:47:b4:b6:a4 DA:ff:ff:ff:ff:ff:ff msdu_id:1 status: succ
[   25.094638] [dp_rx_][0x2389c214][05:14:09.436353] wlan: [5081:I:QDF] DHCP-A RX: SA:a0:36:9f:1e:5a:84 DA:96:ee:47:b4:b6:a4
[   25.197481] [kworke][0x23a7e36e][05:14:09.539198] wlan: [158:E:WMA] wma_process_rmf_frame: Rx unprotected unicast mgmt frame
[   25.197572] [schedu][0x23a7ea3c][05:14:09.539288] wlan: [5078:W:PE] lim_process_action_frame: Action category: 22 not handled
[   25.511446] qcom-bwmon: Zone thres larger than hw limit: hi:66668 med:18183 lo:0
[   25.898441] gsi soc:qcom,msm_gsi: gsi_stop_channel:3615 chan=1 busy try again
[   25.900090] gsi soc:qcom,msm_gsi: gsi_stop_channel:3615 chan=14 busy try again
[   26.315555] cnss-daemon: Invalid mac address
[   26.315614] cnss-daemon: failed to update gateway
[   26.736731] ------------[ cut here ]------------
[   26.736779] refcount_t: addition on 0; use-after-free.
[   26.736804] WARNING: CPU: 1 PID: 8527 at lib/refcount.c:25 rt_mutex_adjust_prio_chain+0xe88/0x14c0
[   26.736832] Modules linked in: sony_camera(OE) slg51000_regulator(OE) lxs_touchscreen(OE) wlan(OE) ipa_clientsm(OE) ipanetm(OE) coresight_tmc(E) qdss_bridge(E) rndisipam(OE) rmnet_aps(OE) rmnet_wlan(OE) msm_eva(OE) rmnet_offload(OE) usb_f_gsi(E) sys_pm_vx(E) rmnet_shs(OE) rmnet_perf_tether(OE) msm_video(OE) camera(OE) usb_f_qdss(E) pt_i2c(OE) ipam(OE) rmnet_perf(OE) machine_dlkm(OE) msm_kgsl(OE) mac80211(E) rmnet_core(OE) gsim(OE) bt_fm_slim(OE) msm_drm(OE) pt_device_access(OE) camera_sync(OE) msm_hw_fence(OE) cirrus_cs35l45(OE) nxp_nci(OE) synaptics_tcm_ts(OE) sync_fence(OE) rmnet_sch(OE) qcedev_mod_dlkm(OE) swr_dmic_dlkm(OE) radio_i2c_rtc6226_qca(OE) btpower(OE) rmnet_ctl(OE) qrng_dlkm(OE) synx_driver(E) cnss2(OE) cirrus_wm_adsp(OE) rdtags(OE) et603_int(OE) msm_mmrm(OE) lpass_cdc_va_macro_dlkm(OE) goodix_ts(OE) nt36xxx_i2c(OE) qsee_ipc_irq_bridge(E) r8168(E) i3c_master_msm_geni(E) icc_test(E) bcl_soc(E) gh_irq_lend(E) boot_stats(E) max31760_fan(E) wcd938x_dlkm(OE)
[   26.737034] ehset(E) msm_lmh_dcvs(E) snd_usb_audio_qmi(E) cnss_nl(OE) ddr_cdev(E) dmesg_dumper(E) lpass_cdc_tx_macro_dlkm(OE) hdmi_dlkm(OE) leds_qti_flash(E) repeater_i2c_eusb2(E) cpu_voltage_cooling(E) ucsi_glink(E) qti_fixed_regulator(E) qcom_spmi_adc5_gen3(E) phy_msm_snps_eusb2(E) usb_bam(E) qti_userspace_cdev(E) last_logs(OE) cfg80211(E) audio_pkt_dlkm(OE) qcrypto_msm_dlkm(OE) usb_f_ccid(E) spi_msm_geni(E) i2c_msm_geni(E) realtek(E) qti_devfreq_cdev(E) stm_p_ost(E) sdpm_clk(E) qti_cpufreq_cdev(E) spmi_glink_debug(E) leds_qti_tri_led(E) phy_msm_m31_eusb2(E) qcom_vadc_common(E) smcinvoke_dlkm(OE) qcom_cpufreq_hw_debug(E) slim_qcom_ngd_ctrl(E) qcom_lpm(E) qti_qmi_cdev(E) coresight_stm(E) gh_tlmm_vm_mem_access(E) usb_f_diag(E) stm_ftrace(E) qcom_ipc_lite(E) charger_ulog_glink(E) wlan_firmware_service(OE) subsystem_sleep_stats(E) mmc_log_probes(E) microdump_collector(E) stub_dlkm(OE) coresight_dummy(E) cdsprm(E) lpass_cdc_wsa2_macro_dlkm(OE) coresight_funnel(E)
[   26.737186] tz_log_dlkm(OE) pt_ts(OE) atmel_mxt_ts(OE) lpass_cdc_rx_macro_dlkm(OE) qcom_pon(E) ipa_fmwk(E) qcom_edac(E) lpass_cdc_wsa_macro_dlkm(OE) somc_battchg_ext(OE) hung_task_enh(E) mhi_dev_netdev(E) smp2p(E) qti_qmi_sensor_v2(E) swr_haptics_dlkm(OE) nvmem_qfprom(E) hdcp_qseecom_dlkm(OE) cirrus_cs40l2x_codec(OE) lpass_cdc_dlkm(OE) stm_console(E) smsc95xx(E) adsp_loader_dlkm(OE) pinctrl_lpi_dlkm(OE) mbhc_dlkm(OE) pinctrl_spmi_gpio(E) swr_ctrl_dlkm(OE) wcd9xxx_dlkm(OE) qti_battery_charger(E) audio_prm_dlkm(OE) msm_performance(E) glink_pkt(E) f_fs_ipc_log(E) core_hang_detect(E) wsa884x_dlkm(OE) wsa883x_dlkm(OE) cirrus_cs40l2x(OE) qce50_dlkm(OE) msm_ext_display(OE) audpkt_ion_dlkm(OE) panel_event_notifier(E) dwc3_msm(E) spf_core_dlkm(OE) q6_dlkm(OE) mhi_cntrl_qcom(E) wcd938x_slave_dlkm(OE) mhi_dev_uci(E) qcom_esoc(E) gpr_dlkm(OE) phy_generic(E) mhi_dev_satellite(E) mhi_dev_dtr(E) qrtr_mhi(E) mhi(E) coresight_replicator(E) wcd_core_dlkm(OE) cnss_utils(OE)
[   26.737341] snd_event_dlkm(OE) coresight_cti(E) redriver(E) swr_dlkm(OE) coresight_remote_etm(E) q6_notifier_dlkm(OE) qcom_q6v5_pas(E) coresight_tpda(E) coresight_hwevent(E) qcom_pil_info(E) coresight_tgu(E) coresight_tpdm(E) qcom_q6v5(E) coresight_csr(E) qrtr_smd(E) stm_p_basic(E) snd_soc_hdmi_codec(E) slimbus(E) cnss_prealloc(OE) q6_pdr_dlkm(OE) stm_core(E) repeater_qti_pmic_eusb2(E) memlat_scmi(E) cnss_plat_ipc_qmi_svc(OE) qrtr_gunyah(E) coresight(E) qbt_handler(E) msm_memshare(E) qcom_va_minidump(E) smsc(E) msm_geni_serial(E) rimps_log(E) repeater(E) pm8941_pwrkey(E) policy_engine(E) sysmon_subsystem_stats(E) msm_sharedmem(E) adsp_sleepmon(E) spmi_pmic_arb_debug(E) memlat_vendor(E) pinctrl_spmi_mpp(E) eud(E) phy_qcom_ufs_qmp_v4_waipio(E) frpc_adsprpc(E) msm_show_epoch(E) lt9611uxc(E) rdbg(E) gh_mem_notifier(E) cdsp_loader(E) msm_gpi(E) heap_mem_ext_v01(E) pmic_pon_log(E) phy_qcom_ufs_qmp_v4(E) smp2p_sleepstate(E) smsc75xx(E) usb_f_cdev(E) spcom(E)
[   26.737512] qti_ocp_notifier(E) spss_utils(E) usbmon(E) sps_drv(E) qcom_spss(E) qcom_spmi_temp_alarm(E) qcom_sysmon(E) phy_qcom_emu(E) qseecom_proxy(E) hvc_gunyah(E) qcom_ramdump(E) altmode_glink(E) qti_battery_debug(E) qcom_iommu_debug(E) phy_msm_ssusb_qmp(E) reboot_mode(E) sg(E) pinctrl_somc_pmic(E) rq_stats(E) gpucc_kalama(E) glink_probe(E) qcom_glink_spss(E) memlat(E) pwm_qti_lpg(E) soc_sleep_stats(E) pci_msm_drv(E) bam_dma(E) qcom_cpuss_sleep_stats(E) phy_qcom_ufs_qmp_v4_khaje(E) pmic_glink(E) pdr_interface(E) debugcc_kalama(E) qmi_helpers(E) rproc_qcom_common(E) qcom_smd(E) qcom_glink_smem(E) qcom_glink(E) msm_show_resume_irq(E) msm_sysstats(E) zram(E) wakeup_irq_debug(E) zsmalloc(E) nvme(E) nvme_core(E) bcl_pmic5(E) c1dcvs_scmi(E) c1dcvs_vendor(E) qcom_rimps(E) sdhci_msm(E) arm_smmu(E) ufs_qcom(E) ufshcd_crypto_qti(E) msm_qmp(E) qcom_aoss(E) stub_regulator(E) socinfo(E) rtc_pm8xxx(E) qrtr(E) qcom_reboot_reason(E) spmi_pmic_arb(E) qcom_spmi_pmic(E) regmap_spmi(E)
[   26.737681] qti_regmap_debugfs(E) pmu_scmi(E) pmu_vendor(E) qcom_pmu_lib(E) qcom_llcc_pmu(E) qcom_iommu_util(E) qcom_logbuf_vh(E) debug_symbol(E) qcom_dload_mode(E) pinctrl_somc(E) phy_qcom_ufs_qrbtc_sdm845(E) phy_qcom_ufs_qmp_v4_kalama(E) phy_qcom_ufs(E) nvmem_qcom_spmi_sdam(E) ns(E) qnoc_kalama(E) qnoc_qos(E) pinctrl_kalama(E) pinctrl_msm(E) memory_dump_v2(E) mem_buf(E) qcom_dma_heaps(E) msm_dma_iommu_mapping(E) mem_buf_msgq(E) mem_buf_dev(E) mem_hooks(E) llcc_qcom(E) iommu_logger(E) gunyah(E) mdt_loader(E) secure_buffer(E) gh_ctrl(E) videocc_kalama(E) tcsrcc_kalama(E) dispcc_kalama(E) dcc_v2(E) crypto_qti_common(E) crypto_qti_hwkm(E) hwkm(E) tmecom_intf(E) cqhci(E) clk_dummy(E) cpu_hotplug(E) thermal_pause(E) sched_walt(E) qcom_cpufreq_hw(E) bwmon(E) qcom_dcvs(E) dcvs_fp(E) rpmh_regulator(E) qcom_tsens(E) thermal_minidump(E) qcom_pdc(E) qcom_ipcc(E) camcc_kalama(E) icc_rpmh(E) icc_debug(E) icc_bcm_voter(E) gcc_kalama(E) clk_qcom(E) gdsc_regulator(E)
[   26.737849] debug_regulator(E) proxy_consumer(E) clk_rpmh(E) qcom_rpmh(E) cmd_db(E) qcom_ipc_logging(E) qcom_cpu_vendor_hooks(E) gh_virt_wdt(E) qcom_wdt_core(E) qcom_scm(E) minidump(E) smem(E) qcom_hwspinlock(E) gh_rm_drv(E) gh_dbl(E) gh_msgq(E) gh_arm_drv(E)
[   26.737898] CPU: 1 PID: 8527 Comm: ghostlock Tainted: G S      W  OE     5.15.189-android13-8-00016-g51bba4309aac-ab14546557 #1
[   26.737909] Hardware name: Sony Corporation. PDX-234 J(Kalama QRD) (DT)
[   26.737916] pstate: 624000c5 (nZCv daIF +PAN -UAO +TCO -DIT -SSBS BTYPE=--)
[   26.737925] pc : rt_mutex_adjust_prio_chain+0xe88/0x14c0
[   26.737934] lr : max_tt_usecs+0x6646/0x1fe6b
[   26.737946] sp : ffffffc02ac03be0
[   26.737949] x29: ffffffc02ac03c20 x28: ffffffc031723b18 x27: ffffff888c070000
[   26.737962] x26: ffffff8957c40000 x25: 0000000000000000 x24: 0000000000000000
[   26.737971] x23: 0000000000000000 x22: ffffff8957c42400 x21: ffffff8957c40010
[   26.737981] x20: 0000000000000001 x19: ffffff888c070400 x18: ffffffc02f9c5050
[   26.737991] x17: 0000000000000078 x16: ffffffeb8ab0d000 x15: ffffffeb8ab28000
[   26.738002] x14: 0000000000000000 x13: 0000000000000000 x12: ffffffeb8ab0d000
[   26.738011] x11: 0000000000000001 x10: ffffffeb8abd81a8 x9 : 5d1d630184773a00
[   26.738023] x8 : 5d1d630184773a00 x7 : 00000000000000e0 x6 : ffffffeb89e4041d
[   26.738034] x5 : ffffff8957c42400 x4 : ffffffeb8ab0d000 x3 : 00000000c0000000
[   26.738045] x2 : 0000000000000000 x1 : ffffffc02ac03950 x0 : 000000000000002a
[   26.738057] Call trace:
[   26.738063] rt_mutex_adjust_prio_chain+0xe88/0x14c0
[   26.738069] rt_mutex_adjust_pi+0x174/0x318
[   26.738076] __sched_setscheduler+0xdf8/0x1144
[   26.738094] __do_sys_sched_setattr+0x244/0x3c8
[   26.738103] __arm64_sys_sched_setattr+0x24/0x34
[   26.738111] invoke_syscall+0x60/0x150
[   26.738124] el0_svc_common+0xb8/0xf8
[   26.738131] do_el0_svc+0x28/0x98
[   26.738137] el0_svc+0x24/0x84
[   26.738152] el0t_64_sync_handler+0x88/0xec
[   26.738158] el0t_64_sync+0x1b8/0x1bc
[   26.738167] ---[ end trace 84a46af0419a569f ]---
[   26.738254] ------------[ cut here ]------------
[   26.738261] refcount_t: underflow; use-after-free.
[   26.738274] WARNING: CPU: 1 PID: 8527 at lib/refcount.c:28 rt_mutex_adjust_prio_chain+0x13fc/0x14c0
[   26.738284] Modules linked in: sony_camera(OE) slg51000_regulator(OE) lxs_touchscreen(OE) wlan(OE) ipa_clientsm(OE) ipanetm(OE) coresight_tmc(E) qdss_bridge(E) rndisipam(OE) rmnet_aps(OE) rmnet_wlan(OE) msm_eva(OE) rmnet_offload(OE) usb_f_gsi(E) sys_pm_vx(E) rmnet_shs(OE) rmnet_perf_tether(OE) msm_video(OE) camera(OE) usb_f_qdss(E) pt_i2c(OE) ipam(OE) rmnet_perf(OE) machine_dlkm(OE) msm_kgsl(OE) mac80211(E) rmnet_core(OE) gsim(OE) bt_fm_slim(OE) msm_drm(OE) pt_device_access(OE) camera_sync(OE) msm_hw_fence(OE) cirrus_cs35l45(OE) nxp_nci(OE) synaptics_tcm_ts(OE) sync_fence(OE) rmnet_sch(OE) qcedev_mod_dlkm(OE) swr_dmic_dlkm(OE) radio_i2c_rtc6226_qca(OE) btpower(OE) rmnet_ctl(OE) qrng_dlkm(OE) synx_driver(E) cnss2(OE) cirrus_wm_adsp(OE) rdtags(OE) et603_int(OE) msm_mmrm(OE) lpass_cdc_va_macro_dlkm(OE) goodix_ts(OE) nt36xxx_i2c(OE) qsee_ipc_irq_bridge(E) r8168(E) i3c_master_msm_geni(E) icc_test(E) bcl_soc(E) gh_irq_lend(E) boot_stats(E) max31760_fan(E) wcd938x_dlkm(OE)
[   26.738396] ehset(E) msm_lmh_dcvs(E) snd_usb_audio_qmi(E) cnss_nl(OE) ddr_cdev(E) dmesg_dumper(E) lpass_cdc_tx_macro_dlkm(OE) hdmi_dlkm(OE) leds_qti_flash(E) repeater_i2c_eusb2(E) cpu_voltage_cooling(E) ucsi_glink(E) qti_fixed_regulator(E) qcom_spmi_adc5_gen3(E) phy_msm_snps_eusb2(E) usb_bam(E) qti_userspace_cdev(E) last_logs(OE) cfg80211(E) audio_pkt_dlkm(OE) qcrypto_msm_dlkm(OE) usb_f_ccid(E) spi_msm_geni(E) i2c_msm_geni(E) realtek(E) qti_devfreq_cdev(E) stm_p_ost(E) sdpm_clk(E) qti_cpufreq_cdev(E) spmi_glink_debug(E) leds_qti_tri_led(E) phy_msm_m31_eusb2(E) qcom_vadc_common(E) smcinvoke_dlkm(OE) qcom_cpufreq_hw_debug(E) slim_qcom_ngd_ctrl(E) qcom_lpm(E) qti_qmi_cdev(E) coresight_stm(E) gh_tlmm_vm_mem_access(E) usb_f_diag(E) stm_ftrace(E) qcom_ipc_lite(E) charger_ulog_glink(E) wlan_firmware_service(OE) subsystem_sleep_stats(E) mmc_log_probes(E) microdump_collector(E) stub_dlkm(OE) coresight_dummy(E) cdsprm(E) lpass_cdc_wsa2_macro_dlkm(OE) coresight_funnel(E)
[   26.738484] tz_log_dlkm(OE) pt_ts(OE) atmel_mxt_ts(OE) lpass_cdc_rx_macro_dlkm(OE) qcom_pon(E) ipa_fmwk(E) qcom_edac(E) lpass_cdc_wsa_macro_dlkm(OE) somc_battchg_ext(OE) hung_task_enh(E) mhi_dev_netdev(E) smp2p(E) qti_qmi_sensor_v2(E) swr_haptics_dlkm(OE) nvmem_qfprom(E) hdcp_qseecom_dlkm(OE) cirrus_cs40l2x_codec(OE) lpass_cdc_dlkm(OE) stm_console(E) smsc95xx(E) adsp_loader_dlkm(OE) pinctrl_lpi_dlkm(OE) mbhc_dlkm(OE) pinctrl_spmi_gpio(E) swr_ctrl_dlkm(OE) wcd9xxx_dlkm(OE) qti_battery_charger(E) audio_prm_dlkm(OE) msm_performance(E) glink_pkt(E) f_fs_ipc_log(E) core_hang_detect(E) wsa884x_dlkm(OE) wsa883x_dlkm(OE) cirrus_cs40l2x(OE) qce50_dlkm(OE) msm_ext_display(OE) audpkt_ion_dlkm(OE) panel_event_notifier(E) dwc3_msm(E) spf_core_dlkm(OE) q6_dlkm(OE) mhi_cntrl_qcom(E) wcd938x_slave_dlkm(OE) mhi_dev_uci(E) qcom_esoc(E) gpr_dlkm(OE) phy_generic(E) mhi_dev_satellite(E) mhi_dev_dtr(E) qrtr_mhi(E) mhi(E) coresight_replicator(E) wcd_core_dlkm(OE) cnss_utils(OE)
[   26.738576] snd_event_dlkm(OE) coresight_cti(E) redriver(E) swr_dlkm(OE) coresight_remote_etm(E) q6_notifier_dlkm(OE) qcom_q6v5_pas(E) coresight_tpda(E) coresight_hwevent(E) qcom_pil_info(E) coresight_tgu(E) coresight_tpdm(E) qcom_q6v5(E) coresight_csr(E) qrtr_smd(E) stm_p_basic(E) snd_soc_hdmi_codec(E) slimbus(E) cnss_prealloc(OE) q6_pdr_dlkm(OE) stm_core(E) repeater_qti_pmic_eusb2(E) memlat_scmi(E) cnss_plat_ipc_qmi_svc(OE) qrtr_gunyah(E) coresight(E) qbt_handler(E) msm_memshare(E) qcom_va_minidump(E) smsc(E) msm_geni_serial(E) rimps_log(E) repeater(E) pm8941_pwrkey(E) policy_engine(E) sysmon_subsystem_stats(E) msm_sharedmem(E) adsp_sleepmon(E) spmi_pmic_arb_debug(E) memlat_vendor(E) pinctrl_spmi_mpp(E) eud(E) phy_qcom_ufs_qmp_v4_waipio(E) frpc_adsprpc(E) msm_show_epoch(E) lt9611uxc(E) rdbg(E) gh_mem_notifier(E) cdsp_loader(E) msm_gpi(E) heap_mem_ext_v01(E) pmic_pon_log(E) phy_qcom_ufs_qmp_v4(E) smp2p_sleepstate(E) smsc75xx(E) usb_f_cdev(E) spcom(E)
[   26.738669] qti_ocp_notifier(E) spss_utils(E) usbmon(E) sps_drv(E) qcom_spss(E) qcom_spmi_temp_alarm(E) qcom_sysmon(E) phy_qcom_emu(E) qseecom_proxy(E) hvc_gunyah(E) qcom_ramdump(E) altmode_glink(E) qti_battery_debug(E) qcom_iommu_debug(E) phy_msm_ssusb_qmp(E) reboot_mode(E) sg(E) pinctrl_somc_pmic(E) rq_stats(E) gpucc_kalama(E) glink_probe(E) qcom_glink_spss(E) memlat(E) pwm_qti_lpg(E) soc_sleep_stats(E) pci_msm_drv(E) bam_dma(E) qcom_cpuss_sleep_stats(E) phy_qcom_ufs_qmp_v4_khaje(E) pmic_glink(E) pdr_interface(E) debugcc_kalama(E) qmi_helpers(E) rproc_qcom_common(E) qcom_smd(E) qcom_glink_smem(E) qcom_glink(E) msm_show_resume_irq(E) msm_sysstats(E) zram(E) wakeup_irq_debug(E) zsmalloc(E) nvme(E) nvme_core(E) bcl_pmic5(E) c1dcvs_scmi(E) c1dcvs_vendor(E) qcom_rimps(E) sdhci_msm(E) arm_smmu(E) ufs_qcom(E) ufshcd_crypto_qti(E) msm_qmp(E) qcom_aoss(E) stub_regulator(E) socinfo(E) rtc_pm8xxx(E) qrtr(E) qcom_reboot_reason(E) spmi_pmic_arb(E) qcom_spmi_pmic(E) regmap_spmi(E)
[   26.738769] qti_regmap_debugfs(E) pmu_scmi(E) pmu_vendor(E) qcom_pmu_lib(E) qcom_llcc_pmu(E) qcom_iommu_util(E) qcom_logbuf_vh(E) debug_symbol(E) qcom_dload_mode(E) pinctrl_somc(E) phy_qcom_ufs_qrbtc_sdm845(E) phy_qcom_ufs_qmp_v4_kalama(E) phy_qcom_ufs(E) nvmem_qcom_spmi_sdam(E) ns(E) qnoc_kalama(E) qnoc_qos(E) pinctrl_kalama(E) pinctrl_msm(E) memory_dump_v2(E) mem_buf(E) qcom_dma_heaps(E) msm_dma_iommu_mapping(E) mem_buf_msgq(E) mem_buf_dev(E) mem_hooks(E) llcc_qcom(E) iommu_logger(E) gunyah(E) mdt_loader(E) secure_buffer(E) gh_ctrl(E) videocc_kalama(E) tcsrcc_kalama(E) dispcc_kalama(E) dcc_v2(E) crypto_qti_common(E) crypto_qti_hwkm(E) hwkm(E) tmecom_intf(E) cqhci(E) clk_dummy(E) cpu_hotplug(E) thermal_pause(E) sched_walt(E) qcom_cpufreq_hw(E) bwmon(E) qcom_dcvs(E) dcvs_fp(E) rpmh_regulator(E) qcom_tsens(E) thermal_minidump(E) qcom_pdc(E) qcom_ipcc(E) camcc_kalama(E) icc_rpmh(E) icc_debug(E) icc_bcm_voter(E) gcc_kalama(E) clk_qcom(E) gdsc_regulator(E)
[   26.738865] debug_regulator(E) proxy_consumer(E) clk_rpmh(E) qcom_rpmh(E) cmd_db(E) qcom_ipc_logging(E) qcom_cpu_vendor_hooks(E) gh_virt_wdt(E) qcom_wdt_core(E) qcom_scm(E) minidump(E) smem(E) qcom_hwspinlock(E) gh_rm_drv(E) gh_dbl(E) gh_msgq(E) gh_arm_drv(E)
[   26.738895] CPU: 1 PID: 8527 Comm: ghostlock Tainted: G S      W  OE     5.15.189-android13-8-00016-g51bba4309aac-ab14546557 #1
[   26.738902] Hardware name: Sony Corporation. PDX-234 J(Kalama QRD) (DT)
[   26.738906] pstate: 62400005 (nZCv daif +PAN -UAO +TCO -DIT -SSBS BTYPE=--)
[   26.738912] pc : rt_mutex_adjust_prio_chain+0x13fc/0x14c0
[   26.738918] lr : rt_mutex_adjust_prio_chain+0x13fc/0x14c0
[   26.738923] sp : ffffffc02ac03be0
[   26.738927] x29: ffffffc02ac03c20 x28: ffffffc031723b18 x27: ffffff888c070000
[   26.738935] x26: ffffff8957c40000 x25: 0000000000000000 x24: ffffff888c070c84
[   26.738945] x23: 0000000000000000 x22: ffffffc031723b18 x21: ffffff8957c40010
[   26.738952] x20: 0000000000000000 x19: ffffff888c070400 x18: ffffffc02f9c5050
[   26.738960] x17: ffffffffffffffff x16: 0000000000000000 x15: 0000000000000004
[   26.738967] x14: ffffff8a6c720000 x13: 0000000000001fff x12: 0000000000000003
[   26.738974] x11: 00000000ffffdfff x10: ffffffeb8abd81a8 x9 : 5d1d630184773a00
[   26.738982] x8 : 5d1d630184773a00 x7 : 65646e75203a745f x6 : 746e756f63666572
[   26.738990] x5 : ffffffeb8ad7c2ff x4 : ffffff8a7883a8b6 x3 : 0000000000000000
[   26.738997] x2 : 0000000000000000 x1 : ffffffc02ac03950 x0 : 0000000000000026
[   26.739005] Call trace:
[   26.739007] rt_mutex_adjust_prio_chain+0x13fc/0x14c0
[   26.739013] rt_mutex_adjust_pi+0x174/0x318
[   26.739018] __sched_setscheduler+0xdf8/0x1144
[   26.739024] __do_sys_sched_setattr+0x244/0x3c8
[   26.739030] __arm64_sys_sched_setattr+0x24/0x34
[   26.739036] invoke_syscall+0x60/0x150
[   26.739042] el0_svc_common+0xb8/0xf8
[   26.739047] do_el0_svc+0x28/0x98
[   26.739052] el0_svc+0x24/0x84
[   26.739058] el0t_64_sync_handler+0x88/0xec
[   26.739063] el0t_64_sync+0x1b8/0x1bc
[   26.739068] ---[ end trace 84a46af0419a56a0 ]---
[   26.846806] apexd: Deleting unused dm device com.android.apex.cts.shim
[   26.858399] apexd: Deleting unused dm device com.android.btservices
[   26.886206] apexd: Deleting unused dm device com.android.devicelock
[   26.903308] apexd: Deleting unused dm device com.android.i18n
[   26.923118] apexd: Deleting unused dm device com.android.nfcservices
[   26.938657] apexd: Deleting unused dm device com.android.runtime
[   26.960125] apexd: Deleting unused dm device com.android.virt
[   27.414949] audit: audit_lost=64 audit_rate_limit=5 audit_backlog_limit=128
[   27.415005] audit: rate limit exceeded
[   27.418753] [soft_i][0x2632a670][05:14:11.760464] wlan: [0:E:DP] dp_tx_update_peer_stats: Release source:3 is not from TQM
[   27.848016] gsi soc:qcom,msm_gsi: gsi_stop_channel:3615 chan=1 busy try again
[   27.850450] gsi soc:qcom,msm_gsi: gsi_stop_channel:3615 chan=14 busy try again
[   28.008730] healthd: battery l=100 v=4374 t=32.0 h=2 st=2 c=17944 fc=4434000 cc=17 chg=u
[   28.424539] audit: audit_lost=751 audit_rate_limit=5 audit_backlog_limit=128
[   28.424548] audit: rate limit exceeded
[   28.671011] (virq:irq_count)- GICv3:IPI(1):121385 GICv3:IPI(6):45193 GICv3:arch_timer(11):37596 GICv3:ufshcd(35):36326 GICv3:IPI(2):22868 GICv3:ipcc_0(37):8794 ipcc:glink-native-adsp(385):6696 GICv3:msm_drm(243):2624 GICv3:apps_rsc-drv-2(20):2468 ipcc:glink-native-modem(402):2373 
[   28.671072] (cpu:irq_count)- 0:53447 1:14226 2:14073 3:38780 4:38723 5:39897 6:37062 7:61728 
[   28.671091] (ipi:irq_count)- 0:121391 1:22868 2:0 3:0 4:0 5:45199 6:0 
[   28.758209] cnss-daemon: Invalid mac address
[   28.758256] cnss-daemon: failed to update gateway
[   28.903168] [kworke][0x27e589da][05:14:13.244883] wlan: [158:E:WMA] wma_process_rmf_frame: Rx unprotected unicast mgmt frame
[   28.903283] [schedu][0x27e5929f][05:14:13.245000] wlan: [5078:W:PE] lim_process_action_frame: Action category: 22 not handled
[   29.402191] SELinux: avc:  denied  { find } for pid=1930 uid=1000 name=vendor.qti.hardware.servicetrackeraidl.IServicetracker/default scontext=u:r:system_server:s0 tcontext=u:object_r:default_android_service:s0 tclass=service_manager permissive=0
[   30.780940] SELinux: avc:  denied  { find } for pid=1930 uid=1000 name=vendor.qti.hardware.servicetrackeraidl.IServicetracker/default scontext=u:r:system_server:s0 tcontext=u:object_r:default_android_service:s0 tclass=service_manager permissive=0
[   30.904075] audit: audit_lost=1913 audit_rate_limit=5 audit_backlog_limit=128
[   30.904105] audit: rate limit exceeded
[   31.475524] SELinux: avc:  denied  { find } for pid=1930 uid=1000 name=vendor.qti.hardware.servicetrackeraidl.IServicetracker/default scontext=u:r:system_server:s0 tcontext=u:object_r:default_android_service:s0 tclass=service_manager permissive=0
[   31.740142] i2c_geni 988000.i2c: i2c error :-107
[   31.740372] i2c_geni 988000.i2c: i2c error :-107
[   31.740556] i2c_geni 988000.i2c: i2c error :-107
[   31.740804] i2c_geni 988000.i2c: i2c error :-107
[   31.740983] i2c_geni 988000.i2c: i2c error :-107
[   31.741178] i2c_geni 988000.i2c: i2c error :-107
[   31.741376] i2c_geni 988000.i2c: i2c error :-107
[   31.865845] hrtimer: interrupt took 37761 ns
[   36.857950] cnss: Runtime suspend start
[   36.858474] [kworke][0x310031e5][05:14:21.200190] wlan: [1974:I:PMO] pmo_core_enable_wow_in_fw: drv wow is enabled
[   36.897250] cnss: Setting MHI state: SUSPEND(6)
[   36.897293] cnss: Suspending PCI link
[   36.897303] cnss: Use PCIe DRV suspend
[   36.902783] cnss: Runtime suspend status: 0
[   37.090311] cnss: Resuming PCI link
[   37.097322] cnss: Set PCI link status to: 2
[   37.097371] cnss: Setting MHI state: RESUME(7)
[   37.122276] cnss: Setting MHI state: SUSPEND(6)
[   37.123304] cnss: Suspending PCI link
[   37.123325] cnss: Use PCIe DRV suspend
[   37.368600] [irq][0x3195a315][05:14:21.710288] wlan: [0:I:HIF] hif_wake_interrupt_handler: wake interrupt received on irq 347
[   37.368863] cnss: Runtime resume start
[   37.369001] cnss: Resuming PCI link
[   37.372340] cnss: Set PCI link status to: 2
[   37.372397] cnss: Setting MHI state: RESUME(7)
[   37.373736] [kworke][0x3197263a][05:14:21.715448] wlan: [1974:I:PMO] pmo_core_psoc_send_host_wakeup_ind_to_fw: Host wakeup indication sent to fw
[   37.384795] [soft_i][0x319a637b][05:14:21.726506] wlan: [0:I:WMA] WLAN triggered wakeup: BPF_ALLOW (39), vdev: 0 (STA)
[   37.385176] [soft_i][0x319a802d][05:14:21.726888] wlan: [0:I:WMA] wma_wake_event_packet: Wake event packet:
[   37.385210] [soft_i][0x319a82df][05:14:21.726924] wlan: [0:I:WMA] 00000000: 96 ee 47 b4 b6 a4 00 e0 4c 68 03 8b 08 00 45 00
[   37.385233] [soft_i][0x319a84a2][05:14:21.726947] wlan: [0:I:WMA] 00000010: 00 28 93 2f 00 00 40 06 ec c0 0a 00 4e 4c 0a 00
[   37.385256] [soft_i][0x319a865f][05:14:21.726970] wlan: [0:I:WMA] 00000020: 98 94 d9 90 9e 87 a3 7f 0b fb 9c 81 27 d5 50 10
[   37.385279] [soft_i][0x319a8807][05:14:21.726992] wlan: [0:I:WMA] 00000030: 0d 64 bb a6 00 00 00 00 00 00 00 00
[   37.385484] [soft_i][0x319a9764][05:14:21.727197] wlan: [0:I:WMA] wma_log_pkt_ipv4: Pkt_len: 40, src_port: 55696, dst_port: 40583
[   37.386839] cnss: Runtime resume status: 0
[   37.464831] SELinux: avc:  denied  { find } for pid=1930 uid=1000 name=vendor.qti.hardware.servicetrackeraidl.IServicetracker/default scontext=u:r:system_server:s0 tcontext=u:object_r:default_android_service:s0 tclass=service_manager permissive=0
[   37.982340] cnss: Runtime suspend start
[   37.984841] [kworke][0x324a2f4d][05:14:22.326556] wlan: [1974:I:PMO] pmo_core_enable_wow_in_fw: drv wow is enabled
[   38.022970] [kworke][0x32555aca][05:14:22.364682] wlan: [1974:I:HIF] hif_try_complete_tasks: waiting for tasklets 0 grp tasklets 0 work 2
[   38.038165] cnss: Setting MHI state: SUSPEND(6)
[   38.038237] cnss: Suspending PCI link
[   38.038684] cnss: Use PCIe DRV suspend
[   38.052213] cnss: Runtime suspend status: 0
[   38.138840] (virq:irq_count)- GICv3:IPI(1):135010 GICv3:arch_timer(11):119057 GICv3:IPI(6):47647 GICv3:ufshcd(35):36530 GICv3:IPI(2):23799 GICv3:ipcc_0(37):8839 ipcc:glink-native-adsp(385):6740 GICv3:msm_drm(243):3440 GICv3:apps_rsc-drv-2(20):3303 ipcc:glink-native-modem(402):2376 
[   38.138945] (cpu:irq_count)- 0:133404 1:22770 2:21841 3:41920 4:39650 5:40514 6:37870 7:61876 
[   38.138983] (ipi:irq_count)- 0:135010 1:23799 2:0 3:0 4:0 5:47647 6:0 
[   38.494644] [irq][0x32df898c][05:14:22.836347] wlan: [0:I:HIF] hif_wake_interrupt_handler: wake interrupt received on irq 347
[   38.494881] cnss: Runtime resume start
[   38.494974] cnss: Resuming PCI link
[   38.498472] cnss: Set PCI link status to: 2
[   38.498521] cnss: Setting MHI state: RESUME(7)
[   38.499615] [kworke][0x32e0ff6b][05:14:22.841331] wlan: [1974:I:PMO] pmo_core_psoc_send_host_wakeup_ind_to_fw: Host wakeup indication sent to fw
[   38.509523] [soft_i][0x32e3e617][05:14:22.851234] wlan: [0:I:WMA] WLAN triggered wakeup: BPF_ALLOW (39), vdev: 0 (STA)
[   38.509776] [soft_i][0x32e3f969][05:14:22.851491] wlan: [0:I:WMA] wma_wake_event_packet: Wake event packet:
[   38.509906] [soft_i][0x32e3fb63][05:14:22.851517] wlan: [0:I:WMA] 00000000: 96 ee 47 b4 b6 a4 00 e0 4c 68 03 8b 08 00 45 00
[   38.509930] [soft_i][0x32e404db][05:14:22.851644] wlan: [0:I:WMA] 00000010: 00 28 1f 83 00 00 40 06 60 6d 0a 00 4e 4c 0a 00
[   38.509982] [soft_i][0x32e408d9][05:14:22.851697] wlan: [0:I:WMA] 00000020: 98 94 d9 90 9e 87 a3 7f 0b fb 9c 81 27 d5 50 10
[   38.510029] [soft_i][0x32e40a2f][05:14:22.851714] wlan: [0:I:WMA] 00000030: 0d 64 bb a6 00 00 00 00 00 00 00 00
[   38.510132] [soft_i][0x32e41418][05:14:22.851846] wlan: [0:I:WMA] wma_log_pkt_ipv4: Pkt_len: 40, src_port: 55696, dst_port: 40583
[   38.512120] cnss: Runtime resume status: 0
[   39.053259] SELinux: avc:  denied  { find } for pid=1930 uid=1000 name=vendor.qti.hardware.servicetrackeraidl.IServicetracker/default scontext=u:r:system_server:s0 tcontext=u:object_r:default_android_service:s0 tclass=service_manager permissive=0
[   39.055108] SELinux: avc:  denied  { find } for pid=1930 uid=1000 name=vendor.qti.hardware.servicetrackeraidl.IServicetracker/default scontext=u:r:system_server:s0 tcontext=u:object_r:default_android_service:s0 tclass=service_manager permissive=0
[   39.067347] SELinux: avc:  denied  { find } for pid=1930 uid=1000 name=vendor.qti.hardware.servicetrackeraidl.IServicetracker/default scontext=u:r:system_server:s0 tcontext=u:object_r:default_android_service:s0 tclass=service_manager permissive=0
[   39.071577] SELinux: avc:  denied  { find } for pid=1930 uid=1000 name=vendor.qti.hardware.servicetrackeraidl.IServicetracker/default scontext=u:r:system_server:s0 tcontext=u:object_r:default_android_service:s0 tclass=service_manager permissive=0
[   39.073086] SELinux: avc:  denied  { find } for pid=1930 uid=1000 name=vendor.qti.hardware.servicetrackeraidl.IServicetracker/default scontext=u:r:system_server:s0 tcontext=u:object_r:default_android_service:s0 tclass=service_manager permissive=0
[   39.074296] SELinux: avc:  denied  { find } for pid=1930 uid=1000 name=vendor.qti.hardware.servicetrackeraidl.IServicetracker/default scontext=u:r:system_server:s0 tcontext=u:object_r:default_android_service:s0 tclass=service_manager permissive=0
[   39.075849] SELinux: avc:  denied  { find } for pid=1930 uid=1000 name=vendor.qti.hardware.servicetrackeraidl.IServicetracker/default scontext=u:r:system_server:s0 tcontext=u:object_r:default_android_service:s0 tclass=service_manager permissive=0
[   39.522419] cnss: Runtime suspend start
[   39.523208] [kworke][0x340ce093][05:14:23.864920] wlan: [1974:I:PMO] pmo_core_enable_wow_in_fw: drv wow is enabled
[   39.566967] cnss: Setting MHI state: SUSPEND(6)
[   39.567032] cnss: Suspending PCI link
[   39.567052] cnss: Use PCIe DRV suspend
[   39.577152] cnss: Runtime suspend status: 0
[   39.614669] [irq][0x3427ac0c][05:14:23.956380] wlan: [0:I:HIF] hif_wake_interrupt_handler: wake interrupt received on irq 347
[   39.614949] cnss: Runtime resume start
[   39.615077] cnss: Resuming PCI link
[   39.617933] cnss: Set PCI link status to: 2
[   39.618009] cnss: Setting MHI state: RESUME(7)
[   39.619284] [kworke][0x3428ec7b][05:14:23.960652] wlan: [1974:I:PMO] pmo_core_psoc_send_host_wakeup_ind_to_fw: Host wakeup indication sent to fw
[   39.629259] [soft_i][0x342bf250][05:14:23.970970] wlan: [0:I:WMA] WLAN triggered wakeup: BPF_ALLOW (39), vdev: 0 (STA)
[   39.629523] [soft_i][0x342c0653][05:14:23.971236] wlan: [0:I:WMA] wma_wake_event_packet: Wake event packet:
[   39.629556] [soft_i][0x342c08cd][05:14:23.971269] wlan: [0:I:WMA] 00000000: 96 ee 47 b4 b6 a4 00 e0 4c 68 03 8b 08 00 45 00
[   39.629581] [soft_i][0x342c0aa4][05:14:23.971294] wlan: [0:I:WMA] 00000010: 00 28 07 77 00 00 40 06 78 79 0a 00 4e 4c 0a 00
[   39.629604] [soft_i][0x342c0c74][05:14:23.971318] wlan: [0:I:WMA] 00000020: 98 94 d9 90 9e 87 a3 7f 0b fb 9c 81 27 d5 50 10
[   39.629627] [soft_i][0x342c0e1d][05:14:23.971340] wlan: [0:I:WMA] 00000030: 0d 64 bb a6 00 00 00 00 00 00 00 00
[   39.629792] [soft_i][0x342c1a7b][05:14:23.971505] wlan: [0:I:WMA] wma_log_pkt_ipv4: Pkt_len: 40, src_port: 55696, dst_port: 40583
[   39.631251] cnss: Runtime resume status: 0
[   40.348993] SELinux: avc:  denied  { find } for pid=1930 uid=1000 name=vendor.qti.hardware.servicetrackeraidl.IServicetracker/default scontext=u:r:system_server:s0 tcontext=u:object_r:default_android_service:s0 tclass=service_manager permissive=0
[   41.065571] audit: audit_lost=1917 audit_rate_limit=5 audit_backlog_limit=128
[   41.065614] audit: rate limit exceeded
[   42.236420] SELinux:  Converting 2383 SID table entries...
[   42.254396] SELinux:  policy capability network_peer_controls=1
[   42.254414] SELinux:  policy capability open_perms=1
[   42.254418] SELinux:  policy capability extended_socket_class=1
[   42.254422] SELinux:  policy capability always_check_network=0
[   42.254426] SELinux:  policy capability cgroup_seclabel=0
[   42.254430] SELinux:  policy capability nnp_nosuid_transition=1
[   42.254435] SELinux:  policy capability genfs_seclabel_symlinks=0
[   42.254440] SELinux:  policy capability ioctl_skip_cloexec=0
[   42.292328] audit: audit_lost=1955 audit_rate_limit=5 audit_backlog_limit=128
[   42.292345] audit: rate limit exceeded
[   42.898063] cnss: Runtime suspend start
[   42.898614] [kworke][0x37e9c45a][05:14:27.240330] wlan: [1974:I:PMO] pmo_core_enable_wow_in_fw: drv wow is enabled
[   42.939095] cnss: Setting MHI state: SUSPEND(6)
[   42.939136] cnss: Suspending PCI link
[   42.939145] cnss: Use PCIe DRV suspend
[   42.946621] cnss: Runtime suspend status: 0
[   42.994112] [irq][0x3805be72][05:14:27.335825] wlan: [0:I:HIF] hif_wake_interrupt_handler: wake interrupt received on irq 347
[   42.994215] cnss: Runtime resume start
[   42.994289] cnss: Resuming PCI link
[   42.996706] cnss: Set PCI link status to: 2
[   42.996742] cnss: Setting MHI state: RESUME(7)
[   42.997417] [kworke][0x3806b688][05:14:27.339132] wlan: [1974:I:PMO] pmo_core_psoc_send_host_wakeup_ind_to_fw: Host wakeup indication sent to fw
[   43.007658] [soft_i][0x3809b69f][05:14:27.349374] wlan: [0:I:WMA] WLAN triggered wakeup: BPF_ALLOW (39), vdev: 0 (STA)
[   43.007769] [soft_i][0x3809bf14][05:14:27.349486] wlan: [0:I:WMA] wma_wake_event_packet: Wake event packet:
[   43.007794] [soft_i][0x3809c00a][05:14:27.349499] wlan: [0:I:WMA] 00000000: 96 ee 47 b4 b6 a4 00 e0 4c 68 03 8b 08 00 45 00
[   43.007803] [soft_i][0x3809c1a2][05:14:27.349520] wlan: [0:I:WMA] 00000010: 00 28 57 5d 00 00 40 06 28 93 0a 00 4e 4c 0a 00
[   43.007812] [soft_i][0x3809c24f][05:14:27.349529] wlan: [0:I:WMA] 00000020: 98 94 d9 90 9e 87 a3 7f 0b fb 9c 81 27 d5 50 10
[   43.007821] [soft_i][0x3809c2fc][05:14:27.349538] wlan: [0:I:WMA] 00000030: 0d 64 bb a6 00 00 00 00 00 00 00 00
[   43.007867] [soft_i][0x3809c66f][05:14:27.349584] wlan: [0:I:WMA] wma_log_pkt_ipv4: Pkt_len: 40, src_port: 55696, dst_port: 40583
[   43.008082] cnss: Runtime resume status: 0
[   43.060430] KernelSU: shell is allowed at init!
[   43.136550] found variant: sys_call_table
[   43.180322] KernelSU: sys_call_table=0xffffffeb89f56a08
[   43.212755] KernelSU: sys_ni_syscall: 0xffffffeb89750ae8
[   43.212777] KernelSU: ni_syscall 1: 42
[   43.212784] KernelSU: patch syscall 42, 0xffffffeb89750ae8 -> 0xffffffeb858c0b98
[   43.216266] KernelSU: dispatcher installed at slot 42
[   43.216280] KernelSU: feature: feature management initialized
[   43.216287] KernelSU: feature: registered handler for sulog (id=2)
[   43.216296] KernelSU: feature: registered handler for adb_root (id=3)
[   43.216301] KernelSU: lsm_hook: init, tracked hooks=0
[   43.216305] KernelSU: feature: registered handler for selinux_hide (id=4)
[   43.216316] KernelSU: initialize_fake_status initialized: sequence=0, policyload=0, enforcing=1
[   43.265980] KernelSU: KernelSU IOCTL Commands:
[   43.266006] KernelSU:   GRANT_ROOT         = 0x00004b01
[   43.266013] KernelSU:   GET_INFO           = 0x80104b02
[   43.266019] KernelSU:   GET_INFO_LEGACY    = 0x80004b02
[   43.266024] KernelSU:   REPORT_EVENT       = 0x40004b03
[   43.266031] KernelSU:   SET_SEPOLICY       = 0xc0004b04
[   43.266036] KernelSU:   CHECK_SAFEMODE     = 0x80004b05
[   43.266043] KernelSU:   GET_ALLOW_LIST     = 0xc0004b06
[   43.266049] KernelSU:   GET_DENY_LIST      = 0xc0004b07
[   43.266056] KernelSU:   NEW_GET_ALLOW_LIST = 0xc0044b06
[   43.266062] KernelSU:   NEW_GET_DENY_LIST  = 0xc0044b07
[   43.266068] KernelSU:   UID_GRANTED_ROOT   = 0xc0004b08
[   43.266074] KernelSU:   UID_SHOULD_UMOUNT  = 0xc0004b09
[   43.266080] KernelSU:   GET_MANAGER_APPID  = 0x80004b0a
[   43.266086] KernelSU:   GET_APP_PROFILE    = 0xc0004b0b
[   43.266092] KernelSU:   SET_APP_PROFILE    = 0x40004b0c
[   43.266097] KernelSU:   GET_FEATURE        = 0xc0004b0d
[   43.266103] KernelSU:   SET_FEATURE        = 0x40004b0e
[   43.266110] KernelSU:   GET_WRAPPER_FD     = 0x40004b0f
[   43.266117] KernelSU:   MANAGE_MARK        = 0xc0004b10
[   43.266122] KernelSU:   NUKE_EXT4_SYSFS    = 0x40004b11
[   43.266130] KernelSU:   ADD_TRY_UMOUNT     = 0x40004b12
[   43.266137] KernelSU:   SET_INIT_PGRP      = 0x00004b13
[   43.266143] KernelSU:   GET_SULOG_FD       = 0x40044b14
[   43.266149] KernelSU:   DISABLE_ESCAPE_TO_ROOT = 0x00004b15
[   43.268694] KernelSU: reboot kprobe registered successfully
[   43.268702] KernelSU: late load mode, skipping kprobe hooks
[   43.268708] KernelSU: SELinux permissive or disabled, apply rules!
[   43.279389] KernelSU: old config: 1
[   43.279398] KernelSU: adding POLICYDB_CONFIG_ANDROID_NETLINK_ROUTE
[   43.279401] KernelSU: adding POLICYDB_CONFIG_ANDROID_NETLINK_GETNEIGH
[   43.279404] KernelSU: new config: 3221225473
[   43.298455] audit: audit_lost=2003 audit_rate_limit=5 audit_backlog_limit=128
[   43.298467] audit: rate limit exceeded
[   43.343591] KernelSU: backup sepolicy success! latest_granting=2
[   43.387520] KernelSU: old config: 1
[   43.387536] KernelSU: adding POLICYDB_CONFIG_ANDROID_NETLINK_ROUTE
[   43.387540] KernelSU: adding POLICYDB_CONFIG_ANDROID_NETLINK_GETNEIGH
[   43.387543] KernelSU: new config: 3221225473
