[    1.777401] Failed to create system directory msm_vidc_events
[    1.777436] Failed to create system directory msm_vidc_events
[    1.777472] Failed to create system directory msm_vidc_events
[    1.777508] Failed to create system directory msm_vidc_events
[    1.777544] Failed to create system directory msm_vidc_events
[    1.777581] Failed to create system directory msm_vidc_events
[    1.779202] DATARMNET5e4be08a32(): Loading
[    1.779483] msm_cvp ab00000.qcom,cvp:cvp_non_secure_cb: Adding to iommu group 27
[    1.780209] msm_cvp ab00000.qcom,cvp:cvp_secure_nonpixel_cb: Adding to iommu group 28
[    1.780625] cnss: Sending AOP Mbox msg: {class: wlan_pdc, ss: rf, res: s6g.v, dwnval: 1820}
[    1.780711] msm_cvp ab00000.qcom,cvp:cvp_secure_pixel_cb: Adding to iommu group 29
[    1.781171] coresight coresight-stm: STM32 initialized
[    1.781905] msm_vidc_v4l2 aa00000.qcom,vidc:non_secure_pixel_cb: Adding to iommu group 30
[    1.782124] msm_vidc_v4l2 aa00000.qcom,vidc:secure_non_pixel_cb: Adding to iommu group 31
[    1.782337] msm_vidc_v4l2 aa00000.qcom,vidc:non_secure_cb: Adding to iommu group 32
[    1.782475] msm_vidc_v4l2 aa00000.qcom,vidc:secure_bitstream_cb: Adding to iommu group 33
[    1.782670] msm_vidc_v4l2 aa00000.qcom,vidc:secure_pixel_cb: Adding to iommu group 34
[    1.783649] msm_cvp ab00000.qcom,cvp:qcom,msm-cvp,mem_cdsp: assigned reserved memory node cdsp_eva_region
[    1.783796] video_cc-kalama aaf0000.clock-controller: sync-state
[    1.784565] msm_vidc_v4l2 aa00000.qcom,vidc: bound aa00000.qcom,vidc:non_secure_pixel_cb (ops msm_vidc_component_cb_ops [msm_video])
[    1.784616] msm_vidc_v4l2 aa00000.qcom,vidc: bound aa00000.qcom,vidc:non_secure_cb (ops msm_vidc_component_cb_ops [msm_video])
[    1.784646] msm_vidc_v4l2 aa00000.qcom,vidc: bound aa00000.qcom,vidc:secure_non_pixel_cb (ops msm_vidc_component_cb_ops [msm_video])
[    1.784673] msm_vidc_v4l2 aa00000.qcom,vidc: bound aa00000.qcom,vidc:secure_bitstream_cb (ops msm_vidc_component_cb_ops [msm_video])
[    1.784699] msm_vidc_v4l2 aa00000.qcom,vidc: bound aa00000.qcom,vidc:secure_pixel_cb (ops msm_vidc_component_cb_ops [msm_video])
[    1.785460] cnss: Sending AOP Mbox msg: {class: wlan_pdc, ss: rf, res: s2g.m, enable: 0}
[    1.785895] cnss: Sending AOP Mbox msg: {class: wlan_pdc, ss: rf, res: s2g.v, enable: 0}
[    1.786297] rtc6226: rtc6226_i2c_probe: rtc6226,vdd-load val 15000
[    1.786307] rtc6226: rtc6226_pinctrl_init: target does not use pinctrl
[    1.786310] rtc6226: rtc6226_i2c_probe: rtc6226_pinctrl_init returned -19
[    1.786464] cnss: Sending AOP Mbox msg: {class: wlan_pdc, ss: bb, res: pdc, enable: 1}
[    1.786614] cnss: Sending AOP Mbox msg: {class: wlan_pdc, ss: bb, res: s2g.v, upval: 976}
[    1.787318] msm_vidc_v4l2 aa00000.qcom,vidc: Direct firmware load for vpu30_4v.mbn failed with error -2
[    1.787322] msm_vidc_v4l2 aa00000.qcom,vidc: Falling back to sysfs fallback for: vpu30_4v.mbn
[    1.787376] cnss: Sending AOP Mbox msg: {class: wlan_pdc, ss: bb, res: s2g.v, dwnval: 512}
[    1.787788] cnss: Sending AOP Mbox msg: {class: wlan_pdc, ss: bb, res: s5g.v, upval: 940}
[    1.788192] cnss: Sending AOP Mbox msg: {class: wlan_pdc, ss: bb, res: s5g.v, dwnval: 420}
[    1.789119] cnss: Got regulator: vdd-wlan-io, min_uv: 1800000, max_uv: 1800000, load_ua: 0, delay_us: 0, need_unvote: 1
[    1.789168] cnss: Got regulator: vdd-wlan, min_uv: 1000000, max_uv: 1000000, load_ua: 0, delay_us: 0, need_unvote: 1
[    1.789223] cnss: Got regulator: vdd-wlan-aon, min_uv: 980000, max_uv: 980000, load_ua: 0, delay_us: 0, need_unvote: 1
[    1.789255] cnss: Got regulator: vdd-wlan-dig, min_uv: 950000, max_uv: 950000, load_ua: 0, delay_us: 0, need_unvote: 1
[    1.789282] cnss: Got regulator: vdd-wlan-rfa1, min_uv: 1900000, max_uv: 1900000, load_ua: 0, delay_us: 0, need_unvote: 1
[    1.789311] cnss: Got regulator: vdd-wlan-rfa2, min_uv: 1350000, max_uv: 1350000, load_ua: 0, delay_us: 0, need_unvote: 1
[    1.789331] cnss: Failed to get optional clock rf_clk, err = -2
[    1.789419] cnss: WLAN_EN GPIO: 381
[    1.789424] cnss: BT GPIO: 382
[    1.789427] cnss: Switch control GPIO: 383
[    1.789431] cnss: ICC Path_Count: 2 BW_CFG_Count: 9
[    1.789440] cnss: ICC Vote CFG for path: pcie_to_memnoc
[    1.789442] cnss: ICC Vote BW: 0 avg: 0 peak: 0
[    1.789444] cnss: ICC Vote BW: 1 avg: 2250 peak: 1600000
[    1.789446] cnss: ICC Vote BW: 2 avg: 7500 peak: 1600000
[    1.789448] cnss: ICC Vote BW: 3 avg: 30000 peak: 1600000
[    1.789450] cnss: ICC Vote BW: 4 avg: 100000 peak: 1600000
[    1.789452] cnss: ICC Vote BW: 5 avg: 175000 peak: 6448000
[    1.789453] cnss: ICC Vote BW: 6 avg: 312500 peak: 6448000
[    1.789455] cnss: ICC Vote BW: 7 avg: 587500 peak: 8528000
[    1.789457] cnss: ICC Vote BW: 8 avg: 7500 peak: 3200000
[    1.789462] cnss: ICC Vote CFG for path: memnoc_to_ddr
[    1.789464] cnss: ICC Vote BW: 0 avg: 0 peak: 0
[    1.789466] cnss: ICC Vote BW: 1 avg: 2250 peak: 2188800
[    1.789467] cnss: ICC Vote BW: 2 avg: 7500 peak: 2188800
[    1.789469] cnss: ICC Vote BW: 3 avg: 30000 peak: 2188800
[    1.789471] cnss: ICC Vote BW: 4 avg: 100000 peak: 2188800
[    1.789472] cnss: ICC Vote BW: 5 avg: 175000 peak: 6220800
[    1.789474] cnss: ICC Vote BW: 6 avg: 312500 peak: 8368000
[    1.789475] cnss: ICC Vote BW: 7 avg: 587500 peak: 12800000
[    1.789477] cnss: ICC Vote BW: 8 avg: 7500 peak: 2188800
[    1.789713] tzobject_delete: me->fd = 4, me->refs = 0, files = 00000000cb317036
[    1.789828] cnss: SMC invoke ret: 10 state: 0
[    1.789831] cnss: Secure HW mode is not updated. Peripheral not found
[    1.789832] tzobject_delete: me->fd = 4, me->refs = 0, files = 00000000cb317036
[    1.789882] tzobject_delete: me->fd = 5, me->refs = 0, files = 00000000cb317036
[    1.789933] cnss: Regulator vdd-wlan-io is being enabled
[    1.790027] cnss: Regulator vdd-wlan is being enabled
[    1.790167] cnss: Regulator vdd-wlan-aon is being enabled
[    1.790884] cnss: Regulator vdd-wlan-dig is being enabled
[    1.791088] cnss: Regulator vdd-wlan-rfa1 is being enabled
[    1.791231] cnss: Regulator vdd-wlan-rfa2 is being enabled
[    1.791980] register_kretprobe failed for trace_dwc3_gadget_ep_cmd, returned -2
[    1.792300] cnss: WLAN_EN Value: 1
[    1.792303] cnss: Assert WLAN_EN GPIO successfully
[    1.792306] cnss: Trying to enumerate with PCIe RC0
[    1.792313] msm_pcie_enable: PCIe: Assert the reset of endpoint of RC0.
[    1.795652] msm_pcie_enable: PCIe: RC0: PCIE20_PARF_INT_ALL_MASK: 0x7f80d202
[    1.797920] pcie_phy_init: PCIe RC0 PHY is ready!
[    1.805864] register_kretprobe failed for trace_dwc3_prepare_trb, returned -2
[    1.806528] rtc6226: rtc6226_i2c_probe exit
[    1.806664] i2c_geni 988000.i2c: I2C probed
[    1.806918] i2c_geni a80000.i2c: Bus frequency is set to 1000000Hz.
[    1.807540] i2c_geni a80000.i2c: I2C probed
[    1.807832] i2c_geni a90000.i2c: Bus frequency is set to 400000Hz.
[    1.807848] nfc_parse_dt: irq 356
[    1.807857] nfc_parse_dt: irq 356, ven 331, dwl 313, clkreq 332, clk_pin_voting 0 
[    1.807913] nfc_i2c_dev_probe: requesting IRQ 315
[    1.807960] msm_pcie_enable: PCIe: Release the reset of endpoint of RC0.
[    1.808136] tzobject_delete: me->fd = 0, me->refs = 0, files = 00000000b9eff499
[    1.808262] TZ ret: 10 state: 0
[    1.808264] tzobject_delete: me->fd = 0, me->refs = 0, files = 00000000b9eff499
[    1.808313] tzobject_delete: me->fd = 1, me->refs = 0, files = 00000000b9eff499
[    1.808448] i2c_geni a90000.i2c: I2C probed
[    1.808617] i2c_geni 888000.i2c: Bus frequency is set to 1000000Hz.
[    1.809208] cs40l2x 3-0040: supply VA not found, using dummy regulator
[    1.809239] cs40l2x 3-0040: supply VP not found, using dummy regulator
[    1.824344] msm_pcie_link_train: PCIe RC0 link initialized
[    1.824474] pci-msm 1c00000.qcom,pcie: host bridge /soc/qcom,pcie@1c00000 ranges:
[    1.824482] pci-msm 1c00000.qcom,pcie:   No bus range found for /soc/qcom,pcie@1c00000, using [bus 00-ff]
[    1.824493] pci-msm 1c00000.qcom,pcie:       IO 0x0060200000..0x00602fffff -> 0x0060200000
[    1.824499] pci-msm 1c00000.qcom,pcie:      MEM 0x0060300000..0x0063ffffff -> 0x0060300000
[    1.824855] pci-msm 1c00000.qcom,pcie: PCI host bridge to bus 0000:00
[    1.824858] pci_bus 0000:00: root bus resource [bus 00-ff]
[    1.824858] register_kretprobe failed for trace_dwc3_event, returned -2
[    1.824861] pci_bus 0000:00: root bus resource [io  0x0000-0xfffff] (bus address [0x60200000-0x602fffff])
[    1.824866] pci_bus 0000:00: root bus resource [mem 0x60300000-0x63ffffff]
[    1.824896] pci 0000:00:00.0: [17cb:0113] type 01 class 0x060400
[    1.824924] pci 0000:00:00.0: reg 0x10: [mem 0x00000000-0x00000fff 64bit]
[    1.825039] pci 0000:00:00.0: PME# supported from D0 D3hot D3cold
[    1.830106] pci 0000:00:00.0: bridge configuration invalid ([bus 00-00]), reconfiguring
[    1.830245] pci 0000:01:00.0: [17cb:1107] type 00 class 0x028000
[    1.830322] pci 0000:01:00.0: reg 0x10: [mem 0x00000000-0x001fffff 64bit]
[    1.830649] pci 0000:01:00.0: PME# supported from D0 D3hot D3cold
[    1.835178] cs40l2x 3-0040: Cirrus Logic CS40L25A revision B1
[    1.839613] msm-dwc3 a600000.ssusb: IRQ hs_phy_irq not found
[    1.847251] pci_bus 0000:01: busn_res: [bus 01-ff] end is updated to 01
[    1.847268] pci 0000:00:00.0: BAR 14: assigned [mem 0x60400000-0x605fffff]
[    1.847271] pci 0000:00:00.0: BAR 15: assigned [mem 0x60600000-0x607fffff 64bit pref]
[    1.847273] pci 0000:00:00.0: BAR 0: assigned [mem 0x60300000-0x60300fff 64bit]
[    1.847288] pci 0000:00:00.0: BAR 13: assigned [io  0x1000-0x1fff]
[    1.847291] pci 0000:01:00.0: BAR 0: assigned [mem 0x60400000-0x605fffff 64bit]
[    1.847326] pci 0000:00:00.0: PCI bridge to [bus 01]
[    1.847329] pci 0000:00:00.0:   bridge window [io  0x1000-0x1fff]
[    1.847337] pci 0000:00:00.0:   bridge window [mem 0x60400000-0x605fffff]
[    1.847343] pci 0000:00:00.0:   bridge window [mem 0x60600000-0x607fffff 64bit pref]
[    1.847629] msm_pcie_enumerate: PCIe: RC0: has already been enumerated.
[    1.847865] cnss_pci 0000:01:00.0: Adding to iommu group 35
[    1.849203] cnss: PCI is probing, vendor ID: 0x17cb, device ID: 0x1107
[    1.849215] cnss_pci 0000:01:00.0: assigned reserved memory node cnss_wlan_region
[    1.849217] cnss: CMA area is cnss_wlan_region
[    1.849223] cnss: Ramdump size 0x780000
[    1.849228] cnss: Initializing SMMU
[    1.849230] cnss: Enabling SMMU S1 stage
[    1.849233] cnss: smmu_iova_start: 0x00000000a0000000, smmu_iova_len: 0x10000000
[    1.849236] cnss: smmu_iova_ipa_start: 0x00000000b0000000, smmu_iova_ipa_len: 0x10000
[    1.849239] cnss: iommu_geometry: 0
[    1.849243] cnss: PCIe DRV is supported
[    1.849265] cnss_pci 0000:01:00.0: BAR 0: assigned [mem 0x60400000-0x605fffff 64bit]
[    1.849315] pci 0000:00:00.0: enabling device (0006 -> 0007)
[    1.849327] cnss_pci 0000:01:00.0: enabling device (0000 -> 0002)
[    1.849363] cnss: Set PCI DMA MASK (0xfffffffff)
[    1.850172] cnss: MSI base data is 0
[    1.850175] cnss: BAR starts at 0x0000000060400000, length is 200000
[    1.850178] cnss: Assign MSI to user: MHI, num_vectors: 3, user_base_data: 0, base_vector: 0
[    1.850180] cnss: Number of assigned MSI for MHI is 3, base vector is 0
[    1.850182] cnss: Get IRQ number 321 for vector index 0
[    1.850184] cnss: Get IRQ number 322 for vector index 1
[    1.850185] cnss: Get IRQ number 323 for vector index 2
[    1.850189] cnss: Get device version info, family number: 0x4, device number: 0x17, major version: 0x2, minor version: 0x0
[    1.850382] cnss: PCIe DRV is supported
[    1.850386] cnss: FW name added with prefix: kiwi/amss20.bin
[    1.850387] cnss: FW name is kiwi/amss20.bin, FW fallback name is amss20.bin
[    1.850393] cs40l2x 3-0040: Direct firmware load for cs40l25a_a2h.wmfw failed with error -2
[    1.850394] cnss: Get PCI link status register: 4130
[    1.850396] cnss: Default PCI link speed is 0x2, link width is 0x2
[    1.850398] cs40l2x 3-0040: Falling back to sysfs fallback for: cs40l25a_a2h.wmfw
[    1.850619] i2c_geni 888000.i2c: I2C probed
[    1.850833] i2c_geni 88c000.i2c: Bus frequency is set to 1000000Hz.
[    1.851658] cs35l45 4-0030: supply VA not found, using dummy regulator
[    1.851720] cs35l45 4-0030: supply VP not found, using dummy regulator
[    1.859564] cs35l45 4-0030: Cirrus Logic CS35L45: DEVID 35A450 REVID 0xA0 RELID 0x00 OTPID 0x0B.
[    1.870302] cnss: Suspending PCI link
[    1.878767] cs35l45 4-0031: supply VA not found, using dummy regulator
[    1.878805] cs35l45 4-0031: supply VP not found, using dummy regulator
[    1.878879] cs35l45 4-0031: Reset line busy, assuming shared reset
[    1.879767] nfc_post_init success
[    1.879772] nfc_i2c_dev_probe:nfc secure_zone = false
[    1.879821] nfc_i2c_dev_probe: probing nfc i2c success
[    1.886632] cs35l45 4-0031: Cirrus Logic CS35L45: DEVID 35A450 REVID 0xA0 RELID 0x00 OTPID 0x0B.
[    1.905099] i2c_geni 88c000.i2c: I2C probed
[    1.980369] msm_pcie_disable: PCIe: Assert the reset of endpoint of RC0.
[    1.980786] cnss: WLAN_EN Value: 0
[    1.980790] cnss: De-assert WLAN_EN GPIO successfully
[    1.980792] cnss: Regulator vdd-wlan-rfa2 is being disabled
[    1.980806] cnss: Regulator vdd-wlan-rfa1 is being disabled
[    1.980829] cnss: Regulator vdd-wlan-dig is being disabled
[    1.980850] cnss: Regulator vdd-wlan-aon is being disabled
[    1.980870] cnss: Regulator vdd-wlan is being disabled
[    1.980889] cnss: Regulator vdd-wlan-io is being disabled
[    1.980972] cnss: Platform driver probed successfully.
[    4.416100] Error: adsprpc (6086): audioadsprpcd: fastrpc_get_info: cannot use domain 0 with non-secure device
[    4.416160] Error: adsprpc (6086): audioadsprpcd: fastrpc_get_info: cannot use domain 0 with non-secure device
[    5.592431] Failed to create system directory gsi
[    5.592751] kauditd_printk_skb: 641 callbacks suppressed
[    5.592755] audit: type=1400 audit(3578715.631:349): avc:  denied  { search } for  pid=669 comm="modprobe" name="events" dev="tracefs" ino=28023 scontext=u:r:vendor_modprobe:s0 tcontext=u:object_r:debugfs_libselinux_tracing:s0 tclass=dir permissive=0
[    5.593024] (NULL device *): msm_gsi_probe:5880 No MSIs configured
[    5.597566] coresight-tmc 10048000.tmc: Adding to iommu group 36
[    5.601298] coresight-tmc 1004f000.tmc: Adding to iommu group 37
[    5.601957] tmc_etr_usb_init: ETR usb property is not configured!
[    5.613502] Could not create tracefs 'gpu_work_period' directory
[    5.613512] audit: type=1400 audit(3578715.651:350): avc:  denied  { search } for  pid=719 comm="modprobe" name="power" dev="tracefs" ino=35082 scontext=u:r:vendor_modprobe:s0 tcontext=u:object_r:debugfs_libselinux_tracing:s0 tclass=dir permissive=0
[    5.613602] Failed to create system directory kgsl
[    5.613606] audit: type=1400 audit(3578715.651:351): avc:  denied  { search } for  pid=719 comm="modprobe" name="events" dev="tracefs" ino=28023 scontext=u:r:vendor_modprobe:s0 tcontext=u:object_r:debugfs_libselinux_tracing:s0 tclass=dir permissive=0
[    5.613655] Failed to create system directory kgsl
[    5.613658] audit: type=1400 audit(3578715.651:352): avc:  denied  { search } for  pid=719 comm="modprobe" name="events" dev="tracefs" ino=28023 scontext=u:r:vendor_modprobe:s0 tcontext=u:object_r:debugfs_libselinux_tracing:s0 tclass=dir permissive=0
[    5.613690] Failed to create system directory kgsl
[    5.613693] audit: type=1400 audit(3578715.651:353): avc:  denied  { search } for  pid=719 comm="modprobe" name="events" dev="tracefs" ino=28023 scontext=u:r:vendor_modprobe:s0 tcontext=u:object_r:debugfs_libselinux_tracing:s0 tclass=dir permissive=0
[    5.613727] Failed to create system directory kgsl
[    5.613730] audit: type=1400 audit(3578715.651:354): avc:  denied  { search } for  pid=719 comm="modprobe" name="events" dev="tracefs" ino=28023 scontext=u:r:vendor_modprobe:s0 tcontext=u:object_r:debugfs_libselinux_tracing:s0 tclass=dir permissive=0
[    5.613762] Failed to create system directory kgsl
[    5.613764] audit: type=1400 audit(3578715.651:355): avc:  denied  { search } for  pid=719 comm="modprobe" name="events" dev="tracefs" ino=28023 scontext=u:r:vendor_modprobe:s0 tcontext=u:object_r:debugfs_libselinux_tracing:s0 tclass=dir permissive=0
[    5.613792] Failed to create system directory kgsl
[    5.613795] audit: type=1400 audit(3578715.651:356): avc:  denied  { search } for  pid=719 comm="modprobe" name="events" dev="tracefs" ino=28023 scontext=u:r:vendor_modprobe:s0 tcontext=u:object_r:debugfs_libselinux_tracing:s0 tclass=dir permissive=0
[    5.613824] Failed to create system directory kgsl
[    5.613827] audit: type=1400 audit(3578715.651:357): avc:  denied  { search } for  pid=719 comm="modprobe" name="events" dev="tracefs" ino=28023 scontext=u:r:vendor_modprobe:s0 tcontext=u:object_r:debugfs_libselinux_tracing:s0 tclass=dir permissive=0
[    5.613854] Failed to create system directory kgsl
[    5.613857] audit: type=1400 audit(3578715.651:358): avc:  denied  { search } for  pid=719 comm="modprobe" name="events" dev="tracefs" ino=28023 scontext=u:r:vendor_modprobe:s0 tcontext=u:object_r:debugfs_libselinux_tracing:s0 tclass=dir permissive=0
[    5.613884] Failed to create system directory kgsl
[    5.613915] Failed to create system directory kgsl
[    5.613946] Failed to create system directory kgsl
[    5.613974] Failed to create system directory kgsl
[    5.614005] Failed to create system directory kgsl
[    5.614034] Failed to create system directory kgsl
[    5.614064] Failed to create system directory kgsl
[    5.614095] Failed to create system directory kgsl
[    5.614125] Failed to create system directory kgsl
[    5.614156] Failed to create system directory kgsl
[    5.614188] Failed to create system directory kgsl
[    5.614219] Failed to create system directory kgsl
[    5.614249] Failed to create system directory kgsl
[    5.614303] Failed to create system directory kgsl
[    5.614332] Failed to create system directory kgsl
[    5.614362] Failed to create system directory kgsl
[    5.614395] Failed to create system directory kgsl
[    5.614425] Failed to create system directory kgsl
[    5.614455] Failed to create system directory kgsl
[    5.614488] Failed to create system directory kgsl
[    5.614517] Failed to create system directory kgsl
[    5.614546] Failed to create system directory kgsl
[    5.614577] Failed to create system directory kgsl
[    5.614607] Failed to create system directory kgsl
[    5.614638] Failed to create system directory kgsl
[    5.614668] Failed to create system directory kgsl
[    5.614697] Failed to create system directory kgsl
[    5.614727] Failed to create system directory kgsl
[    5.614755] Failed to create system directory kgsl
[    5.614781] Failed to create system directory kgsl
[    5.614807] Failed to create system directory kgsl
[    5.614835] Failed to create system directory kgsl
[    5.614859] Failed to create system directory kgsl
[    5.614884] Failed to create system directory kgsl
[    5.614915] Failed to create system directory kgsl
[    5.614942] Failed to create system directory kgsl
[    5.614970] Failed to create system directory kgsl
[    5.614999] Failed to create system directory kgsl
[    5.615026] Failed to create system directory kgsl
[    5.615056] Failed to create system directory kgsl
[    5.615087] Failed to create system directory kgsl
[    5.615117] Failed to create system directory kgsl
[    5.615147] Failed to create system directory kgsl
[    5.615178] Failed to create system directory kgsl
[    5.615206] Failed to create system directory kgsl
[    5.615235] Failed to create system directory kgsl
[    5.615266] Failed to create system directory kgsl
[    5.615296] Failed to create system directory kgsl
[    5.615327] Failed to create system directory kgsl
[    5.615357] Failed to create system directory kgsl
[    5.615386] Failed to create system directory kgsl
[    5.615414] Failed to create system directory kgsl
[    5.615445] Failed to create system directory kgsl
[    5.615493] Failed to create system directory kgsl
[    5.626498] Failed to create system directory kgsl
[    5.626579] Failed to create system directory kgsl
[    5.626622] Failed to create system directory kgsl
[    5.626664] Failed to create system directory kgsl
[    5.626707] Failed to create system directory kgsl
[    5.626745] Failed to create system directory kgsl
[    5.626782] Failed to create system directory kgsl
[    5.626818] Failed to create system directory kgsl
[    5.626851] Failed to create system directory kgsl
[    5.626886] Failed to create system directory kgsl
[    5.626921] Failed to create system directory kgsl
[    5.626950] Failed to create system directory kgsl
[    5.626979] Failed to create system directory kgsl
[    5.627008] Failed to create system directory kgsl
[    5.627035] Failed to create system directory kgsl
[    5.627063] Failed to create system directory kgsl
[    5.627092] Failed to create system directory kgsl
[    5.627118] Failed to create system directory kgsl
[    5.627144] Failed to create system directory kgsl
[    5.627173] Failed to create system directory kgsl
[    5.627201] Failed to create system directory kgsl
[    5.627228] Failed to create system directory kgsl
[    5.627264] Failed to create system directory kgsl
[    5.627295] Failed to create system directory kgsl
[    5.627327] Failed to create system directory kgsl
[    5.627361] Failed to create system directory kgsl
[    5.627396] Failed to create system directory kgsl
[    5.627429] Failed to create system directory kgsl
[    5.627466] Failed to create system directory kgsl
[    5.627506] Failed to create system directory kgsl
[    5.627547] Failed to create system directory kgsl
[    5.627585] Failed to create system directory kgsl
[    5.627624] Failed to create system directory kgsl
[    5.629250] Failed to create system directory sde
[    5.630312] Failed to create system directory sde
[    5.631445] Failed to create system directory sde
[    5.631597] Failed to create system directory sde
[    5.631647] Failed to create system directory sde
[    5.631715] Failed to create system directory sde
[    5.631771] Failed to create system directory sde
[    5.631818] Failed to create system directory sde
[    5.631874] Failed to create system directory sde
[    5.631921] Failed to create system directory sde
[    5.631964] Failed to create system directory sde
[    5.632021] Failed to create system directory sde
[    5.632170] Failed to create system directory camera
[    5.632362] Failed to create system directory camera
[    5.632424] Failed to create system directory camera
[    5.632506] Failed to create system directory camera
[    5.632564] Failed to create system directory camera
[    5.632623] Failed to create system directory camera
[    5.632716] Failed to create system directory camera
[    5.632772] Failed to create system directory camera
[    5.632832] Failed to create system directory camera
[    5.632921] Failed to create system directory camera
[    5.632975] Failed to create system directory camera
[    5.633035] Failed to create system directory camera
[    5.633110] Failed to create system directory camera
[    5.633172] Failed to create system directory camera
[    5.633245] Failed to create system directory camera
[    5.633314] Failed to create system directory camera
[    5.633362] Failed to create system directory camera
[    5.634807] adreno-gen7-gmu 3d68000.qcom,gmu: Adding to iommu group 38
[    5.634917] CAM_INFO: CAM-UTIL: camera_init: 293 Camera-Banner: (hudsonslave@ip-10-26-39-18) (Mon May 18 06:17:38 UTC 2026)
[    5.635040] Failed to create system directory ipa
[    5.635100] Failed to create system directory ipa
[    5.635131] Failed to create system directory ipa
[    5.635156] Failed to create system directory ipa
[    5.635182] Failed to create system directory ipa
[    5.635210] Failed to create system directory ipa
[    5.635238] Failed to create system directory ipa
[    5.635266] Failed to create system directory ipa
[    5.635749] Failed to create system directory ipa
[    5.635781] Failed to create system directory ipa
[    5.635808] Failed to create system directory ipa
[    5.635837] Failed to create system directory ipa
[    5.635864] Failed to create system directory ipa
[    5.635891] Failed to create system directory ipa
[    5.635925] Failed to create system directory ipa
[    5.635956] Failed to create system directory ipa
[    5.635984] Failed to create system directory ipa
[    5.637761] [sde_rsc_hw:rsc_hw_init_v3:545]: sde rsc init successfully done
[    5.637782] [sde_rsc:sde_rsc_probe:1830]: sde rsc index:0 probed successfully
[    5.638483] msmdrm_smmu soc:qcom,smmu_sde_unsec_cb: Adding to iommu group 39
[    5.638782] [drm] probing device qcom,smmu_sde_unsec
[    5.638786] [drm] Created domain mdp_ns, secure=0
[    5.639342] kgsl-3d 3d00000.qcom,kgsl-3d0: bound 3d68000.qcom,gmu (ops gen7_gmu_component_ops [msm_kgsl])
[    5.640059] ipa 3e00000.qcom,ipa:ipa_smmu_ap: Adding to iommu group 40
[    5.640584] platform 3da0000.qcom,kgsl-iommu:gfx3d_user: Adding to iommu group 41
[    5.641046] ipa 3e00000.qcom,ipa:ipa_smmu_wlan: Adding to iommu group 42
[    5.641515] ipa 3e00000.qcom,ipa:ipa_smmu_uc: Adding to iommu group 43
[    5.641918] ipa 3e00000.qcom,ipa:ipa_smmu_11ad: Adding to iommu group 44
[    5.643168] ipa ipa_smmu_perph_cb_probe:10939 cb 2 is disabled
[    5.643184] ipa ipa_smmu_perph_cb_probe:10939 cb 5 is disabled
[    5.643188] ipa ipa_smmu_perph_cb_probe:10939 cb 6 is disabled
[    5.643216] ipa 3e00000.qcom,ipa: Direct firmware load for ipa_fws.mdt failed with error -2
[    5.643219] ipa 3e00000.qcom,ipa: Falling back to sysfs fallback for: ipa_fws.mdt
[    5.646563] Failed to create system directory rndis_ipa
[    5.646674] Failed to create system directory rndis_ipa
[    5.646703] Failed to create system directory rndis_ipa
[    5.646743] rmnet_ipa3 started initialization
[    5.646852] RNDIS_IPA module is loaded.
[    5.651416] IPA clients manager init
[    5.651422] ipa_usb driver init
[    5.651518] ipa_usb registered successfully
[    5.651522] exit: IPA_USB init success!
[    5.651524] ipa_wdi3 registered successfully
[    5.651526] ipa_gsb registered successfully
[    5.651528] ipa_uc_offload registered successfully
[    5.651530] ipa_mhi registered successfully
[    5.651532] ipa_wigig registered successfully
[    5.651534] ipa_eth registered successfully
[    5.651537] ipa_qdss registered successfully
[    5.670668] platform 3da0000.qcom,kgsl-iommu:gfx3d_lpac: Adding to iommu group 45
[    5.671411] platform 3da0000.qcom,kgsl-iommu:gfx3d_secure: Adding to iommu group 46
[    5.676688] ------------[ cut here ]------------
[    5.676693] WARNING: CPU: 4 PID: 719 at drivers/base/core.c:1318 device_links_driver_bound+0x258/0x54c
[    5.676703] Modules linked in: wlan(OE+) ipa_clientsm(OE) ipanetm(OE) rndisipam(OE) ipam(OE) msm_drm(OE+) camera(OE+) msm_kgsl(OE+) qdss_bridge(E) coresight_tmc(E) usb_f_gsi(E) gsim(OE) usb_f_qdss(E) coresight_stm(E) machine_dlkm(OE) rmnet_aps(OE) msm_video(OE) rmnet_wlan(OE) spcom(E) mac80211(E) cnss2(OE) rmnet_perf_tether(OE) msm_eva(OE) pt_device_access(OE) goodix_ts(OE) rmnet_perf(OE) rmnet_offload(OE) qcom_spmi_adc5_gen3(E) swr_dmic_dlkm(OE) stm_p_ost(E) bt_fm_slim(OE) lpass_cdc_va_macro_dlkm(OE) lpass_cdc_tx_macro_dlkm(OE) lpass_cdc_wsa_macro_dlkm(OE) lpass_cdc_rx_macro_dlkm(OE) lpass_cdc_wsa2_macro_dlkm(OE) stm_p_basic(E) leds_qti_flash(E) rmnet_shs(OE) wcd938x_dlkm(OE) sync_fence(OE) qti_qmi_cdev(E) swr_ctrl_dlkm(OE) coresight_dummy(E) qti_qmi_sensor_v2(E) btpower(OE) lpass_cdc_dlkm(OE) audio_pkt_dlkm(OE) spss_utils(E) atmel_mxt_ts(OE) tz_log_dlkm(OE) adsp_loader_dlkm(OE) wcd9xxx_dlkm(OE) pinctrl_lpi_dlkm(OE) audio_prm_dlkm(OE) cirrus_cs40l2x_codec(OE)
[    5.676746] phy_msm_m31_eusb2(E) msm_mmrm(OE) stm_console(E) hdmi_dlkm(OE) spf_core_dlkm(OE) gpr_dlkm(OE) pt_i2c(OE) wlan_firmware_service(OE) qrtr_gunyah(E) qrtr_mhi(E) coresight_tpdm(E) stm_ftrace(E) bcl_soc(E) i2c_msm_geni(E) coresight_funnel(E) coresight_tpda(E) swr_haptics_dlkm(OE) q6_notifier_dlkm(OE) qcom_cpufreq_hw_debug(E) msm_sharedmem(E) nxp_nci(OE) cfg80211(E) coresight_hwevent(E) i3c_master_msm_geni(E) qcom_lpm(E) qcrypto_msm_dlkm(OE) qcedev_mod_dlkm(OE) coresight_csr(E) somc_battchg_ext(OE) mhi_dev_uci(E) msm_hw_fence(OE) rimps_log(E) qti_userspace_cdev(E) et603_int(OE) repeater_qti_pmic_eusb2(E) cnss_prealloc(OE) usb_f_diag(E) synaptics_tcm_ts(OE) rdtags(OE) wsa883x_dlkm(OE) nt36xxx_i2c(OE) mhi_cntrl_qcom(E) dwc3_msm(E) coresight_cti(E) sdpm_clk(E) nvmem_qfprom(E) qsee_ipc_irq_bridge(E) radio_i2c_rtc6226_qca(OE) rmnet_sch(OE) ucsi_glink(E) pm8941_pwrkey(E) coresight_tgu(E) qcom_edac(E) snd_soc_hdmi_codec(E) cnss_plat_ipc_qmi_svc(OE)
[    5.676783] coresight_replicator(E) qrtr_smd(E) camera_sync(OE) last_logs(OE) mhi_dev_satellite(E) stub_dlkm(OE) mbhc_dlkm(OE) wcd938x_slave_dlkm(OE) glink_probe(E) cnss_utils(OE) audpkt_ion_dlkm(OE) coresight_remote_etm(E) cirrus_cs35l45(OE) msm_memshare(E) rmnet_core(OE) sys_pm_vx(E) cirrus_cs40l2x(OE) q6_dlkm(OE) subsystem_sleep_stats(E) rmnet_ctl(OE) mhi_dev_netdev(E) usbmon(E) spi_msm_geni(E) smsc95xx(E) frpc_adsprpc(E) icc_test(E) stm_core(E) realtek(E) cnss_nl(OE) msm_geni_serial(E) qti_cpufreq_cdev(E) ehset(E) qti_devfreq_cdev(E) usb_f_ccid(E) qcom_vadc_common(E) qti_battery_charger(E) pt_ts(OE) qce50_dlkm(OE) hdcp_qseecom_dlkm(OE) smcinvoke_dlkm(OE) cirrus_wm_adsp(OE) qrng_dlkm(OE) snd_event_dlkm(OE) qcom_esoc(E) wsa884x_dlkm(OE) phy_msm_snps_eusb2(E) smsc(E) mhi_dev_dtr(E) msm_lmh_dcvs(E) qti_battery_debug(E) slim_qcom_ngd_ctrl(E) pmic_pon_log(E) qcom_q6v5_pas(E) qcom_spss(E) qcom_pil_info(E) repeater_i2c_eusb2(E) qcom_pon(E) mhi(E) policy_engine(E)
[    5.676823] qcom_q6v5(E) memlat_scmi(E) q6_pdr_dlkm(OE) f_fs_ipc_log(E) coresight(E) snd_usb_audio_qmi(E) memlat_vendor(E) eud(E) max31760_fan(E) qcom_spmi_temp_alarm(E) adsp_sleepmon(E) msm_ext_display(OE) hung_task_enh(E) ipa_fmwk(E) boot_stats(E) dmesg_dumper(E) rq_stats(E) wcd_core_dlkm(OE) swr_dlkm(OE) charger_ulog_glink(E) glink_pkt(E) rdbg(E) qcom_cpuss_sleep_stats(E) slimbus(E) gh_irq_lend(E) mmc_log_probes(E) leds_qti_tri_led(E) panel_event_notifier(E) qcom_iommu_debug(E) memlat(E) reboot_mode(E) cpu_voltage_cooling(E) redriver(E) qseecom_proxy(E) msm_gpi(E) cdsp_loader(E) phy_generic(E) core_hang_detect(E) soc_sleep_stats(E) sysmon_subsystem_stats(E) qti_ocp_notifier(E) repeater(E) gpucc_kalama(E) phy_qcom_ufs_qmp_v4_khaje(E) pinctrl_spmi_mpp(E) ddr_cdev(E) altmode_glink(E) smsc75xx(E) qbt_handler(E) phy_qcom_emu(E) spmi_glink_debug(E) synx_driver(E) usb_f_cdev(E) qcom_ipc_lite(E) microdump_collector(E) qcom_va_minidump(E) phy_msm_ssusb_qmp(E)
[    5.676861] phy_qcom_ufs_qmp_v4(E) pinctrl_spmi_gpio(E) heap_mem_ext_v01(E) lt9611uxc(E) gh_tlmm_vm_mem_access(E) cdsprm(E) sg(E) qcom_ramdump(E) pinctrl_somc_pmic(E) bam_dma(E) qti_fixed_regulator(E) gh_mem_notifier(E) r8168(E) usb_bam(E) qcom_glink_spss(E) qcom_sysmon(E) pmic_glink(E) hvc_gunyah(E) spmi_pmic_arb_debug(E) msm_performance(E) msm_show_epoch(E) pdr_interface(E) sps_drv(E) qmi_helpers(E) pci_msm_drv(E) rproc_qcom_common(E) smp2p(E) debugcc_kalama(E) qcom_smd(E) smp2p_sleepstate(E) qcom_glink_smem(E) pwm_qti_lpg(E) qcom_glink(E) phy_qcom_ufs_qmp_v4_waipio(E) msm_sysstats(E) msm_show_resume_irq(E) zram(E) wakeup_irq_debug(E) zsmalloc(E) nvme(E) nvme_core(E) bcl_pmic5(E) c1dcvs_scmi(E) c1dcvs_vendor(E) qcom_rimps(E) sdhci_msm(E) arm_smmu(E) ufs_qcom(E) ufshcd_crypto_qti(E) msm_qmp(E) qcom_aoss(E) stub_regulator(E) socinfo(E) rtc_pm8xxx(E) qrtr(E) qcom_reboot_reason(E) spmi_pmic_arb(E) qcom_spmi_pmic(E) regmap_spmi(E) qti_regmap_debugfs(E) pmu_scmi(E)
[    5.676900] pmu_vendor(E) qcom_pmu_lib(E) qcom_llcc_pmu(E) qcom_iommu_util(E) qcom_logbuf_vh(E) debug_symbol(E) qcom_dload_mode(E) pinctrl_somc(E) phy_qcom_ufs_qrbtc_sdm845(E) phy_qcom_ufs_qmp_v4_kalama(E) phy_qcom_ufs(E) nvmem_qcom_spmi_sdam(E) ns(E) qnoc_kalama(E) qnoc_qos(E) pinctrl_kalama(E) pinctrl_msm(E) memory_dump_v2(E) mem_buf(E) qcom_dma_heaps(E) msm_dma_iommu_mapping(E) mem_buf_msgq(E) mem_buf_dev(E) mem_hooks(E) llcc_qcom(E) iommu_logger(E) gunyah(E) mdt_loader(E) secure_buffer(E) gh_ctrl(E) videocc_kalama(E) tcsrcc_kalama(E) dispcc_kalama(E) dcc_v2(E) crypto_qti_common(E) crypto_qti_hwkm(E) hwkm(E) tmecom_intf(E) cqhci(E) clk_dummy(E) cpu_hotplug(E) thermal_pause(E) sched_walt(E) qcom_cpufreq_hw(E) bwmon(E) qcom_dcvs(E) dcvs_fp(E) rpmh_regulator(E) qcom_tsens(E) thermal_minidump(E) qcom_pdc(E) qcom_ipcc(E) camcc_kalama(E) icc_rpmh(E) icc_debug(E) icc_bcm_voter(E) gcc_kalama(E) clk_qcom(E) gdsc_regulator(E) debug_regulator(E) proxy_consumer(E) clk_rpmh(E)
[    5.676938] qcom_rpmh(E) cmd_db(E) qcom_ipc_logging(E) qcom_cpu_vendor_hooks(E) gh_virt_wdt(E) qcom_wdt_core(E) qcom_scm(E) minidump(E) smem(E) qcom_hwspinlock(E) gh_rm_drv(E) gh_dbl(E) gh_msgq(E) gh_arm_drv(E)
[    5.676948] CPU: 4 PID: 719 Comm: modprobe Tainted: G S         OE     5.15.189-android13-8-00016-g51bba4309aac-ab14546557 #1
[    5.676951] Hardware name: Sony Corporation. PDX-234 J(Kalama QRD) (DT)
[    5.676952] pstate: 82400005 (Nzcv daif +PAN -UAO +TCO -DIT -SSBS BTYPE=--)
[    5.676955] pc : device_links_driver_bound+0x258/0x54c
[    5.676957] lr : device_links_driver_bound+0x198/0x54c
[    5.676959] sp : ffffffc014ef3770
[    5.676960] x29: ffffffc014ef3790 x28: 0000000000047a8c x27: ffffff80039800e0
[    5.676963] x26: ffffffe41243c978 x25: 00000000ffffffff x24: ffffffe41243c000
[    5.676965] x23: 0000000000000003 x22: ffffff80039800e0 x21: ffffffe41243c000
[    5.676967] x20: ffffff80444d8c10 x19: ffffff8003980010 x18: ffffffc00f2650a0
[    5.676969] x17: 0000000000000008 x16: 0000000000030001 x15: 0000000000030001
[    5.676971] x14: 0000000000000020 x13: ffffffe412310f40 x12: 00ff00ff00000000
[    5.676974] x11: 0000000000000001 x10: ffffff8003c59008 x9 : 0000000000000000
[    5.676976] x8 : ffffff8031a5c820 x7 : 7f7f7f7f7f7f7f7f x6 : 1f736e4cff716468
[    5.676978] x5 : 0000000000000001 x4 : 0000000000000300 x3 : ffffffc014ef3778
[    5.676980] x2 : ffffffc014ef3778 x1 : ffffffc014ef3778 x0 : ffffff80037bb810
[    5.676982] Call trace:
[    5.676983] device_links_driver_bound+0x258/0x54c
[    5.676985] driver_bound+0x48/0x11c
[    5.676990] really_probe+0x200/0x500
[    5.676992] __driver_probe_device+0xa8/0x130
[    5.676994] driver_probe_device+0x48/0x1e8
[    5.676996] __driver_attach+0x1cc/0x2c0
[    5.676998] driver_attach+0x5c/0xc0
[    5.677000] bus_add_driver+0x114/0x26c
[    5.677002] driver_register+0x84/0x17c
[    5.677006] __platform_driver_register+0x28/0x38
[    5.677009] init_module+0x50/0xbd8 [msm_kgsl]
[    5.677325] do_one_initcall+0xe0/0x358
[    5.677333] do_init_module+0x60/0x64c
[    5.677341] load_module+0x155c/0x1830
[    5.677343] __arm64_sys_finit_module+0x18c/0x1a0
[    5.677347] invoke_syscall+0x60/0x150
[    5.677352] el0_svc_common+0xb8/0xf8
[    5.677354] do_el0_svc+0x28/0x98
[    5.677356] el0_svc+0x24/0x84
[    5.677365] el0t_64_sync_handler+0x88/0xec
[    5.677367] el0t_64_sync+0x1b8/0x1bc
[    5.677369] ---[ end trace cf0db2cbc04ae165 ]---
[    5.677373] gpu_cc-kalama 3d90000.clock-controller: sync-state
[    5.677445] msmdrm_smmu soc:qcom,smmu_sde_sec_cb: Adding to iommu group 47
[    5.677766] [drm] probing device qcom,smmu_sde_sec
[    5.677769] [drm] Created domain mdp_s, secure=1
[    5.678117] msm_cam_smmu soc:qcom,cam_smmu:msm_cam_smmu_ife: Adding to iommu group 48
[    5.678563] msm_cam_smmu soc:qcom,cam_smmu:msm_cam_smmu_jpeg: Adding to iommu group 49
[    5.678844] [drm:sde_dbg_init:2672] evtlog_status: enable:11, panic:1, dump:2
[    5.678875] msm_cam_smmu soc:qcom,cam_smmu:msm_cam_smmu_icp: Adding to iommu group 50
[    5.679136] msm_cam_smmu soc:qcom,cam_smmu:msm_cam_smmu_cdm: Adding to iommu group 51
[    5.680110] dsi_phy ae95000.qcom,mdss_dsi_phy0: supply gdsc not found, using dummy regulator
[    5.680226] [drm:dsi_pll_init [msm_drm]] [msm-dsi-info]: DSI_PLL_0: DSI pll label = dsi_pll_4nm
[    5.680515] dsi_pll_init: PLL base=0000000097f0c271
[    5.680712] [drm:dsi_pll_clock_register_4nm [msm_drm]] [msm-dsi-info]: DSI_PLL_0: Registered clocks successfully
[    5.680905] [drm:dsi_phy_driver_probe [msm_drm]] [msm-dsi-info]: DSI_0: Probe successful
[    5.681146] dsi_phy ae97000.qcom,mdss_dsi_phy1: supply gdsc not found, using dummy regulator
[    5.681213] [drm:dsi_pll_init [msm_drm]] [msm-dsi-info]: DSI_PLL_0: DSI pll label = dsi_pll_4nm
[    5.681401] dsi_pll_init: PLL base=000000006446e35f
[    5.681495] [drm:dsi_pll_clock_register_4nm [msm_drm]] [msm-dsi-info]: DSI_PLL_1: Registered clocks successfully
[    5.681677] [drm:dsi_phy_driver_probe [msm_drm]] [msm-dsi-info]: DSI_1: Probe successful
[    5.682537] Failed to create system directory wlan
[    5.682448] [drm:dsi_ctrl_dev_probe [msm_drm]] [msm-dsi-info]: dsi-ctrl-0: Probe successful
[    5.682608] Failed to create system directory wlan
[    5.682626] Failed to create system directory wlan
[    5.682645] Failed to create system directory wlan
[    5.682668] Failed to create system directory wlan
[    5.682688] Failed to create system directory wlan
[    5.682707] Failed to create system directory wlan
[    5.682727] Failed to create system directory wlan
[    5.682745] Failed to create system directory wlan
[    5.682765] Failed to create system directory wlan
[    5.682835] [drm:dsi_ctrl_dev_probe [msm_drm]] [msm-dsi-info]: dsi-ctrl-1: Probe successful
[    5.683992] OF: graph: no port node found in /soc/qcom,dsi-display-primary
[    5.684063] RESET SEQ LENGTH = 8
[    5.684507] dsi_display_res_init: Panel Name = 1
[    5.684725] SPI driver qcom_eeprom has no spi_device_id for qcom,eeprom
[    5.685061] wlan: Loading driver v5.2.1.45E +PANIC_ON_BUG; cld:I1f3a564864; cmn:Ic393d699a2; dev:kiwi_v2
[    5.685561] cnss: WLAN register driver deferred for Calibration
[    5.685591] wlan_hdd_state wlan major(470) initialized
[    5.686141] synx: registered bind ops type 0 for cam_sync
[    5.686146] cam_req_mgr soc:qcom,cam-req-mgr: bound soc:qcom,cam-sync (ops cam_sync_component_ops [camera])
[    5.686493] cam_req_mgr soc:qcom,cam-req-mgr: bound soc:qcom,cam_smmu (ops cam_smmu_component_ops [camera])
[    5.686723] cam_req_mgr soc:qcom,cam-req-mgr: bound soc:qcom,cam_smmu:msm_cam_smmu_ife (ops cam_smmu_cb_component_ops [camera])
[    5.686929] cam_req_mgr soc:qcom,cam-req-mgr: bound soc:qcom,cam_smmu:msm_cam_smmu_jpeg (ops cam_smmu_cb_component_ops [camera])
[    5.687147] cam_req_mgr soc:qcom,cam-req-mgr: bound soc:qcom,cam_smmu:msm_cam_smmu_icp (ops cam_smmu_cb_component_ops [camera])
[    5.687345] cam_req_mgr soc:qcom,cam-req-mgr: bound soc:qcom,cam_smmu:msm_cam_smmu_cdm (ops cam_smmu_cb_component_ops [camera])
[    5.687545] cam_req_mgr soc:qcom,cam-req-mgr: bound soc:qcom,cam_smmu:msm_cam_smmu_secure (ops cam_smmu_cb_component_ops [camera])
[    5.688142] CAM_INFO: CAM-CPAS: cam_cpas_get_hw_features: 634 No or invalid fuse entries count: -22
[    5.690355] CAM_INFO: CAM-CPAS: cam_cpas_hw_get_hw_info: 2407 fuse info->num_fuses 0
[    5.690385] cam_req_mgr soc:qcom,cam-req-mgr: bound ac13000.qcom,cam-cpas (ops cam_cpas_dev_component_ops [camera])
[    5.690701] cam_req_mgr soc:qcom,cam-req-mgr: bound soc:qcom,cam-cdm-intf (ops cam_cdm_intf_component_ops [camera])
[    5.691692] CAM_WARN: CAM-CPAS: cam_cpas_hw_stop: 2199 Client=[26][rt-cdm][0] qchannel shut down while top gdsc is still on 1
[    5.691932] cam_req_mgr soc:qcom,cam-req-mgr: bound ac25000.qcom,rt-cdm0 (ops cam_hw_cdm_component_ops [camera])
[    5.705626] CAM_ERR: CAM-CPAS: cam_cpastop_qchannel_handshake: 998 CPAS_START camnoc idle sequence failed, qstat 0x0
[    5.705648] CAM_WARN: CAM-CPAS: cam_cpas_hw_start: 2003 failed in qchannel_handshake rc=-22
[    5.705836] CAM_WARN: CAM-CPAS: cam_cpas_hw_stop: 2199 Client=[27][rt-cdm][1] qchannel shut down while top gdsc is still on 1
[    5.706102] cam_req_mgr soc:qcom,cam-req-mgr: bound ac26000.qcom,rt-cdm1 (ops cam_hw_cdm_component_ops [camera])
[    5.719881] CAM_ERR: CAM-CPAS: cam_cpastop_qchannel_handshake: 998 CPAS_START camnoc idle sequence failed, qstat 0x0
[    5.719902] CAM_WARN: CAM-CPAS: cam_cpas_hw_start: 2003 failed in qchannel_handshake rc=-22
[    5.720091] CAM_WARN: CAM-CPAS: cam_cpas_hw_stop: 2199 Client=[28][rt-cdm][2] qchannel shut down while top gdsc is still on 1
[    5.720339] cam_req_mgr soc:qcom,cam-req-mgr: bound ac27000.qcom,rt-cdm2 (ops cam_hw_cdm_component_ops [camera])
[    5.733996] CAM_ERR: CAM-CPAS: cam_cpastop_qchannel_handshake: 998 CPAS_START camnoc idle sequence failed, qstat 0x0
[    5.734015] CAM_WARN: CAM-CPAS: cam_cpas_hw_start: 2003 failed in qchannel_handshake rc=-22
[    5.734195] CAM_WARN: CAM-CPAS: cam_cpas_hw_stop: 2199 Client=[29][rt-cdm][3] qchannel shut down while top gdsc is still on 1
[    5.734501] cam_req_mgr soc:qcom,cam-req-mgr: bound ac28000.qcom,rt-cdm3 (ops cam_hw_cdm_component_ops [camera])
[    5.748276] CAM_ERR: CAM-CPAS: cam_cpastop_qchannel_handshake: 998 CPAS_START camnoc idle sequence failed, qstat 0x0
[    5.748300] CAM_WARN: CAM-CPAS: cam_cpas_hw_start: 2003 failed in qchannel_handshake rc=-22
[    5.748511] CAM_WARN: CAM-CPAS: cam_cpas_hw_stop: 2199 Client=[30][rt-cdm][4] qchannel shut down while top gdsc is still on 1
[    5.748760] cam_req_mgr soc:qcom,cam-req-mgr: bound ac29000.qcom,rt-cdm4 (ops cam_hw_cdm_component_ops [camera])
[    5.749088] cam_req_mgr soc:qcom,cam-req-mgr: bound acb7000.qcom,csid0 (ops cam_ife_csid_component_ops [camera])
[    5.749373] cam_req_mgr soc:qcom,cam-req-mgr: bound acb9000.qcom,csid1 (ops cam_ife_csid_component_ops [camera])
[    5.749615] cam_req_mgr soc:qcom,cam-req-mgr: bound acbb000.qcom,csid2 (ops cam_ife_csid_component_ops [camera])
[    5.749882] cam_req_mgr soc:qcom,cam-req-mgr: bound acca000.qcom,csid-lite0 (ops cam_ife_csid_component_ops [camera])
[    5.750129] cam_req_mgr soc:qcom,cam-req-mgr: bound acce000.qcom,csid-lite1 (ops cam_ife_csid_component_ops [camera])
[    5.750603] cam_req_mgr soc:qcom,cam-req-mgr: bound ac62000.qcom,ife0 (ops cam_vfe_component_ops [camera])
[    5.751015] cam_req_mgr soc:qcom,cam-req-mgr: bound ac71000.qcom,ife1 (ops cam_vfe_component_ops [camera])
[    5.751369] cam_req_mgr soc:qcom,cam-req-mgr: bound ac80000.qcom,ife2 (ops cam_vfe_component_ops [camera])
[    5.751652] cam_req_mgr soc:qcom,cam-req-mgr: bound acca000.qcom,ife-lite0 (ops cam_vfe_component_ops [camera])
[    5.751913] cam_req_mgr soc:qcom,cam-req-mgr: bound acce000.qcom,ife-lite1 (ops cam_vfe_component_ops [camera])
[    5.752257] cam_req_mgr soc:qcom,cam-req-mgr: bound ac9e000.qcom,sfe0 (ops cam_sfe_component_ops [camera])
[    5.752594] cam_req_mgr soc:qcom,cam-req-mgr: bound aca6000.qcom,sfe1 (ops cam_sfe_component_ops [camera])
[    5.752774] CAM_ERR: CAM-ISP: cam_vfe_hw_init: 229 inval param
[    5.752776] CAM_ERR: CAM-ISP: cam_vfe_hw_init: 229 inval param
[    5.752777] CAM_ERR: CAM-ISP: cam_vfe_hw_init: 229 inval param
[    5.752852] cam_req_mgr soc:qcom,cam-req-mgr: bound soc:qcom,cam-isp (ops cam_isp_dev_component_ops [camera])
[    5.753336] cam_req_mgr soc:qcom,cam-req-mgr: bound ac15000.qcom,cci0 (ops cam_cci_component_ops [camera])
[    5.753853] cam_req_mgr soc:qcom,cam-req-mgr: bound ac16000.qcom,cci1 (ops cam_cci_component_ops [camera])
[    5.754414] cam_req_mgr soc:qcom,cam-req-mgr: bound ac17000.qcom,cci2 (ops cam_cci_component_ops [camera])
[    5.754777] cam_req_mgr soc:qcom,cam-req-mgr: bound ace4000.qcom,csiphy0 (ops cam_csiphy_component_ops [camera])
[    5.755106] cam_req_mgr soc:qcom,cam-req-mgr: bound ace6000.qcom,csiphy1 (ops cam_csiphy_component_ops [camera])
[    5.755457] cam_req_mgr soc:qcom,cam-req-mgr: bound ace8000.qcom,csiphy2 (ops cam_csiphy_component_ops [camera])
[    5.755781] cam_req_mgr soc:qcom,cam-req-mgr: bound acea000.qcom,csiphy3 (ops cam_csiphy_component_ops [camera])
[    5.756110] cam_req_mgr soc:qcom,cam-req-mgr: bound acec000.qcom,csiphy4 (ops cam_csiphy_component_ops [camera])
[    5.756434] cam_req_mgr soc:qcom,cam-req-mgr: bound acee000.qcom,csiphy5 (ops cam_csiphy_component_ops [camera])
[    5.756756] cam_req_mgr soc:qcom,cam-req-mgr: bound acf0000.qcom,csiphy6 (ops cam_csiphy_component_ops [camera])
[    5.757079] cam_req_mgr soc:qcom,cam-req-mgr: bound acf2000.qcom,csiphy7 (ops cam_csiphy_component_ops [camera])
[    5.757382] cam_req_mgr soc:qcom,cam-req-mgr: bound ac01000.qcom,icp (ops cam_icp_v2_component_ops [camera])
[    5.757667] cam_req_mgr soc:qcom,cam-req-mgr: bound ac42000.qcom,ipe0 (ops cam_ipe_component_ops [camera])
[    5.757981] cam_req_mgr soc:qcom,cam-req-mgr: bound ac2c000.qcom,bps (ops cam_bps_component_ops [camera])
[    5.758834] cam_req_mgr soc:qcom,cam-req-mgr: bound soc:qcom,cam-icp (ops cam_icp_component_ops [camera])
[    5.759138] cam_req_mgr soc:qcom,cam-req-mgr: bound ac2a000.qcom,jpegenc0 (ops cam_jpeg_enc_component_ops [camera])
[    5.759369] cam_req_mgr soc:qcom,cam-req-mgr: bound ac2b000.qcom,jpegdma0 (ops cam_jpeg_dma_component_ops [camera])
[    5.759852] cam_req_mgr soc:qcom,cam-req-mgr: bound soc:qcom,cam-jpeg (ops cam_jpeg_dev_component_ops [camera])
[    5.759999] CAM_INFO: CAM-CRM: cam_req_mgr_component_master_bind: 1028 All components bound successfully, Spectra camera driver initialized
[    5.760789] msm_drm ae00000.qcom,mdss_mdp: bound af20000.qcom,sde_rscc (ops sde_rsc_comp_ops [msm_drm])
[    5.761078] msm_drm ae00000.qcom,mdss_mdp: bound soc:qcom,wb-display@1 (ops sde_wb_comp_ops [msm_drm])
[    5.761273] msm_drm ae00000.qcom,mdss_mdp: bound soc:qcom,wb-display@2 (ops sde_wb_comp_ops [msm_drm])
[    5.761462] msm_drm ae00000.qcom,mdss_mdp: bound ae90000.qcom,dp_display (ops dp_display_comp_ops [msm_drm])
[    5.761902] [drm:dsi_display_bind [msm_drm]] [msm-dsi-info]: Successfully bind display panel 'somc,1_panel '
[    5.762092] msm_drm ae00000.qcom,mdss_mdp: bound soc:qcom,dsi-display-primary (ops dsi_display_comp_ops [msm_drm])
[    5.762312] [drm] mapped mdp address space @0000000000000000
[    5.763278] [drm:_sde_kms_hw_init_blocks:4934] sde hardware revision:0x90000001
[    5.764063] [drm:dsi_panel_get_mode [msm_drm]] [msm-dsi-info]: default topology: lm: 2 comp_enc:2 intf: 2
[    5.764301] [drm:dsi_panel_get_mode [msm_drm]] [msm-dsi-info]: default topology: lm: 2 comp_enc:2 intf: 2
[    5.764518] [drm:dsi_panel_get_mode [msm_drm]] [msm-dsi-info]: default topology: lm: 2 comp_enc:2 intf: 2
[    5.764738] [drm:dsi_panel_get_mode [msm_drm]] [msm-dsi-info]: default topology: lm: 2 comp_enc:2 intf: 2
[    5.765679] [drm:dp_pll_get][msm-dp-info][716 ]revision=DP_PLL_4NM_V1_1, ssc_en=0, bonding_en=0
[    5.766192] [drm:dp_display_initialize_hdcp][msm-dp-info][716 ]HDCP 1.3 initialized
[    5.766330] [drm:dp_display_initialize_hdcp][msm-dp-info][716 ]HDCP 2.2 initialized
[    5.766441] [drm:dp_mst_init][msm-dp-info][716 ]dp drm mst topology manager init completed
[    5.767357] gh_msgq: Registered client for label: 2
[    5.768830] [drm] Initialized msm_drm 1.4.0 20130625 for ae00000.qcom,mdss_mdp on minor 0
[    5.768835] [drm] cont_splash enabled in 1 of 1 display(s)
[    5.768889] [drm:dsi_ctrl_isr_configure [msm_drm]] [msm-dsi-info]: dsi-ctrl-0: IRQ 381 registered
[    5.769110] [drm:dsi_ctrl_isr_configure [msm_drm]] [msm-dsi-info]: dsi-ctrl-1: IRQ 382 registered
[    5.769565] gcc-kalama 100000.clock-controller: sync-state
[    5.769680] tcsr_cc-kalama 1fc0000.clock-controller: sync-state
[    5.769688] disp_cc-kalama af00000.clock-controller: sync-state
[    5.773188] lxs_ts: SW82907 driver init - 0.01b-f1
[    5.773579] lxs_ts 2-0028: i2c: bus probe : a90000.i2c/i2c-2/2-0028
[    5.773589] lxs_ts 2-0028: pinctrl: not found
[    5.773623] lxs_ts 2-0028: build opt  : __LXS_SUPPORT_PINCTRL
[    5.773625] lxs_ts 2-0028: build opt  : __LXS_SUPPORT_OLED
[    5.773626] lxs_ts 2-0028: build opt  : __LXS_SUPPORT_LPWG
[    5.773627] lxs_ts 2-0028: build opt  : __LXS_SUPPORT_WATCHDOG
[    5.773628] lxs_ts 2-0028: chip type  : 0x0897
[    5.773629] lxs_ts 2-0028: chip class : 7601
[    5.773630] lxs_ts 2-0028: chip name  : SW82907
[    5.773632] lxs_ts 2-0028: drv name   : lxs_ts
[    5.773633] lxs_ts 2-0028: input name : lxs_ts_input
[    5.773634] lxs_ts 2-0028: max finger : 10
[    5.773635] lxs_ts 2-0028: mode bit   : 0x00000007
[    5.773636] lxs_ts 2-0028: tx_hdr     : 2
[    5.773638] lxs_ts 2-0028: rx_hdr     : 0
[    5.773639] lxs_ts 2-0028: tx_dummy   : 0
[    5.773640] lxs_ts 2-0028: rx_dummy   : 0
[    5.773641] lxs_ts 2-0028: LXS Touch Probe
[    5.773642] lxs_ts 2-0028: DTS parsing
[    5.773648] lxs_ts 2-0028: of gpio  : reset-gpio 325
[    5.773650] lxs_ts 2-0028: of gpio  : irq-gpio 326
[    5.773651] lxs_ts 2-0028: coord(dt): max_x 1644, max_y 3840
[    5.773653] lxs_ts 2-0028: coord(dt): zone's size not found
[    5.773654] lxs_ts 2-0028: coord(dt): zone's size - indicator:48, navigation:96, edge:60
[    5.773658] lxs_ts 2-0028: of_string : panel_spec sw82907_test_spec_v0.1.txt
[    5.773660] lxs_ts 2-0028: of_string : self_test sw82907_self_test.txt
[    5.773662] lxs_ts 2-0028: pt(dt): pt_open_cmp 4800 8192
[    5.773663] lxs_ts 2-0028: pt(dt): pt_short_gnd_cmp 6500 8192
[    5.773665] lxs_ts 2-0028: pt(dt): pt_short_trx_cmp 6500 8192
[    5.773666] lxs_ts 2-0028: pt(dt): pt_short_vdd_cmp 0 5200
[    5.773667] lxs_ts 2-0028: pt(dt): pt_sync_v_cmp 57 63
[    5.773669] lxs_ts 2-0028: DTS parsing done
[    5.773670] lxs_ts 2-0028:  max_x           = 1644
[    5.773671] lxs_ts 2-0028:  max_y           = 3840
[    5.773672] lxs_ts 2-0028:  use_lpwg        = 1
[    5.773673] lxs_ts 2-0028:  use_firmware    = 1
[    5.773674] lxs_ts 2-0028:  use_fw_upgrade  = 1
[    5.773675] lxs_ts 2-0028:  use_fw_ver_diff = 1
[    5.773744] lxs_ts 2-0028: gpio_irq: gpio_request_one(326, 1, lxs_gpio_irq)
[    5.773747] lxs_ts 2-0028: input cfg status : __LXS_CONFIG_INPUT_ANDROID
[    5.773776] input: lxs_ts_input as /devices/virtual/input/input4
[    5.773793] lxs_ts 2-0028: input device[input4, i2c-2/2-0028/lxs_ts_input] registered
[    5.773795] lxs_ts 2-0028: input finger: x 1644, y 3840, press 255, width 15, orient 90, t 0
[    5.773812] lxs_ts 2-0028: sysfs initialized
[    5.774669] init: Service 'exec 3 (/vendor/bin/modprobe -a -d /vendor/lib/modules/ lxs_touchscreen)' (pid 835) exited with status 0 waiting took 4.020000 seconds
[    5.774697] init: Sending signal 9 to service 'exec 3 (/vendor/bin/modprobe -a -d /vendor/lib/modules/ lxs_touchscreen)' (pid 835) process group...
[    5.774803] libprocessgroup: Removed cgroup /sys/fs/cgroup/uid_0/pid_835
[    5.775060] init: starting service 'exec 4 (/vendor/bin/modprobe -a -d /vendor/lib/modules/ et603-int)'...
[    5.776104] init: ... started service 'exec 4 (/vendor/bin/modprobe -a -d /vendor/lib/modules/ et603-int)' has pid 988
[    5.776115] init: SVC_EXEC service 'exec 4 (/vendor/bin/modprobe -a -d /vendor/lib/modules/ et603-int)' pid 988 (uid 0 gid 0+0 context u:r:vendor_modprobe:s0) started; waiting...
[    5.779642] init: Service 'vendor.modprobe' (pid 293) exited with status 0 oneshot service took 4.642000 seconds in background
[    5.779651] init: Sending signal 9 to service 'vendor.modprobe' (pid 293) process group...
[    5.779738] libprocessgroup: Removed cgroup /sys/fs/cgroup/uid_0/pid_293
[    5.780978] init: Service 'exec 4 (/vendor/bin/modprobe -a -d /vendor/lib/modules/ et603-int)' (pid 988) exited with status 0 waiting took 0.005000 seconds
[    5.808219] servicemanager: Starting sm instance on /dev/binder
[    5.808966] logd: libprocessgroup: JoinCgroup: controller schedtune is not found
[    5.810214] SELinux: Multiple same specifications for vendor.qti.gnss.ILocAidlGnss/default.
[    5.810783] SELinux: SELinux: Loaded service context from:
[    5.810790] SELinux: 		/system/etc/selinux/plat_service_contexts
[    5.810794] SELinux: 		/system_ext/etc/selinux/system_ext_service_contexts
[    5.810798] SELinux: 		/product/etc/selinux/product_service_contexts
[    5.810802] SELinux: 		/vendor/etc/selinux/vendor_service_contexts
[    5.816440] init: wait for '/dev/block/platform/soc/1d84000.ufshc' took 0ms
[    5.835000] cutils-trace: Error opening trace file: No such file or directory (2)
[    5.835135] SELinux: avc:  denied  { find } for pid=991 uid=1069 name=vendor.qti.hardware.perf2.IPerf/default scontext=u:r:lmkd:s0 tcontext=u:object_r:default_android_service:s0 tclass=service_manager permissive=0
[    5.838183] SELinux: avc:  denied  { find } for pid=991 uid=1069 name=vendor.qti.hardware.perf2.IPerf/default scontext=u:r:lmkd:s0 tcontext=u:object_r:default_android_service:s0 tclass=service_manager permissive=0
[    5.870548] modprobe: Loading module /vendor/lib/modules/slg51000-regulator.ko with args ''
[    5.871935] slg51000-regulator 0-0075: supply vdd not found, using dummy regulator
[    5.885061] slg51000_a_ldo3: supplied by regulator-dummy
[    5.885903] slg51000_a_ldo4: supplied by regulator-dummy
[    5.887028] slg51000_a_ldo5: supplied by regulator-dummy
[    5.888027] slg51000_a_ldo6: supplied by regulator-dummy
[    5.889144] slg51000_a_ldo7: supplied by cam_pmic0_vin7_supply
[    5.889406] slg51000-regulator 0-0075: No IRQ configured
[    5.889679] modprobe: Loaded kernel module /vendor/lib/modules/slg51000-regulator.ko
[    5.889801] modprobe: Loading module /vendor/lib/modules/qcom_glink.ko with args ''
[    5.890011] modprobe: Loading module /vendor/lib/modules/qcom_glink_smem.ko with args ''
[    5.890078] modprobe: Loading module /vendor/lib/modules/qcom_smd.ko with args ''
[    5.890164] modprobe: Loading module /vendor/lib/modules/rproc_qcom_common.ko with args ''
[    5.890317] modprobe: Loading module /vendor/lib/modules/qmi_helpers.ko with args ''
[    5.890416] modprobe: Loading module /vendor/lib/modules/pdr_interface.ko with args ''
[    5.890488] modprobe: Loading module /vendor/lib/modules/panel_event_notifier.ko with args ''
[    5.890542] modprobe: Loading module /vendor/lib/modules/qcom_va_minidump.ko with args ''
[    5.898661] SPI driver sony_camera_spi_subdev has no spi_device_id for sony,camera_subdev
[    5.950627] cam_cc-kalama ade0000.clock-controller: sync-state
[    5.951366] cs40l2x 3-0040: Direct firmware load for cs40l20.bin failed with error -2
[    5.951371] cs40l2x 3-0040: Falling back to sysfs fallback for: cs40l20.bin
[    5.951408] cs40l2x 3-0040: Direct firmware load for cs40l25a_a2h.bin failed with error -2
[    5.951410] cs40l2x 3-0040: Falling back to sysfs fallback for: cs40l25a_a2h.bin
[    5.951429] cs40l2x 3-0040: Direct firmware load for cs40l25a_f0.bin failed with error -2
[    5.951431] cs40l2x 3-0040: Falling back to sysfs fallback for: cs40l25a_f0.bin
[    5.971101] printk: modprobe: 9 output lines suppressed due to ratelimiting
[    5.972378] init: wait for '/dev/block/bootdevice/by-name/TA' took 0ms
[    5.993890] EXT4-fs (sda3): Ignoring removed nomblk_io_submit option
[    5.994951] EXT4-fs (sda3): mounted filesystem with ordered data mode. Opts: errors=remount-ro,nomblk_io_submit. Quota mode: none.
[    6.005308] e2fsck: e2fsck 1.46.6 (1-Feb-2023)
[    6.006288] e2fsck: /dev/block/bootdevice/by-name/persist: clean, 422/8192 files, 1830/8192 blocks
[    6.007918] EXT4-fs (sda3): mounted filesystem with ordered data mode. Opts: barrier=1,discard. Quota mode: none.
[    6.009883] EXT4-fs (sda67): mounted filesystem with ordered data mode. Opts: barrier=1. Quota mode: none.
[    6.017956] EXT4-fs (sda54): Ignoring removed nomblk_io_submit option
[    6.019269] EXT4-fs (sda54): mounted filesystem with ordered data mode. Opts: errors=remount-ro,nomblk_io_submit. Quota mode: none.
[    6.023773] e2fsck: e2fsck 1.46.6 (1-Feb-2023)
[    6.025135] e2fsck: /dev/block/bootdevice/by-name/appslog: clean, 668/4096 files, 3477/4096 blocks
[    6.027079] EXT4-fs (sda54): mounted filesystem with ordered data mode. Opts: barrier=1,discard. Quota mode: none.
[    6.027582] EXT4-fs (sda55): Ignoring removed nomblk_io_submit option
[    6.028330] EXT4-fs (sda55): mounted filesystem with ordered data mode. Opts: errors=remount-ro,nomblk_io_submit. Quota mode: none.
[    6.032487] e2fsck: e2fsck 1.46.6 (1-Feb-2023)
[    6.033215] e2fsck: /dev/block/bootdevice/by-name/diag: clean, 35/8192 files, 2077/8192 blocks
[    6.034386] EXT4-fs (sda55): mounted filesystem with ordered data mode. Opts: barrier=1,discard. Quota mode: none.
[    6.043489] vdc: Waited 0ms for vold
[    6.077605] ueventd: found /vendor/firmware_mnt/image/ipa_fws.mdt for /devices/platform/soc/3e00000.qcom,ipa/firmware/ipa_fws.mdt
[    6.078010] ueventd: loading /devices/platform/soc/3e00000.qcom,ipa/firmware/ipa_fws.mdt took 301ms
[    6.080563] ipa ipa3_ioctl:2858 IPA not ready, waiting for init completion
[    6.082030] ipa 3e00000.qcom,ipa: Direct firmware load for ipa_fws.b04 failed with error -2
[    6.082036] ipa 3e00000.qcom,ipa: Falling back to sysfs fallback for: ipa_fws.b04
[    6.101597] vdc: Waited 0ms for vold
[    6.116040] vdc: Waited 0ms for vold
[    6.117560] ueventd: firmware: loading 'cs40l20.bin' for '/devices/platform/soc/8c0000.qcom,qupv3_2_geni_se/888000.i2c/i2c-3/3-0040/firmware/cs40l20.bin'
[    6.117709] ueventd: found /vendor/firmware/cs40l20.bin for /devices/platform/soc/8c0000.qcom,qupv3_2_geni_se/888000.i2c/i2c-3/3-0040/firmware/cs40l20.bin
[    6.118112] ueventd: loading /devices/platform/soc/8c0000.qcom,qupv3_2_geni_se/888000.i2c/i2c-3/3-0040/firmware/cs40l20.bin took 0ms
[    6.118342] cs40l2x 3-0040: Wave 000 (Type: 0x0c, Flags: 0x0000, Index:     61, Size:    7, Data: 0xc00000)
[    6.118347] cs40l2x 3-0040: Wave 001 (Type: 0x08, Flags: 0x0000, Index:     68, Size:   24, Data: 0x800042)
[    6.118349] cs40l2x 3-0040: Wave 002 (Type: 0x0a, Flags: 0x0000, Index:     92, Size:    6, Data: 0x8000e2)
[    6.118351] cs40l2x 3-0040: Wave 003 (Type: 0x08, Flags: 0x0000, Index:     98, Size:   27, Data: 0x80004b)
[    6.118353] cs40l2x 3-0040: Wave 004 (Type: 0x08, Flags: 0x0000, Index:    125, Size:   24, Data: 0x800042)
[    6.118354] cs40l2x 3-0040: Wave 005 (Type: 0x08, Flags: 0x0000, Index:    149, Size:   25, Data: 0x800045)
[    6.118356] cs40l2x 3-0040: Wave 006 (Type: 0x08, Flags: 0x0000, Index:    174, Size:   25, Data: 0x800045)
[    6.118357] cs40l2x 3-0040: Wave 007 (Type: 0x0c, Flags: 0x0000, Index:    199, Size:    9, Data: 0x800038)
[    6.118359] cs40l2x 3-0040: Wave 008 (Type: 0x0c, Flags: 0x0000, Index:    208, Size:    9, Data: 0x800048)
[    6.118360] cs40l2x 3-0040: Wave 009 (Type: 0x0a, Flags: 0x0000, Index:    217, Size:    6, Data: 0x8000e2)
[    6.118362] cs40l2x 3-0040: Wave 010 (Type: 0x0a, Flags: 0x0000, Index:    223, Size:    6, Data: 0x8000e2)
[    6.118364] cs40l2x 3-0040: Wave 011 (Type: 0x0c, Flags: 0x0000, Index:    229, Size:   13, Data: 0x8000c0)
[    6.118365] cs40l2x 3-0040: Wave 012 (Type: 0x0a, Flags: 0x0000, Index:    242, Size:    4, Data: 0x800042)
[    6.118367] cs40l2x 3-0040: Wave 013 (Type: 0x0a, Flags: 0x0000, Index:    246, Size:    6, Data: 0x800100)
[    6.118368] cs40l2x 3-0040: Wave 014 (Type: 0x0c, Flags: 0x0000, Index:    252, Size:   11, Data: 0x80016e)
[    6.118370] cs40l2x 3-0040: Wave 015 (Type: 0x0c, Flags: 0x0000, Index:    263, Size:   11, Data: 0x800160)
[    6.118372] cs40l2x 3-0040: Wave 016 (Type: 0x0c, Flags: 0x0000, Index:    274, Size:   13, Data: 0x800098)
[    6.118373] cs40l2x 3-0040: Wave 017 (Type: 0x0c, Flags: 0x0000, Index:    287, Size:    7, Data: 0x800060)
[    6.118375] cs40l2x 3-0040: Wave 018 (Type: 0x0a, Flags: 0x0000, Index:    294, Size:   10, Data: 0x82c400)
[    6.118377] cs40l2x 3-0040: Wave 019 (Type: 0x0a, Flags: 0x0000, Index:    304, Size:    8, Data: 0x800462)
[    6.118537] ueventd: firmware: loading 'cs40l25a_a2h.bin' for '/devices/platform/soc/8c0000.qcom,qupv3_2_geni_se/888000.i2c/i2c-3/3-0040/firmware/cs40l25a_a2h.bin'
[    6.118653] ueventd: found /vendor/firmware/cs40l25a_a2h.bin for /devices/platform/soc/8c0000.qcom,qupv3_2_geni_se/888000.i2c/i2c-3/3-0040/firmware/cs40l25a_a2h.bin
[    6.118861] ueventd: loading /devices/platform/soc/8c0000.qcom,qupv3_2_geni_se/888000.i2c/i2c-3/3-0040/firmware/cs40l25a_a2h.bin took 0ms
[    6.119181] ueventd: firmware: loading 'cs40l25a_f0.bin' for '/devices/platform/soc/8c0000.qcom,qupv3_2_geni_se/888000.i2c/i2c-3/3-0040/firmware/cs40l25a_f0.bin'
[    6.165570] tmecom-qmp-client soc:qcom,tmecom-qmp-client: response received
[    6.184142] fsck.f2fs: Info: Automatic fix mode enabled.
[    6.184477] fsck.f2fs: Info: not exist /proc/version!
[    6.184662] fsck.f2fs: Info: MKFS version
[    6.184669] fsck.f2fs:   "6.1.163-186.299.amzn2023.x86_64"
[    6.184672] fsck.f2fs: Info: FSCK version
[    6.184676] fsck.f2fs:   from "5.15.189-android13-8-00016-g51bba4309aac-ab14546557"
[    6.184680] fsck.f2fs:     to "5.15.189-android13-8-00016-g51bba4309aac-ab14546557"
[    6.184686] fsck.f2fs: Info: superblock features = 1499 :  encrypt extra_attr project_quota quota verity casefold
[    6.184689] fsck.f2fs: Info: superblock encrypt level = 0, salt = 00000000000000000000000000000000
[    6.184691] fsck.f2fs: Info: checkpoint stop reason: shutdown(173) 
[    6.298321] F2FS-fs (dm-54): Using encoding defined by superblock: utf8-12.1.0 with flags 0x0
[    6.308951] ueventd: firmware: loading 'ipa_fws.b04' for '/devices/platform/soc/3e00000.qcom,ipa/firmware/ipa_fws.b04'
[    6.326503] ipa 3e00000.qcom,ipa: Direct firmware load for ipa_fws.b01 failed with error -2
[    6.326512] ipa 3e00000.qcom,ipa: Falling back to sysfs fallback for: ipa_fws.b01
[    6.332885] ipa 3e00000.qcom,ipa: Direct firmware load for ipa_fws.b02 failed with error -2
[    6.332889] ipa 3e00000.qcom,ipa: Falling back to sysfs fallback for: ipa_fws.b02
[    6.337585] ipa 3e00000.qcom,ipa: Direct firmware load for ipa_fws.b03 failed with error -2
[    6.337589] ipa 3e00000.qcom,ipa: Falling back to sysfs fallback for: ipa_fws.b03
[    6.346670] IPA FW loaded successfully
[    6.347306] gsi soc:qcom,msm_gsi: gsi_register_device:1548 GSI irq is wake enabled 242
[    6.349937] ipa ipa3_rmnet_ctl_register_pm_client:739 rmnet_ctl register done
[    6.349960] ipa ipa3_rmnet_ll_register_pm_client:964 rmnet_ll register done
[    6.349976] rmnet_ipa3 started initialization
[    6.349980] IPA SSR support = True
[    6.349981] IPA SG support = True
[    6.349982] IPA Napi Enable = True
[    6.349983] using default for wan-rx-desc-size = 256
[    6.349996] IPA driver is now in ready state
[    6.350073] ipa-lnx-stats ipa_spearhead_stats_ioctl_init:1921 IPA ipa_lnx_stats_ioctl major(464) initial ok :>>>>
[    6.350077] ipa-lnx-stats ipa_spearhead_stats_init:1949 IPA_LNX_STATS_IOCTL init success
[    6.350081] IPA driver initialization was successful.
[    6.350157] ipa-wan ipa3_wwan_register_netdev_pm_client:3497 rmnet_ipa%d register done
[    6.350343] ipa-wan ipa3_wwan_probe:3692 rmnet_ipa completed initialization
[    6.351208] gh_secure_vm_loader soc:gh-secure-vm-loader@2: Direct firmware load for cpusys_vm.mdt failed with error -2
[    6.351213] gh_secure_vm_loader soc:gh-secure-vm-loader@2: Falling back to sysfs fallback for: cpusys_vm.mdt
[    6.358538] gh_secure_vm_loader soc:gh-secure-vm-loader@2: Direct firmware load for cpusys_vm.b03 failed with error -2
[    6.358542] gh_secure_vm_loader soc:gh-secure-vm-loader@2: Falling back to sysfs fallback for: cpusys_vm.b03
[    6.360970] gh_secure_vm_loader soc:gh-secure-vm-loader@2: Direct firmware load for cpusys_vm.b01 failed with error -2
[    6.360974] gh_secure_vm_loader soc:gh-secure-vm-loader@2: Falling back to sysfs fallback for: cpusys_vm.b01
[    6.364306] F2FS-fs (dm-54): Mounted with checkpoint version = 77c41ca3
[    6.365849] gh_secure_vm_loader soc:gh-secure-vm-loader@2: Direct firmware load for cpusys_vm.b02 failed with error -2
[    6.365853] gh_secure_vm_loader soc:gh-secure-vm-loader@2: Falling back to sysfs fallback for: cpusys_vm.b02
[    6.384286] vdc: Waited 0ms for vold
[    6.388913] vdc: Waited 0ms for vold
[    6.411525] gunyah: VM: 50 status 2 complete
[    6.411616] gh_proxy_sched: Skip populating VCPU affinity info for VM=50
[    6.411621] gh_proxy_sched: Skip populating VCPU affinity info for VM=50
[    6.411622] gh_proxy_sched: Skip populating VCPU affinity info for VM=50
[    6.411623] gh_proxy_sched: Skip populating VCPU affinity info for VM=50
[    6.411623] gh_proxy_sched: Skip populating VCPU affinity info for VM=50
[    6.411624] gh_proxy_sched: Skip populating VCPU affinity info for VM=50
[    6.411625] gh_proxy_sched: Skip populating VCPU affinity info for VM=50
[    6.411626] gh_proxy_sched: Skip populating VCPU affinity info for VM=50
[    6.411628] gh_proxy_sched: Proxy Scheduling isn't supported for VM=50
[    6.415278] gunyah: VM:50 started running
[    6.454634] gsi soc:qcom,msm_gsi: gsi_stop_channel:3615 chan=14 busy try again
[    6.516162] fscrypt: AES-256-CTS-CBC using implementation "cts-cbc-aes-ce"
[    6.538246] vdc: Waited 0ms for vold
[    6.567784] vold: keystore2 Keystore earlyBootEnded returned service specific error: -68
[    6.577269] logd: logd reinit
[    6.577630] logd: FrameworkListener: read() failed (Connection reset by peer)
[    6.584597] apexd: Started. subcommand = (null)
[    6.585297] apexd: Scanning /system/apex for pre-installed ApexFiles
[    6.585538] apexd: Found pre-installed APEX /system/apex/com.android.profiling.capex
[    6.586332] apexd: Found pre-installed APEX /system/apex/com.android.nfcservices.apex
[    6.587451] apexd: Found pre-installed APEX /system/apex/com.google.android.scheduling_compressed.apex
[    6.588083] apexd: Found pre-installed APEX /system/apex/com.google.android.extservices_tplus_compressed.apex
[    6.588778] apexd: Found pre-installed APEX /system/apex/com.android.devicelock.apex
[    6.591167] apexd: Found pre-installed APEX /system/apex/com.android.btservices.apex
[    6.592237] apexd: Found pre-installed APEX /system/apex/com.google.android.healthfitness_compressed.apex
[    6.593117] apexd: Found pre-installed APEX /system/apex/com.google.android.sdkext_compressed.apex
[    6.649062] loop4: detected capacity change from 0 to 536
[    6.649485] loop5: detected capacity change from 0 to 81584
[    6.650830] loop6: detected capacity change from 0 to 15040
[    6.651366] loop7: detected capacity change from 0 to 704
[    6.651635] loop8: detected capacity change from 0 to 44024
[    6.651892] loop9: detected capacity change from 0 to 12208
[    6.652392] loop10: detected capacity change from 0 to 688
[    6.653156] loop11: detected capacity change from 0 to 16288
[    6.653959] loop12: detected capacity change from 0 to 84008
[    6.654455] loop13: detected capacity change from 0 to 47368
[    6.655736] loop14: detected capacity change from 0 to 34104
[    6.656034] loop15: detected capacity change from 0 to 2360
[    6.657551] loop16: detected capacity change from 0 to 21824
[    6.657837] loop17: detected capacity change from 0 to 223928
[    6.658510] loop18: detected capacity change from 0 to 1688
[    6.659161] loop19: detected capacity change from 0 to 16136
[    6.660956] loop20: detected capacity change from 0 to 12520
[    6.661184] loop21: detected capacity change from 0 to 59640
[    6.661476] loop22: detected capacity change from 0 to 89280
[    6.661724] loop23: detected capacity change from 0 to 11552
[    6.661960] loop24: detected capacity change from 0 to 37944
[    6.664002] loop25: detected capacity change from 0 to 536
[    6.664255] loop26: detected capacity change from 0 to 43656
[    6.664502] loop27: detected capacity change from 0 to 28952
[    6.664803] loop28: detected capacity change from 0 to 1760
[    6.665099] loop29: detected capacity change from 0 to 3008
[    6.667339] loop30: detected capacity change from 0 to 7128
[    6.668222] loop31: detected capacity change from 0 to 23784
[    6.669188] loop32: detected capacity change from 0 to 92824
[    6.669488] loop33: detected capacity change from 0 to 9112
[    6.669740] loop34: detected capacity change from 0 to 72248
[    6.670087] loop35: detected capacity change from 0 to 528
[    6.671496] loop36: detected capacity change from 0 to 4440
[    6.671774] device-mapper: verity: sha256 using implementation "sha256-ce"
[    6.671836] loop37: detected capacity change from 0 to 81784
[    6.672178] loop38: detected capacity change from 0 to 68632
[    6.672287] EXT4-fs (loop5): mounted filesystem without journal. Opts: (null). Quota mode: none.
[    6.672414] loop39: detected capacity change from 0 to 77872
[    6.672515] EXT4-fs (loop7): mounted filesystem without journal. Opts: (null). Quota mode: none.
[    6.673942] loop40: detected capacity change from 0 to 9104
[    6.674238] loop41: detected capacity change from 0 to 1280
[    6.676035] EXT4-fs (dm-53): mounted filesystem without journal. Opts: (null). Quota mode: none.
[    6.680087] device-mapper: verity: sha256 using implementation "sha256-ce"
[    6.680134] device-mapper: verity: sha256 using implementation "sha256-ce"
[    6.680422] device-mapper: verity: sha256 using implementation "sha256-ce"
[    6.680822] device-mapper: verity: sha256 using implementation "sha256-ce"
[    6.680824] EXT4-fs (loop17): mounted filesystem without journal. Opts: (null). Quota mode: none.
[    6.681153] EXT4-fs (loop9): mounted filesystem without journal. Opts: (null). Quota mode: none.
[    6.681960] device-mapper: verity: sha256 using implementation "sha256-ce"
[    6.682375] EXT4-fs (loop16): mounted filesystem without journal. Opts: (null). Quota mode: none.
[    6.683030] device-mapper: verity: sha256 using implementation "sha256-ce"
[    6.683061] EXT4-fs (dm-44): mounted filesystem without journal. Opts: (null). Quota mode: none.
[    6.683105] device-mapper: verity: sha256 using implementation "sha256-ce"
[    6.683203] device-mapper: verity: sha256 using implementation "sha256-ce"
[    6.683446] device-mapper: verity: sha256 using implementation "sha256-ce"
[    6.683740] EXT4-fs (dm-48): mounted filesystem without journal. Opts: (null). Quota mode: none.
[    6.685240] EXT4-fs (dm-26): mounted filesystem without journal. Opts: (null). Quota mode: none.
[    6.685521] EXT4-fs (dm-45): mounted filesystem without journal. Opts: (null). Quota mode: none.
[    6.685531] EXT4-fs (dm-51): mounted filesystem without journal. Opts: (null). Quota mode: none.
[    6.685564] EXT4-fs (loop10): mounted filesystem without journal. Opts: (null). Quota mode: none.
[    6.686978] EXT4-fs (dm-43): mounted filesystem without journal. Opts: (null). Quota mode: none.
[    6.687030] EXT4-fs (dm-42): mounted filesystem without journal. Opts: (null). Quota mode: none.
[    6.687031] EXT4-fs (dm-39): mounted filesystem without journal. Opts: (null). Quota mode: none.
[    6.687792] device-mapper: verity: sha256 using implementation "sha256-ce"
[    6.688701] device-mapper: verity: sha256 using implementation "sha256-ce"
[    6.688742] device-mapper: verity: sha256 using implementation "sha256-ce"
[    6.688947] EXT4-fs (loop26): mounted filesystem without journal. Opts: (null). Quota mode: none.
[    6.689277] device-mapper: verity: sha256 using implementation "sha256-ce"
[    6.689542] device-mapper: verity: sha256 using implementation "sha256-ce"
[    6.689580] device-mapper: verity: sha256 using implementation "sha256-ce"
[    6.689793] device-mapper: verity: sha256 using implementation "sha256-ce"
[    6.690684] device-mapper: verity: sha256 using implementation "sha256-ce"
[    6.690927] device-mapper: verity: sha256 using implementation "sha256-ce"
[    6.691010] EXT4-fs (dm-38): mounted filesystem without journal. Opts: (null). Quota mode: none.
[    6.694346] EXT4-fs (dm-24): mounted filesystem without journal. Opts: (null). Quota mode: none.
[    6.695292] device-mapper: verity: sha256 using implementation "sha256-ce"
[    6.695529] device-mapper: verity: sha256 using implementation "sha256-ce"
[    6.695682] EXT4-fs (dm-33): mounted filesystem without journal. Opts: (null). Quota mode: none.
[    6.696218] EXT4-fs (dm-27): mounted filesystem without journal. Opts: (null). Quota mode: none.
[    6.696286] device-mapper: verity: sha256 using implementation "sha256-ce"
[    6.697452] EXT4-fs (dm-34): mounted filesystem without journal. Opts: (null). Quota mode: none.
[    6.697973] EXT4-fs (loop37): mounted filesystem without journal. Opts: (null). Quota mode: none.
[    6.697995] EXT4-fs (dm-28): mounted filesystem without journal. Opts: (null). Quota mode: none.
[    6.698133] EXT4-fs (dm-25): mounted filesystem without journal. Opts: (null). Quota mode: none.
[    6.698226] EXT4-fs (loop25): mounted filesystem without journal. Opts: (null). Quota mode: none.
[    6.698307] EXT4-fs (dm-29): mounted filesystem without journal. Opts: (null). Quota mode: none.
[    6.698357] EXT4-fs (dm-31): mounted filesystem without journal. Opts: (null). Quota mode: none.
[    6.698415] EXT4-fs (dm-35): mounted filesystem without journal. Opts: (null). Quota mode: none.
[    6.698895] EXT4-fs (loop32): mounted filesystem without journal. Opts: (null). Quota mode: none.
[    6.699051] EXT4-fs (dm-18): mounted filesystem without journal. Opts: (null). Quota mode: none.
[    6.699054] EXT4-fs (dm-37): mounted filesystem without journal. Opts: (null). Quota mode: none.
[    6.699058] EXT4-fs (dm-50): mounted filesystem without journal. Opts: (null). Quota mode: none.
[    6.703355] device-mapper: verity: sha256 using implementation "sha256-ce"
[    6.704123] EXT4-fs (loop36): mounted filesystem without journal. Opts: (null). Quota mode: none.
[    6.704816] EXT4-fs (dm-21): mounted filesystem without journal. Opts: (null). Quota mode: none.
[    6.707134] device-mapper: verity: sha256 using implementation "sha256-ce"
[    6.707341] device-mapper: verity: sha256 using implementation "sha256-ce"
[    6.707512] device-mapper: verity: sha256 using implementation "sha256-ce"
[    6.707813] EXT4-fs (loop39): mounted filesystem without journal. Opts: (null). Quota mode: none.
[    6.708158] EXT4-fs (dm-36): mounted filesystem without journal. Opts: (null). Quota mode: none.
[    6.708371] EXT4-fs (dm-22): mounted filesystem without journal. Opts: (null). Quota mode: none.
[    6.708586] EXT4-fs (dm-17): mounted filesystem without journal. Opts: (null). Quota mode: none.
[    6.743981] linkerconfig: Failed to open file /system/etc/vndkcorevariant.libraries.txt: No such file or directory
[    6.773289] vdc: Waited 0ms for vold
[    6.919742] fs-verity: sha256 using implementation "sha256-ce"
[    7.060275] apexd: Started. subcommand = --snapshotde
[    7.060695] apexd-snapshotde: Marking APEXd as ready
[    7.078493] Mass Storage Function, version: 2009/09/11
[    7.078496] LUN: removable file: (no medium)
[    7.080009] file system registered
[    7.080808] f_cdev_alloc: port_name:at_usb0 (0000000000000000) portno:(0)
[    7.081129] f_cdev_alloc: port_name:at_usb1 (0000000000000000) portno:(1)
[    7.081329] f_cdev_alloc: port_name:at_usb2 (0000000000000000) portno:(2)
[    7.083093] using random self ethernet address
[    7.083095] using random host ethernet address
[    7.209979] cnss: File system is ready, fs_ready is 1, count is 1
[    7.209987] cnss: Posting event: COLD_BOOT_CAL_START(5), state: 0x2c00000 flags: 0x0
[    7.209991] cnss: PM stay awake, state: 0x2c00000, count: 1
[    7.210010] cnss: PM relax, state: 0x2c00000, count: 0
[    7.210014] cnss: PM stay awake, state: 0x2c00000, count: 1
[    7.210021] cnss: Processing driver event: COLD_BOOT_CAL_START(5), state: 0x2c00000
[    7.210025] cnss: Restarting calibration 130s timeout
[    7.210034] cnss: FW name added with prefix: kiwi/amss20.bin
[    7.210036] cnss: FW name added with prefix: kiwi/amss20.bin
[    7.210037] cnss: FW name is kiwi/amss20.bin, FW fallback name is kiwi/amss20.bin
[    7.210039] cnss: New driver mode is 0
[    7.210041] cnss: Regulator vdd-wlan-io is being enabled
[    7.210046] cnss: Regulator vdd-wlan is being enabled
[    7.210247] cnss: Regulator vdd-wlan-aon is being enabled
[    7.210545] cnss: Regulator vdd-wlan-dig is being enabled
[    7.210604] cnss: Regulator vdd-wlan-rfa1 is being enabled
[    7.210687] cnss: Regulator vdd-wlan-rfa2 is being enabled
[    7.211797] cnss: WLAN_EN Value: 1
[    7.211799] cnss: Assert WLAN_EN GPIO successfully
[    7.211801] cnss: Resuming PCI link
[    7.211821] msm_pcie_enable: PCIe: Assert the reset of endpoint of RC0.
[    7.215939] msm_pcie_enable: PCIe: RC0: PCIE20_PARF_INT_ALL_MASK: 0x7f80d202
[    7.218211] pcie_phy_init: PCIe RC0 PHY is ready!
[    7.228241] msm_pcie_enable: PCIe: Release the reset of endpoint of RC0.
[    7.230412] EXT4-fs (sda2): barriers disabled
[    7.230678] EXT4-fs (sda2): mounted filesystem with ordered data mode. Opts: barrier=0. Quota mode: none.
[    7.244652] msm_pcie_link_train: PCIe RC0 link initialized
[    7.258327] cnss_pci 0000:01:00.0: enabling device (0000 -> 0002)
[    7.258718] cnss: Setting MHI state: INIT(0)
[    7.266445] cnss: Setting MHI state: POWER_ON(2)
[    7.267259] cnss_pci 0000:01:00.0: Direct firmware load for kiwi/amss20.bin failed with error -2
[    7.267263] cnss_pci 0000:01:00.0: Falling back to sysfs fallback for: kiwi/amss20.bin
[    7.280379] [EGISFP] egisfp_open 
[    7.280385] [EGISFP] egisfp_parse_dt : start 
[    7.280485] [EGISFP] egisfp_parse_dt : vcc_33v_pin gpio num is 297 
[    7.280487] [EGISFP] egisfp_parse_dt : Config Regulator for ext_ldo_source 
[    7.280488] [EGISFP] egisfp_parse_dt : vcc regulator voltage get Max = 3800000, Min = 3400000 
[    7.280489] [EGISFP] egisfp_parse_dt : vcc regulator current get 1000000 
[    7.280491] [EGISFP] egisfp_parse_dt : regulator max voltage get = 3960000 
[    7.280494] [EGISFP] egisfp_parse_dt : rst pin gpio num is 343 
[    7.280496] [EGISFP] egisfp_parse_dt : irq pin gpio num is 341 
[    7.280497] [EGISFP] egisfp_parse_dt : successful 
[    7.280498] [EGISFP] egisfp_open : open ioctl user count = 1 
[    7.280536] [EGISFP] egisfp_ioctl : cmd = 0x11 
[    7.280538] [EGISFP] egisfp_ioctl : FP_GET_RESOURCE 
[    7.280540] [EGISFP] egisfp_platforminit : Version 20220922 
[    7.281350] [EGISFP] egisfp_platforminit : find node enter 
[    7.281770] [EGISFP] egisfp_platforminit : successful status = 0 gpio num -> vcc = 297 rst = 343 Irq = 341 
[    7.281773] [EGISFP] egisfp_ioctl done 
[    7.281817] [EGISFP] egisfp_ioctl : cmd = 0x5 
[    7.281818] [EGISFP] egisfp_ioctl : FP_POWER_ONOFF 
[    7.281820] [EGISFP] do_egisfp_power_onoff : power_onoff = 2 
[    7.281822] [EGISFP] egisfp_vreg_setup : original voltage = 3400000 
[    7.281823] [EGISFP] egisfp_vreg_setup : enable_3_8V 
[    7.281996] [EGISFP] egisfp_vreg_setup : modified voltage = 3800000, ret = 0 
[    7.282029] [EGISFP] egisfp_vreg_setup : regulator enable, ret = 0 
[    7.285795] NetBpfLoad: /apex/com.android.tethering/bin/netbpfload api:35///3500 kver:50f00bd (64-on-aarch64:4k) libbpf: v1.4 uid:0 rc:01 user:100
[    7.286154] NetBpfLoad: Tethering APEX version 372038420
[    7.286206] WARNING: Unprivileged eBPF is enabled, data leaks possible via Spectre v2 BHB attacks!
[    7.286322] [EGISFP] do_egisfp_power_onoff : power_pin value = 1 
[    7.286326] [EGISFP] egisfp_ioctl done 
[    7.286369] [EGISFP] egisfp_ioctl : cmd = 0xAD 
[    7.286371] [EGISFP] egisfp_ioctl done 
[    7.292027] NetBpfLoad: skipping prog schedcls_tether_downstream6_ether: kernel version 0x50f00bd is outside required range [0x4090000, 0x5040000)
[    7.292035] NetBpfLoad: skipping prog schedcls_tether_upstream6_ether: kernel version 0x50f00bd is outside required range [0x4090000, 0x5040000)
[    7.292038] NetBpfLoad: skipping prog schedcls_tether_downstream6_rawip: kernel version 0x50f00bd is outside required range [0x40e0000, 0x5040000)
[    7.292041] NetBpfLoad: skipping prog schedcls_tether_upstream6_rawip: kernel version 0x50f00bd is outside required range [0x40e0000, 0x5040000)
[    7.292043] NetBpfLoad: skipping prog schedcls_tether_downstream6_rawip: kernel version 0x50f00bd is outside required range [0x4090000, 0x40e0000)
[    7.292045] NetBpfLoad: skipping prog schedcls_tether_upstream6_rawip: kernel version 0x50f00bd is outside required range [0x4090000, 0x40e0000)
[    7.292048] NetBpfLoad: skipping prog schedcls_tether_downstream4_rawip: kernel version 0x50f00bd is outside required range [0x5040000, 0x50a0000)
[    7.292051] NetBpfLoad: skipping prog schedcls_tether_upstream4_rawip: kernel version 0x50f00bd is outside required range [0x5040000, 0x50a0000)
[    7.330093] [EGISFP] egisfp_ioctl : cmd = 0x4 
[    7.330101] [EGISFP] egisfp_ioctl : FP_SENSOR_RESET 
[    7.334694] printk: netbpfload: 107 output lines suppressed due to ratelimiting
[    7.343132] [EGISFP] do_egisfp_reset : reset_pin = 1 
[    7.343138] [EGISFP] egisfp_ioctl done 
[    7.349565] update_verifier: AIDL IBootControl not available, falling back to HIDL.
[    7.353742] update_verifier: Using HIDL version 1.2 of IBootControl
[    7.354394] update_verifier: Booting slot 0: isSlotMarkedSuccessful=1
[    7.354401] update_verifier: Leaving update_verifier.
[    7.457258] cfg80211: failed to load regulatory.db
[    7.459322] cs40l2x 3-0040: Loaded 20 waveforms from cs40l20.bin, last modified on 2022-10-18
[    7.460639] cs40l2x 3-0040: Firmware revision 10.7.13
[    7.460642] cs40l2x 3-0040: Firmware ID 0x1400D0
[    7.460644] cs40l2x 3-0040: Max. wavetable size: 1860 bytes (XM), 5250 bytes (YM)
[    7.519902] [EGISFP] egisfp_ioctl : cmd = 0x11 
[    7.519910] [EGISFP] egisfp_ioctl : FP_GET_RESOURCE 
[    7.519912] [EGISFP] egisfp_platforminit : Version 20220922 
[    7.519913] [EGISFP] egisfp_platforminit : platform already init 
[    7.519915] [EGISFP] egisfp_ioctl done 
[    7.519928] [EGISFP] egisfp_ioctl : cmd = 0xAD 
[    7.519929] [EGISFP] egisfp_ioctl done 
[    7.520245] [EGISFP] egisfp_ioctl : cmd = 0x4 
[    7.520248] [EGISFP] egisfp_ioctl : FP_SENSOR_RESET 
[    7.524519] remoteproc remoteproc1: powering up 3000000.remoteproc-adsp
[    7.524540] remoteproc remoteproc1: Direct firmware load for adsp.mdt failed with error -2
[    7.524543] remoteproc remoteproc1: Falling back to sysfs fallback for: adsp.mdt
[    7.527070] remoteproc remoteproc1: Booting fw image adsp.mdt, size 8364
[    7.527392] qcom_q6v5_pas 3000000.remoteproc-adsp: Direct firmware load for adsp_dtb.mdt failed with error -2
[    7.527397] qcom_q6v5_pas 3000000.remoteproc-adsp: Falling back to sysfs fallback for: adsp_dtb.mdt
[    7.528750] msm_cvp: sess: init.qti.write. opening cvp instance: 0000000000000000 type 3 cnt 0
[    7.528858] remoteproc remoteproc2: powering up 32300000.remoteproc-cdsp
[    7.528868] remoteproc remoteproc2: Direct firmware load for cdsp.mdt failed with error -2
[    7.528871] remoteproc remoteproc2: Falling back to sysfs fallback for: cdsp.mdt
[    7.530629] qcom_q6v5_pas 3000000.remoteproc-adsp: Direct firmware load for adsp_dtb.b02 failed with error -2
[    7.530632] qcom_q6v5_pas 3000000.remoteproc-adsp: Falling back to sysfs fallback for: adsp_dtb.b02
[    7.530973] msm_cvp:  pwr: cvp (eva) powered on
[    7.530987] msm_cvp ab00000.qcom,cvp: Direct firmware load for evass.mbn failed with error -2
[    7.530989] msm_cvp ab00000.qcom,cvp: Falling back to sysfs fallback for: evass.mbn
[    7.534105] [EGISFP] do_egisfp_reset : reset_pin = 1 
[    7.534110] [EGISFP] egisfp_ioctl done 
[    7.534732] [EGISFP] egisfp_ioctl : cmd = 0x4 
[    7.534735] [EGISFP] egisfp_ioctl : FP_SENSOR_RESET 
[    7.535682] remoteproc remoteproc2: Booting fw image cdsp.mdt, size 5084
[    7.535697] qcom_q6v5_pas 32300000.remoteproc-cdsp: Direct firmware load for cdsp_dtb.mdt failed with error -2
[    7.535700] qcom_q6v5_pas 32300000.remoteproc-cdsp: Falling back to sysfs fallback for: cdsp_dtb.mdt
[    7.547756] [EGISFP] do_egisfp_reset : reset_pin = 1 
[    7.547759] [EGISFP] egisfp_ioctl done 
[    7.551143] qcom_q6v5_pas 3000000.remoteproc-adsp: Direct firmware load for adsp_dtb.b01 failed with error -2
[    7.551149] qcom_q6v5_pas 3000000.remoteproc-adsp: Falling back to sysfs fallback for: adsp_dtb.b01
[    7.553789] qcom_q6v5_pas 32300000.remoteproc-cdsp: Direct firmware load for cdsp_dtb.b02 failed with error -2
[    7.553793] qcom_q6v5_pas 32300000.remoteproc-cdsp: Falling back to sysfs fallback for: cdsp_dtb.b02
[    7.555207] qcom rproc: 188101c.remoteproc-spss: recovery disabled
[    7.555244] qcom rproc: 188101c.remoteproc-spss: recovery disabled
[    7.555270] qcom rproc: 188101c.remoteproc-spss: recovery disabled
[    7.555294] qcom rproc: 188101c.remoteproc-spss: recovery disabled
[    7.555319] qcom rproc: 188101c.remoteproc-spss: recovery disabled
[    7.555361] qcom rproc: 188101c.remoteproc-spss: recovery disabled
[    7.557238] adsprpc: fastrpc_restart_notifier_cb: subsystem lpass is about to start
[    7.568152] qcom rproc: 3000000.remoteproc-adsp: recovery enabled
[    7.582402] qcom_q6v5_pas 3000000.remoteproc-adsp: Direct firmware load for adsp.b56 failed with error -2
[    7.582410] qcom_q6v5_pas 3000000.remoteproc-adsp: Falling back to sysfs fallback for: adsp.b56
[    7.600449] qcom_q6v5_pas 32300000.remoteproc-cdsp: Direct firmware load for cdsp_dtb.b01 failed with error -2
[    7.600459] qcom_q6v5_pas 32300000.remoteproc-cdsp: Falling back to sysfs fallback for: cdsp_dtb.b01
[    7.604182] adsprpc: fastrpc_restart_notifier_cb: subsystem cdsp is about to start
[    7.610364] qcom_q6v5_pas 32300000.remoteproc-cdsp: Direct firmware load for cdsp.b15 failed with error -2
[    7.610371] qcom_q6v5_pas 32300000.remoteproc-cdsp: Falling back to sysfs fallback for: cdsp.b15
[    7.628253] synx: session 0 not available, pid: 1462
[    7.628261] synx: synx_uninitialize: invalid session id 0
[    7.628263] msm_cvp: init.qti.write.: closed cvp instance: 0000000000000000 session_id = 0 type 3 0
[    7.656952] qcom_q6v5_pas 3000000.remoteproc-adsp: Direct firmware load for adsp.b01 failed with error -2
[    7.656961] qcom_q6v5_pas 3000000.remoteproc-adsp: Falling back to sysfs fallback for: adsp.b01
[    7.657582] qcom_q6v5_pas 32300000.remoteproc-cdsp: Direct firmware load for cdsp.b01 failed with error -2
[    7.657587] qcom_q6v5_pas 32300000.remoteproc-cdsp: Falling back to sysfs fallback for: cdsp.b01
[    7.659773] qcom_q6v5_pas 3000000.remoteproc-adsp: Direct firmware load for adsp.b02 failed with error -2
[    7.659777] qcom_q6v5_pas 3000000.remoteproc-adsp: Falling back to sysfs fallback for: adsp.b02
[    7.661373] qcom_q6v5_pas 32300000.remoteproc-cdsp: Direct firmware load for cdsp.b02 failed with error -2
[    7.661377] qcom_q6v5_pas 32300000.remoteproc-cdsp: Falling back to sysfs fallback for: cdsp.b02
[    7.689061] qcom_q6v5_pas 32300000.remoteproc-cdsp: Direct firmware load for cdsp.b03 failed with error -2
[    7.689068] qcom_q6v5_pas 32300000.remoteproc-cdsp: Falling back to sysfs fallback for: cdsp.b03
[    7.693660] qcom_q6v5_pas 3000000.remoteproc-adsp: Direct firmware load for adsp.b03 failed with error -2
[    7.693665] qcom_q6v5_pas 3000000.remoteproc-adsp: Falling back to sysfs fallback for: adsp.b03
[    7.693805] qcom_q6v5_pas 32300000.remoteproc-cdsp: Direct firmware load for cdsp.b04 failed with error -2
[    7.693810] qcom_q6v5_pas 32300000.remoteproc-cdsp: Falling back to sysfs fallback for: cdsp.b04
[    7.697323] qcom_q6v5_pas 3000000.remoteproc-adsp: Direct firmware load for adsp.b04 failed with error -2
[    7.697327] qcom_q6v5_pas 3000000.remoteproc-adsp: Falling back to sysfs fallback for: adsp.b04
[    7.702040] qcom_q6v5_pas 32300000.remoteproc-cdsp: Direct firmware load for cdsp.b05 failed with error -2
[    7.702044] qcom_q6v5_pas 32300000.remoteproc-cdsp: Falling back to sysfs fallback for: cdsp.b05
[    7.702075] qcom_q6v5_pas 3000000.remoteproc-adsp: Direct firmware load for adsp.b05 failed with error -2
[    7.702080] qcom_q6v5_pas 3000000.remoteproc-adsp: Falling back to sysfs fallback for: adsp.b05
[    7.705122] qcom_q6v5_pas 32300000.remoteproc-cdsp: Direct firmware load for cdsp.b06 failed with error -2
[    7.705126] qcom_q6v5_pas 32300000.remoteproc-cdsp: Falling back to sysfs fallback for: cdsp.b06
[    7.708833] qcom_q6v5_pas 32300000.remoteproc-cdsp: Direct firmware load for cdsp.b07 failed with error -2
[    7.708838] qcom_q6v5_pas 32300000.remoteproc-cdsp: Falling back to sysfs fallback for: cdsp.b07
[    7.709033] qcom_q6v5_pas 3000000.remoteproc-adsp: Direct firmware load for adsp.b06 failed with error -2
[    7.709037] qcom_q6v5_pas 3000000.remoteproc-adsp: Falling back to sysfs fallback for: adsp.b06
[    7.711809] qcom_q6v5_pas 32300000.remoteproc-cdsp: Direct firmware load for cdsp.b08 failed with error -2
[    7.711813] qcom_q6v5_pas 32300000.remoteproc-cdsp: Falling back to sysfs fallback for: cdsp.b08
[    7.713283] qcom_q6v5_pas 3000000.remoteproc-adsp: Direct firmware load for adsp.b07 failed with error -2
[    7.713287] qcom_q6v5_pas 3000000.remoteproc-adsp: Falling back to sysfs fallback for: adsp.b07
[    7.718164] qcom_q6v5_pas 32300000.remoteproc-cdsp: Direct firmware load for cdsp.b09 failed with error -2
[    7.718168] qcom_q6v5_pas 32300000.remoteproc-cdsp: Falling back to sysfs fallback for: cdsp.b09
[    7.718236] qcom_q6v5_pas 3000000.remoteproc-adsp: Direct firmware load for adsp.b08 failed with error -2
[    7.718239] qcom_q6v5_pas 3000000.remoteproc-adsp: Falling back to sysfs fallback for: adsp.b08
[    7.721138] qcom_q6v5_pas 32300000.remoteproc-cdsp: Direct firmware load for cdsp.b10 failed with error -2
[    7.721142] qcom_q6v5_pas 32300000.remoteproc-cdsp: Falling back to sysfs fallback for: cdsp.b10
[    7.725888] qcom_q6v5_pas 32300000.remoteproc-cdsp: Direct firmware load for cdsp.b11 failed with error -2
[    7.725891] qcom_q6v5_pas 32300000.remoteproc-cdsp: Falling back to sysfs fallback for: cdsp.b11
[    7.726212] qcom_q6v5_pas 3000000.remoteproc-adsp: Direct firmware load for adsp.b09 failed with error -2
[    7.726215] qcom_q6v5_pas 3000000.remoteproc-adsp: Falling back to sysfs fallback for: adsp.b09
[    7.728949] qcom_q6v5_pas 32300000.remoteproc-cdsp: Direct firmware load for cdsp.b12 failed with error -2
[    7.728953] qcom_q6v5_pas 32300000.remoteproc-cdsp: Falling back to sysfs fallback for: cdsp.b12
[    7.731524] qcom_q6v5_pas 3000000.remoteproc-adsp: Direct firmware load for adsp.b10 failed with error -2
[    7.731528] qcom_q6v5_pas 3000000.remoteproc-adsp: Falling back to sysfs fallback for: adsp.b10
[    7.732364] qcom_q6v5_pas 32300000.remoteproc-cdsp: Direct firmware load for cdsp.b13 failed with error -2
[    7.732367] qcom_q6v5_pas 32300000.remoteproc-cdsp: Falling back to sysfs fallback for: cdsp.b13
[    7.734545] qcom_q6v5_pas 3000000.remoteproc-adsp: Direct firmware load for adsp.b11 failed with error -2
[    7.734549] qcom_q6v5_pas 3000000.remoteproc-adsp: Falling back to sysfs fallback for: adsp.b11
[    7.738567] qcom_q6v5_pas 3000000.remoteproc-adsp: Direct firmware load for adsp.b12 failed with error -2
[    7.738570] qcom_q6v5_pas 3000000.remoteproc-adsp: Falling back to sysfs fallback for: adsp.b12
[    7.741673] qcom_q6v5_pas 3000000.remoteproc-adsp: Direct firmware load for adsp.b13 failed with error -2
[    7.741676] qcom_q6v5_pas 3000000.remoteproc-adsp: Falling back to sysfs fallback for: adsp.b13
[    7.745499] qcom_q6v5_pas 3000000.remoteproc-adsp: Direct firmware load for adsp.b14 failed with error -2
[    7.745502] qcom_q6v5_pas 3000000.remoteproc-adsp: Falling back to sysfs fallback for: adsp.b14
[    7.748685] qcom_q6v5_pas 3000000.remoteproc-adsp: Direct firmware load for adsp.b15 failed with error -2
[    7.748688] qcom_q6v5_pas 3000000.remoteproc-adsp: Falling back to sysfs fallback for: adsp.b15
[    7.751955] qcom_q6v5_pas 3000000.remoteproc-adsp: Direct firmware load for adsp.b16 failed with error -2
[    7.751958] qcom_q6v5_pas 3000000.remoteproc-adsp: Falling back to sysfs fallback for: adsp.b16
[    7.755478] qcom_q6v5_pas 3000000.remoteproc-adsp: Direct firmware load for adsp.b17 failed with error -2
[    7.755481] qcom_q6v5_pas 3000000.remoteproc-adsp: Falling back to sysfs fallback for: adsp.b17
[    7.759561] qcom_q6v5_pas 3000000.remoteproc-adsp: Direct firmware load for adsp.b18 failed with error -2
[    7.759564] qcom_q6v5_pas 3000000.remoteproc-adsp: Falling back to sysfs fallback for: adsp.b18
[    7.762039] cnss: MHI status cb is called with reason MISSION_MODE(5)
[    7.762048] cnss: Notify MHI to use already allocated images
[    7.762061] cnss: Disable ADSP power collapse
[    7.762066] cnss: PM relax, state: 0x2c00008, count: 0
[    7.764408] qcom_q6v5_pas 3000000.remoteproc-adsp: Direct firmware load for adsp.b19 failed with error -2
[    7.764414] qcom_q6v5_pas 3000000.remoteproc-adsp: Falling back to sysfs fallback for: adsp.b19
[    7.765715] cnss: Setting link speed:0x2, width:0x1
[    7.774315] qcom_q6v5_pas 3000000.remoteproc-adsp: Direct firmware load for adsp.b20 failed with error -2
[    7.774322] qcom_q6v5_pas 3000000.remoteproc-adsp: Falling back to sysfs fallback for: adsp.b20
[    7.776079] cnss: WLFW server arriving: node 7 port 1
[    7.776087] cnss: Posting event: SERVER_ARRIVE(0), state: 0x2c00008 flags: 0x0
[    7.776091] cnss: PM stay awake, state: 0x2c00008, count: 1
[    7.776106] cnss: PM relax, state: 0x2c00008, count: 0
[    7.776142] cnss: PM stay awake, state: 0x2c00008, count: 1
[    7.776146] cnss: Processing driver event: SERVER_ARRIVE(0), state: 0x2c00008
[    7.776150] cnss: QMI WLFW service connected, state: 0x2c00009
[    7.776152] cnss: Sending indication register message, state: 0x2c00009
[    7.780288] cnss: Sending host capability message, state: 0x2c00009
[    7.780294] cnss: Number of clients is 1
[    7.780297] cnss: Assign MSI to user: WAKE, num_vectors: 1, user_base_data: 13, base_vector: 13
[    7.780299] cnss: WAKE MSI base data is 13
[    7.780300] cnss: Calibration done is 0
[    7.780302] cnss: Sending iova starting 0xa0000000 with size 0x10010000
[    7.780304] cnss: Sending feature list 0x6
[    7.782287] cnss: Received QMI WLFW request memory indication
[    7.782289] cnss: FW requests for memory, size: 0x6f0000, type: 1
[    7.782291] cnss: FW requests for memory, size: 0x810000, type: 4
[    7.782293] cnss: Posting event: REQUEST_MEM(2), state: 0x2c00009 flags: 0x0
[    7.782301] cnss: Processing driver event: REQUEST_MEM(2), state: 0x2c00009
[    7.785807] qcom_q6v5_pas 3000000.remoteproc-adsp: Direct firmware load for adsp.b21 failed with error -2
[    7.785813] qcom_q6v5_pas 3000000.remoteproc-adsp: Falling back to sysfs fallback for: adsp.b21
[    7.789549] adsprpc: fastrpc_restart_notifier_cb: cdsp subsystem is up
[    7.789555] remoteproc remoteproc2: remote processor 32300000.remoteproc-cdsp is now up
[    7.789951] qcom_q6v5_pas 3000000.remoteproc-adsp: Direct firmware load for adsp.b22 failed with error -2
[    7.789955] qcom_q6v5_pas 3000000.remoteproc-adsp: Falling back to sysfs fallback for: adsp.b22
[    7.790174] qcom_smd_qrtr_probe:SMD QRTR driver probed
[    7.790497] cnss: Sending respond memory message, state: 0x2c00009
[    7.790503] cnss: Memory for FW, va: 0x0000000000000000, pa: 0x00000000a1800000, size: 0x6f0000, type: 1
[    7.790508] cnss: Memory for FW, va: 0x0000000000000000, pa: 0x00000000a2000000, size: 0x810000, type: 4
[    7.790602] coresight-remote-etm soc:turing_etm0: Connection established between QMI handle and 13 service
[    7.793768] Info: adsprpc (97): kworker/0:13: fastrpc_rpmsg_probe: opened rpmsg channel for cdsp
[    7.793941] qcom_q6v5_pas 3000000.remoteproc-adsp: Direct firmware load for adsp.b23 failed with error -2
[    7.793945] qcom_q6v5_pas 3000000.remoteproc-adsp: Falling back to sysfs fallback for: adsp.b23
[    7.795218] cdsprm: resmgr pdkill config set to 0
[    7.796028] msm_cvp: warn: cvp_dsp_send_hfi_queue: Done init of HFI queue headers
[    7.797162] qcom,msm_ipclite_rpmsg 32300000.remoteproc-cdsp:glink-edge.ipcliteglink-apps-dsp.-1.-1: rpmsg_probe for ipc_lite done
[    7.797366] cnss: PM relax, state: 0x2c00009, count: 0
[    7.797377] cnss: PM stay awake, state: 0x2c00009, count: 1
[    7.797380] cnss: PM relax, state: 0x2c00009, count: 0
[    7.799576] cnss: Received QMI WLFW FW memory ready indication
[    7.799582] cnss: Posting event: FW_MEM_READY(3), state: 0x2c00009 flags: 0x0
[    7.799584] cnss: PM stay awake, state: 0x2c00009, count: 1
[    7.799594] cnss: PM relax, state: 0x2c00009, count: 0
[    7.799599] cnss: PM stay awake, state: 0x2c00009, count: 1
[    7.799605] cnss: Processing driver event: FW_MEM_READY(3), state: 0x2c00009
[    7.799608] cnss: Sending target capability message, state: 0x2c0000b
[    7.801523] qcom_q6v5_pas 3000000.remoteproc-adsp: Direct firmware load for adsp.b24 failed with error -2
[    7.801527] qcom_q6v5_pas 3000000.remoteproc-adsp: Falling back to sysfs fallback for: adsp.b24
[    7.802510] cnss: Device frequency is 19200000 HZ
[    7.802517] cnss: FW_PMU Data: VDD_PMU_AON_I 1 900 0 450
[    7.802520] cnss: VDD_PMU_AON_I mapped to s4e
[    7.802521] cnss: Plat VReg Data: s4e 914 0
[    7.802523] cnss: FW_PMU Data: VDD095_PMU 1 930 0 475
[    7.802524] cnss: VDD095_PMU mapped to s5g
[    7.802526] cnss: Plat VReg Data: s5g 946 0
[    7.802527] cnss: FW_PMU Data: VDD095_MX_PMU 1 960 0 540
[    7.802543] cnss: VDD095_MX_PMU mapped to s2g
[    7.802544] cnss: Plat VReg Data: s2g 974 0
[    7.802545] cnss: FW_PMU Data: VDD095_PMU_BT 1 900 0 540
[    7.802547] cnss: VDD095_PMU_BT mapped to s4e
[    7.802548] cnss: Plat VReg Data: s4e 914 0
[    7.802549] cnss: FW_PMU Data: VDD09_PMU_RFA_I 1 850 0 0
[    7.802551] cnss: VDD09_PMU_RFA_I mapped to s4e
[    7.802552] cnss: Plat VReg Data: s4e 914 0
[    7.802553] cnss: FW_PMU Data: VDD13_PMU_PCIE_I 1 1025 0 0
[    7.802555] cnss: VDD13_PMU_PCIE_I mapped to s4g
[    7.802556] cnss: Plat VReg Data: s4g 1042 0
[    7.802557] cnss: FW_PMU Data: VDD13_PMU_RFA_I 1 1300 0 0
[    7.802559] cnss: VDD13_PMU_RFA_I mapped to s4g
[    7.802560] cnss: Plat VReg Data: s4g 1314 0
[    7.802561] cnss: FW_PMU Data: VDD19_PMU_PCIE_I 1 1850 0 0
[    7.802563] cnss: VDD19_PMU_PCIE_I mapped to s6g
[    7.802564] cnss: Plat VReg Data: s6g 1866 0
[    7.802565] cnss: FW_PMU Data: VDD19_PMU_RFA_I 1 1850 0 0
[    7.802567] cnss: VDD19_PMU_RFA_I mapped to s6g
[    7.802568] cnss: Plat VReg Data: s6g 1866 0
[    7.802570] cnss: s4e mapped to rf
[    7.802572] cnss: Sending AOP Mbox msg: {class: wlan_pdc, ss: rf, res: s4e.v, upval: 914}
[    7.802940] cnss: s5g mapped to bb
[    7.802941] cnss: Sending AOP Mbox msg: {class: wlan_pdc, ss: bb, res: s5g.v, upval: 946}
[    7.803362] cnss: s2g mapped to bb
[    7.803364] cnss: Sending AOP Mbox msg: {class: wlan_pdc, ss: bb, res: s2g.v, upval: 974}
[    7.803746] cnss: s4g mapped to rf
[    7.803747] cnss: Sending AOP Mbox msg: {class: wlan_pdc, ss: rf, res: s4g.v, upval: 1314}
[    7.804142] cnss: s6g mapped to rf
[    7.804145] cnss: Sending AOP Mbox msg: {class: wlan_pdc, ss: rf, res: s6g.v, upval: 1866}
[    7.804547] cnss: Target capability: chip_id: 0x2, chip_family: 0x4, board_id: 0x31, soc_id: 0x40170200, otp_version: 0x0
[    7.804550] cnss: fw_version: 0x110c8586, fw_build_timestamp: 2025-08-25 13:49, fw_build_id: QC_IMAGE_VERSION_STRING=WLAN.HMT.1.1-01414.6-QCAHMTSWPL_V1.0_V2.0_SILICONZ-1.121323.2.124673.3, hwid_bitmap:0x0
[    7.804552] cnss: Hang event params, Length: 0x180, Offset Address: 0x1ec000
[    7.804554] cnss: Sending BDF download message, state: 0x2c0000b, type: 4
[    7.804557] cnss: FW name added with prefix: kiwi/regdb.bin
[    7.811194] qcom_q6v5_pas 3000000.remoteproc-adsp: Direct firmware load for adsp.b25 failed with error -2
[    7.811202] qcom_q6v5_pas 3000000.remoteproc-adsp: Falling back to sysfs fallback for: adsp.b25
[    7.820266] cnss: Downloading BDF: kiwi/regdb.bin, size: 24278
[    7.823074] qcom_q6v5_pas 3000000.remoteproc-adsp: Direct firmware load for adsp.b26 failed with error -2
[    7.823077] qcom_q6v5_pas 3000000.remoteproc-adsp: Falling back to sysfs fallback for: adsp.b26
[    7.825883] qcom_q6v5_pas 3000000.remoteproc-adsp: Direct firmware load for adsp.b27 failed with error -2
[    7.825887] qcom_q6v5_pas 3000000.remoteproc-adsp: Falling back to sysfs fallback for: adsp.b27
[    7.829162] qcom_q6v5_pas 3000000.remoteproc-adsp: Direct firmware load for adsp.b28 failed with error -2
[    7.829166] qcom_q6v5_pas 3000000.remoteproc-adsp: Falling back to sysfs fallback for: adsp.b28
[    7.832245] qcom_q6v5_pas 3000000.remoteproc-adsp: Direct firmware load for adsp.b29 failed with error -2
[    7.832249] qcom_q6v5_pas 3000000.remoteproc-adsp: Falling back to sysfs fallback for: adsp.b29
[    7.833943] cnss: INI File 1 download
[    7.836149] qcom_q6v5_pas 3000000.remoteproc-adsp: Direct firmware load for adsp.b30 failed with error -2
[    7.836153] qcom_q6v5_pas 3000000.remoteproc-adsp: Falling back to sysfs fallback for: adsp.b30
[    7.838920] cnss: Failed to get INI file wlan-connection-roaming.ini (-2), Backup file: Supported
[    7.841665] qcom_q6v5_pas 3000000.remoteproc-adsp: Direct firmware load for adsp.b31 failed with error -2
[    7.841674] qcom_q6v5_pas 3000000.remoteproc-adsp: Falling back to sysfs fallback for: adsp.b31
[    7.843820] cnss: Failed to get INI file wlan-connection-roaming-backup.ini (-2)
[    7.843829] cnss: Sending BDF download message, state: 0x2c0000b, type: 1
[    7.843838] cnss: FW name added with prefix: kiwi/bdwlan.e31
[    7.846230] qcom_q6v5_pas 3000000.remoteproc-adsp: Direct firmware load for adsp.b33 failed with error -2
[    7.846234] qcom_q6v5_pas 3000000.remoteproc-adsp: Falling back to sysfs fallback for: adsp.b33
[    7.848995] cnss: Downloading BDF: kiwi/bdwlan.e31, size: 88760
[    7.850798] qcom_q6v5_pas 3000000.remoteproc-adsp: Direct firmware load for adsp.b34 failed with error -2
[    7.850804] qcom_q6v5_pas 3000000.remoteproc-adsp: Falling back to sysfs fallback for: adsp.b34
[    7.853559] qcom_q6v5_pas 3000000.remoteproc-adsp: Direct firmware load for adsp.b35 failed with error -2
[    7.853564] qcom_q6v5_pas 3000000.remoteproc-adsp: Falling back to sysfs fallback for: adsp.b35
[    7.856666] qcom_q6v5_pas 3000000.remoteproc-adsp: Direct firmware load for adsp.b36 failed with error -2
[    7.856670] qcom_q6v5_pas 3000000.remoteproc-adsp: Falling back to sysfs fallback for: adsp.b36
[    7.859259] qcom_q6v5_pas 3000000.remoteproc-adsp: Direct firmware load for adsp.b38 failed with error -2
[    7.859263] qcom_q6v5_pas 3000000.remoteproc-adsp: Falling back to sysfs fallback for: adsp.b38
[    7.862370] qcom_q6v5_pas 3000000.remoteproc-adsp: Direct firmware load for adsp.b39 failed with error -2
[    7.862373] qcom_q6v5_pas 3000000.remoteproc-adsp: Falling back to sysfs fallback for: adsp.b39
[    7.864990] qcom_q6v5_pas 3000000.remoteproc-adsp: Direct firmware load for adsp.b40 failed with error -2
[    7.864994] qcom_q6v5_pas 3000000.remoteproc-adsp: Falling back to sysfs fallback for: adsp.b40
[    7.868765] qcom_q6v5_pas 3000000.remoteproc-adsp: Direct firmware load for adsp.b41 failed with error -2
[    7.868769] qcom_q6v5_pas 3000000.remoteproc-adsp: Falling back to sysfs fallback for: adsp.b41
[    7.872895] qcom_q6v5_pas 3000000.remoteproc-adsp: Direct firmware load for adsp.b42 failed with error -2
[    7.872899] qcom_q6v5_pas 3000000.remoteproc-adsp: Falling back to sysfs fallback for: adsp.b42
[    7.876995] qcom_q6v5_pas 3000000.remoteproc-adsp: Direct firmware load for adsp.b43 failed with error -2
[    7.876999] qcom_q6v5_pas 3000000.remoteproc-adsp: Falling back to sysfs fallback for: adsp.b43
[    7.890364] qcom_q6v5_pas 3000000.remoteproc-adsp: Direct firmware load for adsp.b44 failed with error -2
[    7.890371] qcom_q6v5_pas 3000000.remoteproc-adsp: Falling back to sysfs fallback for: adsp.b44
[    7.890794] cnss: Host BDF config: HW_XPA: 1 CalDB: 0
[    7.890802] cnss: FW name added with prefix: kiwi/phy_ucode20.elf
[    7.893847] qcom_q6v5_pas 3000000.remoteproc-adsp: Direct firmware load for adsp.b45 failed with error -2
[    7.893852] qcom_q6v5_pas 3000000.remoteproc-adsp: Falling back to sysfs fallback for: adsp.b45
[    7.895290] cnss: Sending M3 information message, state: 0x2c0000b
[    7.895296] cnss: M3 memory, va: 0x0000000000000000, pa: 0x00000000a2a00000, size: 0x4926c
[    7.896698] qcom_q6v5_pas 3000000.remoteproc-adsp: Direct firmware load for adsp.b46 failed with error -2
[    7.896702] qcom_q6v5_pas 3000000.remoteproc-adsp: Falling back to sysfs fallback for: adsp.b46
[    7.898258] cnss: Sending QDSS config download message, state: 0x2c0000b
[    7.898265] cnss: FW name added with prefix: kiwi/qdss_trace_config_v2.cfg
[    7.899408] qcom_q6v5_pas 3000000.remoteproc-adsp: Direct firmware load for adsp.b47 failed with error -2
[    7.899413] qcom_q6v5_pas 3000000.remoteproc-adsp: Falling back to sysfs fallback for: adsp.b47
[    7.901818] cnss: Downloading QDSS: kiwi/qdss_trace_config_v2.cfg, size: 4911
[    7.905099] cnss: PM relax, state: 0x2c0000b, count: 0
[    7.910373] qcom_q6v5_pas 3000000.remoteproc-adsp: Direct firmware load for adsp.b48 failed with error -2
[    7.910379] qcom_q6v5_pas 3000000.remoteproc-adsp: Falling back to sysfs fallback for: adsp.b48
[    7.911911] cnss: Received QMI WLFW FW initialization done indication
[    7.911917] cnss: Posting event: FW_READY(4), state: 0x2c0000b flags: 0x0
[    7.911920] cnss: PM stay awake, state: 0x2c0000b, count: 1
[    7.911927] cnss: PM relax, state: 0x2c0000b, count: 0
[    7.911941] cnss: PM stay awake, state: 0x2c0000b, count: 1
[    7.911944] cnss: Processing driver event: FW_READY(4), state: 0x2c0000b
[    7.911947] cnss: Processing FW Init Done..
[    7.911949] cnss: PCIE Gen speed not setup
[    7.911951] cnss: Sending antenna switch sync request, state: 0x2c0000f
[    7.913394] qcom_q6v5_pas 3000000.remoteproc-adsp: Direct firmware load for adsp.b49 failed with error -2
[    7.913399] qcom_q6v5_pas 3000000.remoteproc-adsp: Falling back to sysfs fallback for: adsp.b49
[    7.914072] cnss: Antenna switch request failed, result: 1, err: 94
[    7.914078] cnss: CAL DB file not required as per BDF
[    7.914080] cnss: Sending cal file report request. File size: 8454144, state: 0x2c0000f
[    7.916252] qcom_q6v5_pas 3000000.remoteproc-adsp: Direct firmware load for adsp.b50 failed with error -2
[    7.916255] qcom_q6v5_pas 3000000.remoteproc-adsp: Falling back to sysfs fallback for: adsp.b50
[    7.918680] cnss: Sending mode message, mode: CALIBRATION(7), state: 0x2c0000f
[    7.919527] qcom_q6v5_pas 3000000.remoteproc-adsp: Direct firmware load for adsp.b51 failed with error -2
[    7.919531] qcom_q6v5_pas 3000000.remoteproc-adsp: Falling back to sysfs fallback for: adsp.b51
[    7.922979] qcom_q6v5_pas 3000000.remoteproc-adsp: Direct firmware load for adsp.b52 failed with error -2
[    7.922983] qcom_q6v5_pas 3000000.remoteproc-adsp: Falling back to sysfs fallback for: adsp.b52
[    7.926465] qcom_q6v5_pas 3000000.remoteproc-adsp: Direct firmware load for adsp.b53 failed with error -2
[    7.926469] qcom_q6v5_pas 3000000.remoteproc-adsp: Falling back to sysfs fallback for: adsp.b53
[    7.929337] qcom_q6v5_pas 3000000.remoteproc-adsp: Direct firmware load for adsp.b54 failed with error -2
[    7.929341] qcom_q6v5_pas 3000000.remoteproc-adsp: Falling back to sysfs fallback for: adsp.b54
[    8.091943] cnss: Removing vote for Regulator vdd-wlan-rfa2
[    8.091975] cnss: Removing vote for Regulator vdd-wlan-rfa1
[    8.091991] cnss: Removing vote for Regulator vdd-wlan-dig
[    8.092004] cnss: Removing vote for Regulator vdd-wlan-aon
[    8.092016] cnss: Removing vote for Regulator vdd-wlan
[    8.092028] cnss: Removing vote for Regulator vdd-wlan-io
[    8.092033] cnss: PM relax, state: 0x2c0000f, count: 0
[    8.092086] cnss: Received QMI WLFW pin connect result indication
[    8.092092] cnss: Pin connect Result: pwr_pin: 0x1 phy_io_pin: 0x0 rf_io_pin: 0x0
[    8.159968] [EGISFP] egisfp_ioctl : cmd = 0x7 
[    8.159976] [EGISFP] egisfp_ioctl : FP_RESET_SET 
[    8.159977] [EGISFP] do_egisfp_reset_set : reset_high_low = 0 
[    8.159995] [EGISFP] do_egisfp_reset_set : reset_pin value = 0 
[    8.159997] [EGISFP] egisfp_ioctl done 
[    8.160021] [EGISFP] egisfp_ioctl : cmd = 0x5 
[    8.160023] [EGISFP] egisfp_ioctl : FP_POWER_ONOFF 
[    8.160024] [EGISFP] do_egisfp_power_onoff : power_onoff = 0 
[    8.160217] [EGISFP] egisfp_vreg_setup : regulator disable, ret = 0 
[    8.192866] adsprpc: fastrpc_restart_notifier_cb: lpass subsystem is up
[    8.192872] remoteproc remoteproc1: remote processor 3000000.remoteproc-adsp is now up
[    8.193111] cnss: DRV subsystem is connected
[    8.193933] qcom_smd_qrtr_probe:SMD QRTR driver probed
[    8.194351] coresight-remote-etm soc:audio_etm0: Connection established between QMI handle and 5 service
[    8.198089] Info: adsprpc (97): kworker/0:13: fastrpc_rpmsg_probe: opened rpmsg channel for lpass
[    8.199078] qcom,gpr 3000000.remoteproc-adsp:glink-edge.adsp_apps.-1.-1: Adding GPR dev: gprsvc:spf_core:2:3
[    8.199387] spf_core_probe
[    8.199616] qcom,gpr 3000000.remoteproc-adsp:glink-edge.adsp_apps.-1.-1: Adding GPR dev: gprsvc:audio-pkt:2:17
[    8.200292] qcom,gpr 3000000.remoteproc-adsp:glink-edge.adsp_apps.-1.-1: Adding GPR dev: gprsvc:q6prm:2:7
[    8.200794] spf_core_add_child_devices:enumarate machine driver
[    8.200832] spf-core-platform soc:spf_core_platform: __spf_core_is_apm_ready: send_command ret
[    8.200879] qcom,gpr 3000000.remoteproc-adsp:glink-edge.adsp_apps.-1.-1: gpr_send_pkt: domain_id[2], Still Dsp is not Up
[    8.200976] audio_notifier_reg_service: service PDR_ADSP is in use
[    8.200982] audio_prm_service_cb: Service opcode 0x0
[    8.200987] audio_prm_probe: prm probe success
[    8.201159] qcom,gpr 3000000.remoteproc-adsp:glink-edge.adsp_apps.-1.-1: gpr_probe: gpr-lite probe success
[    8.201497] qcom,gpr 3000000.remoteproc-adsp:glink-edge.adsp_apps.-1.-1: gpr_notifier_register: registered via subsys_notif_register for domain id(2)
[    8.201797] adsp_sleepmon: Received ADSP version 0x2
[    8.202492] qcom rproc: 32300000.remoteproc-cdsp: recovery disabled
[    8.202534] qcom rproc: 32300000.remoteproc-cdsp: recovery enabled
[    8.211912] qcom rproc: 4080000.remoteproc-mss: recovery disabled
[    8.211941] qcom rproc: 4080000.remoteproc-mss: recovery disabled
[    8.211961] qcom rproc: 4080000.remoteproc-mss: recovery disabled
[    8.211982] qcom rproc: 4080000.remoteproc-mss: recovery enabled
[    8.214310] [EGISFP] do_egisfp_power_onoff : power_pin value = 0 
[    8.214315] [EGISFP] egisfp_ioctl done 
[    8.221218] cnss: Enable WLAN recovery, count is 2
[    8.221225] cnss: Disable PCSS recovery, count is 2
[    8.221228] cnss: Sending pcss recovery status: 0
[    8.222702] cnss: req 55 success
[    8.226640] init: wait for '/sys/class/leds/cs40l25:vibrator/device' took 0ms
[    8.250978] spf-core-platform soc:spf_core_platform: __spf_core_is_apm_ready: send_command ret
[    8.251005] qcom,gpr 3000000.remoteproc-adsp:glink-edge.adsp_apps.-1.-1: gpr_send_pkt: domain_id[2], Still Dsp is not Up
[    8.251905] read descriptors
[    8.251914] read strings
[    8.251992] read descriptors
[    8.251997] read strings
[    8.254192] read descriptors
[    8.254198] read strings
[    8.301102] spf-core-platform soc:spf_core_platform: __spf_core_is_apm_ready: send_command ret
[    8.301127] qcom,gpr 3000000.remoteproc-adsp:glink-edge.adsp_apps.-1.-1: gpr_send_pkt: domain_id[2], Still Dsp is not Up
[    8.351222] spf-core-platform soc:spf_core_platform: __spf_core_is_apm_ready: send_command ret
[    8.351248] qcom,gpr 3000000.remoteproc-adsp:glink-edge.adsp_apps.-1.-1: gpr_send_pkt: domain_id[2], Still Dsp is not Up
[    8.401352] spf-core-platform soc:spf_core_platform: __spf_core_is_apm_ready: send_command ret
[    8.401380] qcom,gpr 3000000.remoteproc-adsp:glink-edge.adsp_apps.-1.-1: gpr_send_pkt: domain_id[2], Still Dsp is not Up
[    8.451649] spf-core-platform soc:spf_core_platform: __spf_core_is_apm_ready: send_command ret
[    8.451677] qcom,gpr 3000000.remoteproc-adsp:glink-edge.adsp_apps.-1.-1: gpr_send_pkt: domain_id[2], Still Dsp is not Up
[    8.501792] spf-core-platform soc:spf_core_platform: __spf_core_is_apm_ready: send_command ret
[    8.501820] qcom,gpr 3000000.remoteproc-adsp:glink-edge.adsp_apps.-1.-1: gpr_send_pkt: domain_id[2], Still Dsp is not Up
[    8.551918] spf-core-platform soc:spf_core_platform: __spf_core_is_apm_ready: send_command ret
[    8.551947] qcom,gpr 3000000.remoteproc-adsp:glink-edge.adsp_apps.-1.-1: gpr_send_pkt: domain_id[2], Still Dsp is not Up
[    8.561229] rmt_storage:INFO:check_support_using_libmdm: Modem subsystem found on target!
[    8.561600] rmt_storage:INFO:main: Done with init now waiting for messages!
[    8.564046] PDR: service lookup for msm/adsp/charger_pd:tms/servreg failed: -6
[    8.564611] adsprpc: fastrpc_pdr_cb: msm/adsp/audio_pd (audio_pdr_adsprpc) is up for PDR on lpass
[    8.565060] adsprpc: fastrpc_pdr_cb: msm/adsp/sensor_pd (sensors_pdr_adsprpc) is up for PDR on lpass
[    8.565355] audio_notifier_service_cb: service PDR_ADSP, opcode 0x1
[    8.565363] qcom,gpr 3000000.remoteproc-adsp:glink-edge.adsp_apps.-1.-1: gpr_adsp_up: Q6 is Up
[    8.565368] audio_prm_service_cb: Service opcode 0x1
[    8.567269] Error: adsprpc (4256): sscrpcd: fastrpc_get_info_from_dsp: could not obtain dsp information, err val -2147482112
[    8.577247] msm_vidc:     fw: <VFW_E:HostDr:unkn:--------:--> VenusHostDriver_ParseC2SysPacket(1072): licence unique code is not matched
[    8.598505] msm_vidc:     fw: <VFW_E:HostDr:unkn:--------:--> VenusHostDriver_ParseC2SysPacket(1072): licence unique code is not matched
[    8.601163] i2c_geni 888000.i2c: i2c error :-107
[    8.602068] spf-core-platform soc:spf_core_platform: __spf_core_is_apm_ready: send_command ret
[    8.602256] qcom-spf_core gprsvc:spf_core:2:3: spf_core_callback: Payload 2001007
[    8.602263] qcom-spf_core gprsvc:spf_core:2:3: spf_core_callback: sucess response received
[    8.602297] spf-core-platform soc:spf_core_platform: spf_core_add_child_devices: apm is up
[    8.603404] msm-audio-ion soc:spf_core_platform:qcom,msm-audio-ion: Adding to iommu group 52
[    8.603977] msm-audio-ion soc:spf_core_platform:qcom,msm-audio-ion: msm_audio_ion_probe: msm_audio_ion_probe
[    8.604601] msm-audio-ion soc:spf_core_platform:qcom,msm-audio-ion-cma: msm_audio_ion_probe: msm_audio_ion_probe
[    8.614265] msm_cdc_pinctrl_get_gpiodata: platform device not found!
[    8.614344] lpass_cdc_va_macro va-macro: lpass_cdc_va_macro_probe: failed to get swr pin state
[    8.615054] lpass_cdc_tx_macro tx-macro: lpass_cdc_tx_macro_probe: va-macro not registered yet, defer
[    8.615494] lpass_cdc_rx_macro rx-macro: lpass_cdc_rx_macro_probe: va-macro not registered yet, defer
[    8.616457] wcd938x_codec wcd938x-codec: msm_cdc_dt_parse_vreg_info: cdc-vdd-rxtx: vol=[1800000 1800000]uV, curr=[30000]uA, ond 0 lpm 1
[    8.616472] wcd938x_codec wcd938x-codec: msm_cdc_dt_parse_vreg_info: cdc-vddio: vol=[1800000 1800000]uV, curr=[30000]uA, ond 0 lpm 1
[    8.616483] wcd938x_codec wcd938x-codec: msm_cdc_dt_parse_vreg_info: cdc-vdd-mic-bias: vol=[3400000 3960000]uV, curr=[30000]uA, ond 0 lpm 0
[    8.616494] wcd938x_codec wcd938x-codec: msm_cdc_dt_parse_vreg_info: cdc-vdd-buck: vol=[1800000 1800000]uV, curr=[650000]uA, ond 1 lpm 1
[    8.617770] msm_cdc_pinctrl_get_gpiodata: platform device not found!
[    8.617776] lpass_cdc_va_macro va-macro: lpass_cdc_va_macro_probe: failed to get swr pin state
[    8.618079] lpass_cdc_tx_macro tx-macro: lpass_cdc_tx_macro_probe: va-macro not registered yet, defer
[    8.618201] lpass_cdc_rx_macro rx-macro: lpass_cdc_rx_macro_probe: va-macro not registered yet, defer
[    8.620877] msm_cdc_pinctrl_get_gpiodata: platform device not found!
[    8.620885] lpass_cdc_va_macro va-macro: lpass_cdc_va_macro_probe: failed to get swr pin state
[    8.621106] lpass_cdc_tx_macro tx-macro: lpass_cdc_tx_macro_probe: va-macro not registered yet, defer
[    8.621314] lpass_cdc_rx_macro rx-macro: lpass_cdc_rx_macro_probe: va-macro not registered yet, defer
[    8.621932] msm_vidc:     fw: <VFW_E:HostDr:unkn:--------:--> VenusHostDriver_ParseC2SysPacket(1072): licence unique code is not matched
[    8.622665] msm_cdc_pinctrl_get_gpiodata: platform device not found!
[    8.622671] lpass_cdc_va_macro va-macro: lpass_cdc_va_macro_probe: failed to get swr pin state
[    8.623086] lpass_cdc_tx_macro tx-macro: lpass_cdc_tx_macro_probe: va-macro not registered yet, defer
[    8.623712] lpass_cdc_rx_macro rx-macro: lpass_cdc_rx_macro_probe: va-macro not registered yet, defer
[    8.624385] msm_cdc_pinctrl_get_gpiodata: platform device not found!
[    8.624389] lpass_cdc_va_macro va-macro: lpass_cdc_va_macro_probe: failed to get swr pin state
[    8.624477] lpass_cdc_tx_macro tx-macro: lpass_cdc_tx_macro_probe: va-macro not registered yet, defer
[    8.624554] lpass_cdc_rx_macro rx-macro: lpass_cdc_rx_macro_probe: va-macro not registered yet, defer
[    8.626657] lpass_cdc_va_macro va-macro: lpass_cdc_register_macro: register macro successful:3
[    8.627057] lpass_cdc_tx_macro tx-macro: lpass_cdc_register_macro: register macro successful:0
[    8.627765] lpass_cdc_rx_macro rx-macro: lpass_cdc_register_macro: register macro successful:1
[    8.628422] prm_gpr_send_pkt: apm ready check not done
[    8.628425] spf-core-platform soc:spf_core_platform: __spf_core_is_apm_ready: send_command ret
[    8.628661] qcom-spf_core gprsvc:spf_core:2:3: spf_core_callback: Payload 2001007
[    8.628671] qcom-spf_core gprsvc:spf_core:2:3: spf_core_callback: sucess response received
[    8.628693] prm_gpr_send_pkt: apm ready check done
[    8.638587] msm_vidc:     fw: <VFW_E:HostDr:unkn:--------:--> VenusHostDriver_ParseC2SysPacket(1072): licence unique code is not matched
[    8.638730] swr-wcd rx_swr_ctrl: swrm_get_logical_dev_num: devnum 1 assigned for dev d01170224
[    8.638737] wcd938x_codec wcd938x-codec: bound wcd938x-slave.d01170224 (ops wcd938x_slave_comp_ops [wcd938x_slave_dlkm])
[    8.638911] swr-wcd va_swr_ctrl: swrm_get_logical_dev_num: devnum 1 assigned for dev d01170223
[    8.638918] wcd938x_codec wcd938x-codec: bound wcd938x-slave.d01170223 (ops wcd938x_slave_comp_ops [wcd938x_slave_dlkm])
[    8.642166] wcd938x_codec wcd938x-codec: wcd938x_soc_codec_probe()
[    8.665022] msm_vidc:     fw: <VFW_E:HostDr:unkn:--------:--> VenusHostDriver_ParseC2SysPacket(1072): licence unique code is not matched
[    8.693027] input: kalama-qrd-snd-card Headset Jack as /devices/platform/soc/soc:spf_core_platform/soc:spf_core_platform:sound/sound/card0/input5
[    8.693101] input: kalama-qrd-snd-card Button Jack as /devices/platform/soc/soc:spf_core_platform/soc:spf_core_platform:sound/sound/card0/input6
[    8.693248] kalama-asoc-snd soc:spf_core_platform:sound: msm_asoc_machine_probe: Sound card kalama-qrd-snd-card registered
[    8.694083] kalama-asoc-snd soc:spf_core_platform:sound: msm_common_snd_init: No DT match for tdm clk attribute, set to default
[    8.694087] kalama-asoc-snd soc:spf_core_platform:sound: msm_common_snd_init: No DT match for mi2s clk attribute, set to default
[    8.694252] kalama-asoc-snd soc:spf_core_platform:sound: num_links 33 
[    8.694981] audio_prm_callback: Failed response received
[    8.695014] prm_gpr_send_pkt: DSP returned error 2
[    8.695027] msm_set_upd_config: upd cdc duty cycling registration failed
[    8.708522] android.hardware.health-service.qti: opened battery/capacity after 3 retries
[    8.708683] msm_vidc:     fw: <VFW_E:HostDr:unkn:--------:--> VenusHostDriver_ParseC2SysPacket(1072): licence unique code is not matched
[    8.709402] android.hardware.health-service.qti: Read Batt Capacity after 3 retries ret : 1
[    8.717061] healthd: batteryCapacityLevelPath not found
[    8.717110] android.hardware.health-service.qti: Starting health HAL.
[    8.729938] input: SOMC Charger Removal as /devices/platform/soc/soc:qcom,pmic_glink/soc:qcom,pmic_glink:somc,battchg_ext/input/input7
[    8.748721] battchg_ext: idtp9382a_irq_handler: irq_status=1
[    8.760851] healthd: battery l=100 v=4231 t=33.0 h=2 st=3 c=-2071706 fc=4434000 cc=17 chg=
[    8.768031] healthd: battery l=100 v=4231 t=33.0 h=2 st=3 c=-2071706 fc=4434000 cc=17 chg=
[    8.769433] msm_vidc:     fw: <VFW_E:HostDr:unkn:--------:--> VenusHostDriver_ParseC2SysPacket(1072): licence unique code is not matched
[    8.774977] healthd: battery l=100 v=4231 t=33.0 h=2 st=3 c=-2071706 fc=4434000 cc=17 chg=
[    8.781515] healthd: battery l=100 v=4231 t=33.0 h=2 st=3 c=-2071706 fc=4434000 cc=17 chg=
[    8.803741] healthd: battery l=100 v=4231 t=33.0 h=2 st=3 c=-2071706 fc=4434000 cc=17 chg=
[    8.803938] lxs_ts 2-0028: after probe start 
[    8.803943] lxs_ts 2-0028: start init work
[    8.803999] lxs_ts 2-0028: LXS(SW82907) after probe start(0.01b-f1)
[    8.804004] lxs_ts 2-0028: lxs_ts_after_probe_func: change power status to power on
[    8.804007] lxs_ts 2-0028: SW82907 reg quirks: [0] 0022h -> 0020h
[    8.804009] lxs_ts 2-0028: SW82907 reg quirks: [1] 0024h -> 0022h
[    8.804010] lxs_ts 2-0028: SW82907 reg quirks: [2] 0005h -> 0004h
[    8.804012] lxs_ts 2-0028: SW82907 reg quirks: [3] 0047h -> 0045h
[    8.804013] lxs_ts 2-0028: SW82907 reg quirks: [4] 0C6Eh -> FFFFh
[    8.804015] lxs_ts 2-0028: SW82907 reg quirks: [5] 0289h -> FFFFh
[    8.804016] lxs_ts 2-0028: SW82907 reg quirks: t 6, m 0
[    8.804018] lxs_ts 2-0028: [opt summary]
[    8.804019] lxs_ts 2-0028:  f_flex_report   : 1
[    8.804020] lxs_ts 2-0028:  f_grab_en       : 1
[    8.804021] lxs_ts 2-0028:  t_sw_rst        : 5
[    8.804022] lxs_ts 2-0028:  t_clock         : 4
[    8.804023] lxs_ts 2-0028:  t_oled          : 2
[    8.804025] lxs_ts 2-0028:  t_tc_cmd        : 10
[    8.804026] lxs_ts 2-0028:  t_tc_quirk      : 1
[    8.804027] lxs_ts 2-0028:  drv_reset_low   : 5 ms
[    8.804028] lxs_ts 2-0028:  drv_delay       : 30 ms
[    8.804029] lxs_ts 2-0028: [tc cmd set] (mode bit 0007h)
[    8.804031] lxs_ts 2-0028:  0001h [LP  ] 
[    8.804032] lxs_ts 2-0028:  0301h [NP  ] 
[    8.804034] lxs_ts 2-0028:  0004h [STOP] 
[    8.804035] lxs_ts 2-0028: fw upgrade setup
[    8.809066] lxs_ts 2-0028: gpio_reset: gpio_set_value(325, 1)
[    8.810438] healthd: battery l=100 v=4231 t=33.0 h=2 st=3 c=-2071706 fc=4434000 cc=17 chg=
[    8.818533] msm_vidc:     fw: <VFW_E:HostDr:unkn:--------:--> VenusHostDriver_ParseC2SysPacket(1072): licence unique code is not matched
[    8.825561] logd: logdr: UID=2987 GID=2987 PID=2079 b tail=0 logMask=8b pid=0 start=0ns deadline=0ns
[    8.829306] remoteproc remoteproc3: powering up 4080000.remoteproc-mss
[    8.829323] remoteproc remoteproc3: Direct firmware load for modem.mdt failed with error -2
[    8.829325] remoteproc remoteproc3: Falling back to sysfs fallback for: modem.mdt
[    8.844537] kgsl-3d 3d00000.qcom,kgsl-3d0: Direct firmware load for a740_sqe.fw failed with error -2
[    8.844555] kgsl-3d 3d00000.qcom,kgsl-3d0: Falling back to sysfs fallback for: a740_sqe.fw
[    8.857043] msm_vidc:     fw: <VFW_E:HostDr:unkn:--------:--> VenusHostDriver_ParseC2SysPacket(1072): licence unique code is not matched
[    8.878241] msm_vidc:     fw: <VFW_E:HostDr:unkn:--------:--> VenusHostDriver_ParseC2SysPacket(1072): licence unique code is not matched
[    8.909627] msm_vidc:     fw: <VFW_E:HostDr:unkn:--------:--> VenusHostDriver_ParseC2SysPacket(1072): licence unique code is not matched
[    8.919771] lxs_ts 2-0028: ic test done
[    8.920140] lxs_ts 2-0028: rinfo: max_x 1645, max_y 3841
[    8.921121] lxs_ts 2-0028: rinfo: tx 16, rx 37
[    8.921540] lxs_ts 2-0028: threaded irq request done(383, lxs_ts, 0x2002)
[    8.921554] lxs_ts 2-0028: report type  : 1
[    8.921558] lxs_ts 2-0028: status type  : 2
[    8.921560] lxs_ts 2-0028: status mask  : 0050A660h
[    8.921563] lxs_ts 2-0028:  normal      : 00508060h
[    8.921565] lxs_ts 2-0028:  logging     : 0050A000h
[    8.921568] lxs_ts 2-0028:  reset       : 00000660h
[    8.921570] lxs_ts 2-0028:  ic normal   : 000000D6h
[    8.921572] lxs_ts 2-0028:  ic abnormal : 00000001h
[    8.921575] lxs_ts 2-0028:  ic error    : 00000028h
[    8.921577] lxs_ts 2-0028:  ic valid    : 000000FFh
[    8.921580] lxs_ts 2-0028: LXS Touch Probe done
[    8.921582] lxs_ts 2-0028: LXS Touch Auto Start
[    8.921594] lxs_ts 2-0028: watchdog on
[    8.921596] lxs_ts 2-0028: watchdog delay 10000 ms
[    8.921599] lxs_ts 2-0028: lxs_ts_watchdog_init (10000 ms)
[    8.921602] lxs_ts 2-0028: LXS(SW82907) init work start(0.01b-f1)
[    8.930089] lxs_ts 2-0028: ic test done
[    8.934794] lxs_ts 2-0028: [T] chip class 7601, version v1.18 (0x040A0112, 0x01)
[    8.934811] lxs_ts 2-0028: [T] product id S2X65234, flash boot idle(done), crc ok (0x00000004)
[    8.936475] lxs_ts 2-0028: [SW82907] IC info is good: 10, 4
[    8.937314] lxs_ts 2-0028: SW82907 resume touch: lpm 0
[    8.937320] lxs_ts 2-0028: display frame rate: 2
[    8.937604] lxs_ts 2-0028: touch frame rate: 2
[    8.937882] lxs_ts 2-0028: current driving mode is NP
[    8.938156] lxs_ts 2-0028: TC Driving[0C03h] wr 0x301
[    8.944468] msm_vidc:     fw: <VFW_E:HostDr:unkn:--------:--> VenusHostDriver_ParseC2SysPacket(1072): licence unique code is not matched
[    8.970799] lxs_ts 2-0028: command done: mode 1, running_sts 02h
[    8.971081] lxs_ts 2-0028: grab_mode[0D0Bh]: ON(00000001h)
[    8.971091] lxs_ts 2-0028: charger: 0h (0h, 0h)
[    8.971184] msm_cvp: sess: vendor.qti.medi opening cvp instance: 0000000000000000 type 1 cnt 0
[    8.971372] lxs_ts 2-0028: state_ime: 0
[    8.971618] msm_cvp:   fw: <CFW_E:HostDr:--------:-> [10157599]: VenusHostDriver_SetSysProperty(595): QC_IMAGE_VERSION_STRING=EVA.FIRMWARE.3.1-12_06620505_build1
[    8.971623] msm_cvp:   fw: <CFW_E:HostDr:--------:-> [54259474]: VenusHostDriver_SetSysProperty(595): QC_IMAGE_VERSION_STRING=EVA.FIRMWARE.3.1-12_06620505_build1
[    8.971651] lxs_ts 2-0028: state_call: 0(IDLE)
[    8.971802] battchg_ext: somc_bcext_smart_set_suspend: Couldn't set smart charge voter due to unactivated
[    8.972218] lxs_ts 2-0028: blend_filter(set): 0
[    8.972504] lxs_ts 2-0028: stop_filter(set): 0
[    8.972514] lxs_ts 2-0028: SW82907 resume touch(0): lcd_mode 1, driving_mode 1
[    8.972536] lxs_ts 2-0028: prd: param: row 16, col 37
[    8.973332] lxs_ts 2-0028: prd:  raw: t 1, rr 0, rt 0, ro 0, s 1, v 0, h 0, fmt 0x20000
[    8.973341] lxs_ts 2-0028: prd:  sys: t 1, rr 0, rt 0, ro 0, s 1, v 0, h 0, fmt 0x20000
[    8.973348] lxs_ts 2-0028: prd:   sd: t 1, rr 0, rt 0, ro 0, s 1, v 0, h 0, fmt 0x20000
[    8.973354] lxs_ts 2-0028: prd: flag: raw 0, sys 0, sd 0, app 1
[    8.973366] lxs_ts 2-0028: prd: prd_sd_cmp_setup: cmp set: LP_OPEN, min 4800, max 8192
[    8.973373] lxs_ts 2-0028: prd: prd_sd_cmp_setup: cmp set: LP_SHORT_GND, min 6500, max 8192
[    8.973378] lxs_ts 2-0028: prd: prd_sd_cmp_setup: cmp set: LP_SHORT_TRX, min 6500, max 8192
[    8.973384] lxs_ts 2-0028: prd: prd_sd_cmp_setup: cmp set: LP_SHORT_VDD, min 0, max 5200
[    8.973390] lxs_ts 2-0028: prd: prd_sd_cmp_setup: cmp set: SYNC(V), min 57, max 63
[    8.973395] lxs_ts 2-0028: prd: SW82907[S2X65234] param init done
[    8.973499] lxs_ts 2-0028: LXS(SW82907) init done
[    8.973579] lxs_ts 2-0028: irq(383) enabled
[    8.973589] lxs_ts 2-0028: irq(383) wake enabled
[    8.973595] lxs_ts 2-0028: Touch F/W upgrade triggered(1h)
[    8.973621] lxs_ts 2-0028: FW upgrade work func
[    8.973627] lxs_ts 2-0028: irq(383) wake disabled
[    8.973648] lxs_ts 2-0028: irq(383) disabled
[    8.973653] lxs_ts 2-0028: FW upgrade: status 1(BUSY)
[    8.973658] lxs_ts 2-0028: fw type: FW_TYPE_OLED
[    8.973662] lxs_ts 2-0028: getting fw from file
[    8.973667] lxs_ts 2-0028: target fw: touch_module_id_0x01.img (rel)
[    8.973714] lxs_ts 2-0028: Direct firmware load for touch_module_id_0x01.img failed with error -2
[    8.973720] lxs_ts 2-0028: Falling back to sysfs fallback for: touch_module_id_0x01.img
[    9.158369] ------------[ cut here ]------------
[    9.158383] Voluntary context switch within RCU read-side critical section!
[    9.158395] WARNING: CPU: 2 PID: 88 at kernel/rcu/tree_plugin.h:316 rcu_note_context_switch+0x338/0x6b8
[    9.158409] Modules linked in: sony_camera(OE) slg51000_regulator(OE) lxs_touchscreen(OE) wlan(OE) ipa_clientsm(OE) ipanetm(OE) rndisipam(OE) ipam(OE) msm_drm(OE) camera(OE) msm_kgsl(OE) qdss_bridge(E) coresight_tmc(E) usb_f_gsi(E) gsim(OE) usb_f_qdss(E) coresight_stm(E) machine_dlkm(OE) rmnet_aps(OE) msm_video(OE) rmnet_wlan(OE) spcom(E) mac80211(E) cnss2(OE) rmnet_perf_tether(OE) msm_eva(OE) pt_device_access(OE) goodix_ts(OE) rmnet_perf(OE) rmnet_offload(OE) qcom_spmi_adc5_gen3(E) swr_dmic_dlkm(OE) stm_p_ost(E) bt_fm_slim(OE) lpass_cdc_va_macro_dlkm(OE) lpass_cdc_tx_macro_dlkm(OE) lpass_cdc_wsa_macro_dlkm(OE) lpass_cdc_rx_macro_dlkm(OE) lpass_cdc_wsa2_macro_dlkm(OE) stm_p_basic(E) leds_qti_flash(E) rmnet_shs(OE) wcd938x_dlkm(OE) sync_fence(OE) qti_qmi_cdev(E) swr_ctrl_dlkm(OE) coresight_dummy(E) qti_qmi_sensor_v2(E) btpower(OE) lpass_cdc_dlkm(OE) audio_pkt_dlkm(OE) spss_utils(E) atmel_mxt_ts(OE) tz_log_dlkm(OE) adsp_loader_dlkm(OE) wcd9xxx_dlkm(OE) pinctrl_lpi_dlkm(OE)
[    9.158526] audio_prm_dlkm(OE) cirrus_cs40l2x_codec(OE) phy_msm_m31_eusb2(E) msm_mmrm(OE) stm_console(E) hdmi_dlkm(OE) spf_core_dlkm(OE) gpr_dlkm(OE) pt_i2c(OE) wlan_firmware_service(OE) qrtr_gunyah(E) qrtr_mhi(E) coresight_tpdm(E) stm_ftrace(E) bcl_soc(E) i2c_msm_geni(E) coresight_funnel(E) coresight_tpda(E) swr_haptics_dlkm(OE) q6_notifier_dlkm(OE) qcom_cpufreq_hw_debug(E) msm_sharedmem(E) nxp_nci(OE) cfg80211(E) coresight_hwevent(E) i3c_master_msm_geni(E) qcom_lpm(E) qcrypto_msm_dlkm(OE) qcedev_mod_dlkm(OE) coresight_csr(E) somc_battchg_ext(OE) mhi_dev_uci(E) msm_hw_fence(OE) rimps_log(E) qti_userspace_cdev(E) et603_int(OE) repeater_qti_pmic_eusb2(E) cnss_prealloc(OE) usb_f_diag(E) synaptics_tcm_ts(OE) rdtags(OE) wsa883x_dlkm(OE) nt36xxx_i2c(OE) mhi_cntrl_qcom(E) dwc3_msm(E) coresight_cti(E) sdpm_clk(E) nvmem_qfprom(E) qsee_ipc_irq_bridge(E) radio_i2c_rtc6226_qca(OE) rmnet_sch(OE) ucsi_glink(E) pm8941_pwrkey(E) coresight_tgu(E) qcom_edac(E) snd_soc_hdmi_codec(E)
[    9.158642] cnss_plat_ipc_qmi_svc(OE) coresight_replicator(E) qrtr_smd(E) camera_sync(OE) last_logs(OE) mhi_dev_satellite(E) stub_dlkm(OE) mbhc_dlkm(OE) wcd938x_slave_dlkm(OE) glink_probe(E) cnss_utils(OE) audpkt_ion_dlkm(OE) coresight_remote_etm(E) cirrus_cs35l45(OE) msm_memshare(E) rmnet_core(OE) sys_pm_vx(E) cirrus_cs40l2x(OE) q6_dlkm(OE) subsystem_sleep_stats(E) rmnet_ctl(OE) mhi_dev_netdev(E) usbmon(E) spi_msm_geni(E) smsc95xx(E) frpc_adsprpc(E) icc_test(E) stm_core(E) realtek(E) cnss_nl(OE) msm_geni_serial(E) qti_cpufreq_cdev(E) ehset(E) qti_devfreq_cdev(E) usb_f_ccid(E) qcom_vadc_common(E) qti_battery_charger(E) pt_ts(OE) qce50_dlkm(OE) hdcp_qseecom_dlkm(OE) smcinvoke_dlkm(OE) cirrus_wm_adsp(OE) qrng_dlkm(OE) snd_event_dlkm(OE) qcom_esoc(E) wsa884x_dlkm(OE) phy_msm_snps_eusb2(E) smsc(E) mhi_dev_dtr(E) msm_lmh_dcvs(E) qti_battery_debug(E) slim_qcom_ngd_ctrl(E) pmic_pon_log(E) qcom_q6v5_pas(E) qcom_spss(E) qcom_pil_info(E) repeater_i2c_eusb2(E) qcom_pon(E) mhi(E)
[    9.158770] policy_engine(E) qcom_q6v5(E) memlat_scmi(E) q6_pdr_dlkm(OE) f_fs_ipc_log(E) coresight(E) snd_usb_audio_qmi(E) memlat_vendor(E) eud(E) max31760_fan(E) qcom_spmi_temp_alarm(E) adsp_sleepmon(E) msm_ext_display(OE) hung_task_enh(E) ipa_fmwk(E) boot_stats(E) dmesg_dumper(E) rq_stats(E) wcd_core_dlkm(OE) swr_dlkm(OE) charger_ulog_glink(E) glink_pkt(E) rdbg(E) qcom_cpuss_sleep_stats(E) slimbus(E) gh_irq_lend(E) mmc_log_probes(E) leds_qti_tri_led(E) panel_event_notifier(E) qcom_iommu_debug(E) memlat(E) reboot_mode(E) cpu_voltage_cooling(E) redriver(E) qseecom_proxy(E) msm_gpi(E) cdsp_loader(E) phy_generic(E) core_hang_detect(E) soc_sleep_stats(E) sysmon_subsystem_stats(E) qti_ocp_notifier(E) repeater(E) gpucc_kalama(E) phy_qcom_ufs_qmp_v4_khaje(E) pinctrl_spmi_mpp(E) ddr_cdev(E) altmode_glink(E) smsc75xx(E) qbt_handler(E) phy_qcom_emu(E) spmi_glink_debug(E) synx_driver(E) usb_f_cdev(E) qcom_ipc_lite(E) microdump_collector(E) qcom_va_minidump(E) phy_msm_ssusb_qmp(E)
[    9.158891] phy_qcom_ufs_qmp_v4(E) pinctrl_spmi_gpio(E) heap_mem_ext_v01(E) lt9611uxc(E) gh_tlmm_vm_mem_access(E) cdsprm(E) sg(E) qcom_ramdump(E) pinctrl_somc_pmic(E) bam_dma(E) qti_fixed_regulator(E) gh_mem_notifier(E) r8168(E) usb_bam(E) qcom_glink_spss(E) qcom_sysmon(E) pmic_glink(E) hvc_gunyah(E) spmi_pmic_arb_debug(E) msm_performance(E) msm_show_epoch(E) pdr_interface(E) sps_drv(E) qmi_helpers(E) pci_msm_drv(E) rproc_qcom_common(E) smp2p(E) debugcc_kalama(E) qcom_smd(E) smp2p_sleepstate(E) qcom_glink_smem(E) pwm_qti_lpg(E) qcom_glink(E) phy_qcom_ufs_qmp_v4_waipio(E) msm_sysstats(E) msm_show_resume_irq(E) zram(E) wakeup_irq_debug(E) zsmalloc(E) nvme(E) nvme_core(E) bcl_pmic5(E) c1dcvs_scmi(E) c1dcvs_vendor(E) qcom_rimps(E) sdhci_msm(E) arm_smmu(E) ufs_qcom(E) ufshcd_crypto_qti(E) msm_qmp(E) qcom_aoss(E) stub_regulator(E) socinfo(E) rtc_pm8xxx(E) qrtr(E) qcom_reboot_reason(E) spmi_pmic_arb(E) qcom_spmi_pmic(E) regmap_spmi(E) qti_regmap_debugfs(E) pmu_scmi(E)
[    9.159039] pmu_vendor(E) qcom_pmu_lib(E) qcom_llcc_pmu(E) qcom_iommu_util(E) qcom_logbuf_vh(E) debug_symbol(E) qcom_dload_mode(E) pinctrl_somc(E) phy_qcom_ufs_qrbtc_sdm845(E) phy_qcom_ufs_qmp_v4_kalama(E) phy_qcom_ufs(E) nvmem_qcom_spmi_sdam(E) ns(E) qnoc_kalama(E) qnoc_qos(E) pinctrl_kalama(E) pinctrl_msm(E) memory_dump_v2(E) mem_buf(E) qcom_dma_heaps(E) msm_dma_iommu_mapping(E) mem_buf_msgq(E) mem_buf_dev(E) mem_hooks(E) llcc_qcom(E) iommu_logger(E) gunyah(E) mdt_loader(E) secure_buffer(E) gh_ctrl(E) videocc_kalama(E) tcsrcc_kalama(E) dispcc_kalama(E) dcc_v2(E) crypto_qti_common(E) crypto_qti_hwkm(E) hwkm(E) tmecom_intf(E) cqhci(E) clk_dummy(E) cpu_hotplug(E) thermal_pause(E) sched_walt(E) qcom_cpufreq_hw(E) bwmon(E) qcom_dcvs(E) dcvs_fp(E) rpmh_regulator(E) qcom_tsens(E) thermal_minidump(E) qcom_pdc(E) qcom_ipcc(E) camcc_kalama(E) icc_rpmh(E) icc_debug(E) icc_bcm_voter(E) gcc_kalama(E) clk_qcom(E) gdsc_regulator(E) debug_regulator(E) proxy_consumer(E) clk_rpmh(E)
[    9.159199] qcom_rpmh(E) cmd_db(E) qcom_ipc_logging(E) qcom_cpu_vendor_hooks(E) gh_virt_wdt(E) qcom_wdt_core(E) qcom_scm(E) minidump(E) smem(E) qcom_hwspinlock(E) gh_rm_drv(E) gh_dbl(E) gh_msgq(E) gh_arm_drv(E)
[    9.159232] CPU: 2 PID: 88 Comm: kworker/2:1 Tainted: G S      W  OE     5.15.189-android13-8-00016-g51bba4309aac-ab14546557 #1
[    9.159240] Hardware name: Sony Corporation. PDX-234 J(Kalama QRD) (DT)
[    9.159245] Workqueue: events power_supply_changed_work.cfi_jt
[    9.159256] pstate: 624000c5 (nZCv daIF +PAN -UAO +TCO -DIT -SSBS BTYPE=--)
[    9.159263] pc : rcu_note_context_switch+0x338/0x6b8
[    9.159270] lr : rcu_note_context_switch+0x338/0x6b8
[    9.159275] sp : ffffffc00857b9e0
[    9.159279] x29: ffffffc00857b9f0 x28: 0000000000000000 x27: ffffff8003729200
[    9.159288] x26: ffffffc00857bb80 x25: ffffff8a788b6340 x24: ffffff8034641160
[    9.159296] x23: ffffffa6665da000 x22: ffffffe4122dc340 x21: ffffffe41170fd96
[    9.159305] x20: 0000000000000000 x19: ffffff8003729200 x18: ffffffc00854d078
[    9.159313] x17: ffffffffffffffff x16: 0000000000000002 x15: 0000000000000004
[    9.159322] x14: ffffff8a6c720000 x13: 0000000000001fff x12: 0000000000000003
[    9.159330] x11: 00000000ffffdfff x10: ffffffe4123d81a8 x9 : 28f173c419bf5200
[    9.159339] x8 : 28f173c419bf5200 x7 : 205b5d3338333835 x6 : 312e39202020205b
[    9.159348] x5 : ffffff8037841728 x4 : ffffffc00857b5ef x3 : 0000000000000000
[    9.159360] x2 : 0000000000000000 x1 : ffffffc00857b750 x0 : 000000000000003f
[    9.159369] Call trace:
[    9.159372] rcu_note_context_switch+0x338/0x6b8
[    9.159378] __schedule+0xc4/0xb8c
[    9.159384] schedule+0x150/0x254
[    9.159390] schedule_timeout+0x98/0x138
[    9.159395] wait_for_common+0x144/0x308
[    9.159400] wait_for_completion_timeout+0x18/0x28
[    9.159406] battery_chg_write+0x7c/0xc8 [qti_battery_charger]
[    9.159422] usb_psy_get_prop+0xd8/0x1d8 [qti_battery_charger]
[    9.159434] power_supply_get_property+0x48/0xb8
[    9.159442] somc_bcext_psy_notifier_cb+0xac/0x18c [somc_battchg_ext]
[    9.159466] atomic_notifier_call_chain+0x8c/0x138
[    9.159473] power_supply_changed_work+0xe8/0x310
[    9.159478] process_one_work+0x248/0x55c
[    9.159484] worker_thread+0x3b0/0x740
[    9.159490] kthread+0x168/0x1dc
[    9.159495] ret_from_fork+0x10/0x20
[    9.159501] ---[ end trace cf0db2cbc04ae166 ]---
[    9.213427] msm-dwc3 a600000.ssusb: DWC3 exited from low power mode
[    9.213717] eusb2-repeater c42d000.qcom,spmi:qcom,pm8550b@7:qcom,eusb2-repeater@fd00: eUSB2 repeater status:OK
[    9.217427] dwc3 a600000.dwc3: Adding to iommu group 53
[    9.220149] eusb2-repeater c42d000.qcom,spmi:qcom,pm8550b@7:qcom,eusb2-repeater@fd00: eUSB2 repeater status:OK
[    9.223077] read descriptors
[    9.223088] read strings
[    9.243614] sps_register_bam_device: sps:BAM 0x000000000a704000 is registered
[    9.297971] cnss-daemon: NL group_id 10, cnss_nl.family_id 41
[    9.298815] cnss_plat: cnss_plat_ipc_qmi_reg_client_req_handler: QMI Client Connected. QMI Socket Node: 1 Port: 16546 ID: 1
[    9.298825] cnss: CNSS Daemon connected
[    9.299419] cnss-daemon: ro.baseband : [msm]
[    9.299624] cnss_plat: MAC: 1 HW_TRC: 0 CAL: 0
[    9.299797] cnss-daemon: no interop issues ap currently
[    9.311560] remoteproc remoteproc3: Booting fw image modem.mdt, size 6364
[    9.311784] qcom_q6v5_pas 4080000.remoteproc-mss: Direct firmware load for modem_dtb.mdt failed with error -2
[    9.311788] qcom_q6v5_pas 4080000.remoteproc-mss: Falling back to sysfs fallback for: modem_dtb.mdt
[    9.319032] gsi soc:qcom,msm_gsi: gsi_stop_channel:3615 chan=14 busy try again
[    9.323155] adreno-gen7-gmu 3d68000.qcom,gmu: Direct firmware load for gmu_gen70200.bin failed with error -2
[    9.323173] adreno-gen7-gmu 3d68000.qcom,gmu: Falling back to sysfs fallback for: gmu_gen70200.bin
[    9.323694] lxs_ts 2-0028: fw size: 131072
[    9.323700] lxs_ts 2-0028: FW compare: bin-ver: 1.18(0) (S2X65234)
[    9.323702] lxs_ts 2-0028: FW compare: dev-ver: 1.18(0) (S2X65234)
[    9.323704] lxs_ts 2-0028: FW compare: up 0x00, fup 0x00
[    9.323705] lxs_ts 2-0028: FW upgrade: status 4(NG_F_CHK)
[    9.323761] lxs_ts 2-0028: (E) FW upgrade skipped
[    9.323769] lxs_ts 2-0028: LXS(SW82907) reset control(0x1)
[    9.323772] lxs_ts 2-0028: HW Reset(Async)
[    9.323782] lxs_ts 2-0028: gpio_reset: gpio_set_value(325, 0)
[    9.328876] lxs_ts 2-0028: gpio_reset: gpio_set_value(325, 1)
[    9.425804] msm_ext_disp_update_audio_ops: Display not found (EXT_DISPLAY_TYPE_DP) ctld (0) stream (0)
[    9.425833] msm_ext_disp_update_audio_ops: Display not found (EXT_DISPLAY_TYPE_HDMI) ctld (0) stream (0)
[    9.425844] msm_ext_disp_update_audio_ops: Display not found (EXT_DISPLAY_TYPE_DP) ctld (0) stream (0)
[    9.425855] msm_ext_disp_update_audio_ops: Display not found (EXT_DISPLAY_TYPE_DP) ctld (0) stream (0)
[    9.425874] msm_ext_disp_update_audio_ops: Display not found (EXT_DISPLAY_TYPE_DP) ctld (0) stream (0)
[    9.425884] msm-ext-disp-audio-codec-rx soc:qcom,msm-ext-disp:qcom,msm-ext-disp-audio-codec-rx: msm_ext_disp_audio_type_get: get_audio_edid_blk() or get_intf_id is NULL
[    9.425904] msm_ext_disp_update_audio_ops: Display not found (EXT_DISPLAY_TYPE_DP) ctld (0) stream (0)
[    9.425913] msm-ext-disp-audio-codec-rx soc:qcom,msm-ext-disp:qcom,msm-ext-disp-audio-codec-rx: msm_ext_disp_audio_type_get: get_audio_edid_blk() or get_intf_id is NULL
[    9.425939] msm_ext_disp_update_audio_ops: Display not found (EXT_DISPLAY_TYPE_DP) ctld (0) stream (0)
[    9.425948] msm-ext-disp-audio-codec-rx soc:qcom,msm-ext-disp:qcom,msm-ext-disp-audio-codec-rx: msm_ext_disp_audio_type_get: get_audio_edid_blk() or get_intf_id is NULL
[    9.426005] msm-ext-disp-audio-codec-rx soc:qcom,msm-ext-disp:qcom,msm-ext-disp-audio-codec-rx: msm_ext_disp_audio_device_get: invalid dai id: 4
[    9.426872] qcom_q6v5_pas 4080000.remoteproc-mss: Direct firmware load for modem_dtb.b02 failed with error -2
[    9.426877] qcom_q6v5_pas 4080000.remoteproc-mss: Falling back to sysfs fallback for: modem_dtb.b02
[    9.434323] lxs_ts 2-0028: LXS(SW82907) init work start(0.01b-f1)
[    9.443326] lxs_ts 2-0028: ic test done
[    9.447732] lxs_ts 2-0028: [T] chip class 7601, version v1.18 (0x040A0112, 0x01)
[    9.447741] lxs_ts 2-0028: [T] product id S2X65234, flash boot idle(done), crc ok (0x00000004)
[    9.449400] lxs_ts 2-0028: [SW82907] IC info is good: 10, 4
[    9.450220] lxs_ts 2-0028: SW82907 resume touch: lpm 0
[    9.450225] lxs_ts 2-0028: display frame rate: 2
[    9.450485] lxs_ts 2-0028: touch frame rate: 2
[    9.450954] lxs_ts 2-0028: current driving mode is NP
[    9.451274] lxs_ts 2-0028: TC Driving[0C03h] wr 0x301
[    9.486690] lxs_ts 2-0028: command done: mode 1, running_sts 02h
[    9.486948] lxs_ts 2-0028: grab_mode[0D0Bh]: ON(00000001h)
[    9.486952] lxs_ts 2-0028: charger: 0h (0h, 0h)
[    9.487204] lxs_ts 2-0028: state_ime: 0
[    9.487455] lxs_ts 2-0028: state_call: 0(IDLE)
[    9.487962] lxs_ts 2-0028: blend_filter(set): 0
[    9.488220] lxs_ts 2-0028: stop_filter(set): 0
[    9.488223] lxs_ts 2-0028: SW82907 resume touch(0): lcd_mode 1, driving_mode 1
[    9.488227] lxs_ts 2-0028: prd: update swap info
[    9.488945] lxs_ts 2-0028: prd:  raw: t 1, rr 0, rt 0, ro 0, s 1, v 0, h 0, fmt 0x20000
[    9.488951] lxs_ts 2-0028: prd:  sys: t 1, rr 0, rt 0, ro 0, s 1, v 0, h 0, fmt 0x20000
[    9.488955] lxs_ts 2-0028: prd:   sd: t 1, rr 0, rt 0, ro 0, s 1, v 0, h 0, fmt 0x20000
[    9.488959] lxs_ts 2-0028: prd: flag: raw 0, sys 0, sd 0, app 1
[    9.488965] lxs_ts 2-0028: prd: prd_sd_cmp_setup: cmp set: LP_OPEN, min 4800, max 8192
[    9.488969] lxs_ts 2-0028: prd: prd_sd_cmp_setup: cmp set: LP_SHORT_GND, min 6500, max 8192
[    9.488972] lxs_ts 2-0028: prd: prd_sd_cmp_setup: cmp set: LP_SHORT_TRX, min 6500, max 8192
[    9.488975] lxs_ts 2-0028: prd: prd_sd_cmp_setup: cmp set: LP_SHORT_VDD, min 0, max 5200
[    9.488977] lxs_ts 2-0028: prd: prd_sd_cmp_setup: cmp set: SYNC(V), min 57, max 63
[    9.488979] lxs_ts 2-0028: LXS(SW82907) init done
[    9.488996] lxs_ts 2-0028: irq(383) enabled
[    9.488999] lxs_ts 2-0028: irq(383) wake enabled
[    9.489003] lxs_ts 2-0028: lxs_ts_watchdog_run: on (10000 ms)
[    9.489936] lxs_ts 2-0028: [1] TC Driving OK
[    9.641170] slg51000-regulator 0-0075: disable LDO6 supply_name:vin7 off_time:2000us
[    9.686730] qcom_q6v5_pas 4080000.remoteproc-mss: Direct firmware load for modem_dtb.b01 failed with error -2
[    9.686740] qcom_q6v5_pas 4080000.remoteproc-mss: Falling back to sysfs fallback for: modem_dtb.b01
[    9.689252] smcinvoke: prepare_send_scm_msg: Secure side is busy,will retry after 30 ms, retry_count = 0
[    9.689356] smcinvoke: prepare_send_scm_msg: Secure side is busy,will retry after 30 ms, retry_count = 0
[    9.689549] synx: [sess: 7169] session created cvp-kernel-client
[    9.690055] smcinvoke: prepare_send_scm_msg: Secure side is busy,will retry after 30 ms, retry_count = 0
[    9.690258] msm_vidc: err : e3f12fc0:  avcE_0: msm_venc_subscribe_event: invalid type 5 id 0
[    9.690374] msm_vidc:     fw: <VFW_E:HostDr:unkn:--------:--> VenusHostDriver_ParseC2SysPacket(1072): licence unique code is not matched
[    9.691031] adsprpc: fastrpc_restart_notifier_cb: subsystem mpss is about to start
[    9.691038] ipa-wan ipa3_lcl_mdm_ssr_notifier_cb:4037 IPA received MPSS BEFORE_POWERUP
[    9.691671] ipa-wan ipa3_lcl_mdm_ssr_notifier_cb:4046 IPA BEFORE_POWERUP handling is complete
[    9.694914] msm_cvp: warn: msm_cvp_cleanup_instance Unexpected pm_qos off vote 0
[    9.695178] msm_cvp: vendor.qti.medi: closed cvp instance: 0000000000000000 session_id = 0 type 1 0
[    9.695187] synx: [sess: 7169] session destroyed cvp-kernel-client, uid: 7169
[    9.700789] kgsl-3d 3d00000.qcom,kgsl-3d0: Direct firmware load for a740_zap.mbn failed with error -2
[    9.700794] kgsl-3d 3d00000.qcom,kgsl-3d0: Falling back to sysfs fallback for: a740_zap.mbn
[    9.722444] (virq:irq_count)- GICv3:IPI(1):36278 GICv3:ufshcd(35):14446 GICv3:IPI(6):12891 GICv3:IPI(2):12889 GICv3:arch_timer(11):9583 ipcc:glink-native-adsp(385):4405 GICv3:ipcc_0(37):4211 GICv3:apps_rsc-drv-2(20):766 GICv3:i2c_geni(279):701 GICv3:i2c_geni(280):659 
[    9.722458] (cpu:irq_count)- 0:19241 1:3191 2:3148 3:11978 4:12019 5:11710 6:11850 7:25270 
[    9.722464] (ipi:irq_count)- 0:36279 1:12889 2:0 3:0 4:0 5:12891 6:0 
[    9.727158] smcinvoke: prepare_send_scm_msg: Secure side is busy,will retry after 30 ms, retry_count = 0
[    9.727200] smcinvoke: prepare_send_scm_msg: Secure side is busy,will retry after 30 ms, retry_count = 1
[    9.728032] qcom_q6v5_pas 4080000.remoteproc-mss: Direct firmware load for modem.b31 failed with error -2
[    9.728040] qcom_q6v5_pas 4080000.remoteproc-mss: Falling back to sysfs fallback for: modem.b31
[    9.728312] msm_vidc: err : e3ea0fc0:  avcE_0: msm_venc_subscribe_event: invalid type 5 id 0
[    9.728345] msm_vidc:     fw: <VFW_E:HostDr:unkn:--------:--> VenusHostDriver_ParseC2SysPacket(1072): licence unique code is not matched
[    9.730779] msm_cvp: sess: vendor.qti.medi opening cvp instance: 0000000000000000 type 1 cnt 0
[    9.731133] msm_cvp:   fw: <CFW_E:HostDr:--------:-> [79389830]: VenusHostDriver_SetSysProperty(595): QC_IMAGE_VERSION_STRING=EVA.FIRMWARE.3.1-12_06620505_build1
[    9.860677] msm_ext_disp_update_audio_ops: Display not found (EXT_DISPLAY_TYPE_DP) ctld (0) stream (0)
[    9.860691] msm_ext_disp_update_audio_ops: Display not found (EXT_DISPLAY_TYPE_HDMI) ctld (0) stream (0)
[    9.860694] msm_ext_disp_update_audio_ops: Display not found (EXT_DISPLAY_TYPE_DP) ctld (0) stream (0)
[    9.860698] msm_ext_disp_update_audio_ops: Display not found (EXT_DISPLAY_TYPE_DP) ctld (0) stream (0)
[    9.860704] msm_ext_disp_update_audio_ops: Display not found (EXT_DISPLAY_TYPE_DP) ctld (0) stream (0)
[    9.860708] msm-ext-disp-audio-codec-rx soc:qcom,msm-ext-disp:qcom,msm-ext-disp-audio-codec-rx: msm_ext_disp_audio_type_get: get_audio_edid_blk() or get_intf_id is NULL
[    9.860715] msm_ext_disp_update_audio_ops: Display not found (EXT_DISPLAY_TYPE_DP) ctld (0) stream (0)
[    9.860718] msm-ext-disp-audio-codec-rx soc:qcom,msm-ext-disp:qcom,msm-ext-disp-audio-codec-rx: msm_ext_disp_audio_type_get: get_audio_edid_blk() or get_intf_id is NULL
[    9.860723] msm_ext_disp_update_audio_ops: Display not found (EXT_DISPLAY_TYPE_DP) ctld (0) stream (0)
[    9.860726] msm-ext-disp-audio-codec-rx soc:qcom,msm-ext-disp:qcom,msm-ext-disp-audio-codec-rx: msm_ext_disp_audio_type_get: get_audio_edid_blk() or get_intf_id is NULL
[    9.860742] msm-ext-disp-audio-codec-rx soc:qcom,msm-ext-disp:qcom,msm-ext-disp-audio-codec-rx: msm_ext_disp_audio_device_get: invalid dai id: 4
[    9.909006] Config b/1 of g1 needs at least one function.
[    9.909021] udc a600000.dwc3: failed to start g1: -22
[    9.980386] cs35l45 4-0030: Preload DSP before boot
[    9.982371] cs35l45 4-0030: Direct firmware load for L-cs35l45-dsp1-spk-prot.wmfw failed with error -2
[    9.982377] cs35l45 4-0030: Falling back to sysfs fallback for: L-cs35l45-dsp1-spk-prot.wmfw
[    9.984533] cs35l45 4-0030: DSP1: Firmware version: 3
[    9.984538] cs35l45 4-0030: DSP1: L-cs35l45-dsp1-spk-prot.wmfw: Fri 24 Jun 2022 13:57:44 W. Europe Daylight Time
[   10.236606] msm-dwc3 a600000.ssusb: DWC3 in low power mode
[   10.238670] msm-dwc3 a600000.ssusb: DWC3 exited from low power mode
[   10.238876] eusb2-repeater c42d000.qcom,spmi:qcom,pm8550b@7:qcom,eusb2-repeater@fd00: eUSB2 repeater status:OK
[   10.257064] qcom_q6v5_pas 4080000.remoteproc-mss: Direct firmware load for modem.b01 failed with error -2
[   10.257072] qcom_q6v5_pas 4080000.remoteproc-mss: Falling back to sysfs fallback for: modem.b01
[   10.258539] smcinvoke: prepare_send_scm_msg: Secure side is busy,will retry after 30 ms, retry_count = 2
[   10.258618] smcinvoke: prepare_send_scm_msg: Secure side is busy,will retry after 30 ms, retry_count = 1
[   10.258697] smcinvoke: prepare_send_scm_msg: Secure side is busy,will retry after 30 ms, retry_count = 0
[   10.258985] synx: [sess: 63489] session created cvp-kernel-client
[   10.261557] qcom_q6v5_pas 4080000.remoteproc-mss: Direct firmware load for modem.b02 failed with error -2
[   10.261564] qcom_q6v5_pas 4080000.remoteproc-mss: Falling back to sysfs fallback for: modem.b02
[   10.261568] msm_vidc: err : e3bcafc0:  avcE_0: msm_venc_subscribe_event: invalid type 5 id 0
[   10.261596] msm_vidc:     fw: <VFW_E:HostDr:unkn:--------:--> VenusHostDriver_ParseC2SysPacket(1072): licence unique code is not matched
[   10.266213] msm_cvp: warn: msm_cvp_cleanup_instance Unexpected pm_qos off vote 0
[   10.266426] msm_cvp: vendor.qti.medi: closed cvp instance: 0000000000000000 session_id = 0 type 1 0
[   10.266437] synx: [sess: 63489] session destroyed cvp-kernel-client, uid: 63489
[   10.270527] qcom_q6v5_pas 4080000.remoteproc-mss: Direct firmware load for modem.b03 failed with error -2
[   10.270534] qcom_q6v5_pas 4080000.remoteproc-mss: Falling back to sysfs fallback for: modem.b03
[   10.270649] msm_vidc: err : e3b4afc0:  avcE_0: msm_venc_subscribe_event: invalid type 5 id 0
[   10.270734] msm_vidc:     fw: <VFW_E:HostDr:unkn:--------:--> VenusHostDriver_ParseC2SysPacket(1072): licence unique code is not matched
[   10.272257] msm_cvp: sess: vendor.qti.medi opening cvp instance: 0000000000000000 type 1 cnt 0
[   10.272572] msm_cvp:   fw: <CFW_E:HostDr:--------:-> [97357172]: VenusHostDriver_SetSysProperty(595): QC_IMAGE_VERSION_STRING=EVA.FIRMWARE.3.1-12_06620505_build1
[   10.273494] synx: [sess: 8705] session created cvp-kernel-client
[   10.274162] msm_vidc: err : e3ab2fc0:  avcE_0: msm_venc_subscribe_event: invalid type 5 id 0
[   10.274311] msm_vidc:     fw: <VFW_E:HostDr:unkn:--------:--> VenusHostDriver_ParseC2SysPacket(1072): licence unique code is not matched
[   10.274514] qcom_q6v5_pas 4080000.remoteproc-mss: Direct firmware load for modem.b04 failed with error -2
[   10.274519] qcom_q6v5_pas 4080000.remoteproc-mss: Falling back to sysfs fallback for: modem.b04
[   10.277904] qcom_q6v5_pas 4080000.remoteproc-mss: Direct firmware load for modem.b05 failed with error -2
[   10.277910] qcom_q6v5_pas 4080000.remoteproc-mss: Falling back to sysfs fallback for: modem.b05
[   10.279927] msm_cvp: warn: msm_cvp_cleanup_instance Unexpected pm_qos off vote 0
[   10.280247] msm_cvp: vendor.qti.medi: closed cvp instance: 0000000000000000 session_id = 0 type 1 0
[   10.280261] synx: [sess: 8705] session destroyed cvp-kernel-client, uid: 8705
[   10.284363] read descriptors
[   10.284373] read strings
[   10.288050] qcom_q6v5_pas 4080000.remoteproc-mss: Direct firmware load for modem.b06 failed with error -2
[   10.288057] qcom_q6v5_pas 4080000.remoteproc-mss: Falling back to sysfs fallback for: modem.b06
[   10.292475] qcom_q6v5_pas 4080000.remoteproc-mss: Direct firmware load for modem.b07 failed with error -2
[   10.292483] qcom_q6v5_pas 4080000.remoteproc-mss: Falling back to sysfs fallback for: modem.b07
[   10.300767] qcom_q6v5_pas 4080000.remoteproc-mss: Direct firmware load for modem.b08 failed with error -2
[   10.300774] qcom_q6v5_pas 4080000.remoteproc-mss: Falling back to sysfs fallback for: modem.b08
[   10.309541] msm_vidc: err : e31fafc0:  avcE_0: msm_venc_subscribe_event: invalid type 5 id 0
[   10.309588] msm_vidc:     fw: <VFW_E:HostDr:unkn:--------:--> VenusHostDriver_ParseC2SysPacket(1072): licence unique code is not matched
[   10.317861] cs35l45 4-0030: DSP1: Firmware: 4fa00 vendor: 0x2 v0.61.0, 5 algorithms
[   10.319249] qcom_q6v5_pas 4080000.remoteproc-mss: Direct firmware load for modem.b09 failed with error -2
[   10.319255] qcom_q6v5_pas 4080000.remoteproc-mss: Falling back to sysfs fallback for: modem.b09
[   10.320162] cs35l45 4-0030: DSP1: 0: ID cd v129.78.0 XM@202 YM@27
[   10.320173] cs35l45 4-0030: DSP1: 1: ID f206 v1.0.0 XM@f2 YM@0
[   10.320178] cs35l45 4-0030: DSP1: 2: ID f20b v0.1.0 XM@3c2 YM@0
[   10.320182] cs35l45 4-0030: DSP1: 3: ID f204 v0.0.1 XM@414 YM@0
[   10.320186] cs35l45 4-0030: DSP1: 4: ID f205 v0.2.0 XM@442 YM@0
[   10.320205] cs35l45 4-0030: Direct firmware load for L-cs35l45-dsp1-spk-prot.bin failed with error -2
[   10.320207] cs35l45 4-0030: Falling back to sysfs fallback for: L-cs35l45-dsp1-spk-prot.bin
[   10.334511] qcom_q6v5_pas 4080000.remoteproc-mss: Direct firmware load for modem.b10 failed with error -2
[   10.334519] qcom_q6v5_pas 4080000.remoteproc-mss: Falling back to sysfs fallback for: modem.b10
[   10.352628] qcom_q6v5_pas 4080000.remoteproc-mss: Direct firmware load for modem.b11 failed with error -2
[   10.352638] qcom_q6v5_pas 4080000.remoteproc-mss: Falling back to sysfs fallback for: modem.b11
[   10.361766] qcom_q6v5_pas 4080000.remoteproc-mss: Direct firmware load for modem.b12 failed with error -2
[   10.361776] qcom_q6v5_pas 4080000.remoteproc-mss: Falling back to sysfs fallback for: modem.b12
[   10.368606] qcom_q6v5_pas 4080000.remoteproc-mss: Direct firmware load for modem.b13 failed with error -2
[   10.368616] qcom_q6v5_pas 4080000.remoteproc-mss: Falling back to sysfs fallback for: modem.b13
[   10.388033] qcom_q6v5_pas 4080000.remoteproc-mss: Direct firmware load for modem.b15 failed with error -2
[   10.388044] qcom_q6v5_pas 4080000.remoteproc-mss: Falling back to sysfs fallback for: modem.b15
[   10.405905] qcom_q6v5_pas 4080000.remoteproc-mss: Direct firmware load for modem.b16 failed with error -2
[   10.405914] qcom_q6v5_pas 4080000.remoteproc-mss: Falling back to sysfs fallback for: modem.b16
[   10.411802] qcom_q6v5_pas 4080000.remoteproc-mss: Direct firmware load for modem.b17 failed with error -2
[   10.411811] qcom_q6v5_pas 4080000.remoteproc-mss: Falling back to sysfs fallback for: modem.b17
[   10.416961] qcom_q6v5_pas 4080000.remoteproc-mss: Direct firmware load for modem.b18 failed with error -2
[   10.416970] qcom_q6v5_pas 4080000.remoteproc-mss: Falling back to sysfs fallback for: modem.b18
[   10.477087] qcom_q6v5_pas 4080000.remoteproc-mss: Direct firmware load for modem.b19 failed with error -2
[   10.477097] qcom_q6v5_pas 4080000.remoteproc-mss: Falling back to sysfs fallback for: modem.b19
[   10.491742] qcom_q6v5_pas 4080000.remoteproc-mss: Direct firmware load for modem.b20 failed with error -2
[   10.491752] qcom_q6v5_pas 4080000.remoteproc-mss: Falling back to sysfs fallback for: modem.b20
[   10.493142] cs35l45 4-0030: DSP1: Failed to parse legacy: -19
[   10.507305] qcom_q6v5_pas 4080000.remoteproc-mss: Direct firmware load for modem.b22 failed with error -2
[   10.507315] qcom_q6v5_pas 4080000.remoteproc-mss: Falling back to sysfs fallback for: modem.b22
[   10.511374] qcom_q6v5_pas 4080000.remoteproc-mss: Direct firmware load for modem.b23 failed with error -2
[   10.511383] qcom_q6v5_pas 4080000.remoteproc-mss: Falling back to sysfs fallback for: modem.b23
[   10.539008] dwc3 a600000.dwc3: Set IRQ thread:irq/320-dwc3 pid:3083 to SCHED_NORMAL prio
[   10.544555] qcom_q6v5_pas 4080000.remoteproc-mss: Direct firmware load for modem.b24 failed with error -2
[   10.544564] qcom_q6v5_pas 4080000.remoteproc-mss: Falling back to sysfs fallback for: modem.b24
[   10.652287] msm_eusb2_phy 88e3000.hsphy: Avail curr from USB = 100
[   10.656551] android_work: sent uevent USB_STATE=CONNECTED
[   10.659315] slg51000-regulator 0-0075: disable LDO6 supply_name:vin7 off_time:2000us
[   10.663638] msm_eusb2_phy 88e3000.hsphy: Avail curr from USB = 900
[   10.663718] android_work: sent uevent USB_STATE=CONFIGURED
[   10.674963] binder: 994:994 transaction async to 2309:0 failed 6643/29201/-1, code 1 size 164-8 line 3235
[   10.685868] qcom_q6v5_pas 4080000.remoteproc-mss: Direct firmware load for modem.b25 failed with error -2
[   10.685878] qcom_q6v5_pas 4080000.remoteproc-mss: Falling back to sysfs fallback for: modem.b25
[   10.690451] qcom_q6v5_pas 4080000.remoteproc-mss: Direct firmware load for modem.b26 failed with error -2
[   10.690460] qcom_q6v5_pas 4080000.remoteproc-mss: Falling back to sysfs fallback for: modem.b26
[   10.700060] qcom_q6v5_pas 4080000.remoteproc-mss: Direct firmware load for modem.b27 failed with error -2
[   10.700071] qcom_q6v5_pas 4080000.remoteproc-mss: Falling back to sysfs fallback for: modem.b27
[   10.705294] qcom_q6v5_pas 4080000.remoteproc-mss: Direct firmware load for modem.b28 failed with error -2
[   10.705304] qcom_q6v5_pas 4080000.remoteproc-mss: Falling back to sysfs fallback for: modem.b28
[   10.709302] qcom_q6v5_pas 4080000.remoteproc-mss: Direct firmware load for modem.b29 failed with error -2
[   10.709311] qcom_q6v5_pas 4080000.remoteproc-mss: Falling back to sysfs fallback for: modem.b29
[   10.734402] slg51000-regulator 0-0075: disable LDO6 supply_name:vin7 off_time:2000us
[   10.805890] slg51000-regulator 0-0075: disable LDO6 supply_name:vin7 off_time:2000us
[   10.857749] servicemanager: Caller(pid=1813,uid=1041,sid=u:r:audioserver:s0) Since 'activity' could not be found trying to start it as a lazy AIDL service. (if it's not configured to be a lazy service, it may be stuck starting or still starting).
[   10.858251] init: Control message: Could not find 'aidl/activity' for ctl.interface_start from pid: 992 (/system/bin/servicemanager)
[   10.858451] servicemanager: Caller(pid=1813,uid=1041,sid=u:r:audioserver:s0) Tried to start aidl service activity as a lazy service, but was unable to. Usually this happens when a service is not installed, but if the service is intended to be used as a lazy service, then it may be configured incorrectly.
[   11.013107] cs35l45 4-0031: Preload DSP before boot
[   11.015637] cs35l45 4-0031: Direct firmware load for R-cs35l45-dsp1-spk-prot.wmfw failed with error -2
[   11.015645] cs35l45 4-0031: Falling back to sysfs fallback for: R-cs35l45-dsp1-spk-prot.wmfw
[   11.018590] cs35l45 4-0031: DSP1: Firmware version: 3
[   11.018598] cs35l45 4-0031: DSP1: R-cs35l45-dsp1-spk-prot.wmfw: Fri 24 Jun 2022 13:57:44 W. Europe Daylight Time
[   11.201805] CAM_INFO: CAM-SMMU: cam_smmu_need_force_alloc_cached: 453 force_cache_allocs=1
[   11.201821] CAM_INFO: CAM-MEM: cam_mem_mgr_get_dma_heaps: 662 Heaps : system=0000000000000000, system_uncached=0000000000000000, camera=0000000000000000, camera-uncached=0000000000000000, secure_display=0000000000000000, ubwc_p_heap=0000000000000000
[   11.204793] CAM_INFO: CAM-ICP: cam_icp_v2_download_fw: 790 Loading Secure PIL : Y
[   11.215191] ueventd: firmware: loading 'CAMERA_ICP.mbn' for '/devices/platform/soc/ac01000.qcom,icp/firmware/CAMERA_ICP.mbn'
[   11.215370] ueventd: found /vendor/firmware/CAMERA_ICP.mbn for /devices/platform/soc/ac01000.qcom,icp/firmware/CAMERA_ICP.mbn
[   11.219603] ueventd: loading /devices/platform/soc/ac01000.qcom,icp/firmware/CAMERA_ICP.mbn took 4ms
[   11.311472] servicemanager: Caller(pid=1690,uid=1000,sid=u:r:hal_sensors_default:s0) Found android.hardware.sensors.ISensors/default in device VINTF manifest.
[   11.349654] cs35l45 4-0031: DSP1: Firmware: 4fa00 vendor: 0x2 v0.61.0, 5 algorithms
[   11.351333] cs35l45 4-0031: DSP1: 0: ID cd v129.78.0 XM@202 YM@27
[   11.351345] cs35l45 4-0031: DSP1: 1: ID f206 v1.0.0 XM@f2 YM@0
[   11.351348] cs35l45 4-0031: DSP1: 2: ID f20b v0.1.0 XM@3c2 YM@0
[   11.351351] cs35l45 4-0031: DSP1: 3: ID f204 v0.0.1 XM@414 YM@0
[   11.351354] cs35l45 4-0031: DSP1: 4: ID f205 v0.2.0 XM@442 YM@0
[   11.351378] cs35l45 4-0031: Direct firmware load for R-cs35l45-dsp1-spk-prot.bin failed with error -2
[   11.351380] cs35l45 4-0031: Falling back to sysfs fallback for: R-cs35l45-dsp1-spk-prot.bin
[   11.354154] ueventd: firmware: loading 'R-cs35l45-dsp1-spk-prot.bin' for '/devices/platform/soc/8c0000.qcom,qupv3_2_geni_se/88c000.i2c/i2c-4/4-0031/firmware/R-cs35l45-dsp1-spk-prot.bin'
[   11.354558] ueventd: found /vendor/firmware/R-cs35l45-dsp1-spk-prot.bin for /devices/platform/soc/8c0000.qcom,qupv3_2_geni_se/88c000.i2c/i2c-4/4-0031/firmware/R-cs35l45-dsp1-spk-prot.bin
[   11.355444] ueventd: loading /devices/platform/soc/8c0000.qcom,qupv3_2_geni_se/88c000.i2c/i2c-4/4-0031/firmware/R-cs35l45-dsp1-spk-prot.bin took 1ms
[   11.502323] cs35l45 4-0031: DSP1: Failed to parse legacy: -19
[   11.618217] [drm:dsi_display_set_mode [msm_drm]] [msm-dsi-info]: mdp_transfer_time=7680, hactive=1096, vactive=2560, fps=60, clk_rate=1191321360
[   11.619146] lxs_ts 2-0028: After: Unblank
[   11.619150] lxs_ts 2-0028: start@11.588883119
[   11.619152] lxs_ts 2-0028: lxs_ts_resume: start
[   11.619154] lxs_ts 2-0028: lxs_hal_touch_mode: state 0(0), lcd 1(1, 1, 1), c 0x0(0)
[   11.619156] lxs_ts 2-0028: lxs_ts_resume: end
[   11.619157] lxs_ts 2-0028: end@11.588890307
[   11.620008] adsprpc: fastrpc_restart_notifier_cb: mpss subsystem is up
[   11.620015] ipa-wan ipa3_lcl_mdm_ssr_notifier_cb:4056 IPA received MPSS AFTER_POWERUP
[   11.620021] ipa ipa3_odl_pipe_open:371 adpl pipe not configured
[   11.620027] ipa-wan ipa3_lcl_mdm_ssr_notifier_cb:4061 IPA AFTER_POWERUP handling is complete
[   11.620030] remoteproc remoteproc3: remote processor 4080000.remoteproc-mss is now up
[   11.622945] CAM_INFO: CAM-ICP: cam_icp_mgr_process_dbg_buf: 2918 FW_DBG:CICP_FW_E : HFI  :QC_IMAGE_VERSION_STRING=CICP.FW.1.0-00137-DOUBLE_EXC_UPDATE_0718,OEM_IMAGE_VERSION_STRING=QCAM-SYS-SW9,BUILD_TIME: Jul 18 2023 02:40:16,CACHE_ENABLED at icphostinterface.c:814
[   11.622952] CAM_INFO: CAM-ICP: cam_icp_mgr_process_dbg_buf: 2918 FW_DBG:CICP_FW_E : HFI  :ELF variant: CACHE-ENABLED:T480:API_V2:USE_CDM_1_1:T780:TCM_ENABLED: , API version: 0x20000d3 at icphostinterface.c:815 QC_IMAGE_VERSION_STRING=CICP.FW.1.0-00137-DOUBLE_EXC_UPDATE_0718 OEM_IMAGE_VERSION_STRING=QCAM-SYS-SW9
[   11.622963] CAM_INFO: CAM-ICP: cam_icp_mgr_process_dbg_buf: 2918 FW_DBG:CICP_FW_E : HWDRV_:DMI_STATUS polling timed out at hardwaredriver_ipebps.c:450 QC_IMAGE_VERSION_STRING=CICP.FW.1.0-00137-DOUBLE_EXC_UPDATE_0718 OEM_IMAGE_VERSION_STRING=QCAM-SYS-SW9
[   11.622988] CAM_INFO: CAM-ICP: cam_icp_mgr_hw_open: 4600 FW download done successfully
[   11.627426] qcom_smd_qrtr_probe:SMD QRTR driver probed
[   11.627515] qrtr: Modem QMI Readiness RX cmd:0x2 node[0x0]
[   11.627740] init: processing action (vendor.backlight_on=1 && vendor.display.hmd_mode=0 && vendor.enable.always_on_display=0) from (/odm/etc/init/init.sony-device-common.rc:24)
[   11.627948] dsi_panel_set_hmd_mode: set HMD mode=0
[   11.628202] init: processing action (vendor.backlight_on=1) from (/odm/etc/init/init.sony-platform.rc:187)
[   11.628321] lxs_ts 2-0028: store_enable: value 1
[   11.628327] lxs_ts 2-0028: touch enable device, 1
[   11.628331] lxs_ts 2-0028: lxs_ts_watchdog_stop
[   11.628336] lxs_ts 2-0028: __lxs_hal_enable_work_func: lcd 1(1, 1, 1), c 0x0(0)
[   11.628342] lxs_ts 2-0028: lxs_ts_watchdog_run: on (10000 ms)
[   11.628389] init: processing action (vendor.backlight_on=1 && vendor.enable.always_on_display=0) from (/odm/etc/init/init.sony-platform.rc:193)
[   11.629490] lxs_ts 2-0028: set_lowpower_mode: 0
[   11.629632] lxs_ts 2-0028: store_enable: value 1
[   11.629637] lxs_ts 2-0028: touch enable device, 1
[   11.629641] lxs_ts 2-0028: lxs_ts_watchdog_stop
[   11.629645] lxs_ts 2-0028: __lxs_hal_enable_work_func: lcd 1(1, 1, 1), c 0x0(0)
[   11.629651] lxs_ts 2-0028: lxs_ts_watchdog_run: on (10000 ms)
[   11.638585] [drm:dsi_display_set_mode [msm_drm]] [msm-dsi-info]: mdp_transfer_time=7680, hactive=1096, vactive=2560, fps=120, clk_rate=1191321360
[   11.640294] lxs_ts 2-0028: After: Unblank
[   11.640300] lxs_ts 2-0028: start@11.610033692
[   11.640303] lxs_ts 2-0028: lxs_ts_resume: start
[   11.640306] lxs_ts 2-0028: lxs_hal_touch_mode: state 0(0), lcd 1(1, 1, 1), c 0x0(0)
[   11.640309] lxs_ts 2-0028: lxs_ts_resume: end
[   11.640310] lxs_ts 2-0028: end@11.610043744
[   11.646124] servicemanager: Caller(pid=2260,uid=1001,sid=u:r:rild:s0) Found android.hardware.radio.messaging.IRadioMessaging/slot2 in device VINTF manifest.
[   11.647032] servicemanager: Caller(pid=2260,uid=1001,sid=u:r:rild:s0) Found android.hardware.radio.modem.IRadioModem/slot2 in device VINTF manifest.
[   11.647762] servicemanager: Caller(pid=2260,uid=1001,sid=u:r:rild:s0) Found android.hardware.radio.network.IRadioNetwork/slot2 in device VINTF manifest.
[   11.647987] servicemanager: Caller(pid=2260,uid=1001,sid=u:r:rild:s0) Found android.hardware.radio.sim.IRadioSim/slot2 in device VINTF manifest.
[   11.648669] servicemanager: Caller(pid=2260,uid=1001,sid=u:r:rild:s0) Found android.hardware.radio.voice.IRadioVoice/slot2 in device VINTF manifest.
[   11.651888] servicemanager: Caller(pid=2260,uid=1001,sid=u:r:rild:s0) Found vendor.qti.hardware.radio.qtiradio.IQtiRadioStable/slot2 in device VINTF manifest.
[   11.652542] servicemanager: Caller(pid=2260,uid=1001,sid=u:r:rild:s0) Found vendor.qti.hardware.radio.ims.IImsRadio/imsradio1 in device VINTF manifest.
[   11.718217] rmt_storage:INFO:rmt_storage_open_cb: Processing: Open Request (req_h 0x1) for /boot/modem_fs1!
[   11.718494] rmt_storage:INFO:rmt_storage_open_cb: Processing: Open Request (req_h 0x2) for /boot/modem_fs2!
[   11.719715] rmt_storage:INFO:rmt_storage_alloc_buff_cb: Received req_size: 2621440! avail: 2621440
[   11.720004] rmt_storage:INFO:rmt_storage_rw_iovec_cb: Read iovec request (req_h 0x4 wr_count 0) received for /boot/modem_fs1
[   11.720162] rmt_storage:INFO:rmt_storage_client_thread: Calling Read [offset=512, size=512, req_h 0x4, wr_count 0] for /boot/modem_fs1!
[   11.720429] rmt_storage:INFO:rmt_storage_client_thread: Done Read (bytes = 512, req_h 0x4, wr_count 0) for /boot/modem_fs1!
[   11.720670] rmt_storage:INFO:rmt_storage_rw_iovec_cb: Read iovec request (req_h 0x5 wr_count 0) received for /boot/modem_fs2
[   11.720856] rmt_storage:INFO:rmt_storage_client_thread: Calling Read [offset=512, size=512, req_h 0x5, wr_count 0] for /boot/modem_fs2!
[   11.828103] coresight-remote-etm soc:modem2_etm0: Connection established between QMI handle and 11 service
[   11.828211] coresight-remote-etm soc:modem_etm0: Connection established between QMI handle and 2 service
[   11.847395] memshare soc:qcom,memshare: memshare_query: client_id : 1, query_resp.size :5242880, query_resp.resp.result :0
[   11.847528] memshare soc:qcom,memshare: memshare_alloc: memory alloc request received for client id: 1, proc_id: 0, request size: 5242880
[   11.847534] memshare soc:qcom,memshare: memshare_alloc: found client with client_id: 1, index: 2
[   11.858871] init: Control message: Could not find 'aidl/activity' for ctl.interface_start from pid: 992 (/system/bin/servicemanager)
[   11.858933] memshare soc:qcom,memshare: memshare_alloc: client_id: 1, alloc_resp.num_bytes: 5242880, alloc_resp.resp.result: 0
[   11.898471] Sending QMI_IPA_INIT_MODEM_DRIVER_REQ_V01
[   11.898672] ipa-wan ipa3_handle_indication_req:147 not send indication
[   11.913291] ipa ipa3_uc_wdi_event_log_info_handler:371 WDI protocol missing 0x1
[   11.913307] ipa ipa3_uc_ntn_event_log_info_handler:19 NTN protocol missing 0x1
[   11.913332] ipa ipa_pc_qmp_enable:12130 mailbox channel request failed, ret=-2
[   11.913369] ipa ipa3_uc_send_cmd_64b_param:1086 uC cmd(17): Received status 4, Expected status 0
[   11.913377] ipa ipa3_deferred_holb_work:387 Failed to enable HOLB monitoring -14
[   11.921225] QMI_IPA_INIT_MODEM_DRIVER_REQ_V01 response received
[   11.956234] cnss: COEX server arrive: node 0 port 58
[   11.956251] cnss: COEX Server Connected: 0x2e0200f
[   12.018360] adsp_sleepmon: Audio: num_sessions=1,num_lpi_sessions=0,timer_pending=0
[   12.018790] gsi soc:qcom,msm_gsi: gsi_stop_channel:3615 chan=14 busy try again
[   12.164853] adsp_sleepmon: Audio: num_sessions=0,num_lpi_sessions=0,timer_pending=1
[   12.183569] kalama-asoc-snd soc:spf_core_platform:sound: check_userspace_service_state: pcm_id 25 state 0
[   12.311981] init: Control message: Could not find 'android.frameworks.sensorservice@1.0::ISensorManager/default' for ctl.interface_start from pid: 993 (/system/system_ext/bin/hwservicemanager)
[   12.312077] init: Control message: Could not find 'android.frameworks.sensorservice@1.0::ISensorManager/default' for ctl.interface_start from pid: 993 (/system/system_ext/bin/hwservicemanager)
[   12.482131] init: Control message: Could not find 'aidl/sensor_privacy' for ctl.interface_start from pid: 992 (/system/bin/servicemanager)
[   12.486658] init: service 'idmap2d' requested start, but it is already running (flags: 4)
[   12.486671] init: Control message: Processed ctl.start for 'idmap2d' from pid: 1778 (system_server)
[   12.544831] SELinux:  Context u:object_r:lsposed_file:s0 is not valid (left unmapped).
[   12.829526] cnss: IMS server arrive: node 0 port 105
[   12.829538] cnss: IMS Server Connected: 0x2e0600f
[   12.829540] cnss: Sending ASYNC ims subscribe for indication
[   12.836212] USB cable not connected
[   12.848157] smcinvoke: prepare_send_scm_msg: Secure side is busy,will retry after 30 ms, retry_count = 0
[   12.855062] ip_local_port_range: prefer different parity for start/end values.
[   12.865186] cnss: QMI DMS service connected, state: 0x2f0600f
[   12.950666] cnss: Received IMS subscribe indication response
[   13.057874] DATARMNET6e31e62d2e(): Initializing on device rmnet_data0
[   13.057885] rmnet_shs initializing rmnet_data0
[   13.057895] rmnet_shs init with 0
[   13.057944] DATARMNET7dec24813e(): Initializing on device rmnet_data0
[   13.101083] ipa ipa3_setup_apps_low_lat_prod_pipe:349 Configuring low lat prod with rmnet config
[   13.103921] ipa ipa3_setup_apps_low_lat_data_prod_pipe:510 Configuring low lat data prod with rmnet config
[   13.103947] ipa ipa3_setup_apps_low_lat_data_prod_pipe:538 Not enabling deaggr on low_lat_prod
[   13.107325] ipa ipa3_set_aggr_limit:5610 set rx_buff_sz config from netmngr 32768
[   13.114533] ipa ipa3_set_aggr_limit:5610 set rx_buff_sz config from netmngr 32768
[   13.117817] rmnet_ctl driver probed
[   13.124645] ipa ipa3_set_aggr_limit:5610 set rx_buff_sz config from netmngr 8192
[   13.170382] ipa-wan ipa3_wwan_ioctl:2910 dev(rmnet_data0) register to IPA
[   13.309187] msm_cvp:  pwr: cvp (eva) power collapsed
[   13.334462] DFC QMAP init
[   13.336133] Connection established with the WDA Service, DL Marker enabled
[   13.360790] kalama-asoc-snd soc:spf_core_platform:sound: check_userspace_service_state: pcm_id 7 state 0
[   13.378023] read descriptors
[   13.378033] read strings
[   13.378064] read descriptors
[   13.378068] read strings
[   13.403202] rmnet_shs:  mask: 0x7d maplen: 6
[   13.508785] [EGISFP] egisfp_ioctl : cmd = 0x5 
[   13.508794] [EGISFP] egisfp_ioctl : FP_POWER_ONOFF 
[   13.508796] [EGISFP] do_egisfp_power_onoff : power_onoff = 2 
[   13.508802] [EGISFP] egisfp_vreg_setup : original voltage = 3400000 
[   13.508804] [EGISFP] egisfp_vreg_setup : enable_3_8V 
[   13.508997] [EGISFP] egisfp_vreg_setup : modified voltage = 3800000, ret = 0 
[   13.509001] [EGISFP] egisfp_vreg_setup : regulator enable, ret = 0 
[   13.514327] [EGISFP] do_egisfp_power_onoff : power_pin value = 1 
[   13.514333] [EGISFP] egisfp_ioctl done 
[   13.515384] [EGISFP] egisfp_ioctl : cmd = 0x4 
[   13.515389] [EGISFP] egisfp_ioctl : FP_SENSOR_RESET 
[   13.528422] [EGISFP] do_egisfp_reset : reset_pin = 1 
[   13.528430] [EGISFP] egisfp_ioctl done 
[   13.664903] apexd: getSessions() received by ApexService
[   13.715232] gsi soc:qcom,msm_gsi: gsi_stop_channel:3615 chan=1 busy try again
[   13.717362] gsi soc:qcom,msm_gsi: gsi_stop_channel:3615 chan=14 busy try again
[   14.145070] [EGISFP] egisfp_ioctl : cmd = 0x7 
[   14.145081] [EGISFP] egisfp_ioctl : FP_RESET_SET 
[   14.145082] [EGISFP] do_egisfp_reset_set : reset_high_low = 0 
[   14.145102] [EGISFP] do_egisfp_reset_set : reset_pin value = 0 
[   14.145103] [EGISFP] egisfp_ioctl done 
[   14.145110] [EGISFP] egisfp_ioctl : cmd = 0x5 
[   14.145111] [EGISFP] egisfp_ioctl : FP_POWER_ONOFF 
[   14.145112] [EGISFP] do_egisfp_power_onoff : power_onoff = 0 
[   14.145335] [EGISFP] egisfp_vreg_setup : regulator disable, ret = 0 
[   14.202361] [EGISFP] do_egisfp_power_onoff : power_pin value = 0 
[   14.202370] [EGISFP] egisfp_ioctl done 
[   14.319852] binder: undelivered TRANSACTION_COMPLETE
[   14.319871] binder: undelivered transaction 20566, process died.
[   14.369436] audit_log_lost: 185 callbacks suppressed
[   14.369441] audit: audit_lost=102 audit_rate_limit=20 audit_backlog_limit=128
[   14.369446] audit: rate limit exceeded
[   14.466557] gsi soc:qcom,msm_gsi: gsi_stop_channel:3615 chan=1 busy try again
[   14.468929] gsi soc:qcom,msm_gsi: gsi_stop_channel:3615 chan=14 busy try again
[   14.709539] bt_ioctl: BT_CMD_PWR_CTRL pwr_cntrl: 0
[   14.709549] bt_ioctl: BT chip state is already: 0 no change
[   14.709566] bt_ioctl: BT_CMD_PWR_CTRL pwr_cntrl: 1
[   14.710908] BTON:Turn Bt OFF asserting BT_EN to low
[   14.710921] bt-reset-gpio(382) value(0)
[   14.766318] BTON:Turn Bt OFF post asserting BT_EN to low
[   14.766346] bt-reset-gpio(382) value(0)
[   14.766351] BTON:Turn Bt OFF bt-sw-ctrl-gpio(383) value(1)
[   14.766357] BTON:Turn Bt ON wl-reset-gpio(381) value(1)
[   14.766362] BTON: WLAN ON Asserting BT_EN to high
[   14.822367] BTON:Turn Bt On bt-reset-gpio(382) value(1)
[   14.822377] BTON: Turn BT ON bt-sw-ctrl-gpio(383) value(1)
[   14.822379] bt_configure_gpios: bt_gpio= 382 on: 1
[   14.849688] bt_ioctl: unified Current SOC Version : 40170200
[   15.616664] cnss: Received QMI WLFW pin connect result indication
[   15.616674] cnss: Pin connect Result: pwr_pin: 0x0 phy_io_pin: 0x0 rf_io_pin: 0x2b
[   15.618303] cnss: Received Cal done indication. File size: 8442616
[   15.618314] cnss: Calibration took 7700 ms
[   15.618317] cnss: Posting event: COLD_BOOT_CAL_DONE(6), state: 0x2f0600f flags: 0x0
[   15.618321] cnss: PM stay awake, state: 0x2f0600f, count: 1
[   15.618330] cnss: PM relax, state: 0x2f0600f, count: 0
[   15.618341] cnss: PM stay awake, state: 0x2f0600f, count: 1
[   15.618343] cnss: Processing driver event: COLD_BOOT_CAL_DONE(6), state: 0x2f0600f
[   15.618346] cnss: Calibration completed successfully
[   15.618348] cnss: Sending mode message, mode: OFF(4), state: 0x2f0600f
[   15.654607] gsi soc:qcom,msm_gsi: gsi_stop_channel:3615 chan=1 busy try again
[   15.656579] gsi soc:qcom,msm_gsi: gsi_stop_channel:3615 chan=14 busy try again
[   15.669469] cnss: Sending coex antenna switch_to_mdm
[   15.669564] cnss: WLFW server exiting
[   15.669570] cnss: Posting event: SERVER_EXIT(1), state: 0x2f8600f flags: 0x0
[   15.669985] cnss: Skip driver remove
[   15.670206] cnss: Enable ADSP power collapse
[   15.670213] cnss: Setting MHI state: POWER_OFF(4)
[   15.718330] cnss: Suspending PCI link
[   15.726378] msm_pcie_disable: PCIe: Assert the reset of endpoint of RC0.
[   15.727024] cnss: Setting MHI state: DEINIT(1)
[   15.727075] cnss: WLAN_EN Value: 0
[   15.727078] cnss: De-assert WLAN_EN GPIO successfully
[   15.727080] cnss: Regulator vdd-wlan-rfa2 is being disabled
[   15.727084] cnss: Regulator vdd-wlan-rfa1 is being disabled
[   15.727087] cnss: Regulator vdd-wlan-dig is being disabled
[   15.727091] cnss: Regulator vdd-wlan-aon is being disabled
[   15.727111] cnss: Regulator vdd-wlan is being disabled
[   15.727125] cnss: Regulator vdd-wlan-io is being disabled
[   15.740931] [EGISFP] egisfp_ioctl : cmd = 0x5 
[   15.740941] [EGISFP] egisfp_ioctl : FP_POWER_ONOFF 
[   15.740943] [EGISFP] do_egisfp_power_onoff : power_onoff = 2 
[   15.740949] [EGISFP] egisfp_vreg_setup : original voltage = 3400000 
[   15.740951] [EGISFP] egisfp_vreg_setup : enable_3_8V 
[   15.741255] [EGISFP] egisfp_vreg_setup : modified voltage = 3800000, ret = 0 
[   15.741260] [EGISFP] egisfp_vreg_setup : regulator enable, ret = 0 
[   15.746369] [EGISFP] do_egisfp_power_onoff : power_pin value = 1 
[   15.746377] [EGISFP] egisfp_ioctl done 
[   15.747440] [EGISFP] egisfp_ioctl : cmd = 0x4 
[   15.747445] [EGISFP] egisfp_ioctl : FP_SENSOR_RESET 
[   15.761704] [EGISFP] do_egisfp_reset : reset_pin = 1 
[   15.761713] [EGISFP] egisfp_ioctl done 
[   15.811296] AidlLazyServiceRegistrar: Process has 0 (of 1 available) client(s) in use after notification apexservice has clients: 0
[   15.811307] AidlLazyServiceRegistrar: Shutdown prevented by forcePersist override flag.
[   15.830307] cnss: CAL DB file not required as per BDF
[   15.830463] cnss: Schedule WLAN driver load
[   15.830516] cnss: Processing driver event: SERVER_EXIT(1), state: 0x2fa6001
[   15.830520] cnss: QMI WLFW service disconnected, state: 0x2fa6000
[   15.830564] cnss: Posting event: REGISTER_DRIVER(7)-sync, state: 0x2fa6000 flags: 0x5
[   15.830648] cnss: Processing driver event: REGISTER_DRIVER-sync(7), state: 0x2f26000
[   15.830659] cnss: FW name added with prefix: kiwi/amss20.bin
[   15.830662] cnss: FW name added with prefix: kiwi/amss20.bin
[   15.830663] cnss: FW name is kiwi/amss20.bin, FW fallback name is kiwi/amss20.bin
[   15.830666] cnss: New driver mode is 0
[   15.830669] cnss: Regulator vdd-wlan-io is being enabled
[   15.830674] cnss: Regulator vdd-wlan is being enabled
[   15.831311] cnss: Regulator vdd-wlan-aon is being enabled
[   15.831536] cnss: Regulator vdd-wlan-dig is being enabled
[   15.831543] cnss: Regulator vdd-wlan-rfa1 is being enabled
[   15.831547] cnss: Regulator vdd-wlan-rfa2 is being enabled
[   15.832567] cnss: WLAN_EN Value: 1
[   15.832570] cnss: Assert WLAN_EN GPIO successfully
[   15.832572] cnss: Resuming PCI link
[   15.832598] msm_pcie_enable: PCIe: Assert the reset of endpoint of RC0.
[   15.835965] msm_pcie_enable: PCIe: RC0: PCIE20_PARF_INT_ALL_MASK: 0x7f80d202
[   15.838335] pcie_phy_init: PCIe RC0 PHY is ready!
[   15.848383] msm_pcie_enable: PCIe: Release the reset of endpoint of RC0.
[   15.863749] SELinux: avc:  denied  { find } for pid=1778 uid=1000 name=vendor.qti.hardware.servicetrackeraidl.IServicetracker/default scontext=u:r:system_server:s0 tcontext=u:object_r:default_android_service:s0 tclass=service_manager permissive=0
[   15.865246] msm_pcie_link_train: PCIe RC0 link initialized
[   15.878342] cnss_pci 0000:01:00.0: enabling device (0000 -> 0002)
[   15.879701] cnss: Setting MHI state: INIT(0)
[   15.879756] cnss: Setting MHI state: POWER_ON(2)
[   15.880076] [EGISFP] egisfp_ioctl : cmd = 0xA5 
[   15.880080] [EGISFP] egisfp_interrupt_free 
[   15.880082] [EGISFP] egisfp_ioctl : INT_TRIGGER_CLOSE 0  
[   15.880084] [EGISFP] egisfp_ioctl done 
[   15.880088] [EGISFP] egisfp_ioctl : cmd = 0xA4 
[   15.880090] [EGISFP] egisfp_interrupt_init :  mode = 3 period = 0 threshold = 0 
[   15.880092] [EGISFP] egisfp_interrupt_init :  request_irq_done = 0 gpio_irq = 0  pin = 341 
[   15.880101] cnss_pci 0000:01:00.0: Direct firmware load for kiwi/amss20.bin failed with error -2
[   15.880107] cnss_pci 0000:01:00.0: Falling back to sysfs fallback for: kiwi/amss20.bin
[   15.880132] [EGISFP] egisfp_interrupt_init : fp_irq number 403 
[   15.880134] [EGISFP] egisfp_interrupt_init : current flag : 0 disable: 0 enable: 1 
[   15.880135] [EGISFP] egisfp_interrupt_init : LEVEL_TRIGGER_HIGH 
[   15.880176] [EGISFP] egisfp_interrupt_init : request_irq return 0 
[   15.880177] [EGISFP] egisfp_interrupt_init : current flag : 1 disable: 0 enable: 1 
[   15.880179] [EGISFP] egisfp_interrupt_init : enable irq with mode = 3 
[   15.880180] [EGISFP] egisfp_interrupt_enable : enable 
[   15.880182] [EGISFP] egisfp_ioctl : INT_TRIGGER_INIT 0 
[   15.880184] [EGISFP] egisfp_ioctl done 
[   15.881298] ueventd: firmware: loading 'kiwi/amss20.bin' for '/devices/platform/soc/1c00000.qcom,pcie/pci0000:00/0000:00:00.0/0000:01:00.0/firmware/kiwi!amss20.bin'
[   15.881501] ueventd: found /vendor/firmware_mnt/image/kiwi/amss20.bin for /devices/platform/soc/1c00000.qcom,pcie/pci0000:00/0000:00:00.0/0000:01:00.0/firmware/kiwi!amss20.bin
[   15.886511] ueventd: loading /devices/platform/soc/1c00000.qcom,pcie/pci0000:00/0000:00:00.0/0000:01:00.0/firmware/kiwi!amss20.bin took 5ms
[   15.917630] SELinux: avc:  denied  { find } for pid=1778 uid=1000 name=vendor.qti.hardware.servicetrackeraidl.IServicetracker/default scontext=u:r:system_server:s0 tcontext=u:object_r:default_android_service:s0 tclass=service_manager permissive=0
[   15.979869] SELinux: avc:  denied  { find } for pid=1778 uid=1000 name=vendor.qti.hardware.servicetrackeraidl.IServicetracker/default scontext=u:r:system_server:s0 tcontext=u:object_r:default_android_service:s0 tclass=service_manager permissive=0
[   15.980425] SELinux: avc:  denied  { find } for pid=1778 uid=1000 name=vendor.qti.hardware.servicetrackeraidl.IServicetracker/default scontext=u:r:system_server:s0 tcontext=u:object_r:default_android_service:s0 tclass=service_manager permissive=0
[   15.987957] SELinux: avc:  denied  { find } for pid=1778 uid=1000 name=vendor.qti.hardware.servicetrackeraidl.IServicetracker/default scontext=u:r:system_server:s0 tcontext=u:object_r:default_android_service:s0 tclass=service_manager permissive=0
[   15.999344] SELinux: avc:  denied  { find } for pid=4751 uid=10380 name=vendor.qti.hardware.perf2.IPerf/default scontext=u:r:platform_app:s0:c512,c768 tcontext=u:object_r:default_android_service:s0 tclass=service_manager permissive=0
[   16.004698] SELinux: avc:  denied  { find } for pid=1778 uid=1000 name=vendor.qti.hardware.servicetrackeraidl.IServicetracker/default scontext=u:r:system_server:s0 tcontext=u:object_r:default_android_service:s0 tclass=service_manager permissive=0
[   16.012266] SELinux: avc:  denied  { find } for pid=4723 uid=10383 name=vendor.qti.hardware.perf2.IPerf/default scontext=u:r:platform_app:s0:c512,c768 tcontext=u:object_r:default_android_service:s0 tclass=service_manager permissive=0
[   16.015330] SELinux: avc:  denied  { find } for pid=1778 uid=1000 name=vendor.qti.hardware.servicetrackeraidl.IServicetracker/default scontext=u:r:system_server:s0 tcontext=u:object_r:default_android_service:s0 tclass=service_manager permissive=0
[   16.066649] SELinux: avc:  denied  { find } for pid=4769 uid=10246 name=vendor.qti.hardware.perf2.IPerf/default scontext=u:r:priv_app:s0:c512,c768 tcontext=u:object_r:default_android_service:s0 tclass=service_manager permissive=0
[   16.098230] qcedev_ioctl: info: vaddr = ffa00000
, fd = 17
[   16.103758] qcedev_ioctl: info: vaddr = ff600000
, fd = 19
[   16.106092] qcedev_ioctl: info: vaddr = ff200000
, fd = 21
[   16.147244] bt_ioctl: BT_CMD_PWR_CTRL pwr_cntrl: 2
[   16.369702] cnss: MHI status cb is called with reason MISSION_MODE(5)
[   16.369720] cnss: Disable ADSP power collapse
[   16.369748] cnss: Completed event: REGISTER_DRIVER(7), state: 0x6f26010, ret: 0/0
[   16.369756] cnss: PM relax, state: 0x6f26010, count: 0
[   16.373594] cnss: Setting link speed:0x2, width:0x1
[   16.436289] init: Service 'keyprov_daemon' (pid 2374) exited with status 0 oneshot service took 7.278000 seconds in background
[   16.436303] init: Sending signal 9 to service 'keyprov_daemon' (pid 2374) process group...
[   16.436450] libprocessgroup: Removed cgroup /sys/fs/cgroup/uid_1000/pid_2374
[   16.498578] qrtr: announce_servers(): Avoiding duplicate announce for NODE ID 7
[   16.498843] cnss: WLFW server arriving: node 7 port 1
[   16.498852] cnss: Posting event: SERVER_ARRIVE(0), state: 0x6f26010 flags: 0x0
[   16.498856] cnss: PM stay awake, state: 0x6f26010, count: 1
[   16.498872] cnss: PM relax, state: 0x6f26010, count: 0
[   16.498893] cnss: PM stay awake, state: 0x6f26010, count: 1
[   16.498900] cnss: Processing driver event: SERVER_ARRIVE(0), state: 0x6f26010
[   16.498905] cnss: QMI WLFW service connected, state: 0x6f26011
[   16.498909] cnss: Sending indication register message, state: 0x6f26011
[   16.503143] cnss: Sending host capability message, state: 0x6f26011
[   16.503153] cnss: Number of clients is 1
[   16.503157] cnss: Assign MSI to user: WAKE, num_vectors: 1, user_base_data: 13, base_vector: 13
[   16.503159] cnss: WAKE MSI base data is 13
[   16.503161] cnss: Calibration done is 1
[   16.503163] cnss: Sending iova starting 0xa0000000 with size 0x10010000
[   16.503166] cnss: Sending feature list 0x6
[   16.505344] cnss: Received QMI WLFW request memory indication
[   16.505352] cnss: FW requests for memory, size: 0x6f0000, type: 1
[   16.505355] cnss: FW requests for memory, size: 0x810000, type: 4
[   16.505357] cnss: Posting event: REQUEST_MEM(2), state: 0x6f26011 flags: 0x0
[   16.505358] cnss: PM relax, state: 0x6f26011, count: 0
[   16.505360] cnss: PM stay awake, state: 0x6f26011, count: 1
[   16.505371] cnss: PM relax, state: 0x6f26011, count: 0
[   16.505372] cnss: PM stay awake, state: 0x6f26011, count: 1
[   16.505376] cnss: Processing driver event: REQUEST_MEM(2), state: 0x6f26011
[   16.505380] cnss: Sending respond memory message, state: 0x6f26011
[   16.505383] cnss: Memory for FW, va: 0x0000000000000000, pa: 0x00000000a1800000, size: 0x6f0000, type: 1
[   16.505387] cnss: Memory for FW, va: 0x0000000000000000, pa: 0x00000000a2000000, size: 0x810000, type: 4
[   16.510842] cnss: PM relax, state: 0x6f26011, count: 0
[   16.513036] cnss: Received QMI WLFW FW memory ready indication
[   16.513043] cnss: Posting event: FW_MEM_READY(3), state: 0x6f26011 flags: 0x0
[   16.513047] cnss: PM stay awake, state: 0x6f26011, count: 1
[   16.513056] cnss: PM relax, state: 0x6f26011, count: 0
[   16.513063] cnss: PM stay awake, state: 0x6f26011, count: 1
[   16.513071] cnss: Processing driver event: FW_MEM_READY(3), state: 0x6f26011
[   16.513075] cnss: Sending target capability message, state: 0x6f26013
[   16.515332] cnss: Device frequency is 19200000 HZ
[   16.515341] cnss: Target capability: chip_id: 0x2, chip_family: 0x4, board_id: 0x31, soc_id: 0x40170200, otp_version: 0x0
[   16.515344] cnss: fw_version: 0x110c8586, fw_build_timestamp: 2025-08-25 13:49, fw_build_id: QC_IMAGE_VERSION_STRING=WLAN.HMT.1.1-01414.6-QCAHMTSWPL_V1.0_V2.0_SILICONZ-1.121323.2.124673.3, hwid_bitmap:0x0
[   16.515347] cnss: Hang event params, Length: 0x180, Offset Address: 0x1ec000
[   16.515349] cnss: Sending BDF download message, state: 0x6f26013, type: 4
[   16.515353] cnss: FW name added with prefix: kiwi/regdb.bin
[   16.518567] ueventd: firmware: loading 'kiwi/regdb.bin' for '/devices/platform/soc/b0000000.qcom,cnss-qca-converged/firmware/kiwi!regdb.bin'
[   16.518699] ueventd: found /vendor/firmware/kiwi/regdb.bin for /devices/platform/soc/b0000000.qcom,cnss-qca-converged/firmware/kiwi!regdb.bin
[   16.518772] ueventd: loading /devices/platform/soc/b0000000.qcom,cnss-qca-converged/firmware/kiwi!regdb.bin took 0ms
[   16.518854] cnss: Downloading BDF: kiwi/regdb.bin, size: 24278
[   16.532467] cnss: INI File 1 download
[   16.535938] ueventd: firmware: loading 'wlan-connection-roaming.ini' for '/devices/platform/soc/b0000000.qcom,cnss-qca-converged/firmware/wlan-connection-roaming.ini'
[   16.536415] ueventd: firmware: could not find firmware for wlan-connection-roaming.ini
[   16.536427] ueventd: firmware: attempted /etc/firmware/wlan-connection-roaming.ini, open failed: No such file or directory
[   16.536432] ueventd: firmware: attempted /odm/firmware/wlan-connection-roaming.ini, open failed: No such file or directory
[   16.536436] ueventd: firmware: attempted /vendor/firmware/wlan-connection-roaming.ini, open failed: No such file or directory
[   16.536440] ueventd: firmware: attempted /firmware/image/wlan-connection-roaming.ini, open failed: No such file or directory
[   16.536444] ueventd: firmware: attempted /vendor/firmware_mnt/image/wlan-connection-roaming.ini, open failed: No such file or directory
[   16.536620] cnss: Failed to get INI file wlan-connection-roaming.ini (-2), Backup file: Supported
[   16.540152] cnss: Failed to get INI file wlan-connection-roaming-backup.ini (-2)
[   16.540167] cnss: Sending BDF download message, state: 0x6f26013, type: 1
[   16.540175] cnss: FW name added with prefix: kiwi/bdwlan.e31
[   16.543071] cnss: Downloading BDF: kiwi/bdwlan.e31, size: 88760
[   16.588283] cnss: Host BDF config: HW_XPA: 1 CalDB: 0
[   16.588296] cnss: Sending M3 information message, state: 0x6f26013
[   16.588299] cnss: M3 memory, va: 0x0000000000000000, pa: 0x00000000a2a00000, size: 0x4926c
[   16.590336] cnss: Sending QDSS config download message, state: 0x6f26013
[   16.590345] cnss: FW name added with prefix: kiwi/qdss_trace_config_v2.cfg
[   16.593842] cnss: Downloading QDSS: kiwi/qdss_trace_config_v2.cfg, size: 4911
[   16.598745] cnss: PM relax, state: 0x6f26013, count: 0
[   16.606208] cnss: Received QMI WLFW FW initialization done indication
[   16.606217] cnss: Posting event: FW_READY(4), state: 0x6f26013 flags: 0x0
[   16.606220] cnss: PM stay awake, state: 0x6f26013, count: 1
[   16.606229] cnss: PM relax, state: 0x6f26013, count: 0
[   16.606235] cnss: PM stay awake, state: 0x6f26013, count: 1
[   16.606242] cnss: Processing driver event: FW_READY(4), state: 0x6f26013
[   16.606246] cnss: Processing FW Init Done..
[   16.606248] cnss: PCIE Gen speed not setup
[   16.606250] cnss: Requesting DMS MAC address
[   16.606610] cnss: QMI_DMS_GET_MAC_ADDRESS_REQ_V01 failed, result: 1, err: 16
[   16.620257] cnss: Sending ini sync request, state: 0x6f26017, fw_log_mode: 1
[   16.623920] [kworke][0x1a5b1874][18:13:10.083988] wlan: [869:I:HIF] hif_pci_enable_bus: con_mode = 0x0, WLAN_SOC_device_id = 0x1107
[   16.623935] [kworke][0x1a5b191f][18:13:10.083997] wlan: [869:I:HIF] hif_pci_get_soc_info_pld: hif_pci_get_soc_info_pld: fam num 4 dev ver 23 maj ver 2 min ver 0

[   16.623938] [kworke][0x1a5b19d2][18:13:10.084007] wlan: [869:I:HIF] hif_pci_enable_bus: hif_enable_pci done
[   16.624015] [kworke][0x1a5b1f99][18:13:10.084084] wlan: [869:I:HIF] hif_get_device_type:  *********** KIWI *************
[   16.624018] [kworke][0x1a5b1fce][18:13:10.084086] wlan: [869:I:HIF] hif_pci_enable_bus: hif_type = 0x1a, target_type = 0x1f
[   16.624021] [kworke][0x1a5b2009][18:13:10.084089] wlan: [869:I:HIF] hif_register_tbl_attach: HIF_TYPE_KIWI
[   16.624023] [kworke][0x1a5b2034][18:13:10.084092] wlan: [869:I:HIF] hif_target_register_tbl_attach: TARGET_TYPE_KIWI
[   16.624025] [kworke][0x1a5b205f][18:13:10.084094] wlan: [869:I:HIF] hif_pci_enable_bus: Skip tgt_wake up for srng devices
[   16.624061] cnss: Assign MSI to user: CE, num_vectors: 10, user_base_data: 3, base_vector: 3
[   16.624070] [kworke][0x1a5b23b4][18:13:10.084139] wlan: [869:E:HIF] hif_print_hal_shadow_register_cfg: v3: num_config 36
[   16.624077] [kworke][0x1a5b2445][18:13:10.084146] wlan: [869:E:HIF] hif_print_hal_shadow_register_cfg: i 0, val a3b04c
[   16.624081] [kworke][0x1a5b248a][18:13:10.084150] wlan: [869:E:HIF] hif_print_hal_shadow_register_cfg: i 1, val a3b054
[   16.624084] [kworke][0x1a5b24c6][18:13:10.084153] wlan: [869:E:HIF] hif_print_hal_shadow_register_cfg: i 2, val a3b05c
[   16.624088] [kworke][0x1a5b2507][18:13:10.084156] wlan: [869:E:HIF] hif_print_hal_shadow_register_cfg: i 3, val a3b064
[   16.624091] [kworke][0x1a5b2545][18:13:10.084159] wlan: [869:E:HIF] hif_print_hal_shadow_register_cfg: i 4, val a3b06c
[   16.624094] [kworke][0x1a5b2580][18:13:10.084162] wlan: [869:E:HIF] hif_print_hal_shadow_register_cfg: i 5, val a3b074
[   16.624097] [kworke][0x1a5b25bd][18:13:10.084166] wlan: [869:E:HIF] hif_print_hal_shadow_register_cfg: i 6, val a3b07c
[   16.624100] [kworke][0x1a5b25f6][18:13:10.084169] wlan: [869:E:HIF] hif_print_hal_shadow_register_cfg: i 7, val a3b084
[   16.624103] [kworke][0x1a5b262f][18:13:10.084172] wlan: [869:E:HIF] hif_print_hal_shadow_register_cfg: i 8, val a3b08c
[   16.624106] [kworke][0x1a5b266a][18:13:10.084175] wlan: [869:E:HIF] hif_print_hal_shadow_register_cfg: i 9, val a3b028
[   16.624109] [kworke][0x1a5b26a5][18:13:10.084178] wlan: [869:E:HIF] hif_print_hal_shadow_register_cfg: i 10, val a3b020
[   16.624112] [kworke][0x1a5b26e4][18:13:10.084181] wlan: [869:E:HIF] hif_print_hal_shadow_register_cfg: i 11, val a3b0ac
[   16.624116] [kworke][0x1a5b2722][18:13:10.084184] wlan: [869:E:HIF] hif_print_hal_shadow_register_cfg: i 12, val a46000
[   16.624119] [kworke][0x1a5b275f][18:13:10.084187] wlan: [869:E:HIF] hif_print_hal_shadow_register_cfg: i 13, val a46008
[   16.624122] [kworke][0x1a5b279a][18:13:10.084190] wlan: [869:E:HIF] hif_print_hal_shadow_register_cfg: i 14, val a46010
[   16.624125] [kworke][0x1a5b27d6][18:13:10.084194] wlan: [869:E:HIF] hif_print_hal_shadow_register_cfg: i 15, val a46018
[   16.624128] [kworke][0x1a5b2810][18:13:10.084197] wlan: [869:E:HIF] hif_print_hal_shadow_register_cfg: i 16, val a46020
[   16.624131] [kworke][0x1a5b284b][18:13:10.084200] wlan: [869:E:HIF] hif_print_hal_shadow_register_cfg: i 17, val a370b8
[   16.624134] [kworke][0x1a5b2882][18:13:10.084203] wlan: [869:E:HIF] hif_print_hal_shadow_register_cfg: i 18, val a37010
[   16.624137] [kworke][0x1a5b28bb][18:13:10.084205] wlan: [869:E:HIF] hif_print_hal_shadow_register_cfg: i 19, val a370cc
[   16.624140] [kworke][0x1a5b28f9][18:13:10.084209] wlan: [869:E:HIF] hif_print_hal_shadow_register_cfg: i 20, val a370d4
[   16.624143] [kworke][0x1a5b2935][18:13:10.084212] wlan: [869:E:HIF] hif_print_hal_shadow_register_cfg: i 21, val a370dc
[   16.624146] [kworke][0x1a5b2971][18:13:10.084215] wlan: [869:E:HIF] hif_print_hal_shadow_register_cfg: i 22, val a370e4
[   16.624150] [kworke][0x1a5b29b2][18:13:10.084218] wlan: [869:E:HIF] hif_print_hal_shadow_register_cfg: i 23, val a370ec
[   16.624153] [kworke][0x1a5b29ee][18:13:10.084221] wlan: [869:E:HIF] hif_print_hal_shadow_register_cfg: i 24, val a370f4
[   16.624156] [kworke][0x1a5b2a2a][18:13:10.084225] wlan: [869:E:HIF] hif_print_hal_shadow_register_cfg: i 25, val a370fc
[   16.624159] [kworke][0x1a5b2a64][18:13:10.084228] wlan: [869:E:HIF] hif_print_hal_shadow_register_cfg: i 26, val a37104
[   16.624162] [kworke][0x1a5b2aa0][18:13:10.084231] wlan: [869:E:HIF] hif_print_hal_shadow_register_cfg: i 27, val 1b80400
[   16.624166] [kworke][0x1a5b2ade][18:13:10.084234] wlan: [869:E:HIF] hif_print_hal_shadow_register_cfg: i 28, val 1b83400
[   16.624169] [kworke][0x1a5b2b1a][18:13:10.084237] wlan: [869:E:HIF] hif_print_hal_shadow_register_cfg: i 29, val 1b8340c
[   16.624172] [kworke][0x1a5b2b58][18:13:10.084240] wlan: [869:E:HIF] hif_print_hal_shadow_register_cfg: i 30, val 1b85400
[   16.624175] [kworke][0x1a5b2b92][18:13:10.084243] wlan: [869:E:HIF] hif_print_hal_shadow_register_cfg: i 31, val 1b8540c
[   16.624178] [kworke][0x1a5b2bcf][18:13:10.084247] wlan: [869:E:HIF] hif_print_hal_shadow_register_cfg: i 32, val 1b86400
[   16.624181] [kworke][0x1a5b2c09][18:13:10.084250] wlan: [869:E:HIF] hif_print_hal_shadow_register_cfg: i 33, val 1b88400
[   16.624184] [kworke][0x1a5b2c4a][18:13:10.084253] wlan: [869:E:HIF] hif_print_hal_shadow_register_cfg: i 34, val 1b8f400
[   16.624187] [kworke][0x1a5b2c80][18:13:10.084256] wlan: [869:E:HIF] hif_print_hal_shadow_register_cfg: i 35, val 1b8f40c
[   16.624190] cnss: Mode: 0, config: 0000000000000000, host_version: 5.2.1.45E
[   16.624193] cnss: Sending WLAN config message, state: 0x6f26017
[   16.624196] cnss: Shadow reg v3 len: 36
[   16.628362] cnss: Sending mode message, mode: MISSION(0), state: 0x6f26017
[   16.664893] cnss: Get MSI low addr = 0xa0000040, high addr = 0x0
[   16.664905] [kworke][0x1a671a58][18:13:10.124974] wlan: [869:I:HAL] hal_srng_update_high_wm_thresholds: ring_id: 64, wm_thresh- <50:0, 50-60:8, 60-70:9, 70-80:11, 80-90:12, 90-100:14
[   16.664969] [kworke][0x1a671f1c][18:13:10.125037] wlan: [869:I:HAL] hal_srng_update_high_wm_thresholds: ring_id: 82, wm_thresh- <50:0, 50-60:256, 60-70:307, 70-80:358, 80-90:409, 90-100:460
[   16.665052] cnss: Received QMI WLFW pin connect result indication
[   16.665059] cnss: Pin connect Result: pwr_pin: 0x1 phy_io_pin: 0x0 rf_io_pin: 0x0
[   16.665063] [kworke][0x1a672622][18:13:10.125131] wlan: [869:I:HAL] hal_srng_update_high_wm_thresholds: ring_id: 101, wm_thresh- <50:0, 50-60:256, 60-70:307, 70-80:358, 80-90:409, 90-100:460
[   16.665157] [kworke][0x1a672d41][18:13:10.125226] wlan: [869:I:HAL] hal_srng_update_high_wm_thresholds: ring_id: 83, wm_thresh- <50:0, 50-60:128, 60-70:153, 70-80:179, 80-90:204, 90-100:230
[   16.665253] [kworke][0x1a673469][18:13:10.125321] wlan: [869:I:HAL] hal_srng_update_high_wm_thresholds: ring_id: 102, wm_thresh- <50:0, 50-60:128, 60-70:153, 70-80:179, 80-90:204, 90-100:230
[   16.665315] [kworke][0x1a673911][18:13:10.125383] wlan: [869:I:HAL] hal_srng_update_high_wm_thresholds: ring_id: 67, wm_thresh- <50:0, 50-60:16, 60-70:19, 70-80:22, 80-90:25, 90-100:28
[   16.665383] [kworke][0x1a673e26][18:13:10.125451] wlan: [869:I:HAL] hal_srng_update_high_wm_thresholds: ring_id: 68, wm_thresh- <50:0, 50-60:128, 60-70:153, 70-80:179, 80-90:204, 90-100:230
[   16.665447] [kworke][0x1a6742fc][18:13:10.125516] wlan: [869:I:HAL] hal_srng_update_high_wm_thresholds: ring_id: 88, wm_thresh- <50:0, 50-60:16, 60-70:19, 70-80:22, 80-90:25, 90-100:28
[   16.665541] [kworke][0x1a674a0c][18:13:10.125610] wlan: [869:I:HAL] hal_srng_update_high_wm_thresholds: ring_id: 107, wm_thresh- <50:0, 50-60:16, 60-70:19, 70-80:22, 80-90:25, 90-100:28
[   16.665603] [kworke][0x1a674ea5][18:13:10.125671] wlan: [869:I:HIF] hif_configure_irq: E
[   16.665605] cnss: Get IRQ number 334 for vector index 13
[   16.665670] cnss: Get IRQ number 324 for vector index 3
[   16.665705] cnss: Get IRQ number 325 for vector index 4
[   16.665743] cnss: Get IRQ number 326 for vector index 5
[   16.665776] cnss: Get IRQ number 327 for vector index 6
[   16.665810] cnss: Get IRQ number 328 for vector index 7
[   16.665846] cnss: Get IRQ number 329 for vector index 8
[   16.665867] cnss: Get IRQ number 330 for vector index 9
[   16.665888] cnss: Get IRQ number 331 for vector index 10
[   16.665909] cnss: Get IRQ number 332 for vector index 11
[   16.665955] wlan_pld:pld_is_ipa_offload_disabled:3344:: Not supported on type 0
[   16.666003] [kworke][0x1a676cb2][18:13:10.126072] wlan: [869:E:POLICY_MGR] policy_mgr_init_cfg: max_conc_cxns 4 non-nan
[   16.666012] cnss: Platform cap_flag is 0x4
[   16.666169] [kworke][0x1a67791d][18:13:10.126237] wlan: [869:E:QDF] __cds_get_context: Module ID 66 context is Null (via hdd_update_ol_config)
[   16.666675] [kworke][0x1a679ec8][18:13:10.126739] wlan: [869:E:QDF] __cds_get_context: Module ID 66 context is Null (via cds_open)
[   16.667567] [kworke][0x1a67e1f1][18:13:10.127635] wlan: [869:F:WMA] WMA --> wmi_unified_attach - success
[   16.669024] [kworke][0x1a684f36][18:13:10.129092] wlan: [869:E:QDF] htc_wait_target: Target Ready! TX resource : 1 size:2176, MaxMsgsPerHTCBundle = 1
[   16.669032] [kworke][0x1a684fd5][18:13:10.129100] wlan: [869:E:QDF] htc_setup_target_buffer_assignments: SVS Index : 1 TX : 0x100 : alloc:1
[   16.669446] [kworke][0x1a686eee][18:13:10.129515] wlan: [869:I:DP] dp_soc_tx_desc_sw_pools_alloc Tx Desc Alloc num_pool = 6, descs = 8192
[   16.670600] cnss: Assign MSI to user: DP, num_vectors: 18, user_base_data: 14, base_vector: 14
[   16.671484] [kworke][0x1a6907bf][18:13:10.131552] wlan: [869:I:HAL] hal_srng_update_high_wm_thresholds: ring_id: 120, wm_thresh- <50:0, 50-60:16384, 60-70:19660, 70-80:22937, 80-90:26214, 90-100:29491
[   16.671870] [kworke][0x1a6924b2][18:13:10.131938] wlan: [869:I:HAL] hal_srng_update_high_wm_thresholds: ring_id: 121, wm_thresh- <50:0, 50-60:512, 60-70:614, 70-80:716, 80-90:819, 90-100:921
[   16.671915] [kworke][0x1a69281d][18:13:10.131984] wlan: [869:I:HAL] hal_srng_update_high_wm_thresholds: ring_id: 16, wm_thresh- <50:0, 50-60:64, 60-70:76, 70-80:89, 80-90:102, 90-100:115
[   16.671977] [kworke][0x1a692cbe][18:13:10.132046] wlan: [869:I:HAL] hal_srng_update_high_wm_thresholds: ring_id: 131, wm_thresh- <50:0, 50-60:512, 60-70:614, 70-80:716, 80-90:819, 90-100:921
[   16.672048] [kworke][0x1a693217][18:13:10.132117] wlan: [869:I:HAL] hal_srng_update_high_wm_thresholds: ring_id: 0, wm_thresh- <50:0, 50-60:128, 60-70:153, 70-80:179, 80-90:204, 90-100:230
[   16.672104] [kworke][0x1a69363f][18:13:10.132172] wlan: [869:I:HAL] hal_srng_update_high_wm_thresholds: ring_id: 20, wm_thresh- <50:0, 50-60:64, 60-70:76, 70-80:89, 80-90:102, 90-100:115
[   16.672154] [kworke][0x1a693a01][18:13:10.132222] wlan: [869:I:HAL] hal_srng_update_high_wm_thresholds: ring_id: 21, wm_thresh- <50:0, 50-60:128, 60-70:153, 70-80:179, 80-90:204, 90-100:230
[   16.672214] [kworke][0x1a693e7e][18:13:10.132282] wlan: [869:I:HAL] hal_srng_update_high_wm_thresholds: ring_id: 24, wm_thresh- <50:0, 50-60:2560, 60-70:3072, 70-80:3584, 80-90:4096, 90-100:4608
[   16.672278] [kworke][0x1a694355][18:13:10.132347] wlan: [869:I:HAL] hal_srng_update_high_wm_thresholds: ring_id: 128, wm_thresh- <50:0, 50-60:4096, 60-70:4915, 70-80:5734, 80-90:6553, 90-100:7372
[   16.672356] [kworke][0x1a6948c0][18:13:10.132419] wlan: [869:I:HAL] hal_srng_update_high_wm_thresholds: ring_id: 25, wm_thresh- <50:0, 50-60:2560, 60-70:3072, 70-80:3584, 80-90:4096, 90-100:4608
[   16.672423] [kworke][0x1a694e2f][18:13:10.132491] wlan: [869:I:HAL] hal_srng_update_high_wm_thresholds: ring_id: 132, wm_thresh- <50:0, 50-60:4096, 60-70:4915, 70-80:5734, 80-90:6553, 90-100:7372
[   16.672495] [kworke][0x1a695395][18:13:10.132563] wlan: [869:I:HAL] hal_srng_update_high_wm_thresholds: ring_id: 26, wm_thresh- <50:0, 50-60:2560, 60-70:3072, 70-80:3584, 80-90:4096, 90-100:4608
[   16.672560] [kworke][0x1a695870][18:13:10.132628] wlan: [869:I:HAL] hal_srng_update_high_wm_thresholds: ring_id: 130, wm_thresh- <50:0, 50-60:4096, 60-70:4915, 70-80:5734, 80-90:6553, 90-100:7372
[   16.672646] [kworke][0x1a695ee2][18:13:10.132714] wlan: [869:I:HAL] hal_srng_update_high_wm_thresholds: ring_id: 1, wm_thresh- <50:0, 50-60:3072, 60-70:3686, 70-80:4300, 80-90:4915, 90-100:5529
[   16.672731] [kworke][0x1a69654a][18:13:10.132800] wlan: [869:I:HAL] hal_srng_update_high_wm_thresholds: ring_id: 2, wm_thresh- <50:0, 50-60:3072, 60-70:3686, 70-80:4300, 80-90:4915, 90-100:5529
[   16.672824] [kworke][0x1a696c40][18:13:10.132892] wlan: [869:I:HAL] hal_srng_update_high_wm_thresholds: ring_id: 3, wm_thresh- <50:0, 50-60:3072, 60-70:3686, 70-80:4300, 80-90:4915, 90-100:5529
[   16.672909] [kworke][0x1a69729f][18:13:10.132977] wlan: [869:I:HAL] hal_srng_update_high_wm_thresholds: ring_id: 4, wm_thresh- <50:0, 50-60:3072, 60-70:3686, 70-80:4300, 80-90:4915, 90-100:5529
[   16.672987] [kworke][0x1a697876][18:13:10.133055] wlan: [869:I:HAL] hal_srng_update_high_wm_thresholds: ring_id: 5, wm_thresh- <50:0, 50-60:3072, 60-70:3686, 70-80:4300, 80-90:4915, 90-100:5529
[   16.673054] [kworke][0x1a697d86][18:13:10.133123] wlan: [869:I:HAL] hal_srng_update_high_wm_thresholds: ring_id: 6, wm_thresh- <50:0, 50-60:3072, 60-70:3686, 70-80:4300, 80-90:4915, 90-100:5529
[   16.673122] [kworke][0x1a698294][18:13:10.133190] wlan: [869:I:HAL] hal_srng_update_high_wm_thresholds: ring_id: 7, wm_thresh- <50:0, 50-60:3072, 60-70:3686, 70-80:4300, 80-90:4915, 90-100:5529
[   16.673189] [kworke][0x1a69879b][18:13:10.133257] wlan: [869:I:HAL] hal_srng_update_high_wm_thresholds: ring_id: 8, wm_thresh- <50:0, 50-60:3072, 60-70:3686, 70-80:4300, 80-90:4915, 90-100:5529
[   16.674796] [kworke][0x1a6a002e][18:13:10.134865] wlan: [869:I:scan] scm_channel_list_db_init: min_freq 5935 max_freq 7115
[   16.674934] [kworke][0x1a6a0a82][18:13:10.135002] wlan: [869:I:HAL] hal_srng_update_high_wm_thresholds: ring_id: 184, wm_thresh- <50:0, 50-60:8192, 60-70:9830, 70-80:11468, 80-90:13107, 90-100:14745
[   16.674950] [kworke][0x1a6a0bae][18:13:10.135018] wlan: [869:I:HAL] hal_srng_update_high_wm_thresholds: ring_id: 189, wm_thresh- <50:0, 50-60:512, 60-70:614, 70-80:716, 80-90:819, 90-100:921
[   16.674955] [kworke][0x1a6a0c1b][18:13:10.135024] wlan: [869:I:DP] Peer pool init
[   16.675067] [kworke][0x1a6a147d][18:13:10.135136] wlan: [869:I:HAL] hal_srng_update_high_wm_thresholds: ring_id: 185, wm_thresh- <50:0, 50-60:2048, 60-70:2457, 70-80:2867, 80-90:3276, 90-100:3686
[   16.675079] [kworke][0x1a6a1514][18:13:10.135143] wlan: [869:I:HAL] hal_srng_update_high_wm_thresholds: ring_id: 198, wm_thresh- <50:0, 50-60:2048, 60-70:2457, 70-80:2867, 80-90:3276, 90-100:3686
[   16.675084] [kworke][0x1a6a15ba][18:13:10.135152] wlan: [869:E:DP] dp_rx_fst_attach: FST setup params FT size 256, hash_mask 0xff, skid_length 16
[   16.675107] [kworke][0x1a6a177c][18:13:10.135175] wlan: [869:I:HAL] hal_srng_update_high_wm_thresholds: ring_id: 188, wm_thresh- <50:0, 50-60:512, 60-70:614, 70-80:716, 80-90:819, 90-100:921
[   16.675111] [kworke][0x1a6a17d2][18:13:10.135180] wlan: [869:I:HAL] hal_srng_update_high_wm_thresholds: ring_id: 201, wm_thresh- <50:0, 50-60:512, 60-70:614, 70-80:716, 80-90:819, 90-100:921
[   16.677069] [kworke][0x1a6aaaa4][18:13:10.137138] wlan: [869:E:DP] dp_rx_buffer_pool_init: RX buffer pool support is disabled
[   16.684855] cnss: Get IRQ number 335 for vector index 14
[   16.684881] [kworke][0x1a6cf3c8][18:13:10.144939] wlan: [869:I:HIF] hif_event_history_init: SRNG events history initialized for group: 0
[   16.684883] cnss: Get IRQ number 336 for vector index 15
[   16.684887] [kworke][0x1a6cf4f8][18:13:10.144955] wlan: [869:I:HIF] hif_event_history_init: SRNG events history initialized for group: 1
[   16.684888] cnss: Get IRQ number 337 for vector index 16
[   16.684891] [kworke][0x1a6cf546][18:13:10.144959] wlan: [869:I:HIF] hif_event_history_init: SRNG events history initialized for group: 2
[   16.684892] cnss: Get IRQ number 338 for vector index 17
[   16.684895] [kworke][0x1a6cf596][18:13:10.144964] wlan: [869:I:HIF] hif_event_history_init: SRNG events history initialized for group: 3
[   16.684896] cnss: Get IRQ number 339 for vector index 18
[   16.684900] [kworke][0x1a6cf600][18:13:10.144969] wlan: [869:I:HIF] hif_event_history_init: SRNG events history initialized for group: 4
[   16.684902] cnss: Get IRQ number 340 for vector index 19
[   16.684904] [kworke][0x1a6cf64a][18:13:10.144973] wlan: [869:I:HIF] hif_event_history_init: SRNG events history initialized for group: 5
[   16.684905] cnss: Get IRQ number 341 for vector index 20
[   16.684908] [kworke][0x1a6cf68f][18:13:10.144976] wlan: [869:I:HIF] hif_event_history_init: SRNG events history initialized for group: 6
[   16.684909] cnss: Get IRQ number 342 for vector index 21
[   16.684912] [kworke][0x1a6cf6d7][18:13:10.144980] wlan: [869:I:HIF] hif_event_history_init: SRNG events history initialized for group: 7
[   16.684913] cnss: Get IRQ number 343 for vector index 22
[   16.684917] [kworke][0x1a6cf740][18:13:10.144986] wlan: [869:I:HIF] hif_event_history_init: SRNG events history initialized for group: 8
[   16.684918] cnss: Get IRQ number 344 for vector index 23
[   16.684921] [kworke][0x1a6cf789][18:13:10.144989] wlan: [869:I:HIF] hif_event_history_init: SRNG events history initialized for group: 9
[   16.684922] cnss: Get IRQ number 345 for vector index 24
[   16.684925] [kworke][0x1a6cf7d3][18:13:10.144993] wlan: [869:I:HIF] hif_event_history_init: SRNG events history initialized for group: 10
[   16.684926] cnss: Get IRQ number 346 for vector index 25
[   16.684929] [kworke][0x1a6cf81c][18:13:10.144997] wlan: [869:I:HIF] hif_event_history_init: SRNG events history initialized for group: 11
[   16.684930] cnss: Get IRQ number 347 for vector index 26
[   16.684934] [kworke][0x1a6cf88c][18:13:10.145003] wlan: [869:I:HIF] hif_event_history_init: SRNG events history initialized for group: 12
[   16.684936] cnss: Get IRQ number 348 for vector index 27
[   16.684939] [kworke][0x1a6cf8db][18:13:10.145007] wlan: [869:I:HIF] hif_event_history_init: SRNG events history initialized for group: 13
[   16.684940] cnss: Get IRQ number 349 for vector index 28
[   16.684942] [kworke][0x1a6cf923][18:13:10.145011] wlan: [869:I:HIF] hif_event_history_init: SRNG events history initialized for group: 14
[   16.684943] cnss: Get IRQ number 350 for vector index 29
[   16.684946] [kworke][0x1a6cf96c][18:13:10.145015] wlan: [869:I:HIF] hif_event_history_init: SRNG events history initialized for group: 15
[   16.684947] cnss: Get IRQ number 351 for vector index 30
[   16.684956] [kworke][0x1a6cf9cd][18:13:10.145020] wlan: [869:I:HIF] hif_event_history_init: SRNG events history initialized for group: 16
[   16.684957] cnss: Get IRQ number 352 for vector index 31
[   16.684960] [kworke][0x1a6cfa79][18:13:10.145029] wlan: [869:I:HIF] hif_event_history_init: SRNG events history initialized for group: 17
[   16.686938] [kworke][0x1a6d8ed1][18:13:10.147007] wlan: [10:I:WMA] wma_rx_service_ready_event: Firmware build version : 110c8586
[   16.686945] [kworke][0x1a6d8f5f][18:13:10.147014] wlan: [10:I:WMA] wma_rx_service_ready_event: Board id: 0, Board version: 8 0 0 0 1
[   16.688192] [kworke][0x1a6decdc][18:13:10.148260] wlan: [10:E:WMA] wma_update_supported_bands: wrong supported band
[   16.688280] [kworke][0x1a6df37c][18:13:10.148349] wlan: [10:E:QDF] copy_fw_abi_version_tlv: copy_fw_abi_version_tlv: INIT_CMD version: 1, 0, 0x5f414351, 0x4c4d, 0x0, 0x0
[   16.787161] [kworke][0x1a8aeb6f][18:13:10.247228] wlan: [158:E:QDF] ready_extract_init_status_tlv: ready_extract_init_status_tlv:0
[   16.787572] [kworke][0x1a8b0a53][18:13:10.247640] wlan: [158:E:REGULATORY] reg_is_fcc_regdmn: Failed to get reg domain
[   16.787581] [kworke][0x1a8b0b0d][18:13:10.247650] wlan: [158:I:dfs] WLAN_DEBUG_DFS_ALWAYS : wlan_dfs_pdev_obj_create_notification: dfs_offload 1
[   16.787584] [kworke][0x1a8b0b46][18:13:10.247653] wlan: [158:I:dfs] WLAN_DEBUG_DFS_ALWAYS : wlan_dfs_pdev_obj_create_notification: dfs_bangradar_320_support 0
[   16.787591] [kworke][0x1a8b0bd1][18:13:10.247660] wlan: [158:I:SPECTRAL] null_get_capability: SPECTRAL : get_capability not registered

[   16.787594] [kworke][0x1a8b0c00][18:13:10.247662] wlan: [158:I:SPECTRAL] target_if_pdev_spectral_init: HAL_CAP_PHYDIAG : Capable
[   16.787596] [kworke][0x1a8b0c2e][18:13:10.247665] wlan: [158:I:SPECTRAL] null_get_capability: SPECTRAL : get_capability not registered

[   16.787598] [kworke][0x1a8b0c56][18:13:10.247667] wlan: [158:I:SPECTRAL] target_if_pdev_spectral_init: HAL_CAP_RADAR   : Capable
[   16.787600] [kworke][0x1a8b0c7e][18:13:10.247669] wlan: [158:I:SPECTRAL] null_get_capability: SPECTRAL : get_capability not registered

[   16.787606] [kworke][0x1a8b0ca8][18:13:10.247671] wlan: [158:I:SPECTRAL] target_if_pdev_spectral_init: HAL_CAP_SPECTRAL_SCAN : Capable
[   16.787609] [kworke][0x1a8b0d20][18:13:10.247677] wlan: [158:I:SPECTRAL] null_get_tsf64: SPECTRAL : get_tsf64 not registered

[   16.787618] [kworke][0x1a8b0dcc][18:13:10.247686] wlan: [158:I:GREEN_AP] wlan_green_ap_pdev_obj_create_notification: Green AP creation successful, green ap ctx: 0000000000000000, pdev: 0000000000000000
[   16.787851] [kworke][0x1a8b1f3b][18:13:10.247919] wlan: [158:I:HAL] hal_srng_update_high_wm_thresholds: ring_id: 193, wm_thresh- <50:0, 50-60:24, 60-70:28, 70-80:33, 80-90:38, 90-100:43
[   16.787921] [kworke][0x1a8b248c][18:13:10.247990] wlan: [158:I:HAL] hal_srng_update_high_wm_thresholds: ring_id: 206, wm_thresh- <50:0, 50-60:24, 60-70:28, 70-80:33, 80-90:38, 90-100:43
[   16.787976] [kworke][0x1a8b28a4][18:13:10.248044] wlan: [158:E:CFR] cfr_streamfs_init: Directory create failed
[   16.787981] [kworke][0x1a8b290a][18:13:10.248050] wlan: [158:E:CFR] wlan_cfr_pdev_open: cfr_streamfs_init failed with 16

[   16.788002] [kworke][0x1a8b2aa0][18:13:10.248071] wlan: [158:I:REGULATORY] reg_set_band: same band 7
[   16.788006] [kworke][0x1a8b2adf][18:13:10.248074] wlan: [158:I:HDD] hdd_intersect_igmp_offload_setting: fw cap to handle igmp 1 igmp_offload_enable ini 0
[   16.788091] [kworke][0x1a8b3142][18:13:10.248159] wlan: [158:I:GREEN_AP] target_if_green_ap_register_egap_event_handler: Set the Enhance Green AP event handler
[   16.788119] [kworke][0x1a8b334e][18:13:10.248186] wlan: [869:I:WMA] wma_wait_for_ready_event: FW ready event received
[   16.788169] [kworke][0x1a8b3724][18:13:10.248238] wlan: [869:I:HAL] hal_srng_update_high_wm_thresholds: ring_id: 192, wm_thresh- <50:0, 50-60:64, 60-70:76, 70-80:89, 80-90:102, 90-100:115
[   16.788261] [kworke][0x1a8b3e04][18:13:10.248329] wlan: [869:I:HAL] hal_srng_update_high_wm_thresholds: ring_id: 205, wm_thresh- <50:0, 50-60:64, 60-70:76, 70-80:89, 80-90:102, 90-100:115
[   16.788515] [kworke][0x1a8b50dc][18:13:10.248580] wlan: [869:I:SYS] Creating periodic timer for OLBC UPDATE CACHE TIMEOUT

[   16.788557] [kworke][0x1a8b5446][18:13:10.248626] wlan: [869:E:DP] dp_rxdma_ring_config: pdev_id 0 max_mac_rings 2
[   16.788562] [kworke][0x1a8b54a4][18:13:10.248631] wlan: [869:E:TXRX] dp_rxdma_ring_config: mac_id 0
[   16.788594] [kworke][0x1a8b5703][18:13:10.248663] wlan: [869:E:TXRX] dp_rxdma_ring_config: mac_id 1
[   16.788717] [kworke][0x1a8b6043][18:13:10.248786] wlan: [869:I:HAL] hal_reo_set_err_dst_remap_kiwi: HWIO_REO_R0_ERROR_DESTINATION_MAPPING_IX_0 0x0
[   16.788730] [kworke][0x1a8b6139][18:13:10.248799] wlan: [869:I:HAL] hal_reo_set_err_dst_remap_kiwi: HWIO_REO_R0_ERROR_DESTINATION_MAPPING_IX_1 0x0
[   16.788770] [kworke][0x1a8b6433][18:13:10.248838] wlan: [869:I:DIRECT_BUF_RX] target_if_direct_buf_rx_register_events: DBR Handler Context 1
[   16.813388] [kworke][0x1a929a86][18:13:10.273456] wlan: [869:E:fwol] ucfg_fwol_send_get_thermal_stats_cmd: Command Disabled in Ini gThermalStatsTempOffset 5 or not enabled in FW 0
[   16.813401] [kworke][0x1a929b8c][18:13:10.273470] wlan: [869:E:OSIF] os_if_fwol_get_thermal_stats_req: Failed to send get thermal stats cmd to FW, 4
[   16.813540] [kworke][0x1a92a5f8][18:13:10.273609] wlan: [869:E:WMI] send_action_oui_cmd_tlv: Invalid action id
[   16.813546] [kworke][0x1a92a674][18:13:10.273615] wlan: [869:E:WMI] send_action_oui_cmd_tlv: Invalid action id
[   16.813943] cnss_utils: WLAN MAC address is not set, type 0
[   16.816317] [kworke][0x1a93763d][18:13:10.276386] wlan: [869:I:HDD] hdd_initialize_mac_address: using MAC address from wlan_mac.bin
[   16.819711] cnss: Host time = 23225860 us, device time = 970430 us, offset = 22255430 us
[   16.819744] cnss: Updated time sync regs [0x98c] = 0x1539746, [0x990] = 0x0
[   16.819756] cnss: Removing vote for Regulator vdd-wlan-rfa2
[   16.819799] cnss: Removing vote for Regulator vdd-wlan-rfa1
[   16.819855] cnss: Removing vote for Regulator vdd-wlan-dig
[   16.819870] cnss: Removing vote for Regulator vdd-wlan-aon
[   16.819883] cnss: Removing vote for Regulator vdd-wlan
[   16.820227] cnss: Removing vote for Regulator vdd-wlan-io
[   16.820237] cnss: PM relax, state: 0x6f26107, count: 0
[   16.823964] [wifi@1][0x1a95b3b5][18:13:10.284032] wlan: [1695:I:HDD] wlan_hdd_state_ctrl_param_write: Wifi Turning On from UI

[   16.823980] [wifi@1][0x1a95b42e][18:13:10.284038] wlan: [1695:I:HDD] wlan_hdd_state_ctrl_param_write: is_driver_loaded 1 is_driver_recovering 0
[   16.824469] [wifi@1][0x1a95d99f][18:13:10.284537] wlan: [1695:I:DP] 00000000: 09 a7 a5 e3 bb 62 f5 d4 4f 88 a4 ef 36 68 dc 13
[   16.824473] [wifi@1][0x1a95d9f2][18:13:10.284542] wlan: [1695:I:DP] 00000010: c8 93 34 23
[   16.824477] [wifi@1][0x1a95da34][18:13:10.284545] wlan: [1695:I:DP] 00000000: c6 e1 b8 39 1a fe 71 b8 62 67 78 ff 9e 45 a7 0f
[   16.824479] [wifi@1][0x1a95da60][18:13:10.284547] wlan: [1695:I:DP] 00000010: a9 67 7f 85 bf 85 35 43 9c 82 00 9a 99 a6 a1 6b
[   16.824481] [wifi@1][0x1a95da89][18:13:10.284549] wlan: [1695:I:DP] 00000020: 0e 50 a4 69 3b b0 06 7a 89 75 95 0b
[   16.825209] [wifi@1][0x1a961128][18:13:10.285278] wlan: [1695:E:HDD] hdd_sysfs_bmiss_create: could not create bmiss sysfs file
[   16.825220] [wifi@1][0x1a9611f3][18:13:10.285288] wlan: [1695:I:HDD] hdd_sysfs_somcsne_interface_create: Completed to create somcsne sysfs file (wlan0)
[   16.825645] [wifi@1][0x1a9631cd][18:13:10.285713] wlan: [1695:E:TWT] wlan_twt_is_setup_done: Peer object not found 00:00:00:00:00:00
[   16.838678] [wifi@1][0x1a9a0334][18:13:10.298745] wlan: [1695:E:HDD] hdd_convert_nl80211_to_reg_band_mask: band: 2 not supported
[   16.846726] init: starting service 'wpa_supplicant'...
[   16.847070] init: Created socket '/dev/socket/wpa_wlan0', mode 660, user 1010, group 1010
[   16.848851] init: ... started service 'wpa_supplicant' has pid 5023
[   16.848875] init: Control message: Processed ctl.interface_start for 'aidl/android.hardware.wifi.supplicant.ISupplicant/default' from pid: 992 (/system/bin/servicemanager)
[   16.866664] capability: warning: `wpa_supplicant' uses 32-bit capabilities (legacy support in use)
[   16.880800] [wifi@1][0x1aa65a60][18:13:10.340867] wlan: [1695:E:HDD] hdd_convert_nl80211_to_reg_band_mask: band: 2 not supported
[   16.896525] [wifi@1][0x1aaaf5cc][18:13:10.356593] wlan: [1695:E:OSIF] wlan_hdd_set_station_stats_request_pending: peer is null
[   16.963779] [kworke][0x1abea9e6][18:13:10.423848] wlan: [810:I:REGULATORY] reg_set_band: set band bitmap: 3
[   16.963796] [kworke][0x1abeab32][18:13:10.423865] wlan: [810:E:HDD] hdd_reg_set_band: Failed to send RSO update to fw on set band
[   17.026496] gsi soc:qcom,msm_gsi: gsi_stop_channel:3615 chan=1 busy try again
[   17.028602] gsi soc:qcom,msm_gsi: gsi_stop_channel:3615 chan=14 busy try again
[   17.163634] healthd: battery l=100 v=4489 t=33.0 h=2 st=2 c=1186186 fc=4434000 cc=17 chg=a
[   17.402296] adsp_sleepmon: timer_event = 1,suspend_event = 0
[   17.554560] cnss: Runtime suspend start
[   17.554678] [kworke][0x1b6bc744][18:13:11.014746] wlan: [856:I:PMO] pmo_core_enable_wow_in_fw: drv wow is enabled
[   17.570447] [kworke][0x1b706515][18:13:11.030503] wlan: [856:I:HIF] hif_try_complete_tasks: waiting for tasklets 1 grp tasklets 0 work 0
[   17.586289] cnss: Setting MHI state: SUSPEND(6)
[   17.586299] cnss: Suspending PCI link
[   17.586302] cnss: Use PCIe DRV suspend
[   17.589965] cnss: Runtime suspend status: 0
[   17.707065] gsi soc:qcom,msm_gsi: gsi_stop_channel:3615 chan=1 busy try again
[   17.709207] gsi soc:qcom,msm_gsi: gsi_stop_channel:3615 chan=14 busy try again
[   19.194397] (virq:irq_count)- GICv3:IPI(1):97780 GICv3:IPI(6):36001 GICv3:ufshcd(35):31381 GICv3:arch_timer(11):25302 GICv3:IPI(2):19139 GICv3:ipcc_0(37):9069 ipcc:glink-native-adsp(385):7254 ipcc:glink-native-modem(402):2272 GICv3:i2c_geni(280):1835 GICv3:apps_rsc-drv-2(20):1601 
[   19.194410] (cpu:irq_count)- 0:44987 1:7075 2:6614 3:32196 4:31438 5:32226 6:31718 7:52842 
[   19.194415] (ipi:irq_count)- 0:97780 1:19139 2:0 3:0 4:0 5:36001 6:0 
[   19.234929] USB cable not connected
[   19.650482] gsi soc:qcom,msm_gsi: gsi_stop_channel:3615 chan=1 busy try again
[   19.652591] gsi soc:qcom,msm_gsi: gsi_stop_channel:3615 chan=14 busy try again
[   20.887895] SELinux: avc:  denied  { find } for pid=1778 uid=1000 name=vendor.qti.hardware.servicetrackeraidl.IServicetracker/default scontext=u:r:system_server:s0 tcontext=u:object_r:default_android_service:s0 tclass=service_manager permissive=0
[   20.888316] SELinux: avc:  denied  { find } for pid=1778 uid=1000 name=vendor.qti.hardware.servicetrackeraidl.IServicetracker/default scontext=u:r:system_server:s0 tcontext=u:object_r:default_android_service:s0 tclass=service_manager permissive=0
[   20.951416] SELinux: avc:  denied  { find } for pid=1778 uid=1000 name=vendor.qti.hardware.servicetrackeraidl.IServicetracker/default scontext=u:r:system_server:s0 tcontext=u:object_r:default_android_service:s0 tclass=service_manager permissive=0
[   20.951822] SELinux: avc:  denied  { find } for pid=1778 uid=1000 name=vendor.qti.hardware.servicetrackeraidl.IServicetracker/default scontext=u:r:system_server:s0 tcontext=u:object_r:default_android_service:s0 tclass=service_manager permissive=0
[   22.638975] init: Sending signal 9 to service 'idmap2d' (pid 2277) process group...
[   22.639830] libprocessgroup: Removed cgroup /sys/fs/cgroup/uid_1000/pid_2277
[   22.640090] init: Control message: Processed ctl.stop for 'idmap2d' from pid: 1778 (system_server)
[   22.640165] init: Service 'idmap2d' (pid 2277) received signal 9
[   22.640169] init: Sending signal 9 to service 'idmap2d' (pid 2277) process group...
[   22.640190] libprocessgroup: Failed to write 1 to /sys/fs/cgroup/uid_1000/pid_2277/cgroup.kill: No such file or directory
[   22.640202] libprocessgroup: Failed to open /sys/fs/cgroup/uid_1000/pid_2277/cgroup.procs: No such file or directory
[   23.075850] SELinux: avc:  denied  { find } for pid=1778 uid=1000 name=vendor.qti.hardware.servicetrackeraidl.IServicetracker/default scontext=u:r:system_server:s0 tcontext=u:object_r:default_android_service:s0 tclass=service_manager permissive=0
[   23.079085] SELinux: avc:  denied  { find } for pid=1778 uid=1000 name=vendor.qti.hardware.servicetrackeraidl.IServicetracker/default scontext=u:r:system_server:s0 tcontext=u:object_r:default_android_service:s0 tclass=service_manager permissive=0
[   23.083261] SELinux: avc:  denied  { find } for pid=1778 uid=1000 name=vendor.qti.hardware.servicetrackeraidl.IServicetracker/default scontext=u:r:system_server:s0 tcontext=u:object_r:default_android_service:s0 tclass=service_manager permissive=0
[   23.091704] SELinux: avc:  denied  { find } for pid=1778 uid=1000 name=vendor.qti.hardware.servicetrackeraidl.IServicetracker/default scontext=u:r:system_server:s0 tcontext=u:object_r:default_android_service:s0 tclass=service_manager permissive=0
[   23.109398] SELinux: avc:  denied  { find } for pid=1778 uid=1000 name=vendor.qti.hardware.servicetrackeraidl.IServicetracker/default scontext=u:r:system_server:s0 tcontext=u:object_r:default_android_service:s0 tclass=service_manager permissive=0
[   23.461936] SELinux: avc:  denied  { find } for pid=1778 uid=1000 name=vendor.qti.hardware.servicetrackeraidl.IServicetracker/default scontext=u:r:system_server:s0 tcontext=u:object_r:default_android_service:s0 tclass=service_manager permissive=0
[   23.792179] healthd: battery l=100 v=4457 t=33.0 h=2 st=2 c=689226 fc=4434000 cc=17 chg=a
[   23.832200] binder: undelivered transaction 54239, process died.
[   23.832486] init: Service 'bootanim' (pid 2956) exited with status 0 oneshot service took 13.549000 seconds in background
[   23.832497] init: Sending signal 9 to service 'bootanim' (pid 2956) process group...
[   23.832641] libprocessgroup: Removed cgroup /sys/fs/cgroup/uid_1003/pid_2956
[   23.906474] AidlLazyServiceRegistrar: Process has 1 (of 1 available) client(s) in use after notification apexservice has clients: 1
[   23.906484] AidlLazyServiceRegistrar: Shutdown prevented by forcePersist override flag.
[   23.906578] apexd: markBootCompleted() received by ApexService
[   23.918190] [wifi@1][0x22b416b2][18:13:17.378258] wlan: [1695:E:REGULATORY] reg_get_channel_flags_for_freq: chan freq is not valid
[   23.918205] [wifi@1][0x22b417cc][18:13:17.378273] wlan: [1695:E:REGULATORY] reg_get_channel_flags_for_freq: chan freq is not valid
[   23.918210] [wifi@1][0x22b41830][18:13:17.378278] wlan: [1695:E:REGULATORY] reg_get_channel_flags_for_freq: chan freq is not valid
[   23.918214] [wifi@1][0x22b41888][18:13:17.378283] wlan: [1695:E:REGULATORY] reg_get_channel_flags_for_freq: chan freq is not valid
[   23.918218] [wifi@1][0x22b418d8][18:13:17.378287] wlan: [1695:E:REGULATORY] reg_get_channel_flags_for_freq: chan freq is not valid
[   23.918223] [wifi@1][0x22b41929][18:13:17.378291] wlan: [1695:E:REGULATORY] reg_get_channel_flags_for_freq: chan freq is not valid
[   23.918227] [wifi@1][0x22b41978][18:13:17.378295] wlan: [1695:E:REGULATORY] reg_get_channel_flags_for_freq: chan freq is not valid
[   23.918231] [wifi@1][0x22b419ca][18:13:17.378300] wlan: [1695:E:REGULATORY] reg_get_channel_flags_for_freq: chan freq is not valid
[   23.918242] [wifi@1][0x22b41a1f][18:13:17.378304] wlan: [1695:E:REGULATORY] reg_get_channel_flags_for_freq: chan freq is not valid
[   23.918246] [wifi@1][0x22b41ae8][18:13:17.378314] wlan: [1695:E:REGULATORY] reg_get_channel_flags_for_freq: chan freq is not valid
[   23.918250] [wifi@1][0x22b41b3a][18:13:17.378319] wlan: [1695:E:REGULATORY] reg_get_channel_flags_for_freq: chan freq is not valid
[   23.918255] [wifi@1][0x22b41b8f][18:13:17.378323] wlan: [1695:E:REGULATORY] reg_get_channel_flags_for_freq: chan freq is not valid
[   23.919951] cnss: Resuming PCI link
[   23.924368] cnss: Set PCI link status to: 2
[   23.924386] cnss: Setting MHI state: RESUME(7)
[   23.924731] [wifi@1][0x22b600e6][18:13:17.384794] wlan: [1695:E:OSIF] wlan_hdd_set_station_stats_request_pending: peer is null
[   23.925674] Boot completed 
[   23.929808] Boot completed 
[   23.932675] cnss: Setting MHI state: SUSPEND(6)
[   23.933147] cnss: Suspending PCI link
[   23.933153] cnss: Use PCIe DRV suspend
[   23.952563] cnss: Runtime resume start
[   23.952589] cnss: Resuming PCI link
[   23.956575] cnss: Set PCI link status to: 2
[   23.956594] cnss: Setting MHI state: RESUME(7)
[   23.957131] [kworke][0x22bf7f38][18:13:17.417199] wlan: [856:I:PMO] pmo_core_psoc_send_host_wakeup_ind_to_fw: Host wakeup indication sent to fw
[   23.963944] cnss: Runtime resume status: 0
[   23.980043] audit: audit_lost=140 audit_rate_limit=5 audit_backlog_limit=128
[   23.980050] audit: rate limit exceeded
[   23.987733] zram0: detected capacity change from 0 to 8388608
[   23.989133] init: wait for '/dev/smcinvoke' took 0ms
[   24.000115] lxs_ts 2-0028: orientation_change: landscape 0(0)
[   24.001067] lxs_ts 2-0028: grab_mode[0D0Bh]: ON(00000001h)
[   24.002372] lxs_ts 2-0028: enable_knock: 1
[   24.002456] dsi_panel_pre_sod_mode_store: sod mode setting 1
[   24.003988] [schedu][0x22cd3987][18:13:17.464056] wlan: [5007:I:OSIF] scan start scan id 40961
[   24.008072] healthd: battery l=100 v=4487 t=33.0 h=2 st=2 c=1151395 fc=4434000 cc=17 chg=a
[   24.015219] Adding 4194300k swap on /dev/block/zram0.  Priority:32758 extents:1 across:4194300k SS
[   24.179201] Enabling WiFi
[   24.179210] [cnd][0x23008f2d][18:13:17.639278] wlan: [5256:I:HDD] wlan_hdd_state_ctrl_param_write: is_driver_loaded 1 is_driver_recovering 0
[   24.179215] [cnd][0x23008f94][18:13:17.639283] wlan: [5256:E:HDD] wlan_hdd_state_ctrl_param_write: WiFi is already enabled
[   24.533220] [soft_i][0x236845d7][18:13:17.993287] wlan: [0:E:REGULATORY] reg_is_fcc_regdmn: Failed to get reg domain
[   24.785661] [schedu][0x23b23afd][18:13:18.245729] wlan: [5007:I:OSIF] vdev 0, scan id 40961 type COMPLETED(1) reason COMPLETED(1) scan found 18 bss
[   24.798867] [wifi@1][0x23b6197b][18:13:18.258935] wlan: [1695:E:OSIF] wlan_hdd_set_station_stats_request_pending: peer is null
[   24.820134] [schedu][0x23bc5486][18:13:18.280203] wlan: [5007:I:OSIF] vdev 0, scan id 40962 type COMPLETED(1) reason CANCELLED(2) scan found 0 bss
[   24.893881] [schedu][0x23d1ef82][18:13:18.353949] wlan: [5007:I:CMN_MLME] vdev 0 cm_id 0xc000001: Connecting to HDSB d4:76:a0:11:24:40 rssi: -44 freq: 5320 akm 0x1 cipher: uc 0x8 mc 0x8, wps 0 osen 0 force RSN 0 CC: CA
[   24.894222] [schedu][0x23d20916][18:13:18.354290] wlan: [5007:I:WMI] send_vdev_start_cmd_tlv: vdev_id 0 freq 5320 chanmode 16 ch_info: 0x10 is_dfs 0 beacon interval 100 dtim 0 center_chan 5320 center_freq2 0 reg_info_1: 0x0 reg_info_2: 0x0, req->max_txpow: 0x0 Tx SS 2, Rx SS 2, ldpc_rx: 0, cac 0, regd 1, HE ops: 0req->dis_hw_ack: 1 
[   25.059596] [schedu][0x24027bfd][18:13:18.519662] wlan: [5007:I:PE] Auth TX: vdev 0 seq 1 seq num 2049 status 0 WEP 0 to d4:76:a0:11:24:40
[   25.062209] [schedu][0x24033ff9][18:13:18.522275] wlan: [5007:I:PE] Auth TX: success (0)
[   25.064041] [schedu][0x2403c966][18:13:18.524108] wlan: [5007:I:PE] Auth RX: vdev 0 sys role 2 lim_state 5 from d4:76:a0:11:24:40 rssi -43 auth_alg 0 seq 0
[   25.064295] [schedu][0x2403dc70][18:13:18.524362] wlan: [5007:I:PE] Assoc req TX: vdev 0 to d4:76:a0:11:24:40 seq num 2050
[   25.066415] [schedu][0x24047b71][18:13:18.526482] wlan: [5007:I:PE] Assoc req TX: success (0)
[   25.072951] [schedu][0x2406659c][18:13:18.533017] wlan: [5007:I:PE] Assoc rsp RX: subtype 0 vdev 0 sys role 2 lim state 10 rssi -43 from d4:76:a0:11:24:40
[   25.082925] [schedu][0x240951b7][18:13:18.542992] wlan: [5007:E:WMA] wma_sr_update: Spatial Reuse disabled for vdev_id: 0
[   25.083772] [schedu][0x24099138][18:13:18.543839] wlan: [5007:I:CMN_MLME] cm_roam_switch_to_init: dual_sta_roam_active:1, is_dbs:0, state:0
[   25.083888] [schedu][0x240999f0][18:13:18.543955] wlan: [5007:I:OSIF] wlan0(vdevid-0): 3c:38:f4:2e:16:56 Connect with d4:76:a0:11:24:40 SSID "HDSB" is SUCCESS cm_id 0xc000001 cm_reason 0 status_code 0 is_reassoc 0 send discon 0
[   25.309461] healthd: battery l=100 v=4487 t=33.0 h=2 st=2 c=1116604 fc=4434000 cc=17 chg=a
[   25.386785] gsi soc:qcom,msm_gsi: gsi_stop_channel:3615 chan=1 busy try again
[   25.389000] gsi soc:qcom,msm_gsi: gsi_stop_channel:3615 chan=14 busy try again
[   25.417379] qcedev_ioctl: info: vaddr = ffa00000
, fd = 17
[   25.424156] qcedev_ioctl: info: vaddr = ff600000
, fd = 19
[   25.426090] qcedev_ioctl: info: vaddr = ff200000
, fd = 21
[   26.721308] apexd: Deleting unused dm device com.android.apex.cts.shim
[   26.734899] apexd: Deleting unused dm device com.android.btservices
[   26.751608] apexd: Deleting unused dm device com.android.devicelock
[   26.775760] apexd: Deleting unused dm device com.android.i18n
[   26.804251] apexd: Deleting unused dm device com.android.nfcservices
[   26.835605] apexd: Deleting unused dm device com.android.runtime
[   26.858768] apexd: Deleting unused dm device com.android.virt
[   27.099807] [soft_i][0x26583394][18:13:20.559870] wlan: [0:I:QDF] EAPOL-2 TX: SA:3c:38:f4:2e:16:56 DA:d4:76:a0:11:24:40 msdu_id:0 status: succ
[   27.099906] [soft_i][0x26583b35][18:13:20.559972] wlan: [0:E:DP] dp_tx_update_peer_stats: Release source:3 is not from TQM
[   27.101359] [dp_rx_][0x2658a699][18:13:20.561404] wlan: [5010:I:QDF] EAPOL-4 RX: SA:d4:76:a0:11:24:40 DA:3c:38:f4:2e:16:56
[   27.103608] [soft_i][0x265950c1][18:13:20.563673] wlan: [0:I:QDF] EAPOL-4 TX: SA:3c:38:f4:2e:16:56 DA:d4:76:a0:11:24:40 msdu_id:0 status: succ
[   27.108017] [dp_rx_][0x265a9b86][18:13:20.568083] wlan: [5010:I:QDF] EAPOL-2 RX: SA:d4:76:a0:11:24:40 DA:3c:38:f4:2e:16:56
[   27.126853] [soft_i][0x26602034][18:13:20.586919] wlan: [0:I:QDF] EAPOL-2 TX: SA:3c:38:f4:2e:16:56 DA:d4:76:a0:11:24:40 msdu_id:0 status: succ
[   27.132240] [dp_rx_][0x2661b42a][18:13:20.592305] wlan: [5010:I:QDF] EAPOL-4 RX: SA:d4:76:a0:11:24:40 DA:3c:38:f4:2e:16:56
[   27.134070] [soft_i][0x26623d71][18:13:20.594135] wlan: [0:I:QDF] EAPOL-4 TX: SA:3c:38:f4:2e:16:56 DA:d4:76:a0:11:24:40 msdu_id:0 status: succ
[   27.146227] [dp_rx_][0x2665cd10][18:13:20.606290] wlan: [5010:I:QDF] EAPOL-2 RX: SA:d4:76:a0:11:24:40 DA:3c:38:f4:2e:16:56
[   27.170994] [soft_i][0x266d0ea0][18:13:20.631057] wlan: [0:I:QDF] EAPOL-2 TX: SA:3c:38:f4:2e:16:56 DA:d4:76:a0:11:24:40 msdu_id:0 status: succ
[   27.174490] [dp_rx_][0x266e1512][18:13:20.634557] wlan: [5010:I:QDF] EAPOL-4 RX: SA:d4:76:a0:11:24:40 DA:3c:38:f4:2e:16:56
[   27.177266] [soft_i][0x266ee525][18:13:20.637331] wlan: [0:I:QDF] EAPOL-4 TX: SA:3c:38:f4:2e:16:56 DA:d4:76:a0:11:24:40 msdu_id:0 status: succ
[   27.187113] [dp_rx_][0x2671c78a][18:13:20.647177] wlan: [5010:I:QDF] EAPOL-2 RX: SA:d4:76:a0:11:24:40 DA:3c:38:f4:2e:16:56
[   27.334682] gsi soc:qcom,msm_gsi: gsi_stop_channel:3615 chan=1 busy try again
[   27.336920] gsi soc:qcom,msm_gsi: gsi_stop_channel:3615 chan=14 busy try again
[   27.408585] [dp_rx_][0x26b2a9b2][18:13:20.868645] wlan: [5010:I:QDF] EAPOL-2 RX: SA:d4:76:a0:11:24:40 DA:3c:38:f4:2e:16:56
[   27.412426] [soft_i][0x26b3c896][18:13:20.872471] wlan: [0:I:QDF] EAPOL-2 TX: SA:3c:38:f4:2e:16:56 DA:d4:76:a0:11:24:40 msdu_id:0 status: succ
[   27.416450] [dp_rx_][0x26b4f7e3][18:13:20.876514] wlan: [5010:I:QDF] EAPOL-4 RX: SA:d4:76:a0:11:24:40 DA:3c:38:f4:2e:16:56
[   27.418495] [soft_i][0x26b5911c][18:13:20.878558] wlan: [0:I:QDF] EAPOL-4 TX: SA:3c:38:f4:2e:16:56 DA:d4:76:a0:11:24:40 msdu_id:0 status: succ
[   27.472821] [dp_rx_][0x26c57b87][18:13:20.932883] wlan: [5010:I:QDF] EAPOL-4 RX: SA:d4:76:a0:11:24:40 DA:3c:38:f4:2e:16:56
[   27.473384] [dp_rx_][0x26c5a608][18:13:20.933450] wlan: [5010:I:QDF] EAPOL-1 RX: SA:d4:76:a0:11:24:40 DA:3c:38:f4:2e:16:56
[   27.478987] [soft_i][0x26c74a1d][18:13:20.939051] wlan: [0:I:QDF] EAPOL-2 TX: SA:3c:38:f4:2e:16:56 DA:d4:76:a0:11:24:40 msdu_id:0 status: succ
[   27.480676] [dp_rx_][0x26c7c87c][18:13:20.940736] wlan: [5010:I:QDF] EAPOL-3 RX: SA:d4:76:a0:11:24:40 DA:3c:38:f4:2e:16:56
[   27.482993] [soft_i][0x26c876ac][18:13:20.943058] wlan: [0:I:QDF] EAPOL-4 TX: SA:3c:38:f4:2e:16:56 DA:d4:76:a0:11:24:40 msdu_id:0 status: succ
[   27.491065] [schedu][0x26cad436][18:13:20.951132] wlan: [5007:I:WMI] wmi_fill_rso_tlvs: RSO_CFG: vdev:0 pmk_len = 32 pmksa caching:1 OKC:1 sae_same_pmk:0 key_mgmt_offload:1
[   27.616739] [soft_i][0x26efa58e][18:13:21.076803] wlan: [0:I:QDF] DHCP-R TX: SA:3c:38:f4:2e:16:56 DA:ff:ff:ff:ff:ff:ff msdu_id:1 status: succ
[   27.616900] [soft_i][0x26efb1a8][18:13:21.076965] wlan: [0:E:DP] dp_tx_update_peer_stats: Release source:3 is not from TQM
[   27.624438] [dp_rx_][0x26f1e697][18:13:21.084497] wlan: [5012:I:QDF] DHCP-A RX: SA:00:ff:3b:e3:a6:06 DA:3c:38:f4:2e:16:56
[   27.722865] [schedu][0x270ebd20][18:13:21.182931] wlan: [5007:W:PE] lim_process_action_frame: Action category: 22 not handled
[   28.350429] init: service 'adbd' requested start, but it is already running (flags: 132)
[   28.350473] init: Control message: Processed ctl.start for 'adbd' from pid: 1778 (system_server)
[   28.667544] (virq:irq_count)- GICv3:IPI(1):127018 GICv3:IPI(6):44326 GICv3:arch_timer(11):36814 GICv3:ufshcd(35):36781 GICv3:IPI(2):21943 GICv3:ipcc_0(37):9640 ipcc:glink-native-adsp(385):7688 GICv3:msm_drm(243):2721 GICv3:apps_rsc-drv-2(20):2502 ipcc:glink-native-modem(402):2432 
[   28.667613] (cpu:irq_count)- 0:54796 1:13222 2:12738 3:40216 4:38241 5:39733 6:39476 7:63886 
[   28.667631] (ipi:irq_count)- 0:127019 1:21943 2:0 3:0 4:0 5:44326 6:0 
[   29.818332] cnss: Runtime suspend start
[   29.818666] [kworke][0x2974be4a][18:13:23.278733] wlan: [831:I:PMO] pmo_core_enable_wow_in_fw: drv wow is enabled
[   29.846221] [kworke][0x297cd0c9][18:13:23.306286] wlan: [831:I:HIF] hif_try_complete_tasks: waiting for tasklets 1 grp tasklets 0 work 0
[   29.862455] cnss: Setting MHI state: SUSPEND(6)
[   29.862502] cnss: Suspending PCI link
[   29.862510] cnss: Use PCIe DRV suspend
[   29.866650] cnss: Runtime suspend status: 0
[   29.891259] cnss: Runtime resume start
[   29.891341] cnss: Resuming PCI link
[   29.895878] cnss: Set PCI link status to: 2
[   29.895905] cnss: Setting MHI state: RESUME(7)
[   29.896774] [kworke][0x298ba048][18:13:23.356839] wlan: [88:I:PMO] pmo_core_psoc_send_host_wakeup_ind_to_fw: Host wakeup indication sent to fw
[   29.905430] cnss: Runtime resume status: 0
[   30.271774] SELinux: avc:  denied  { find } for pid=1778 uid=1000 name=vendor.qti.hardware.servicetrackeraidl.IServicetracker/default scontext=u:r:system_server:s0 tcontext=u:object_r:default_android_service:s0 tclass=service_manager permissive=0
[   30.961694] ------------[ cut here ]------------
[   30.961725] refcount_t: addition on 0; use-after-free.
[   30.961744] WARNING: CPU: 1 PID: 13578 at lib/refcount.c:25 rt_mutex_adjust_prio_chain+0xe88/0x14c0
[   30.961763] Modules linked in: sony_camera(OE) slg51000_regulator(OE) lxs_touchscreen(OE) wlan(OE) ipa_clientsm(OE) ipanetm(OE) rndisipam(OE) ipam(OE) msm_drm(OE) camera(OE) msm_kgsl(OE) qdss_bridge(E) coresight_tmc(E) usb_f_gsi(E) gsim(OE) usb_f_qdss(E) coresight_stm(E) machine_dlkm(OE) rmnet_aps(OE) msm_video(OE) rmnet_wlan(OE) spcom(E) mac80211(E) cnss2(OE) rmnet_perf_tether(OE) msm_eva(OE) pt_device_access(OE) goodix_ts(OE) rmnet_perf(OE) rmnet_offload(OE) qcom_spmi_adc5_gen3(E) swr_dmic_dlkm(OE) stm_p_ost(E) bt_fm_slim(OE) lpass_cdc_va_macro_dlkm(OE) lpass_cdc_tx_macro_dlkm(OE) lpass_cdc_wsa_macro_dlkm(OE) lpass_cdc_rx_macro_dlkm(OE) lpass_cdc_wsa2_macro_dlkm(OE) stm_p_basic(E) leds_qti_flash(E) rmnet_shs(OE) wcd938x_dlkm(OE) sync_fence(OE) qti_qmi_cdev(E) swr_ctrl_dlkm(OE) coresight_dummy(E) qti_qmi_sensor_v2(E) btpower(OE) lpass_cdc_dlkm(OE) audio_pkt_dlkm(OE) spss_utils(E) atmel_mxt_ts(OE) tz_log_dlkm(OE) adsp_loader_dlkm(OE) wcd9xxx_dlkm(OE) pinctrl_lpi_dlkm(OE)
[   30.961896] audio_prm_dlkm(OE) cirrus_cs40l2x_codec(OE) phy_msm_m31_eusb2(E) msm_mmrm(OE) stm_console(E) hdmi_dlkm(OE) spf_core_dlkm(OE) gpr_dlkm(OE) pt_i2c(OE) wlan_firmware_service(OE) qrtr_gunyah(E) qrtr_mhi(E) coresight_tpdm(E) stm_ftrace(E) bcl_soc(E) i2c_msm_geni(E) coresight_funnel(E) coresight_tpda(E) swr_haptics_dlkm(OE) q6_notifier_dlkm(OE) qcom_cpufreq_hw_debug(E) msm_sharedmem(E) nxp_nci(OE) cfg80211(E) coresight_hwevent(E) i3c_master_msm_geni(E) qcom_lpm(E) qcrypto_msm_dlkm(OE) qcedev_mod_dlkm(OE) coresight_csr(E) somc_battchg_ext(OE) mhi_dev_uci(E) msm_hw_fence(OE) rimps_log(E) qti_userspace_cdev(E) et603_int(OE) repeater_qti_pmic_eusb2(E) cnss_prealloc(OE) usb_f_diag(E) synaptics_tcm_ts(OE) rdtags(OE) wsa883x_dlkm(OE) nt36xxx_i2c(OE) mhi_cntrl_qcom(E) dwc3_msm(E) coresight_cti(E) sdpm_clk(E) nvmem_qfprom(E) qsee_ipc_irq_bridge(E) radio_i2c_rtc6226_qca(OE) rmnet_sch(OE) ucsi_glink(E) pm8941_pwrkey(E) coresight_tgu(E) qcom_edac(E) snd_soc_hdmi_codec(E)
[   30.962015] cnss_plat_ipc_qmi_svc(OE) coresight_replicator(E) qrtr_smd(E) camera_sync(OE) last_logs(OE) mhi_dev_satellite(E) stub_dlkm(OE) mbhc_dlkm(OE) wcd938x_slave_dlkm(OE) glink_probe(E) cnss_utils(OE) audpkt_ion_dlkm(OE) coresight_remote_etm(E) cirrus_cs35l45(OE) msm_memshare(E) rmnet_core(OE) sys_pm_vx(E) cirrus_cs40l2x(OE) q6_dlkm(OE) subsystem_sleep_stats(E) rmnet_ctl(OE) mhi_dev_netdev(E) usbmon(E) spi_msm_geni(E) smsc95xx(E) frpc_adsprpc(E) icc_test(E) stm_core(E) realtek(E) cnss_nl(OE) msm_geni_serial(E) qti_cpufreq_cdev(E) ehset(E) qti_devfreq_cdev(E) usb_f_ccid(E) qcom_vadc_common(E) qti_battery_charger(E) pt_ts(OE) qce50_dlkm(OE) hdcp_qseecom_dlkm(OE) smcinvoke_dlkm(OE) cirrus_wm_adsp(OE) qrng_dlkm(OE) snd_event_dlkm(OE) qcom_esoc(E) wsa884x_dlkm(OE) phy_msm_snps_eusb2(E) smsc(E) mhi_dev_dtr(E) msm_lmh_dcvs(E) qti_battery_debug(E) slim_qcom_ngd_ctrl(E) pmic_pon_log(E) qcom_q6v5_pas(E) qcom_spss(E) qcom_pil_info(E) repeater_i2c_eusb2(E) qcom_pon(E) mhi(E)
[   30.962144] policy_engine(E) qcom_q6v5(E) memlat_scmi(E) q6_pdr_dlkm(OE) f_fs_ipc_log(E) coresight(E) snd_usb_audio_qmi(E) memlat_vendor(E) eud(E) max31760_fan(E) qcom_spmi_temp_alarm(E) adsp_sleepmon(E) msm_ext_display(OE) hung_task_enh(E) ipa_fmwk(E) boot_stats(E) dmesg_dumper(E) rq_stats(E) wcd_core_dlkm(OE) swr_dlkm(OE) charger_ulog_glink(E) glink_pkt(E) rdbg(E) qcom_cpuss_sleep_stats(E) slimbus(E) gh_irq_lend(E) mmc_log_probes(E) leds_qti_tri_led(E) panel_event_notifier(E) qcom_iommu_debug(E) memlat(E) reboot_mode(E) cpu_voltage_cooling(E) redriver(E) qseecom_proxy(E) msm_gpi(E) cdsp_loader(E) phy_generic(E) core_hang_detect(E) soc_sleep_stats(E) sysmon_subsystem_stats(E) qti_ocp_notifier(E) repeater(E) gpucc_kalama(E) phy_qcom_ufs_qmp_v4_khaje(E) pinctrl_spmi_mpp(E) ddr_cdev(E) altmode_glink(E) smsc75xx(E) qbt_handler(E) phy_qcom_emu(E) spmi_glink_debug(E) synx_driver(E) usb_f_cdev(E) qcom_ipc_lite(E) microdump_collector(E) qcom_va_minidump(E) phy_msm_ssusb_qmp(E)
[   30.962265] phy_qcom_ufs_qmp_v4(E) pinctrl_spmi_gpio(E) heap_mem_ext_v01(E) lt9611uxc(E) gh_tlmm_vm_mem_access(E) cdsprm(E) sg(E) qcom_ramdump(E) pinctrl_somc_pmic(E) bam_dma(E) qti_fixed_regulator(E) gh_mem_notifier(E) r8168(E) usb_bam(E) qcom_glink_spss(E) qcom_sysmon(E) pmic_glink(E) hvc_gunyah(E) spmi_pmic_arb_debug(E) msm_performance(E) msm_show_epoch(E) pdr_interface(E) sps_drv(E) qmi_helpers(E) pci_msm_drv(E) rproc_qcom_common(E) smp2p(E) debugcc_kalama(E) qcom_smd(E) smp2p_sleepstate(E) qcom_glink_smem(E) pwm_qti_lpg(E) qcom_glink(E) phy_qcom_ufs_qmp_v4_waipio(E) msm_sysstats(E) msm_show_resume_irq(E) zram(E) wakeup_irq_debug(E) zsmalloc(E) nvme(E) nvme_core(E) bcl_pmic5(E) c1dcvs_scmi(E) c1dcvs_vendor(E) qcom_rimps(E) sdhci_msm(E) arm_smmu(E) ufs_qcom(E) ufshcd_crypto_qti(E) msm_qmp(E) qcom_aoss(E) stub_regulator(E) socinfo(E) rtc_pm8xxx(E) qrtr(E) qcom_reboot_reason(E) spmi_pmic_arb(E) qcom_spmi_pmic(E) regmap_spmi(E) qti_regmap_debugfs(E) pmu_scmi(E)
[   30.962394] pmu_vendor(E) qcom_pmu_lib(E) qcom_llcc_pmu(E) qcom_iommu_util(E) qcom_logbuf_vh(E) debug_symbol(E) qcom_dload_mode(E) pinctrl_somc(E) phy_qcom_ufs_qrbtc_sdm845(E) phy_qcom_ufs_qmp_v4_kalama(E) phy_qcom_ufs(E) nvmem_qcom_spmi_sdam(E) ns(E) qnoc_kalama(E) qnoc_qos(E) pinctrl_kalama(E) pinctrl_msm(E) memory_dump_v2(E) mem_buf(E) qcom_dma_heaps(E) msm_dma_iommu_mapping(E) mem_buf_msgq(E) mem_buf_dev(E) mem_hooks(E) llcc_qcom(E) iommu_logger(E) gunyah(E) mdt_loader(E) secure_buffer(E) gh_ctrl(E) videocc_kalama(E) tcsrcc_kalama(E) dispcc_kalama(E) dcc_v2(E) crypto_qti_common(E) crypto_qti_hwkm(E) hwkm(E) tmecom_intf(E) cqhci(E) clk_dummy(E) cpu_hotplug(E) thermal_pause(E) sched_walt(E) qcom_cpufreq_hw(E) bwmon(E) qcom_dcvs(E) dcvs_fp(E) rpmh_regulator(E) qcom_tsens(E) thermal_minidump(E) qcom_pdc(E) qcom_ipcc(E) camcc_kalama(E) icc_rpmh(E) icc_debug(E) icc_bcm_voter(E) gcc_kalama(E) clk_qcom(E) gdsc_regulator(E) debug_regulator(E) proxy_consumer(E) clk_rpmh(E)
[   30.962518] qcom_rpmh(E) cmd_db(E) qcom_ipc_logging(E) qcom_cpu_vendor_hooks(E) gh_virt_wdt(E) qcom_wdt_core(E) qcom_scm(E) minidump(E) smem(E) qcom_hwspinlock(E) gh_rm_drv(E) gh_dbl(E) gh_msgq(E) gh_arm_drv(E)
[   30.962551] CPU: 1 PID: 13578 Comm: ghostlock Tainted: G S      W  OE     5.15.189-android13-8-00016-g51bba4309aac-ab14546557 #1
[   30.962558] Hardware name: Sony Corporation. PDX-234 J(Kalama QRD) (DT)
[   30.962564] pstate: 624000c5 (nZCv daIF +PAN -UAO +TCO -DIT -SSBS BTYPE=--)
[   30.962570] pc : rt_mutex_adjust_prio_chain+0xe88/0x14c0
[   30.962576] lr : max_tt_usecs+0x6646/0x1fe6b
[   30.962584] sp : ffffffc02c8a3be0
[   30.962588] x29: ffffffc02c8a3c20 x28: ffffffc036533b18 x27: ffffff896d9d8000
[   30.962597] x26: ffffff8969182400 x25: 0000000000000000 x24: 0000000000000000
[   30.962605] x23: 0000000000000000 x22: ffffff8969183600 x21: ffffff8969182410
[   30.962613] x20: 0000000000000001 x19: ffffff896d9d8400 x18: ffffffc0333ed050
[   30.962620] x17: 0000000000000078 x16: ffffffe41230d000 x15: ffffffe412328000
[   30.962628] x14: 0000000000000000 x13: 0000000000000000 x12: ffffffe41230d000
[   30.962635] x11: 0000000000000001 x10: ffffffe4123d81a8 x9 : 10cf23d48f9dc000
[   30.962642] x8 : 10cf23d48f9dc000 x7 : 00000000000000e0 x6 : ffffffe41164041d
[   30.962649] x5 : ffffff8969183600 x4 : ffffffe41230d000 x3 : 00000000c0000000
[   30.962657] x2 : 0000000000000000 x1 : ffffffc02c8a3950 x0 : 000000000000002a
[   30.962665] Call trace:
[   30.962670] rt_mutex_adjust_prio_chain+0xe88/0x14c0
[   30.962675] rt_mutex_adjust_pi+0x174/0x318
[   30.962681] __sched_setscheduler+0xdf8/0x1144
[   30.962692] __do_sys_sched_setattr+0x244/0x3c8
[   30.962698] __arm64_sys_sched_setattr+0x24/0x34
[   30.962704] invoke_syscall+0x60/0x150
[   30.962713] el0_svc_common+0xb8/0xf8
[   30.962717] do_el0_svc+0x28/0x98
[   30.962722] el0_svc+0x24/0x84
[   30.962731] el0t_64_sync_handler+0x88/0xec
[   30.962736] el0t_64_sync+0x1b8/0x1bc
[   30.962743] ---[ end trace cf0db2cbc04ae167 ]---
[   30.962841] ------------[ cut here ]------------
[   30.962846] refcount_t: underflow; use-after-free.
[   30.962855] WARNING: CPU: 1 PID: 13578 at lib/refcount.c:28 rt_mutex_adjust_prio_chain+0x13fc/0x14c0
[   30.962863] Modules linked in: sony_camera(OE) slg51000_regulator(OE) lxs_touchscreen(OE) wlan(OE) ipa_clientsm(OE) ipanetm(OE) rndisipam(OE) ipam(OE) msm_drm(OE) camera(OE) msm_kgsl(OE) qdss_bridge(E) coresight_tmc(E) usb_f_gsi(E) gsim(OE) usb_f_qdss(E) coresight_stm(E) machine_dlkm(OE) rmnet_aps(OE) msm_video(OE) rmnet_wlan(OE) spcom(E) mac80211(E) cnss2(OE) rmnet_perf_tether(OE) msm_eva(OE) pt_device_access(OE) goodix_ts(OE) rmnet_perf(OE) rmnet_offload(OE) qcom_spmi_adc5_gen3(E) swr_dmic_dlkm(OE) stm_p_ost(E) bt_fm_slim(OE) lpass_cdc_va_macro_dlkm(OE) lpass_cdc_tx_macro_dlkm(OE) lpass_cdc_wsa_macro_dlkm(OE) lpass_cdc_rx_macro_dlkm(OE) lpass_cdc_wsa2_macro_dlkm(OE) stm_p_basic(E) leds_qti_flash(E) rmnet_shs(OE) wcd938x_dlkm(OE) sync_fence(OE) qti_qmi_cdev(E) swr_ctrl_dlkm(OE) coresight_dummy(E) qti_qmi_sensor_v2(E) btpower(OE) lpass_cdc_dlkm(OE) audio_pkt_dlkm(OE) spss_utils(E) atmel_mxt_ts(OE) tz_log_dlkm(OE) adsp_loader_dlkm(OE) wcd9xxx_dlkm(OE) pinctrl_lpi_dlkm(OE)
[   30.962956] audio_prm_dlkm(OE) cirrus_cs40l2x_codec(OE) phy_msm_m31_eusb2(E) msm_mmrm(OE) stm_console(E) hdmi_dlkm(OE) spf_core_dlkm(OE) gpr_dlkm(OE) pt_i2c(OE) wlan_firmware_service(OE) qrtr_gunyah(E) qrtr_mhi(E) coresight_tpdm(E) stm_ftrace(E) bcl_soc(E) i2c_msm_geni(E) coresight_funnel(E) coresight_tpda(E) swr_haptics_dlkm(OE) q6_notifier_dlkm(OE) qcom_cpufreq_hw_debug(E) msm_sharedmem(E) nxp_nci(OE) cfg80211(E) coresight_hwevent(E) i3c_master_msm_geni(E) qcom_lpm(E) qcrypto_msm_dlkm(OE) qcedev_mod_dlkm(OE) coresight_csr(E) somc_battchg_ext(OE) mhi_dev_uci(E) msm_hw_fence(OE) rimps_log(E) qti_userspace_cdev(E) et603_int(OE) repeater_qti_pmic_eusb2(E) cnss_prealloc(OE) usb_f_diag(E) synaptics_tcm_ts(OE) rdtags(OE) wsa883x_dlkm(OE) nt36xxx_i2c(OE) mhi_cntrl_qcom(E) dwc3_msm(E) coresight_cti(E) sdpm_clk(E) nvmem_qfprom(E) qsee_ipc_irq_bridge(E) radio_i2c_rtc6226_qca(OE) rmnet_sch(OE) ucsi_glink(E) pm8941_pwrkey(E) coresight_tgu(E) qcom_edac(E) snd_soc_hdmi_codec(E)
[   30.963044] cnss_plat_ipc_qmi_svc(OE) coresight_replicator(E) qrtr_smd(E) camera_sync(OE) last_logs(OE) mhi_dev_satellite(E) stub_dlkm(OE) mbhc_dlkm(OE) wcd938x_slave_dlkm(OE) glink_probe(E) cnss_utils(OE) audpkt_ion_dlkm(OE) coresight_remote_etm(E) cirrus_cs35l45(OE) msm_memshare(E) rmnet_core(OE) sys_pm_vx(E) cirrus_cs40l2x(OE) q6_dlkm(OE) subsystem_sleep_stats(E) rmnet_ctl(OE) mhi_dev_netdev(E) usbmon(E) spi_msm_geni(E) smsc95xx(E) frpc_adsprpc(E) icc_test(E) stm_core(E) realtek(E) cnss_nl(OE) msm_geni_serial(E) qti_cpufreq_cdev(E) ehset(E) qti_devfreq_cdev(E) usb_f_ccid(E) qcom_vadc_common(E) qti_battery_charger(E) pt_ts(OE) qce50_dlkm(OE) hdcp_qseecom_dlkm(OE) smcinvoke_dlkm(OE) cirrus_wm_adsp(OE) qrng_dlkm(OE) snd_event_dlkm(OE) qcom_esoc(E) wsa884x_dlkm(OE) phy_msm_snps_eusb2(E) smsc(E) mhi_dev_dtr(E) msm_lmh_dcvs(E) qti_battery_debug(E) slim_qcom_ngd_ctrl(E) pmic_pon_log(E) qcom_q6v5_pas(E) qcom_spss(E) qcom_pil_info(E) repeater_i2c_eusb2(E) qcom_pon(E) mhi(E)
[   30.963138] policy_engine(E) qcom_q6v5(E) memlat_scmi(E) q6_pdr_dlkm(OE) f_fs_ipc_log(E) coresight(E) snd_usb_audio_qmi(E) memlat_vendor(E) eud(E) max31760_fan(E) qcom_spmi_temp_alarm(E) adsp_sleepmon(E) msm_ext_display(OE) hung_task_enh(E) ipa_fmwk(E) boot_stats(E) dmesg_dumper(E) rq_stats(E) wcd_core_dlkm(OE) swr_dlkm(OE) charger_ulog_glink(E) glink_pkt(E) rdbg(E) qcom_cpuss_sleep_stats(E) slimbus(E) gh_irq_lend(E) mmc_log_probes(E) leds_qti_tri_led(E) panel_event_notifier(E) qcom_iommu_debug(E) memlat(E) reboot_mode(E) cpu_voltage_cooling(E) redriver(E) qseecom_proxy(E) msm_gpi(E) cdsp_loader(E) phy_generic(E) core_hang_detect(E) soc_sleep_stats(E) sysmon_subsystem_stats(E) qti_ocp_notifier(E) repeater(E) gpucc_kalama(E) phy_qcom_ufs_qmp_v4_khaje(E) pinctrl_spmi_mpp(E) ddr_cdev(E) altmode_glink(E) smsc75xx(E) qbt_handler(E) phy_qcom_emu(E) spmi_glink_debug(E) synx_driver(E) usb_f_cdev(E) qcom_ipc_lite(E) microdump_collector(E) qcom_va_minidump(E) phy_msm_ssusb_qmp(E)
[   30.963230] phy_qcom_ufs_qmp_v4(E) pinctrl_spmi_gpio(E) heap_mem_ext_v01(E) lt9611uxc(E) gh_tlmm_vm_mem_access(E) cdsprm(E) sg(E) qcom_ramdump(E) pinctrl_somc_pmic(E) bam_dma(E) qti_fixed_regulator(E) gh_mem_notifier(E) r8168(E) usb_bam(E) qcom_glink_spss(E) qcom_sysmon(E) pmic_glink(E) hvc_gunyah(E) spmi_pmic_arb_debug(E) msm_performance(E) msm_show_epoch(E) pdr_interface(E) sps_drv(E) qmi_helpers(E) pci_msm_drv(E) rproc_qcom_common(E) smp2p(E) debugcc_kalama(E) qcom_smd(E) smp2p_sleepstate(E) qcom_glink_smem(E) pwm_qti_lpg(E) qcom_glink(E) phy_qcom_ufs_qmp_v4_waipio(E) msm_sysstats(E) msm_show_resume_irq(E) zram(E) wakeup_irq_debug(E) zsmalloc(E) nvme(E) nvme_core(E) bcl_pmic5(E) c1dcvs_scmi(E) c1dcvs_vendor(E) qcom_rimps(E) sdhci_msm(E) arm_smmu(E) ufs_qcom(E) ufshcd_crypto_qti(E) msm_qmp(E) qcom_aoss(E) stub_regulator(E) socinfo(E) rtc_pm8xxx(E) qrtr(E) qcom_reboot_reason(E) spmi_pmic_arb(E) qcom_spmi_pmic(E) regmap_spmi(E) qti_regmap_debugfs(E) pmu_scmi(E)
[   30.963326] pmu_vendor(E) qcom_pmu_lib(E) qcom_llcc_pmu(E) qcom_iommu_util(E) qcom_logbuf_vh(E) debug_symbol(E) qcom_dload_mode(E) pinctrl_somc(E) phy_qcom_ufs_qrbtc_sdm845(E) phy_qcom_ufs_qmp_v4_kalama(E) phy_qcom_ufs(E) nvmem_qcom_spmi_sdam(E) ns(E) qnoc_kalama(E) qnoc_qos(E) pinctrl_kalama(E) pinctrl_msm(E) memory_dump_v2(E) mem_buf(E) qcom_dma_heaps(E) msm_dma_iommu_mapping(E) mem_buf_msgq(E) mem_buf_dev(E) mem_hooks(E) llcc_qcom(E) iommu_logger(E) gunyah(E) mdt_loader(E) secure_buffer(E) gh_ctrl(E) videocc_kalama(E) tcsrcc_kalama(E) dispcc_kalama(E) dcc_v2(E) crypto_qti_common(E) crypto_qti_hwkm(E) hwkm(E) tmecom_intf(E) cqhci(E) clk_dummy(E) cpu_hotplug(E) thermal_pause(E) sched_walt(E) qcom_cpufreq_hw(E) bwmon(E) qcom_dcvs(E) dcvs_fp(E) rpmh_regulator(E) qcom_tsens(E) thermal_minidump(E) qcom_pdc(E) qcom_ipcc(E) camcc_kalama(E) icc_rpmh(E) icc_debug(E) icc_bcm_voter(E) gcc_kalama(E) clk_qcom(E) gdsc_regulator(E) debug_regulator(E) proxy_consumer(E) clk_rpmh(E)
[   30.963422] qcom_rpmh(E) cmd_db(E) qcom_ipc_logging(E) qcom_cpu_vendor_hooks(E) gh_virt_wdt(E) qcom_wdt_core(E) qcom_scm(E) minidump(E) smem(E) qcom_hwspinlock(E) gh_rm_drv(E) gh_dbl(E) gh_msgq(E) gh_arm_drv(E)
[   30.963448] CPU: 1 PID: 13578 Comm: ghostlock Tainted: G S      W  OE     5.15.189-android13-8-00016-g51bba4309aac-ab14546557 #1
[   30.963454] Hardware name: Sony Corporation. PDX-234 J(Kalama QRD) (DT)
[   30.963457] pstate: 62400005 (nZCv daif +PAN -UAO +TCO -DIT -SSBS BTYPE=--)
[   30.963463] pc : rt_mutex_adjust_prio_chain+0x13fc/0x14c0
[   30.963467] lr : rt_mutex_adjust_prio_chain+0x13fc/0x14c0
[   30.963472] sp : ffffffc02c8a3be0
[   30.963475] x29: ffffffc02c8a3c20 x28: ffffffc036533b18 x27: ffffff896d9d8000
[   30.963483] x26: ffffff8969182400 x25: 0000000000000000 x24: ffffff896d9d8c84
[   30.963490] x23: 0000000000000000 x22: ffffffc036533b18 x21: ffffff8969182410
[   30.963498] x20: 0000000000000000 x19: ffffff896d9d8400 x18: ffffffc0333ed050
[   30.963505] x17: ffffffffffffffff x16: 0000000000000000 x15: 0000000000000004
[   30.963513] x14: ffffff8a6c720000 x13: 0000000000001fff x12: 0000000000000003
[   30.963520] x11: 00000000ffffdfff x10: ffffffe4123d81a8 x9 : 10cf23d48f9dc000
[   30.963528] x8 : 10cf23d48f9dc000 x7 : 65646e75203a745f x6 : 746e756f63666572
[   30.963535] x5 : ffffffe41257c2ff x4 : ffffff8a7883b5de x3 : 0000000000000000
[   30.963542] x2 : 0000000000000000 x1 : ffffffc02c8a3950 x0 : 0000000000000026
[   30.963549] Call trace:
[   30.963552] rt_mutex_adjust_prio_chain+0x13fc/0x14c0
[   30.963556] rt_mutex_adjust_pi+0x174/0x318
[   30.963561] __sched_setscheduler+0xdf8/0x1144
[   30.963567] __do_sys_sched_setattr+0x244/0x3c8
[   30.963572] __arm64_sys_sched_setattr+0x24/0x34
[   30.963578] invoke_syscall+0x60/0x150
[   30.963583] el0_svc_common+0xb8/0xf8
[   30.963588] do_el0_svc+0x28/0x98
[   30.963593] el0_svc+0x24/0x84
[   30.963599] el0t_64_sync_handler+0x88/0xec
[   30.963604] el0t_64_sync+0x1b8/0x1bc
[   30.963609] ---[ end trace cf0db2cbc04ae168 ]---
[   31.209313] SELinux: avc:  denied  { find } for pid=1778 uid=1000 name=vendor.qti.hardware.servicetrackeraidl.IServicetracker/default scontext=u:r:system_server:s0 tcontext=u:object_r:default_android_service:s0 tclass=service_manager permissive=0
[   31.307088] audit: audit_lost=141 audit_rate_limit=5 audit_backlog_limit=128
[   31.307113] audit: rate limit exceeded
[   31.313657] cnss: Runtime suspend start
[   31.314024] [kworke][0x2b2ad5f6][18:13:24.774089] wlan: [88:I:PMO] pmo_core_enable_wow_in_fw: drv wow is enabled
[   31.342634] [kworke][0x2b3337dc][18:13:24.802701] wlan: [88:I:HIF] hif_try_complete_tasks: waiting for tasklets 1 grp tasklets 0 work 0
[   31.362409] cnss: Setting MHI state: SUSPEND(6)
[   31.362730] cnss: Suspending PCI link
[   31.362747] cnss: Use PCIe DRV suspend
[   31.367223] cnss: Runtime suspend status: 0
[   31.739656] i2c_geni 988000.i2c: i2c error :-107
[   31.740061] i2c_geni 988000.i2c: i2c error :-107
[   31.740400] i2c_geni 988000.i2c: i2c error :-107
[   31.740664] i2c_geni 988000.i2c: i2c error :-107
[   31.740945] i2c_geni 988000.i2c: i2c error :-107
[   31.741202] i2c_geni 988000.i2c: i2c error :-107
[   31.741406] i2c_geni 988000.i2c: i2c error :-107
[   31.894718] cnss: Runtime resume start
[   31.894867] cnss: Resuming PCI link
[   31.900394] cnss: Set PCI link status to: 2
[   31.900420] SELinux: avc:  denied  { find } for pid=1778 uid=1000 name=vendor.qti.hardware.servicetrackeraidl.IServicetracker/default scontext=u:r:system_server:s0 tcontext=u:object_r:default_android_service:s0 tclass=service_manager permissive=0
[   31.900439] cnss: Setting MHI state: RESUME(7)
[   31.907509] [kworke][0x2bd8b55e][18:13:25.367574] wlan: [88:I:PMO] pmo_core_psoc_send_host_wakeup_ind_to_fw: Host wakeup indication sent to fw
[   31.925394] cnss: Runtime resume status: 0
[   33.190831] [dp_rx_][0x2d50acf5][18:13:26.650877] wlan: [5010:I:QDF] DHCP-NA RX: SA:00:ff:3b:e3:a6:06 DA:ff:ff:ff:ff:ff:ff
[   34.147738] cnss: Runtime suspend start
[   34.147993] [kworke][0x2e6919e1][18:13:27.608061] wlan: [3070:I:PMO] pmo_core_enable_wow_in_fw: drv wow is enabled
[   34.189025] cnss: Setting MHI state: SUSPEND(6)
[   34.189063] cnss: Suspending PCI link
[   34.189074] cnss: Use PCIe DRV suspend
[   34.193216] cnss: Runtime suspend status: 0
[   34.810898] cnss: Runtime resume start
[   34.810966] cnss: Resuming PCI link
[   34.818519] cnss: Set PCI link status to: 2
[   34.818555] cnss: Setting MHI state: RESUME(7)
[   34.822915] [kworke][0x2f2ed4de][18:13:28.282981] wlan: [45:I:PMO] pmo_core_psoc_send_host_wakeup_ind_to_fw: Host wakeup indication sent to fw
[   34.839084] cnss: Runtime resume status: 0
[   35.546879] cnss: Runtime suspend start
[   35.547196] [kworke][0x30030603][18:13:29.007263] wlan: [45:I:PMO] pmo_core_enable_wow_in_fw: drv wow is enabled
[   35.585939] cnss: Setting MHI state: SUSPEND(6)
[   35.585968] cnss: Suspending PCI link
[   35.585973] cnss: Use PCIe DRV suspend
[   35.591716] cnss: Runtime suspend status: 0
[   35.898064] cnss: Runtime resume start
[   35.898135] cnss: Resuming PCI link
[   35.903299] cnss: Set PCI link status to: 2
[   35.903332] cnss: Setting MHI state: RESUME(7)
[   35.907651] [kworke][0x306ca003][18:13:29.367716] wlan: [88:I:PMO] pmo_core_psoc_send_host_wakeup_ind_to_fw: Host wakeup indication sent to fw
[   35.924519] cnss: Runtime resume status: 0
[   35.998392] hrtimer: interrupt took 17969 ns
[   36.440933] cnss: Runtime suspend start
[   36.441381] [kworke][0x3108fddc][18:13:29.901447] wlan: [88:I:PMO] pmo_core_enable_wow_in_fw: drv wow is enabled
[   36.479660] [kworke][0x311434bc][18:13:29.939726] wlan: [88:I:HIF] hif_try_complete_tasks: waiting for tasklets 1 grp tasklets 0 work 0
[   36.498345] cnss: Setting MHI state: SUSPEND(6)
[   36.498384] cnss: Suspending PCI link
[   36.498413] cnss: Use PCIe DRV suspend
[   36.504045] cnss: Runtime suspend status: 0
[   36.624422] cnss: Resuming PCI link
[   36.630657] cnss: Set PCI link status to: 2
[   36.630686] cnss: Setting MHI state: RESUME(7)
[   36.649028] cnss: Setting MHI state: SUSPEND(6)
[   36.650664] cnss: Suspending PCI link
[   36.650675] cnss: Use PCIe DRV suspend
[   38.138642] (virq:irq_count)- GICv3:IPI(1):137859 GICv3:arch_timer(11):109657 GICv3:IPI(6):46419 GICv3:ufshcd(35):36850 GICv3:IPI(2):22822 GICv3:ipcc_0(37):9712 ipcc:glink-native-adsp(385):7756 GICv3:apps_rsc-drv-2(20):3394 GICv3:msm_drm(243):3298 ipcc:glink-native-modem(402):2437 
[   38.138707] (cpu:irq_count)- 0:126217 1:19560 2:20086 3:42673 4:39209 5:40219 6:39848 7:64002 
[   38.138724] (ipi:irq_count)- 0:137859 1:22822 2:0 3:0 4:0 5:46419 6:0 
[   38.144717] SELinux: avc:  denied  { find } for pid=1778 uid=1000 name=vendor.qti.hardware.servicetrackeraidl.IServicetracker/default scontext=u:r:system_server:s0 tcontext=u:object_r:default_android_service:s0 tclass=service_manager permissive=0
[   39.433099] SELinux: avc:  denied  { find } for pid=1778 uid=1000 name=vendor.qti.hardware.servicetrackeraidl.IServicetracker/default scontext=u:r:system_server:s0 tcontext=u:object_r:default_android_service:s0 tclass=service_manager permissive=0
[   39.438161] SELinux: avc:  denied  { find } for pid=1778 uid=1000 name=vendor.qti.hardware.servicetrackeraidl.IServicetracker/default scontext=u:r:system_server:s0 tcontext=u:object_r:default_android_service:s0 tclass=service_manager permissive=0
[   39.501226] SELinux: avc:  denied  { find } for pid=1778 uid=1000 name=vendor.qti.hardware.servicetrackeraidl.IServicetracker/default scontext=u:r:system_server:s0 tcontext=u:object_r:default_android_service:s0 tclass=service_manager permissive=0
[   39.511052] SELinux: avc:  denied  { find } for pid=1778 uid=1000 name=vendor.qti.hardware.servicetrackeraidl.IServicetracker/default scontext=u:r:system_server:s0 tcontext=u:object_r:default_android_service:s0 tclass=service_manager permissive=0
[   39.516071] SELinux: avc:  denied  { find } for pid=1778 uid=1000 name=vendor.qti.hardware.servicetrackeraidl.IServicetracker/default scontext=u:r:system_server:s0 tcontext=u:object_r:default_android_service:s0 tclass=service_manager permissive=0
[   39.516505] SELinux: avc:  denied  { find } for pid=1778 uid=1000 name=vendor.qti.hardware.servicetrackeraidl.IServicetracker/default scontext=u:r:system_server:s0 tcontext=u:object_r:default_android_service:s0 tclass=service_manager permissive=0
[   39.517308] SELinux: avc:  denied  { find } for pid=1778 uid=1000 name=vendor.qti.hardware.servicetrackeraidl.IServicetracker/default scontext=u:r:system_server:s0 tcontext=u:object_r:default_android_service:s0 tclass=service_manager permissive=0
[   39.664398] cnss: Resuming PCI link
[   39.670031] cnss: Set PCI link status to: 2
[   39.670148] cnss: Setting MHI state: RESUME(7)
[   39.676243] cnss: Runtime resume start
[   39.676745] [kworke][0x34bcda2c][18:13:33.136811] wlan: [3070:I:PMO] pmo_core_psoc_send_host_wakeup_ind_to_fw: Host wakeup indication sent to fw
[   39.692433] cnss: Runtime resume status: 0
[   40.318566] cnss: Runtime suspend start
[   40.319057] [kworke][0x3579078c][18:13:33.779123] wlan: [3070:I:PMO] pmo_core_enable_wow_in_fw: drv wow is enabled
[   40.362506] cnss: Setting MHI state: SUSPEND(6)
[   40.362555] cnss: Suspending PCI link
[   40.362564] cnss: Use PCIe DRV suspend
[   40.367789] cnss: Runtime suspend status: 0
[   40.750812] gsi soc:qcom,msm_gsi: gsi_stop_channel:3615 chan=1 busy try again
[   40.753109] gsi soc:qcom,msm_gsi: gsi_stop_channel:3615 chan=14 busy try again
[   42.695203] gsi soc:qcom,msm_gsi: gsi_stop_channel:3615 chan=1 busy try again
[   42.697633] gsi soc:qcom,msm_gsi: gsi_stop_channel:3615 chan=14 busy try again
[   42.720930] cnss: Resuming PCI link
[   42.726619] cnss: Set PCI link status to: 2
[   42.726652] cnss: Setting MHI state: RESUME(7)
[   42.745540] cnss: Setting MHI state: SUSPEND(6)
[   42.747295] cnss: Suspending PCI link
[   42.747307] cnss: Use PCIe DRV suspend
[   43.005195] cnss: Runtime resume start
[   43.005275] cnss: Resuming PCI link
[   43.008040] SELinux: avc:  denied  { find } for pid=1778 uid=1000 name=vendor.qti.hardware.servicetrackeraidl.IServicetracker/default scontext=u:r:system_server:s0 tcontext=u:object_r:default_android_service:s0 tclass=service_manager permissive=0
[   43.011647] cnss: Set PCI link status to: 2
[   43.011678] cnss: Setting MHI state: RESUME(7)
[   43.012695] [kworke][0x388e2b8c][18:13:36.472723] wlan: [3070:I:PMO] pmo_core_psoc_send_host_wakeup_ind_to_fw: Host wakeup indication sent to fw
[   43.031770] cnss: Runtime resume status: 0
[   43.657067] cnss: Runtime suspend start
[   43.657230] [kworke][0x394b02b4][18:13:37.117298] wlan: [3070:I:PMO] pmo_core_enable_wow_in_fw: drv wow is enabled
[   43.699500] cnss: Setting MHI state: SUSPEND(6)
[   43.699559] cnss: Suspending PCI link
[   43.699570] cnss: Use PCIe DRV suspend
[   43.705412] cnss: Runtime suspend status: 0
[   43.908547] cnss: Runtime resume start
[   43.908691] cnss: Resuming PCI link
[   43.914081] cnss: Set PCI link status to: 2
[   43.914125] cnss: Setting MHI state: RESUME(7)
[   43.919506] [kworke][0x3997d8c7][18:13:37.379567] wlan: [803:I:PMO] pmo_core_psoc_send_host_wakeup_ind_to_fw: Host wakeup indication sent to fw
[   43.935397] cnss: Runtime resume status: 0
[   44.512566] cnss: Runtime suspend start
[   44.513289] [kworke][0x3a45cedc][18:13:37.973354] wlan: [803:I:PMO] pmo_core_enable_wow_in_fw: drv wow is enabled
[   44.552545] [kworke][0x3a514e7c][18:13:38.012602] wlan: [803:I:HIF] hif_try_complete_tasks: waiting for tasklets 0 grp tasklets 0 work 2
[   44.566687] cnss: Setting MHI state: SUSPEND(6)
[   44.566761] cnss: Suspending PCI link
[   44.566781] cnss: Use PCIe DRV suspend
[   44.575603] cnss: Runtime suspend status: 0
[   45.060695] audit: audit_lost=153 audit_rate_limit=5 audit_backlog_limit=128
[   45.060745] audit: rate limit exceeded
[   45.757540] cnss: Resuming PCI link
[   45.762855] cnss: Set PCI link status to: 2
[   45.762889] cnss: Setting MHI state: RESUME(7)
[   45.781867] cnss: Setting MHI state: SUSPEND(6)
[   45.787091] cnss: Suspending PCI link
[   45.787107] cnss: Use PCIe DRV suspend
[   46.267674] SELinux:  Converting 2383 SID table entries...
[   46.284620] SELinux:  policy capability network_peer_controls=1
[   46.284641] SELinux:  policy capability open_perms=1
[   46.284646] SELinux:  policy capability extended_socket_class=1
[   46.284649] SELinux:  policy capability always_check_network=0
[   46.284653] SELinux:  policy capability cgroup_seclabel=0
[   46.284657] SELinux:  policy capability nnp_nosuid_transition=1
[   46.284662] SELinux:  policy capability genfs_seclabel_symlinks=0
[   46.284666] SELinux:  policy capability ioctl_skip_cloexec=0
[   46.321602] audit: audit_lost=199 audit_rate_limit=5 audit_backlog_limit=128
[   46.321621] audit: rate limit exceeded
[   46.368238] SELinux: avc:  op=load_policy lsm=selinux seqno=2 res=1
[   46.373890] SELinux: Multiple same specifications for vendor.qti.gnss.ILocAidlGnss/default.
[   46.375826] SELinux: SELinux: Loaded service context from:
[   46.375864] SELinux: 		/system/etc/selinux/plat_service_contexts
[   46.375878] SELinux: 		/system_ext/etc/selinux/system_ext_service_contexts
[   46.375893] SELinux: 		/product/etc/selinux/product_service_contexts
[   46.375906] SELinux: 		/vendor/etc/selinux/vendor_service_contexts
[   46.376287] SELinux: avc:  denied  { find } for pid=1778 uid=1000 name=vendor.qti.hardware.servicetrackeraidl.IServicetracker/default scontext=u:r:system_server:s0 tcontext=u:object_r:default_android_service:s0 tclass=service_manager permissive=0
[   47.082452] KernelSU: shell is allowed at init!
[   47.152647] found variant: sys_call_table
[   47.198750] KernelSU: sys_call_table=0xffffffe411756a08
[   47.227169] KernelSU: sys_ni_syscall: 0xffffffe410f50ae8
[   47.227192] KernelSU: ni_syscall 1: 42
[   47.227199] KernelSU: patch syscall 42, 0xffffffe410f50ae8 -> 0xffffffe40efbdb98
[   47.234645] KernelSU: dispatcher installed at slot 42
[   47.234664] KernelSU: feature: feature management initialized
[   47.234675] KernelSU: feature: registered handler for sulog (id=2)
[   47.234685] KernelSU: feature: registered handler for adb_root (id=3)
[   47.234691] KernelSU: lsm_hook: init, tracked hooks=0
[   47.234696] KernelSU: feature: registered handler for selinux_hide (id=4)
[   47.234710] KernelSU: initialize_fake_status initialized: sequence=0, policyload=0, enforcing=1
[   47.270925] KernelSU: KernelSU IOCTL Commands:
[   47.270933] KernelSU:   GRANT_ROOT         = 0x00004b01
[   47.270938] KernelSU:   GET_INFO           = 0x80104b02
[   47.270942] KernelSU:   GET_INFO_LEGACY    = 0x80004b02
[   47.270946] KernelSU:   REPORT_EVENT       = 0x40004b03
[   47.270950] KernelSU:   SET_SEPOLICY       = 0xc0004b04
[   47.270953] KernelSU:   CHECK_SAFEMODE     = 0x80004b05
[   47.270957] KernelSU:   GET_ALLOW_LIST     = 0xc0004b06
[   47.270961] KernelSU:   GET_DENY_LIST      = 0xc0004b07
[   47.270965] KernelSU:   NEW_GET_ALLOW_LIST = 0xc0044b06
[   47.270969] KernelSU:   NEW_GET_DENY_LIST  = 0xc0044b07
[   47.270973] KernelSU:   UID_GRANTED_ROOT   = 0xc0004b08
[   47.270976] KernelSU:   UID_SHOULD_UMOUNT  = 0xc0004b09
[   47.270980] KernelSU:   GET_MANAGER_APPID  = 0x80004b0a
[   47.270984] KernelSU:   GET_APP_PROFILE    = 0xc0004b0b
[   47.270987] KernelSU:   SET_APP_PROFILE    = 0x40004b0c
[   47.270992] KernelSU:   GET_FEATURE        = 0xc0004b0d
[   47.270996] KernelSU:   SET_FEATURE        = 0x40004b0e
[   47.270999] KernelSU:   GET_WRAPPER_FD     = 0x40004b0f
[   47.271003] KernelSU:   MANAGE_MARK        = 0xc0004b10
[   47.271006] KernelSU:   NUKE_EXT4_SYSFS    = 0x40004b11
[   47.271010] KernelSU:   ADD_TRY_UMOUNT     = 0x40004b12
[   47.271014] KernelSU:   SET_INIT_PGRP      = 0x00004b13
[   47.271017] KernelSU:   GET_SULOG_FD       = 0x40044b14
[   47.271021] KernelSU:   DISABLE_ESCAPE_TO_ROOT = 0x00004b15
[   47.272394] KernelSU: reboot kprobe registered successfully
[   47.272401] KernelSU: late load mode, skipping kprobe hooks
[   47.272405] KernelSU: SELinux permissive or disabled, apply rules!
[   47.283444] KernelSU: old config: 1
[   47.283451] KernelSU: adding POLICYDB_CONFIG_ANDROID_NETLINK_ROUTE
[   47.283455] KernelSU: adding POLICYDB_CONFIG_ANDROID_NETLINK_GETNEIGH
[   47.283458] KernelSU: new config: 3221225473
[   47.324817] audit: audit_lost=248 audit_rate_limit=5 audit_backlog_limit=128
[   47.324833] audit: rate limit exceeded
[   47.357745] KernelSU: backup sepolicy success! latest_granting=2
[   47.395397] KernelSU: old config: 1
[   47.395426] KernelSU: adding POLICYDB_CONFIG_ANDROID_NETLINK_ROUTE
[   47.395431] KernelSU: adding POLICYDB_CONFIG_ANDROID_NETLINK_GETNEIGH
[   47.395435] KernelSU: new config: 3221225473
