[    1.790669] cs40l2x 3-0040: Direct firmware load for cs40l25a_a2h.wmfw failed with error -2
[    1.790673] cs40l2x 3-0040: Falling back to sysfs fallback for: cs40l25a_a2h.wmfw
[    1.791457] pt_device_access_init: Parade TTSP Device Access Driver (Built TTDL.04.11.977092) rc = 0
[    1.791794] i2c_geni 88c000.i2c: Bus frequency is set to 1000000Hz.
[    1.792510] msm_vidc_v4l2 aa00000.qcom,vidc: Direct firmware load for vpu30_4v.mbn failed with error -2
[    1.792513] msm_pcie_enable: PCIe: Release the reset of endpoint of RC0.
[    1.792521] msm_vidc_v4l2 aa00000.qcom,vidc: Falling back to sysfs fallback for: vpu30_4v.mbn
[    1.793567] cs35l45 4-0030: supply VA not found, using dummy regulator
[    1.793615] cs35l45 4-0030: supply VP not found, using dummy regulator
[    1.793820] [GTP-INF][goodix_ts_core_init:2678] Core layer init:v1.2.4
[    1.793824] [GTP-INF][goodix_spi_bus_init:309] Goodix spi driver init
[    1.793826] SPI driver gtx8_spi has no spi_device_id for goodix,gt9897S
[    1.793828] SPI driver gtx8_spi has no spi_device_id for goodix,gt9897T
[    1.793830] SPI driver gtx8_spi has no spi_device_id for goodix,gt9966S
[    1.793831] SPI driver gtx8_spi has no spi_device_id for goodix,gt9916S
[    1.793833] SPI driver gtx8_spi has no spi_device_id for goodix,gt9916S2
[    1.793843] [GTP-INF][goodix_i2c_bus_init:256] Goodix i2c driver init
[    1.798429] bt_power_probe:WLAN_SW_CNTRL_GPIO value= 1
[    1.798437] cnss_utils: cnss_utils: device type:1
[    1.798439] cnss_utils: cnss_utils: device type already set :0
[    1.798588] tzobject_delete: me->fd = 4, me->refs = 0, files = 0000000092e922dc
[    1.798696] tzobject_delete: me->fd = 4, me->refs = 0, files = 0000000092e922dc
[    1.798747] tzobject_delete: me->fd = 5, me->refs = 0, files = 0000000092e922dc
[    1.798794] bt_power_populate_dt_pinfo: bt_kiwi device node found
[    1.799000] bt-debug-gpio not provided in devicetree
[    1.799003] xo-clk-gpio not provided in devicetree
[    1.799004] bt_dt_parse_clk_info: clocks is not provided in device tree
[    1.799010] bt_power_populate_dt_pinfo: clock not provided in device tree
[    1.799040] PDC Init table configured
[    1.799057] btpower_aop_mbox_init: vreg for iPA not configured
[    1.799753] cma: cma_alloc: va_md_mem_region: alloc failed, req-size: 4096 pages, ret: -16
[    1.799767] ------------[ cut here ]------------
[    1.799768] WARNING: CPU: 5 PID: 398 at mm/page_alloc.c:5770 __alloc_pages+0x1d0/0x344
[    1.799777] Modules linked in: usb_f_gsi(E+) qdss_bridge(E) goodix_ts(OE) pt_device_access(OE) camera_sync(OE) rmnet_shs(OE) synaptics_tcm_ts(OE) sync_fence(OE) atmel_mxt_ts(OE) rmnet_wlan(OE) rmnet_sch(OE) nxp_nci(OE) rmnet_perf(OE) pt_ts(OE) msm_video(OE) nt36xxx_i2c(OE) rmnet_aps(OE) qcedev_mod_dlkm(OE) msm_mmrm(OE) coresight_hwevent(E) rmnet_core(OE) et603_int(OE) cirrus_cs35l45(OE) swr_haptics_dlkm(OE) cnss2(OE+) spcom(E) rmnet_ctl(OE) msm_hw_fence(OE) leds_qti_flash(E) rdtags(OE) coresight_tpda(E) audio_pkt_dlkm(OE) hdcp_qseecom_dlkm(OE) repeater_i2c_eusb2(E) mhi_cntrl_qcom(E) gh_tlmm_vm_mem_access(E) msm_memshare(E+) lpass_cdc_dlkm(OE) swr_ctrl_dlkm(OE+) audio_prm_dlkm(OE+) pinctrl_lpi_dlkm(OE) mac80211(E) usb_f_qdss(E) spf_core_dlkm(OE) gpr_dlkm(OE) coresight_dummy(E) stm_p_basic(E) spmi_glink_debug(E) leds_qti_tri_led(E) q6_notifier_dlkm(OE) somc_battchg_ext(OE) btpower(OE+) ucsi_glink(E) cirrus_cs40l2x_codec(OE) hdmi_dlkm(OE) charger_ulog_glink(E)
[    1.799812] wsa884x_dlkm(OE) altmode_glink(E) wsa883x_dlkm(OE) qti_battery_debug(E) qcom_spmi_adc5_gen3(E+) stm_console(E) spss_utils(E) qti_battery_charger(E) cnss_plat_ipc_qmi_svc(OE) ipa_fmwk(E) cirrus_wm_adsp(OE) qrtr_smd(E) coresight_remote_etm(E) stm_ftrace(E) cfg80211(E) coresight_tgu(E) mbhc_dlkm(OE) wcd938x_slave_dlkm(OE) audpkt_ion_dlkm(OE) qrtr_mhi(E) qcrypto_msm_dlkm(OE) coresight_stm(E) tz_log_dlkm(OE) radio_i2c_rtc6226_qca(OE) snd_event_dlkm(OE) snd_soc_hdmi_codec(E) coresight_funnel(E) coresight_cti(E) cnss_utils(OE) qrtr_gunyah(E) q6_dlkm(OE) nvmem_qfprom(E) qcom_vadc_common(E) stm_p_ost(E) slim_qcom_ngd_ctrl(E) smsc75xx(E) coresight_tpdm(E) qcom_esoc(E) coresight_replicator(E) repeater_qti_pmic_eusb2(E) rdbg(E) microdump_collector(E) smcinvoke_dlkm(OE) cnss_prealloc(OE) qcom_edac(E) qce50_dlkm(OE) last_logs(OE) qcom_q6v5_pas(E) qti_userspace_cdev(E) qsee_ipc_irq_bridge(E) coresight_csr(E) snd_usb_audio_qmi(E) slimbus(E) stub_dlkm(OE) stm_core(E)
[    1.799843] phy_qcom_emu(E) swr_dlkm(OE) wcd_core_dlkm(OE) q6_pdr_dlkm(OE) msm_ext_display(OE) qrng_dlkm(OE) cirrus_cs40l2x(OE) qcom_q6v5(E) wlan_firmware_service(OE) msm_lmh_dcvs(E) qseecom_proxy(E) usb_f_diag(E) qbt_handler(E) coresight(E) boot_stats(E) qti_ocp_notifier(E) mmc_log_probes(E) sg(E) qcom_iommu_debug(E) panel_event_notifier(E) hung_task_enh(E) dmesg_dumper(E) phy_msm_m31_eusb2(E) lt9611uxc(E) qti_fixed_regulator(E) sysmon_subsystem_stats(E) qcom_spss(E) heap_mem_ext_v01(E) cnss_nl(OE) sys_pm_vx(E) dwc3_msm(E) adsp_sleepmon(E) pmic_pon_log(E) qti_cpufreq_cdev(E) i2c_msm_geni(E+) msm_show_epoch(E) phy_msm_snps_eusb2(E) max31760_fan(E) policy_engine(E) debugcc_kalama(E) realtek(E) gh_irq_lend(E) icc_test(E) rq_stats(E) gh_mem_notifier(E) ehset(E) qcom_pil_info(E) qcom_sysmon(E) repeater(E) phy_qcom_ufs_qmp_v4(E) bcl_soc(E) pwm_qti_lpg(E) pmic_glink(E) i3c_master_msm_geni(E) msm_sharedmem(E) mhi_dev_uci(E) smsc(E) frpc_adsprpc(E) usb_bam(E)
[    1.799878] smp2p_sleepstate(E) f_fs_ipc_log(E) mhi_dev_netdev(E) mhi_dev_dtr(E) qcom_ramdump(E) spi_msm_geni(E) phy_qcom_ufs_qmp_v4_khaje(E) bam_dma(E) pinctrl_spmi_gpio(E) memlat_scmi(E) ddr_cdev(E) phy_qcom_ufs_qmp_v4_waipio(E) memlat_vendor(E) qcom_pon(E) qcom_cpufreq_hw_debug(E) qcom_lpm(E) sdpm_clk(E) qti_qmi_sensor_v2(E) mhi_dev_satellite(E) cpu_voltage_cooling(E) synx_driver(E) usb_f_cdev(E) qti_qmi_cdev(E) mhi(E) qcom_spmi_temp_alarm(E) qcom_ipc_lite(E) subsystem_sleep_stats(E) phy_msm_ssusb_qmp(E) phy_generic(E) redriver(E) reboot_mode(E) pdr_interface(E) sps_drv(E) cdsp_loader(E) eud(E) usbmon(E) msm_geni_serial(E) smp2p(E) memlat(E) gpucc_kalama(E) cdsprm(E) spmi_pmic_arb_debug(E) pm8941_pwrkey(E) r8168(E) qcom_cpuss_sleep_stats(E) glink_probe(E) pinctrl_somc_pmic(E) qcom_glink_spss(E) qti_devfreq_cdev(E) msm_performance(E) rimps_log(E) qcom_va_minidump(E+) hvc_gunyah(E) smsc95xx(E) glink_pkt(E) core_hang_detect(E) msm_gpi(E) qmi_helpers(E) pci_msm_drv(E)
[    1.799913] pinctrl_spmi_mpp(E) soc_sleep_stats(E) usb_f_ccid(E) rproc_qcom_common(E) qcom_smd(E) qcom_glink_smem(E) qcom_glink(E) msm_sysstats(E) msm_show_resume_irq(E) zram(E) wakeup_irq_debug(E) zsmalloc(E) nvme(E) nvme_core(E) bcl_pmic5(E) c1dcvs_scmi(E) c1dcvs_vendor(E) qcom_rimps(E) sdhci_msm(E) arm_smmu(E) ufs_qcom(E) ufshcd_crypto_qti(E) msm_qmp(E) qcom_aoss(E) stub_regulator(E) socinfo(E) rtc_pm8xxx(E) qrtr(E) qcom_reboot_reason(E) spmi_pmic_arb(E) qcom_spmi_pmic(E) regmap_spmi(E) qti_regmap_debugfs(E) pmu_scmi(E) pmu_vendor(E) qcom_pmu_lib(E) qcom_llcc_pmu(E) qcom_iommu_util(E) qcom_logbuf_vh(E) debug_symbol(E) qcom_dload_mode(E) pinctrl_somc(E) phy_qcom_ufs_qrbtc_sdm845(E) phy_qcom_ufs_qmp_v4_kalama(E) phy_qcom_ufs(E) nvmem_qcom_spmi_sdam(E) ns(E) qnoc_kalama(E) qnoc_qos(E) pinctrl_kalama(E) pinctrl_msm(E) memory_dump_v2(E) mem_buf(E) qcom_dma_heaps(E) msm_dma_iommu_mapping(E) mem_buf_msgq(E) mem_buf_dev(E) mem_hooks(E) llcc_qcom(E) iommu_logger(E) gunyah(E)
[    1.799947] mdt_loader(E) secure_buffer(E) gh_ctrl(E) videocc_kalama(E) tcsrcc_kalama(E) dispcc_kalama(E) dcc_v2(E) crypto_qti_common(E) crypto_qti_hwkm(E) hwkm(E) tmecom_intf(E) cqhci(E) clk_dummy(E) cpu_hotplug(E) thermal_pause(E) sched_walt(E) qcom_cpufreq_hw(E) bwmon(E) qcom_dcvs(E) dcvs_fp(E) rpmh_regulator(E) qcom_tsens(E) thermal_minidump(E) qcom_pdc(E) qcom_ipcc(E) camcc_kalama(E) icc_rpmh(E) icc_debug(E) icc_bcm_voter(E) gcc_kalama(E) clk_qcom(E) gdsc_regulator(E) debug_regulator(E) proxy_consumer(E) clk_rpmh(E) qcom_rpmh(E) cmd_db(E) qcom_ipc_logging(E) qcom_cpu_vendor_hooks(E) gh_virt_wdt(E) qcom_wdt_core(E) qcom_scm(E) minidump(E) smem(E) qcom_hwspinlock(E) gh_rm_drv(E) gh_dbl(E) gh_msgq(E) gh_arm_drv(E)
[    1.799975] CPU: 5 PID: 398 Comm: modprobe Tainted: G S         OE     5.15.189-android13-8-00016-g51bba4309aac-ab14546557 #1
[    1.799977] Hardware name: Sony Corporation. PDX-234 J(Kalama QRD) (DT)
[    1.799979] pstate: 22400005 (nzCv daif +PAN -UAO +TCO -DIT -SSBS BTYPE=--)
[    1.799981] pc : __alloc_pages+0x1d0/0x344
[    1.799984] lr : __dma_direct_alloc_pages+0x1d0/0x540
[    1.799988] sp : ffffffc00df5b600
[    1.799989] x29: ffffffc00df5b640 x28: 0000000000000cc4 x27: 0000000000ffffff
[    1.799992] x26: ffffffe304768000 x25: ffffffffffffffff x24: 000000000000000c
[    1.799995] x23: 0000000000000cc0 x22: 0000000000000000 x21: 0000000000000000
[    1.799997] x20: 0000000000000000 x19: 000000000000000c x18: ffffffc00a81d0c0
[    1.800000] x17: ffffffffffffffff x16: 0000000000000000 x15: 0000000000000004
[    1.800002] x14: ffffff8a6c720000 x13: 0000000000001fff x12: 0000000000000003
[    1.800005] x11: 0000000000000001 x10: 0000000001000fff x9 : 0000000000000001
[    1.800007] x8 : 000000000000000c x7 : 205b5d3335373939 x6 : 372e31202020205b
[    1.800009] x5 : ffffffe30537c2f0 x4 : ffffffc00df5b27f x3 : 0000000000000000
[    1.800012] x2 : 0000000000000000 x1 : 000000000000000c x0 : 0000000000000cc0
[    1.800014] Call trace:
[    1.800016] __alloc_pages+0x1d0/0x344
[    1.800018] __dma_direct_alloc_pages+0x1d0/0x540
[    1.800020] dma_direct_alloc+0x84/0x458
[    1.800022] dma_alloc_attrs+0xf4/0x138
[    1.800025] qcom_va_md_driver_probe+0xd0/0x37c [qcom_va_minidump]
[    1.800033] platform_probe+0x70/0x194
[    1.800036] really_probe+0x14c/0x500
[    1.800039] __driver_probe_device+0xa8/0x130
[    1.800041] driver_probe_device+0x48/0x1e8
[    1.800044] __driver_attach+0x1cc/0x2c0
[    1.800046] driver_attach+0x5c/0xc0
[    1.800048] bus_add_driver+0x114/0x26c
[    1.800050] driver_register+0x84/0x17c
[    1.800053] __platform_driver_register+0x28/0x38
[    1.800055] init_module+0x24/0xfe8 [qcom_va_minidump]
[    1.800059] do_one_initcall+0xe0/0x358
[    1.800063] do_init_module+0x60/0x64c
[    1.800066] load_module+0x155c/0x1830
[    1.800068] __arm64_sys_finit_module+0x18c/0x1a0
[    1.800071] invoke_syscall+0x60/0x150
[    1.800073] el0_svc_common+0xb8/0xf8
[    1.800075] do_el0_svc+0x28/0x98
[    1.800077] el0_svc+0x24/0x84
[    1.800081] el0t_64_sync_handler+0x88/0xec
[    1.800083] el0t_64_sync+0x1b8/0x1bc
[    1.800085] ---[ end trace 2f51b20954bf0a49 ]---
[    1.800118] qcom-va-minidump: probe of soc:va_mini_dump failed with error -12
[    1.800974] memshare soc:qcom,memshare:qcom,client_1: memshare: Continuing with allocation from CMA
[    1.801053] memshare soc:qcom,memshare:qcom,client_2: memshare: Continuing with allocation from CMA
[    1.801115] memshare soc:qcom,memshare:qcom,client_3: memshare: Continuing with allocation from CMA
[    1.808751] Failed to create system directory gsi
[    1.809800] (NULL device *): msm_gsi_probe:5880 No MSIs configured
[    1.809882] va-minidump: qcom_va_md_register: qcom va minidump driver is not initialized
[    1.809892] gsi soc:qcom,msm_gsi: msm_gsi_probe:5896 gsi mini qcom_va_md_register failed = -19
[    1.810126] msm_pcie_link_train: PCIe RC0 link initialized
[    1.810311] pci-msm 1c00000.qcom,pcie: host bridge /soc/qcom,pcie@1c00000 ranges:
[    1.810324] pci-msm 1c00000.qcom,pcie:   No bus range found for /soc/qcom,pcie@1c00000, using [bus 00-ff]
[    1.810349] pci-msm 1c00000.qcom,pcie:       IO 0x0060200000..0x00602fffff -> 0x0060200000
[    1.810361] pci-msm 1c00000.qcom,pcie:      MEM 0x0060300000..0x0063ffffff -> 0x0060300000
[    1.811555] pci-msm 1c00000.qcom,pcie: PCI host bridge to bus 0000:00
[    1.811569] pci_bus 0000:00: root bus resource [bus 00-ff]
[    1.811576] pci_bus 0000:00: root bus resource [io  0x0000-0xfffff] (bus address [0x60200000-0x602fffff])
[    1.811582] pci_bus 0000:00: root bus resource [mem 0x60300000-0x63ffffff]
[    1.811653] pci 0000:00:00.0: [17cb:0113] type 01 class 0x060400
[    1.811709] pci 0000:00:00.0: reg 0x10: [mem 0x00000000-0x00000fff 64bit]
[    1.811985] pci 0000:00:00.0: PME# supported from D0 D3hot D3cold
[    1.812023] DATARMNETb1c42acd9c(): rmnet_offload initializing
[    1.812027] DATARMNET5e4be08a32(): Loading
[    1.814681] cs35l45 4-0030: Cirrus Logic CS35L45: DEVID 35A450 REVID 0xA0 RELID 0x00 OTPID 0x0B.
[    1.823519] Could not create tracefs 'gpu_work_period' directory
[    1.824250] Failed to create system directory kgsl
[    1.824308] Failed to create system directory kgsl
[    1.824490] Failed to create system directory kgsl
[    1.824538] Failed to create system directory kgsl
[    1.824621] pci 0000:00:00.0: bridge configuration invalid ([bus 00-00]), reconfiguring
[    1.824714] Failed to create system directory kgsl
[    1.824783] Failed to create system directory kgsl
[    1.824785] pci 0000:01:00.0: [17cb:1107] type 00 class 0x028000
[    1.824818] Failed to create system directory kgsl
[    1.824854] Failed to create system directory kgsl
[    1.824855] pci 0000:01:00.0: reg 0x10: [mem 0x00000000-0x001fffff 64bit]
[    1.824888] Failed to create system directory kgsl
[    1.824924] Failed to create system directory kgsl
[    1.824959] Failed to create system directory kgsl
[    1.824991] Failed to create system directory kgsl
[    1.825023] Failed to create system directory kgsl
[    1.825061] Failed to create system directory kgsl
[    1.825094] Failed to create system directory kgsl
[    1.825126] Failed to create system directory kgsl
[    1.825161] Failed to create system directory kgsl
[    1.825181] pci 0000:01:00.0: PME# supported from D0 D3hot D3cold
[    1.825193] Failed to create system directory kgsl
[    1.825222] Failed to create system directory kgsl
[    1.825258] Failed to create system directory kgsl
[    1.825293] Failed to create system directory kgsl
[    1.825326] Failed to create system directory kgsl
[    1.825362] Failed to create system directory kgsl
[    1.825393] Failed to create system directory kgsl
[    1.825480] Failed to create system directory kgsl
[    1.825525] Failed to create system directory kgsl
[    1.825560] Failed to create system directory kgsl
[    1.825592] Failed to create system directory kgsl
[    1.825625] Failed to create system directory kgsl
[    1.825655] Failed to create system directory kgsl
[    1.825693] Failed to create system directory kgsl
[    1.825725] Failed to create system directory kgsl
[    1.825756] Failed to create system directory kgsl
[    1.825784] Failed to create system directory kgsl
[    1.825959] Failed to create system directory kgsl
[    1.825997] Failed to create system directory kgsl
[    1.826028] Failed to create system directory kgsl
[    1.826088] Failed to create system directory kgsl
[    1.826118] Failed to create system directory kgsl
[    1.826148] Failed to create system directory kgsl
[    1.826180] Failed to create system directory kgsl
[    1.826213] Failed to create system directory kgsl
[    1.826241] Failed to create system directory kgsl
[    1.826273] Failed to create system directory kgsl
[    1.826300] Failed to create system directory kgsl
[    1.826327] Failed to create system directory kgsl
[    1.826358] Failed to create system directory kgsl
[    1.826384] Failed to create system directory kgsl
[    1.826383] msm_cvp ab00000.qcom,cvp:cvp_non_secure_cb: Adding to iommu group 32
[    1.826409] Failed to create system directory kgsl
[    1.826436] Failed to create system directory kgsl
[    1.826461] Failed to create system directory kgsl
[    1.826486] Failed to create system directory kgsl
[    1.826569] Failed to create system directory kgsl
[    1.826600] Failed to create system directory kgsl
[    1.826630] Failed to create system directory kgsl
[    1.826664] Failed to create system directory kgsl
[    1.827347] Failed to create system directory kgsl
[    1.827374] msm_cvp ab00000.qcom,cvp:cvp_secure_nonpixel_cb: Adding to iommu group 33
[    1.827387] Failed to create system directory kgsl
[    1.827423] Failed to create system directory kgsl
[    1.827456] Failed to create system directory kgsl
[    1.827490] Failed to create system directory kgsl
[    1.827532] Failed to create system directory kgsl
[    1.827566] Failed to create system directory kgsl
[    1.827601] Failed to create system directory kgsl
[    1.827639] Failed to create system directory kgsl
[    1.827677] Failed to create system directory kgsl
[    1.827710] Failed to create system directory kgsl
[    1.827746] Failed to create system directory kgsl
[    1.827775] Failed to create system directory kgsl
[    1.827805] Failed to create system directory kgsl
[    1.827836] Failed to create system directory kgsl
[    1.827863] Failed to create system directory kgsl
[    1.827898] Failed to create system directory kgsl
[    1.827930] Failed to create system directory kgsl
[    1.827962] Failed to create system directory kgsl
[    1.827990] Failed to create system directory kgsl
[    1.828023] Failed to create system directory kgsl
[    1.828052] Failed to create system directory kgsl
[    1.828082] Failed to create system directory kgsl
[    1.828114] Failed to create system directory kgsl
[    1.828145] Failed to create system directory kgsl
[    1.828174] Failed to create system directory kgsl
[    1.828207] Failed to create system directory kgsl
[    1.828237] Failed to create system directory kgsl
[    1.828272] Failed to create system directory kgsl
[    1.828310] Failed to create system directory kgsl
[    1.828344] Failed to create system directory kgsl
[    1.828374] Failed to create system directory kgsl
[    1.828407] Failed to create system directory kgsl
[    1.828436] Failed to create system directory kgsl
[    1.828468] Failed to create system directory kgsl
[    1.828503] Failed to create system directory kgsl
[    1.828529] Failed to create system directory kgsl
[    1.828581] Failed to create system directory kgsl
[    1.828610] Failed to create system directory kgsl
[    1.842187] Failed to create system directory camera
[    1.842292] Failed to create system directory camera
[    1.842329] Failed to create system directory camera
[    1.842362] Failed to create system directory camera
[    1.842398] Failed to create system directory camera
[    1.842430] Failed to create system directory camera
[    1.842462] Failed to create system directory camera
[    1.842498] Failed to create system directory camera
[    1.842530] Failed to create system directory camera
[    1.842562] Failed to create system directory camera
[    1.842597] Failed to create system directory camera
[    1.842630] Failed to create system directory camera
[    1.842663] Failed to create system directory camera
[    1.842704] Failed to create system directory camera
[    1.842740] Failed to create system directory camera
[    1.842776] Failed to create system directory camera
[    1.842819] Failed to create system directory camera
[    1.844498] CAM_INFO: CAM-UTIL: camera_init: 293 Camera-Banner: (hudsonslave@ip-10-26-39-18) (Mon May 18 06:17:38 UTC 2026)
[    1.844858] Failed to create system directory sde
[    1.844909] Failed to create system directory sde
[    1.844933] Failed to create system directory sde
[    1.844956] Failed to create system directory sde
[    1.844977] Failed to create system directory sde
[    1.844997] Failed to create system directory sde
[    1.845020] Failed to create system directory sde
[    1.845041] Failed to create system directory sde
[    1.845063] Failed to create system directory sde
[    1.845087] Failed to create system directory sde
[    1.845110] Failed to create system directory sde
[    1.845131] Failed to create system directory sde
[    1.857110] pci_bus 0000:01: busn_res: [bus 01-ff] end is updated to 01
[    1.857153] pci 0000:00:00.0: BAR 14: assigned [mem 0x60400000-0x605fffff]
[    1.857161] pci 0000:00:00.0: BAR 15: assigned [mem 0x60600000-0x607fffff 64bit pref]
[    1.857168] pci 0000:00:00.0: BAR 0: assigned [mem 0x60300000-0x60300fff 64bit]
[    1.857200] pci 0000:00:00.0: BAR 13: assigned [io  0x1000-0x1fff]
[    1.857209] pci 0000:01:00.0: BAR 0: assigned [mem 0x60400000-0x605fffff 64bit]
[    1.857248] coresight-tmc 10048000.tmc: Adding to iommu group 34
[    1.857260] pci 0000:00:00.0: PCI bridge to [bus 01]
[    1.857269] pci 0000:00:00.0:   bridge window [io  0x1000-0x1fff]
[    1.857288] pci 0000:00:00.0:   bridge window [mem 0x60400000-0x605fffff]
[    1.857302] pci 0000:00:00.0:   bridge window [mem 0x60600000-0x607fffff 64bit pref]
[    1.858008] msm_pcie_enumerate: PCIe: RC0: has already been enumerated.
[    1.858760] cnss_pci 0000:01:00.0: Adding to iommu group 35
[    1.859037] adreno-gen7-gmu 3d68000.qcom,gmu: Adding to iommu group 36
[    1.859462] msm_cvp ab00000.qcom,cvp:cvp_secure_pixel_cb: Adding to iommu group 37
[    1.859581] [sde_rsc_hw:rsc_hw_init_v3:545]: sde rsc init successfully done
[    1.859600] [sde_rsc:sde_rsc_probe:1830]: sde rsc index:0 probed successfully
[    1.860382] msm_cvp ab00000.qcom,cvp:qcom,msm-cvp,mem_cdsp: assigned reserved memory node cdsp_eva_region
[    1.860535] video_cc-kalama aaf0000.clock-controller: sync-state
[    1.861562] cnss: PCI is probing, vendor ID: 0x17cb, device ID: 0x1107
[    1.861571] cnss_pci 0000:01:00.0: assigned reserved memory node cnss_wlan_region
[    1.861573] cnss: CMA area is cnss_wlan_region
[    1.861578] cnss: Ramdump size 0x780000
[    1.861581] cnss: Initializing SMMU
[    1.861583] cnss: Enabling SMMU S1 stage
[    1.861585] cnss: smmu_iova_start: 0x00000000a0000000, smmu_iova_len: 0x10000000
[    1.861588] cnss: smmu_iova_ipa_start: 0x00000000b0000000, smmu_iova_ipa_len: 0x10000
[    1.861590] cnss: iommu_geometry: 0
[    1.861595] cnss: PCIe DRV is supported
[    1.861609] cnss_pci 0000:01:00.0: BAR 0: assigned [mem 0x60400000-0x605fffff 64bit]
[    1.861657] pci 0000:00:00.0: enabling device (0006 -> 0007)
[    1.861668] cnss_pci 0000:01:00.0: enabling device (0000 -> 0002)
[    1.861703] cnss: Set PCI DMA MASK (0xfffffffff)
[    1.862573] cnss: MSI base data is 0
[    1.862576] cnss: BAR starts at 0x0000000060400000, length is 200000
[    1.862578] cnss: Assign MSI to user: MHI, num_vectors: 3, user_base_data: 0, base_vector: 0
[    1.862580] cnss: Number of assigned MSI for MHI is 3, base vector is 0
[    1.862583] cnss: Get IRQ number 322 for vector index 0
[    1.862585] cnss: Get IRQ number 323 for vector index 1
[    1.862586] cnss: Get IRQ number 324 for vector index 2
[    1.862591] cnss: Get device version info, family number: 0x4, device number: 0x17, major version: 0x2, minor version: 0x0
[    1.862606] coresight-tmc 1004f000.tmc: Adding to iommu group 38
[    1.862706] cnss: PCIe DRV is supported
[    1.862709] cnss: FW name added with prefix: kiwi/amss20.bin
[    1.862711] cnss: FW name is kiwi/amss20.bin, FW fallback name is amss20.bin
[    1.862717] cnss: Get PCI link status register: 4130
[    1.862719] cnss: Default PCI link speed is 0x2, link width is 0x2
[    1.865080] tmc_etr_usb_init: ETR usb property is not configured!
[    1.873187] nfc_post_init success
[    1.873192] nfc_i2c_dev_probe:nfc secure_zone = false
[    1.873240] nfc_i2c_dev_probe: probing nfc i2c success
[    1.876628] cnss: Suspending PCI link
[    1.877030] cs35l45 4-0031: supply VA not found, using dummy regulator
[    1.877073] cs35l45 4-0031: supply VP not found, using dummy regulator
[    1.877243] cs35l45 4-0031: Reset line busy, assuming shared reset
[    1.885201] cs35l45 4-0031: Cirrus Logic CS35L45: DEVID 35A450 REVID 0xA0 RELID 0x00 OTPID 0x0B.
[    1.903548] i2c_geni 88c000.i2c: I2C probed
[    1.986625] msm_pcie_disable: PCIe: Assert the reset of endpoint of RC0.
[    1.987051] cnss: WLAN_EN Value: 0
[    1.987055] cnss: De-assert WLAN_EN GPIO successfully
[    1.987058] cnss: Regulator vdd-wlan-rfa2 is being disabled
[    1.987072] cnss: Regulator vdd-wlan-rfa1 is being disabled
[    1.987095] cnss: Regulator vdd-wlan-dig is being disabled
[    1.987117] cnss: Regulator vdd-wlan-aon is being disabled
[    1.987139] cnss: Regulator vdd-wlan is being disabled
[    1.987159] cnss: Regulator vdd-wlan-io is being disabled
[    1.987240] cnss: Platform driver probed successfully.
[    5.679825] msmdrm_smmu soc:qcom,smmu_sde_unsec_cb: Adding to iommu group 39
[    5.681490] kgsl-3d 3d00000.qcom,kgsl-3d0: bound 3d68000.qcom,gmu (ops gen7_gmu_component_ops [msm_kgsl])
[    5.682027] [drm] probing device qcom,smmu_sde_unsec
[    5.682031] [drm] Created domain mdp_ns, secure=0
[    5.683353] platform 3da0000.qcom,kgsl-iommu:gfx3d_user: Adding to iommu group 40
[    5.683748] platform 3da0000.qcom,kgsl-iommu:gfx3d_lpac: Adding to iommu group 41
[    5.684379] platform 3da0000.qcom,kgsl-iommu:gfx3d_secure: Adding to iommu group 42
[    5.689769] qcom_slim_ngd_runtime_resume QMI handle is NULL
[    5.689794] btfm_slim_probe: name = 217:221:1:0   
[    5.689797] btfm_slim_probe: name = btfmslim_slave
[    5.689799] btfm_slim_probe: is_laddr_valid is true
[    5.689857] btfmslim-driver btfmslim_slave: 
[    5.702929] ------------[ cut here ]------------
[    5.702941] WARNING: CPU: 3 PID: 755 at drivers/base/core.c:1318 device_links_driver_bound+0x258/0x54c
[    5.702953] Modules linked in: machine_dlkm(OE) bt_fm_slim(OE) swr_dmic_dlkm(OE) pt_i2c(OE) msm_drm(OE+) camera(OE+) wcd938x_dlkm(OE) coresight_tmc(E) msm_kgsl(OE+) lpass_cdc_wsa2_macro_dlkm(OE) rmnet_perf_tether(OE) lpass_cdc_rx_macro_dlkm(OE) gsim(OE) lpass_cdc_va_macro_dlkm(OE) wcd9xxx_dlkm(OE) lpass_cdc_wsa_macro_dlkm(OE) lpass_cdc_tx_macro_dlkm(OE) usb_f_gsi(E) msm_eva(OE) qdss_bridge(E) goodix_ts(OE) pt_device_access(OE) camera_sync(OE) rmnet_shs(OE) synaptics_tcm_ts(OE) sync_fence(OE) atmel_mxt_ts(OE) rmnet_wlan(OE) rmnet_sch(OE) nxp_nci(OE) rmnet_offload(OE) rmnet_perf(OE) pt_ts(OE) msm_video(OE) nt36xxx_i2c(OE) rmnet_aps(OE) qcedev_mod_dlkm(OE) msm_mmrm(OE) coresight_hwevent(E) rmnet_core(OE) et603_int(OE) cirrus_cs35l45(OE) swr_haptics_dlkm(OE) cnss2(OE) spcom(E) rmnet_ctl(OE) msm_hw_fence(OE) leds_qti_flash(E) rdtags(OE) coresight_tpda(E) adsp_loader_dlkm(OE) audio_pkt_dlkm(OE) hdcp_qseecom_dlkm(OE) repeater_i2c_eusb2(E) mhi_cntrl_qcom(E)
[    5.703001] gh_tlmm_vm_mem_access(E) msm_memshare(E) lpass_cdc_dlkm(OE) swr_ctrl_dlkm(OE) audio_prm_dlkm(OE) pinctrl_lpi_dlkm(OE) mac80211(E) usb_f_qdss(E) spf_core_dlkm(OE) gpr_dlkm(OE) coresight_dummy(E) stm_p_basic(E) spmi_glink_debug(E) leds_qti_tri_led(E) q6_notifier_dlkm(OE) somc_battchg_ext(OE) btpower(OE) ucsi_glink(E) cirrus_cs40l2x_codec(OE) hdmi_dlkm(OE) charger_ulog_glink(E) wsa884x_dlkm(OE) altmode_glink(E) wsa883x_dlkm(OE) qti_battery_debug(E) qcom_spmi_adc5_gen3(E) stm_console(E) spss_utils(E) qti_battery_charger(E) cnss_plat_ipc_qmi_svc(OE) ipa_fmwk(E) cirrus_wm_adsp(OE) qrtr_smd(E) coresight_remote_etm(E) stm_ftrace(E) cfg80211(E) coresight_tgu(E) mbhc_dlkm(OE) wcd938x_slave_dlkm(OE) audpkt_ion_dlkm(OE) qrtr_mhi(E) qcrypto_msm_dlkm(OE) coresight_stm(E) tz_log_dlkm(OE) radio_i2c_rtc6226_qca(OE) snd_event_dlkm(OE) snd_soc_hdmi_codec(E) coresight_funnel(E) coresight_cti(E) cnss_utils(OE) qrtr_gunyah(E) q6_dlkm(OE) nvmem_qfprom(E) qcom_vadc_common(E)
[    5.703044] stm_p_ost(E) slim_qcom_ngd_ctrl(E) smsc75xx(E) coresight_tpdm(E) qcom_esoc(E) coresight_replicator(E) repeater_qti_pmic_eusb2(E) rdbg(E) microdump_collector(E) smcinvoke_dlkm(OE) cnss_prealloc(OE) qcom_edac(E) qce50_dlkm(OE) last_logs(OE) qcom_q6v5_pas(E) qti_userspace_cdev(E) qsee_ipc_irq_bridge(E) coresight_csr(E) snd_usb_audio_qmi(E) slimbus(E) stub_dlkm(OE) stm_core(E) phy_qcom_emu(E) swr_dlkm(OE) wcd_core_dlkm(OE) q6_pdr_dlkm(OE) msm_ext_display(OE) qrng_dlkm(OE) cirrus_cs40l2x(OE) qcom_q6v5(E) wlan_firmware_service(OE) msm_lmh_dcvs(E) qseecom_proxy(E) usb_f_diag(E) qbt_handler(E) coresight(E) boot_stats(E) qti_ocp_notifier(E) mmc_log_probes(E) sg(E) qcom_iommu_debug(E) panel_event_notifier(E) hung_task_enh(E) dmesg_dumper(E) phy_msm_m31_eusb2(E) lt9611uxc(E) qti_fixed_regulator(E) sysmon_subsystem_stats(E) qcom_spss(E) heap_mem_ext_v01(E) cnss_nl(OE) sys_pm_vx(E) dwc3_msm(E) adsp_sleepmon(E) pmic_pon_log(E) qti_cpufreq_cdev(E) i2c_msm_geni(E)
[    5.703088] msm_show_epoch(E) phy_msm_snps_eusb2(E) max31760_fan(E) policy_engine(E) debugcc_kalama(E) realtek(E) gh_irq_lend(E) icc_test(E) rq_stats(E) gh_mem_notifier(E) ehset(E) qcom_pil_info(E) qcom_sysmon(E) repeater(E) phy_qcom_ufs_qmp_v4(E) bcl_soc(E) pwm_qti_lpg(E) pmic_glink(E) i3c_master_msm_geni(E) msm_sharedmem(E) mhi_dev_uci(E) smsc(E) frpc_adsprpc(E) usb_bam(E) smp2p_sleepstate(E) f_fs_ipc_log(E) mhi_dev_netdev(E) mhi_dev_dtr(E) qcom_ramdump(E) spi_msm_geni(E) phy_qcom_ufs_qmp_v4_khaje(E) bam_dma(E) pinctrl_spmi_gpio(E) memlat_scmi(E) ddr_cdev(E) phy_qcom_ufs_qmp_v4_waipio(E) memlat_vendor(E) qcom_pon(E) qcom_cpufreq_hw_debug(E) qcom_lpm(E) sdpm_clk(E) qti_qmi_sensor_v2(E) mhi_dev_satellite(E) cpu_voltage_cooling(E) synx_driver(E) usb_f_cdev(E) qti_qmi_cdev(E) mhi(E) qcom_spmi_temp_alarm(E) qcom_ipc_lite(E) subsystem_sleep_stats(E) phy_msm_ssusb_qmp(E) phy_generic(E) redriver(E) reboot_mode(E) pdr_interface(E) sps_drv(E) cdsp_loader(E) eud(E) usbmon(E)
[    5.703136] msm_geni_serial(E) smp2p(E) memlat(E) gpucc_kalama(E) cdsprm(E) spmi_pmic_arb_debug(E) pm8941_pwrkey(E) r8168(E) qcom_cpuss_sleep_stats(E) glink_probe(E) pinctrl_somc_pmic(E) qcom_glink_spss(E) qti_devfreq_cdev(E) msm_performance(E) rimps_log(E) qcom_va_minidump(E) hvc_gunyah(E) smsc95xx(E) glink_pkt(E) core_hang_detect(E) msm_gpi(E) qmi_helpers(E) pci_msm_drv(E) pinctrl_spmi_mpp(E) soc_sleep_stats(E) usb_f_ccid(E) rproc_qcom_common(E) qcom_smd(E) qcom_glink_smem(E) qcom_glink(E) msm_sysstats(E) msm_show_resume_irq(E) zram(E) wakeup_irq_debug(E) zsmalloc(E) nvme(E) nvme_core(E) bcl_pmic5(E) c1dcvs_scmi(E) c1dcvs_vendor(E) qcom_rimps(E) sdhci_msm(E) arm_smmu(E) ufs_qcom(E) ufshcd_crypto_qti(E) msm_qmp(E) qcom_aoss(E) stub_regulator(E) socinfo(E) rtc_pm8xxx(E) qrtr(E) qcom_reboot_reason(E) spmi_pmic_arb(E) qcom_spmi_pmic(E) regmap_spmi(E) qti_regmap_debugfs(E) pmu_scmi(E) pmu_vendor(E) qcom_pmu_lib(E) qcom_llcc_pmu(E) qcom_iommu_util(E) qcom_logbuf_vh(E)
[    5.703181] debug_symbol(E) qcom_dload_mode(E) pinctrl_somc(E) phy_qcom_ufs_qrbtc_sdm845(E) phy_qcom_ufs_qmp_v4_kalama(E) phy_qcom_ufs(E) nvmem_qcom_spmi_sdam(E) ns(E) qnoc_kalama(E) qnoc_qos(E) pinctrl_kalama(E) pinctrl_msm(E) memory_dump_v2(E) mem_buf(E) qcom_dma_heaps(E) msm_dma_iommu_mapping(E) mem_buf_msgq(E) mem_buf_dev(E) mem_hooks(E) llcc_qcom(E) iommu_logger(E) gunyah(E) mdt_loader(E) secure_buffer(E) gh_ctrl(E) videocc_kalama(E) tcsrcc_kalama(E) dispcc_kalama(E) dcc_v2(E) crypto_qti_common(E) crypto_qti_hwkm(E) hwkm(E) tmecom_intf(E) cqhci(E) clk_dummy(E) cpu_hotplug(E) thermal_pause(E) sched_walt(E) qcom_cpufreq_hw(E) bwmon(E) qcom_dcvs(E) dcvs_fp(E) rpmh_regulator(E) qcom_tsens(E) thermal_minidump(E) qcom_pdc(E) qcom_ipcc(E) camcc_kalama(E) icc_rpmh(E) icc_debug(E) icc_bcm_voter(E) gcc_kalama(E) clk_qcom(E) gdsc_regulator(E) debug_regulator(E) proxy_consumer(E) clk_rpmh(E) qcom_rpmh(E) cmd_db(E) qcom_ipc_logging(E) qcom_cpu_vendor_hooks(E) gh_virt_wdt(E)
[    5.703226] qcom_wdt_core(E) qcom_scm(E) minidump(E) smem(E) qcom_hwspinlock(E) gh_rm_drv(E) gh_dbl(E) gh_msgq(E) gh_arm_drv(E)
[    5.703235] CPU: 3 PID: 755 Comm: modprobe Tainted: G S      W  OE     5.15.189-android13-8-00016-g51bba4309aac-ab14546557 #1
[    5.703238] Hardware name: Sony Corporation. PDX-234 J(Kalama QRD) (DT)
[    5.703240] pstate: 82400005 (Nzcv daif +PAN -UAO +TCO -DIT -SSBS BTYPE=--)
[    5.703243] pc : device_links_driver_bound+0x258/0x54c
[    5.703245] lr : device_links_driver_bound+0x198/0x54c
[    5.703247] sp : ffffffc0149b3770
[    5.703249] x29: ffffffc0149b3790 x28: 0000000000047a8c x27: ffffff8003987ce0
[    5.703252] x26: ffffffe30523c978 x25: 00000000ffffffff x24: ffffffe30523c000
[    5.703254] x23: 0000000000000003 x22: ffffff8003987ce0 x21: ffffffe30523c000
[    5.703257] x20: ffffff8041926c10 x19: ffffff8003987c10 x18: ffffffc00f14d0a0
[    5.703259] x17: 0000000001a0bdde x16: 0000000000000000 x15: 0000000000000000
[    5.703261] x14: ffffff800396a5f8 x13: ffffff800396aef8 x12: ffffff800396a5f1
[    5.703263] x11: 0000000000000001 x10: ffffff8003c5c008 x9 : 0000000000000000
[    5.703266] x8 : ffffff8042d6a020 x7 : 7f7f7f7f7f7f7f7f x6 : 1f736e4cff716468
[    5.703268] x5 : 0000000000000011 x4 : 0000000000000018 x3 : ffffffc0149b3778
[    5.703270] x2 : ffffffc0149b3778 x1 : ffffffc0149b3778 x0 : ffffff80037be410
[    5.703273] Call trace:
[    5.703274] device_links_driver_bound+0x258/0x54c
[    5.703276] driver_bound+0x48/0x11c
[    5.703282] really_probe+0x200/0x500
[    5.703284] __driver_probe_device+0xa8/0x130
[    5.703286] driver_probe_device+0x48/0x1e8
[    5.703288] __driver_attach+0x1cc/0x2c0
[    5.703291] driver_attach+0x5c/0xc0
[    5.703293] bus_add_driver+0x114/0x26c
[    5.703295] driver_register+0x84/0x17c
[    5.703298] __platform_driver_register+0x28/0x38
[    5.703302] init_module+0x50/0xbd8 [msm_kgsl]
[    5.703727] do_one_initcall+0xe0/0x358
[    5.703739] do_init_module+0x60/0x64c
[    5.703748] load_module+0x155c/0x1830
[    5.703751] __arm64_sys_finit_module+0x18c/0x1a0
[    5.703755] invoke_syscall+0x60/0x150
[    5.703760] el0_svc_common+0xb8/0xf8
[    5.703762] do_el0_svc+0x28/0x98
[    5.703764] el0_svc+0x24/0x84
[    5.703776] el0t_64_sync_handler+0x88/0xec
[    5.703779] el0t_64_sync+0x1b8/0x1bc
[    5.703781] ---[ end trace 2f51b20954bf0a4a ]---
[    5.703788] gpu_cc-kalama 3d90000.clock-controller: sync-state
[    5.704760] msm_cam_smmu soc:qcom,cam_smmu:msm_cam_smmu_ife: Adding to iommu group 43
[    5.705323] msmdrm_smmu soc:qcom,smmu_sde_sec_cb: Adding to iommu group 44
[    5.705811] [drm] probing device qcom,smmu_sde_sec
[    5.705815] [drm] Created domain mdp_s, secure=1
[    5.707310] msm_cam_smmu soc:qcom,cam_smmu:msm_cam_smmu_jpeg: Adding to iommu group 45
[    5.707551] va-minidump: qcom_va_md_register: qcom va minidump driver is not initialized
[    5.707558] [drm:sde_dbg_init:2672] evtlog_status: enable:11, panic:1, dump:2
[    5.707601] msm_cam_smmu soc:qcom,cam_smmu:msm_cam_smmu_icp: Adding to iommu group 46
[    5.709246] msm_cam_smmu soc:qcom,cam_smmu:msm_cam_smmu_cdm: Adding to iommu group 47
[    5.709467] dsi_phy ae95000.qcom,mdss_dsi_phy0: supply gdsc not found, using dummy regulator
[    5.709594] [drm:dsi_pll_init [msm_drm]] [msm-dsi-info]: DSI_PLL_0: DSI pll label = dsi_pll_4nm
[    5.709912] dsi_pll_init: PLL base=00000000b0d1e052
[    5.710108] [drm:dsi_pll_clock_register_4nm [msm_drm]] [msm-dsi-info]: DSI_PLL_0: Registered clocks successfully
[    5.710299] [drm:dsi_phy_driver_probe [msm_drm]] [msm-dsi-info]: DSI_0: Probe successful
[    5.710555] dsi_phy ae97000.qcom,mdss_dsi_phy1: supply gdsc not found, using dummy regulator
[    5.710626] [drm:dsi_pll_init [msm_drm]] [msm-dsi-info]: DSI_PLL_0: DSI pll label = dsi_pll_4nm
[    5.710825] dsi_pll_init: PLL base=00000000eeccff70
[    5.710933] [drm:dsi_pll_clock_register_4nm [msm_drm]] [msm-dsi-info]: DSI_PLL_1: Registered clocks successfully
[    5.711130] [drm:dsi_phy_driver_probe [msm_drm]] [msm-dsi-info]: DSI_1: Probe successful
[    5.712125] [drm:dsi_ctrl_dev_probe [msm_drm]] [msm-dsi-info]: dsi-ctrl-0: Probe successful
[    5.712467] Failed to create system directory ipa
[    5.712581] kauditd_printk_skb: 587 callbacks suppressed
[    5.712585] audit: type=1400 audit(3534495.751:565): avc:  denied  { search } for  pid=710 comm="modprobe" name="events" dev="tracefs" ino=10397 scontext=u:r:vendor_modprobe:s0 tcontext=u:object_r:debugfs_libselinux_tracing:s0 tclass=dir permissive=0
[    5.712601] Failed to create system directory ipa
[    5.712606] audit: type=1400 audit(3534495.755:566): avc:  denied  { search } for  pid=710 comm="modprobe" name="events" dev="tracefs" ino=10397 scontext=u:r:vendor_modprobe:s0 tcontext=u:object_r:debugfs_libselinux_tracing:s0 tclass=dir permissive=0
[    5.712636] Failed to create system directory ipa
[    5.712639] audit: type=1400 audit(3534495.755:567): avc:  denied  { search } for  pid=710 comm="modprobe" name="events" dev="tracefs" ino=10397 scontext=u:r:vendor_modprobe:s0 tcontext=u:object_r:debugfs_libselinux_tracing:s0 tclass=dir permissive=0
[    5.712665] Failed to create system directory ipa
[    5.712668] audit: type=1400 audit(3534495.755:568): avc:  denied  { search } for  pid=710 comm="modprobe" name="events" dev="tracefs" ino=10397 scontext=u:r:vendor_modprobe:s0 tcontext=u:object_r:debugfs_libselinux_tracing:s0 tclass=dir permissive=0
[    5.712698] Failed to create system directory ipa
[    5.712700] audit: type=1400 audit(3534495.755:569): avc:  denied  { search } for  pid=710 comm="modprobe" name="events" dev="tracefs" ino=10397 scontext=u:r:vendor_modprobe:s0 tcontext=u:object_r:debugfs_libselinux_tracing:s0 tclass=dir permissive=0
[    5.712729] Failed to create system directory ipa
[    5.712757] Failed to create system directory ipa
[    5.712787] Failed to create system directory ipa
[    5.712814] Failed to create system directory ipa
[    5.712842] Failed to create system directory ipa
[    5.712871] Failed to create system directory ipa
[    5.712787] [drm:dsi_ctrl_dev_probe [msm_drm]] [msm-dsi-info]: dsi-ctrl-1: Probe successful
[    5.712900] Failed to create system directory ipa
[    5.712926] Failed to create system directory ipa
[    5.712956] Failed to create system directory ipa
[    5.712969] audit: type=1400 audit(3534495.755:570): avc:  denied  { search } for  pid=710 comm="modprobe" name="events" dev="tracefs" ino=10397 scontext=u:r:vendor_modprobe:s0 tcontext=u:object_r:debugfs_libselinux_tracing:s0 tclass=dir permissive=0
[    5.712975] audit: type=1400 audit(3534495.755:571): avc:  denied  { search } for  pid=710 comm="modprobe" name="events" dev="tracefs" ino=10397 scontext=u:r:vendor_modprobe:s0 tcontext=u:object_r:debugfs_libselinux_tracing:s0 tclass=dir permissive=0
[    5.712977] audit: type=1400 audit(3534495.755:572): avc:  denied  { search } for  pid=710 comm="modprobe" name="events" dev="tracefs" ino=10397 scontext=u:r:vendor_modprobe:s0 tcontext=u:object_r:debugfs_libselinux_tracing:s0 tclass=dir permissive=0
[    5.712979] audit: type=1400 audit(3534495.755:573): avc:  denied  { search } for  pid=710 comm="modprobe" name="events" dev="tracefs" ino=10397 scontext=u:r:vendor_modprobe:s0 tcontext=u:object_r:debugfs_libselinux_tracing:s0 tclass=dir permissive=0
[    5.712981] audit: type=1400 audit(3534495.755:574): avc:  denied  { search } for  pid=710 comm="modprobe" name="events" dev="tracefs" ino=10397 scontext=u:r:vendor_modprobe:s0 tcontext=u:object_r:debugfs_libselinux_tracing:s0 tclass=dir permissive=0
[    5.713001] Failed to create system directory ipa
[    5.713030] Failed to create system directory ipa
[    5.713058] Failed to create system directory ipa
[    5.714805] OF: graph: no port node found in /soc/qcom,dsi-display-primary
[    5.714904] RESET SEQ LENGTH = 8
[    5.715241] dsi_display_res_init: Panel Name = 1
[    5.716344] va-minidump: qcom_va_md_register: qcom va minidump driver is not initialized
[    5.716352] ipa ipa3_pre_init:9851 ipa mini qcom_va_md_register failed = -19
[    5.717176] ipa 3e00000.qcom,ipa:ipa_smmu_ap: Adding to iommu group 48
[    5.719210] ipa 3e00000.qcom,ipa:ipa_smmu_wlan: Adding to iommu group 49
[    5.719706] ipa 3e00000.qcom,ipa:ipa_smmu_uc: Adding to iommu group 50
[    5.720113] SPI driver qcom_eeprom has no spi_device_id for qcom,eeprom
[    5.720507] ipa 3e00000.qcom,ipa:ipa_smmu_11ad: Adding to iommu group 51
[    5.721412] ipa ipa_smmu_perph_cb_probe:10939 cb 2 is disabled
[    5.721431] ipa ipa_smmu_perph_cb_probe:10939 cb 5 is disabled
[    5.721434] ipa ipa_smmu_perph_cb_probe:10939 cb 6 is disabled
[    5.721487] ipa 3e00000.qcom,ipa: Direct firmware load for ipa_fws.mdt failed with error -2
[    5.721490] ipa 3e00000.qcom,ipa: Falling back to sysfs fallback for: ipa_fws.mdt
[    5.721744] va-minidump: qcom_va_md_register: qcom va minidump driver is not initialized
[    5.721750] CAM_ERR: CAM-UTIL: cam_common_register_mini_dump_cb: 255 Camera VA minidump register failed
[    5.721844] synx: registered bind ops type 0 for cam_sync
[    5.721847] cam_req_mgr soc:qcom,cam-req-mgr: bound soc:qcom,cam-sync (ops cam_sync_component_ops [camera])
[    5.722137] va-minidump: qcom_va_md_register: qcom va minidump driver is not initialized
[    5.722141] CAM_ERR: CAM-UTIL: cam_common_register_mini_dump_cb: 255 Camera VA minidump register failed
[    5.722144] cam_req_mgr soc:qcom,cam-req-mgr: bound soc:qcom,cam_smmu (ops cam_smmu_component_ops [camera])
[    5.722333] cam_req_mgr soc:qcom,cam-req-mgr: bound soc:qcom,cam_smmu:msm_cam_smmu_ife (ops cam_smmu_cb_component_ops [camera])
[    5.722500] cam_req_mgr soc:qcom,cam-req-mgr: bound soc:qcom,cam_smmu:msm_cam_smmu_jpeg (ops cam_smmu_cb_component_ops [camera])
[    5.722670] cam_req_mgr soc:qcom,cam-req-mgr: bound soc:qcom,cam_smmu:msm_cam_smmu_icp (ops cam_smmu_cb_component_ops [camera])
[    5.722827] cam_req_mgr soc:qcom,cam-req-mgr: bound soc:qcom,cam_smmu:msm_cam_smmu_cdm (ops cam_smmu_cb_component_ops [camera])
[    5.722979] cam_req_mgr soc:qcom,cam-req-mgr: bound soc:qcom,cam_smmu:msm_cam_smmu_secure (ops cam_smmu_cb_component_ops [camera])
[    5.723569] CAM_INFO: CAM-CPAS: cam_cpas_get_hw_features: 634 No or invalid fuse entries count: -22
[    5.725143] Failed to create system directory rndis_ipa
[    5.725242] Failed to create system directory rndis_ipa
[    5.725274] Failed to create system directory rndis_ipa
[    5.725500] RNDIS_IPA module is loaded.
[    5.726911] rmnet_ipa3 started initialization
[    5.727030] CAM_INFO: CAM-CPAS: cam_cpas_hw_get_hw_info: 2407 fuse info->num_fuses 0
[    5.727077] cam_req_mgr soc:qcom,cam-req-mgr: bound ac13000.qcom,cam-cpas (ops cam_cpas_dev_component_ops [camera])
[    5.727735] cam_req_mgr soc:qcom,cam-req-mgr: bound soc:qcom,cam-cdm-intf (ops cam_cdm_intf_component_ops [camera])
[    5.728854] CAM_WARN: CAM-CPAS: cam_cpas_hw_stop: 2199 Client=[26][rt-cdm][0] qchannel shut down while top gdsc is still on 1
[    5.729806] cam_req_mgr soc:qcom,cam-req-mgr: bound ac25000.qcom,rt-cdm0 (ops cam_hw_cdm_component_ops [camera])
[    5.729954] IPA clients manager init
[    5.729958] ipa_usb driver init
[    5.730023] ipa_usb registered successfully
[    5.730025] exit: IPA_USB init success!
[    5.730026] ipa_wdi3 registered successfully
[    5.730028] ipa_gsb registered successfully
[    5.730029] ipa_uc_offload registered successfully
[    5.730031] ipa_mhi registered successfully
[    5.730032] ipa_wigig registered successfully
[    5.730034] ipa_eth registered successfully
[    5.730036] ipa_qdss registered successfully
[    5.744407] CAM_ERR: CAM-CPAS: cam_cpastop_qchannel_handshake: 998 CPAS_START camnoc idle sequence failed, qstat 0x0
[    5.744436] CAM_WARN: CAM-CPAS: cam_cpas_hw_start: 2003 failed in qchannel_handshake rc=-22
[    5.744658] CAM_WARN: CAM-CPAS: cam_cpas_hw_stop: 2199 Client=[27][rt-cdm][1] qchannel shut down while top gdsc is still on 1
[    5.744929] cam_req_mgr soc:qcom,cam-req-mgr: bound ac26000.qcom,rt-cdm1 (ops cam_hw_cdm_component_ops [camera])
[    5.758873] CAM_ERR: CAM-CPAS: cam_cpastop_qchannel_handshake: 998 CPAS_START camnoc idle sequence failed, qstat 0x0
[    5.758897] CAM_WARN: CAM-CPAS: cam_cpas_hw_start: 2003 failed in qchannel_handshake rc=-22
[    5.759097] CAM_WARN: CAM-CPAS: cam_cpas_hw_stop: 2199 Client=[28][rt-cdm][2] qchannel shut down while top gdsc is still on 1
[    5.759385] cam_req_mgr soc:qcom,cam-req-mgr: bound ac27000.qcom,rt-cdm2 (ops cam_hw_cdm_component_ops [camera])
[    5.766021] Failed to create system directory wlan
[    5.766119] Failed to create system directory wlan
[    5.766152] Failed to create system directory wlan
[    5.766187] Failed to create system directory wlan
[    5.766218] Failed to create system directory wlan
[    5.766250] Failed to create system directory wlan
[    5.766285] Failed to create system directory wlan
[    5.766316] Failed to create system directory wlan
[    5.766345] Failed to create system directory wlan
[    5.766378] Failed to create system directory wlan
[    5.767194] wlan: Loading driver v5.2.1.45E +PANIC_ON_BUG; cld:I1f3a564864; cmn:Ic393d699a2; dev:kiwi_v2
[    5.767435] va-minidump: qcom_va_md_register: qcom va minidump driver is not initialized
[    5.767663] cnss: WLAN register driver deferred for Calibration
[    5.767727] wlan_hdd_state wlan major(470) initialized
[    5.773307] CAM_ERR: CAM-CPAS: cam_cpastop_qchannel_handshake: 998 CPAS_START camnoc idle sequence failed, qstat 0x0
[    5.773330] CAM_WARN: CAM-CPAS: cam_cpas_hw_start: 2003 failed in qchannel_handshake rc=-22
[    5.773524] CAM_WARN: CAM-CPAS: cam_cpas_hw_stop: 2199 Client=[29][rt-cdm][3] qchannel shut down while top gdsc is still on 1
[    5.773776] cam_req_mgr soc:qcom,cam-req-mgr: bound ac28000.qcom,rt-cdm3 (ops cam_hw_cdm_component_ops [camera])
[    5.787705] CAM_ERR: CAM-CPAS: cam_cpastop_qchannel_handshake: 998 CPAS_START camnoc idle sequence failed, qstat 0x0
[    5.787724] CAM_WARN: CAM-CPAS: cam_cpas_hw_start: 2003 failed in qchannel_handshake rc=-22
[    5.787905] CAM_WARN: CAM-CPAS: cam_cpas_hw_stop: 2199 Client=[30][rt-cdm][4] qchannel shut down while top gdsc is still on 1
[    5.788152] cam_req_mgr soc:qcom,cam-req-mgr: bound ac29000.qcom,rt-cdm4 (ops cam_hw_cdm_component_ops [camera])
[    5.788486] cam_req_mgr soc:qcom,cam-req-mgr: bound acb7000.qcom,csid0 (ops cam_ife_csid_component_ops [camera])
[    5.788777] cam_req_mgr soc:qcom,cam-req-mgr: bound acb9000.qcom,csid1 (ops cam_ife_csid_component_ops [camera])
[    5.789032] cam_req_mgr soc:qcom,cam-req-mgr: bound acbb000.qcom,csid2 (ops cam_ife_csid_component_ops [camera])
[    5.789305] cam_req_mgr soc:qcom,cam-req-mgr: bound acca000.qcom,csid-lite0 (ops cam_ife_csid_component_ops [camera])
[    5.789588] cam_req_mgr soc:qcom,cam-req-mgr: bound acce000.qcom,csid-lite1 (ops cam_ife_csid_component_ops [camera])
[    5.790079] cam_req_mgr soc:qcom,cam-req-mgr: bound ac62000.qcom,ife0 (ops cam_vfe_component_ops [camera])
[    5.790492] cam_req_mgr soc:qcom,cam-req-mgr: bound ac71000.qcom,ife1 (ops cam_vfe_component_ops [camera])
[    5.790841] cam_req_mgr soc:qcom,cam-req-mgr: bound ac80000.qcom,ife2 (ops cam_vfe_component_ops [camera])
[    5.791122] cam_req_mgr soc:qcom,cam-req-mgr: bound acca000.qcom,ife-lite0 (ops cam_vfe_component_ops [camera])
[    5.791381] cam_req_mgr soc:qcom,cam-req-mgr: bound acce000.qcom,ife-lite1 (ops cam_vfe_component_ops [camera])
[    5.791735] cam_req_mgr soc:qcom,cam-req-mgr: bound ac9e000.qcom,sfe0 (ops cam_sfe_component_ops [camera])
[    5.792078] cam_req_mgr soc:qcom,cam-req-mgr: bound aca6000.qcom,sfe1 (ops cam_sfe_component_ops [camera])
[    5.792263] CAM_ERR: CAM-ISP: cam_vfe_hw_init: 229 inval param
[    5.792266] CAM_ERR: CAM-ISP: cam_vfe_hw_init: 229 inval param
[    5.792267] CAM_ERR: CAM-ISP: cam_vfe_hw_init: 229 inval param
[    5.792330] va-minidump: qcom_va_md_register: qcom va minidump driver is not initialized
[    5.792335] CAM_ERR: CAM-UTIL: cam_common_register_mini_dump_cb: 255 Camera VA minidump register failed
[    5.792351] cam_req_mgr soc:qcom,cam-req-mgr: bound soc:qcom,cam-isp (ops cam_isp_dev_component_ops [camera])
[    5.792851] cam_req_mgr soc:qcom,cam-req-mgr: bound ac15000.qcom,cci0 (ops cam_cci_component_ops [camera])
[    5.793449] cam_req_mgr soc:qcom,cam-req-mgr: bound ac16000.qcom,cci1 (ops cam_cci_component_ops [camera])
[    5.793863] cam_req_mgr soc:qcom,cam-req-mgr: bound ac17000.qcom,cci2 (ops cam_cci_component_ops [camera])
[    5.794338] cam_req_mgr soc:qcom,cam-req-mgr: bound ace4000.qcom,csiphy0 (ops cam_csiphy_component_ops [camera])
[    5.794720] cam_req_mgr soc:qcom,cam-req-mgr: bound ace6000.qcom,csiphy1 (ops cam_csiphy_component_ops [camera])
[    5.795098] cam_req_mgr soc:qcom,cam-req-mgr: bound ace8000.qcom,csiphy2 (ops cam_csiphy_component_ops [camera])
[    5.795476] cam_req_mgr soc:qcom,cam-req-mgr: bound acea000.qcom,csiphy3 (ops cam_csiphy_component_ops [camera])
[    5.795848] cam_req_mgr soc:qcom,cam-req-mgr: bound acec000.qcom,csiphy4 (ops cam_csiphy_component_ops [camera])
[    5.796207] cam_req_mgr soc:qcom,cam-req-mgr: bound acee000.qcom,csiphy5 (ops cam_csiphy_component_ops [camera])
[    5.796587] cam_req_mgr soc:qcom,cam-req-mgr: bound acf0000.qcom,csiphy6 (ops cam_csiphy_component_ops [camera])
[    5.796950] cam_req_mgr soc:qcom,cam-req-mgr: bound acf2000.qcom,csiphy7 (ops cam_csiphy_component_ops [camera])
[    5.797288] cam_req_mgr soc:qcom,cam-req-mgr: bound ac01000.qcom,icp (ops cam_icp_v2_component_ops [camera])
[    5.797614] cam_req_mgr soc:qcom,cam-req-mgr: bound ac42000.qcom,ipe0 (ops cam_ipe_component_ops [camera])
[    5.797969] cam_req_mgr soc:qcom,cam-req-mgr: bound ac2c000.qcom,bps (ops cam_bps_component_ops [camera])
[    5.798894] va-minidump: qcom_va_md_register: qcom va minidump driver is not initialized
[    5.798899] CAM_ERR: CAM-UTIL: cam_common_register_mini_dump_cb: 255 Camera VA minidump register failed
[    5.798933] cam_req_mgr soc:qcom,cam-req-mgr: bound soc:qcom,cam-icp (ops cam_icp_component_ops [camera])
[    5.799289] cam_req_mgr soc:qcom,cam-req-mgr: bound ac2a000.qcom,jpegenc0 (ops cam_jpeg_enc_component_ops [camera])
[    5.799544] cam_req_mgr soc:qcom,cam-req-mgr: bound ac2b000.qcom,jpegdma0 (ops cam_jpeg_dma_component_ops [camera])
[    5.800013] va-minidump: qcom_va_md_register: qcom va minidump driver is not initialized
[    5.800017] CAM_ERR: CAM-UTIL: cam_common_register_mini_dump_cb: 255 Camera VA minidump register failed
[    5.800042] cam_req_mgr soc:qcom,cam-req-mgr: bound soc:qcom,cam-jpeg (ops cam_jpeg_dev_component_ops [camera])
[    5.800204] CAM_INFO: CAM-CRM: cam_req_mgr_component_master_bind: 1028 All components bound successfully, Spectra camera driver initialized
[    5.801024] msm_drm ae00000.qcom,mdss_mdp: bound af20000.qcom,sde_rscc (ops sde_rsc_comp_ops [msm_drm])
[    5.801409] msm_drm ae00000.qcom,mdss_mdp: bound soc:qcom,wb-display@1 (ops sde_wb_comp_ops [msm_drm])
[    5.801663] msm_drm ae00000.qcom,mdss_mdp: bound soc:qcom,wb-display@2 (ops sde_wb_comp_ops [msm_drm])
[    5.801937] msm_drm ae00000.qcom,mdss_mdp: bound ae90000.qcom,dp_display (ops dp_display_comp_ops [msm_drm])
[    5.802479] [drm:dsi_display_bind [msm_drm]] [msm-dsi-info]: Successfully bind display panel 'somc,1_panel '
[    5.802750] msm_drm ae00000.qcom,mdss_mdp: bound soc:qcom,dsi-display-primary (ops dsi_display_comp_ops [msm_drm])
[    5.803012] [drm] mapped mdp address space @0000000000000000
[    5.803798] [drm:_sde_kms_hw_init_blocks:4934] sde hardware revision:0x90000001
[    5.804521] [drm:dsi_panel_get_mode [msm_drm]] [msm-dsi-info]: default topology: lm: 2 comp_enc:2 intf: 2
[    5.804804] [drm:dsi_panel_get_mode [msm_drm]] [msm-dsi-info]: default topology: lm: 2 comp_enc:2 intf: 2
[    5.805034] [drm:dsi_panel_get_mode [msm_drm]] [msm-dsi-info]: default topology: lm: 2 comp_enc:2 intf: 2
[    5.805250] [drm:dsi_panel_get_mode [msm_drm]] [msm-dsi-info]: default topology: lm: 2 comp_enc:2 intf: 2
[    5.806231] [drm:dp_pll_get][msm-dp-info][752 ]revision=DP_PLL_4NM_V1_1, ssc_en=0, bonding_en=0
[    5.806741] [drm:dp_display_initialize_hdcp][msm-dp-info][752 ]HDCP 1.3 initialized
[    5.806853] [drm:dp_display_initialize_hdcp][msm-dp-info][752 ]HDCP 2.2 initialized
[    5.807011] [drm:dp_mst_init][msm-dp-info][752 ]dp drm mst topology manager init completed
[    5.807917] gh_msgq: Registered client for label: 2
[    5.809369] [drm] Initialized msm_drm 1.4.0 20130625 for ae00000.qcom,mdss_mdp on minor 0
[    5.809374] [drm] cont_splash enabled in 1 of 1 display(s)
[    5.809444] [drm:dsi_ctrl_isr_configure [msm_drm]] [msm-dsi-info]: dsi-ctrl-0: IRQ 381 registered
[    5.809679] [drm:dsi_ctrl_isr_configure [msm_drm]] [msm-dsi-info]: dsi-ctrl-1: IRQ 382 registered
[    5.810135] gcc-kalama 100000.clock-controller: sync-state
[    5.810328] tcsr_cc-kalama 1fc0000.clock-controller: sync-state
[    5.810336] disp_cc-kalama af00000.clock-controller: sync-state
[    5.814044] lxs_ts: SW82907 driver init - 0.01b-f1
[    5.814420] lxs_ts 2-0028: i2c: bus probe : a90000.i2c/i2c-2/2-0028
[    5.814433] lxs_ts 2-0028: pinctrl: not found
[    5.814469] lxs_ts 2-0028: build opt  : __LXS_SUPPORT_PINCTRL
[    5.814471] lxs_ts 2-0028: build opt  : __LXS_SUPPORT_OLED
[    5.814472] lxs_ts 2-0028: build opt  : __LXS_SUPPORT_LPWG
[    5.814473] lxs_ts 2-0028: build opt  : __LXS_SUPPORT_WATCHDOG
[    5.814474] lxs_ts 2-0028: chip type  : 0x0897
[    5.814475] lxs_ts 2-0028: chip class : 7601
[    5.814476] lxs_ts 2-0028: chip name  : SW82907
[    5.814477] lxs_ts 2-0028: drv name   : lxs_ts
[    5.814478] lxs_ts 2-0028: input name : lxs_ts_input
[    5.814479] lxs_ts 2-0028: max finger : 10
[    5.814480] lxs_ts 2-0028: mode bit   : 0x00000007
[    5.814481] lxs_ts 2-0028: tx_hdr     : 2
[    5.814482] lxs_ts 2-0028: rx_hdr     : 0
[    5.814483] lxs_ts 2-0028: tx_dummy   : 0
[    5.814484] lxs_ts 2-0028: rx_dummy   : 0
[    5.814485] lxs_ts 2-0028: LXS Touch Probe
[    5.814486] lxs_ts 2-0028: DTS parsing
[    5.814491] lxs_ts 2-0028: of gpio  : reset-gpio 325
[    5.814493] lxs_ts 2-0028: of gpio  : irq-gpio 326
[    5.814495] lxs_ts 2-0028: coord(dt): max_x 1644, max_y 3840
[    5.814496] lxs_ts 2-0028: coord(dt): zone's size not found
[    5.814497] lxs_ts 2-0028: coord(dt): zone's size - indicator:48, navigation:96, edge:60
[    5.814502] lxs_ts 2-0028: of_string : panel_spec sw82907_test_spec_v0.1.txt
[    5.814503] lxs_ts 2-0028: of_string : self_test sw82907_self_test.txt
[    5.814505] lxs_ts 2-0028: pt(dt): pt_open_cmp 4800 8192
[    5.814506] lxs_ts 2-0028: pt(dt): pt_short_gnd_cmp 6500 8192
[    5.814508] lxs_ts 2-0028: pt(dt): pt_short_trx_cmp 6500 8192
[    5.814509] lxs_ts 2-0028: pt(dt): pt_short_vdd_cmp 0 5200
[    5.814510] lxs_ts 2-0028: pt(dt): pt_sync_v_cmp 57 63
[    5.814511] lxs_ts 2-0028: DTS parsing done
[    5.814512] lxs_ts 2-0028:  max_x           = 1644
[    5.814514] lxs_ts 2-0028:  max_y           = 3840
[    5.814515] lxs_ts 2-0028:  use_lpwg        = 1
[    5.814515] lxs_ts 2-0028:  use_firmware    = 1
[    5.814516] lxs_ts 2-0028:  use_fw_upgrade  = 1
[    5.814517] lxs_ts 2-0028:  use_fw_ver_diff = 1
[    5.814593] lxs_ts 2-0028: gpio_irq: gpio_request_one(326, 1, lxs_gpio_irq)
[    5.814595] lxs_ts 2-0028: input cfg status : __LXS_CONFIG_INPUT_ANDROID
[    5.814626] input: lxs_ts_input as /devices/virtual/input/input4
[    5.814644] lxs_ts 2-0028: input device[input4, i2c-2/2-0028/lxs_ts_input] registered
[    5.814645] lxs_ts 2-0028: input finger: x 1644, y 3840, press 255, width 15, orient 90, t 0
[    5.814664] lxs_ts 2-0028: sysfs initialized
[    5.815577] init: Service 'exec 3 (/vendor/bin/modprobe -a -d /vendor/lib/modules/ lxs_touchscreen)' (pid 891) exited with status 0 waiting took 3.954000 seconds
[    5.815585] init: Sending signal 9 to service 'exec 3 (/vendor/bin/modprobe -a -d /vendor/lib/modules/ lxs_touchscreen)' (pid 891) process group...
[    5.815707] libprocessgroup: Removed cgroup /sys/fs/cgroup/uid_0/pid_891
[    5.815919] init: starting service 'exec 4 (/vendor/bin/modprobe -a -d /vendor/lib/modules/ et603-int)'...
[    5.816950] init: ... started service 'exec 4 (/vendor/bin/modprobe -a -d /vendor/lib/modules/ et603-int)' has pid 986
[    5.816961] init: SVC_EXEC service 'exec 4 (/vendor/bin/modprobe -a -d /vendor/lib/modules/ et603-int)' pid 986 (uid 0 gid 0+0 context u:r:vendor_modprobe:s0) started; waiting...
[    5.819586] init: Service 'vendor.modprobe' (pid 316) exited with status 0 oneshot service took 4.653000 seconds in background
[    5.819593] init: Sending signal 9 to service 'vendor.modprobe' (pid 316) process group...
[    5.819670] libprocessgroup: Removed cgroup /sys/fs/cgroup/uid_0/pid_316
[    5.821687] init: Service 'exec 4 (/vendor/bin/modprobe -a -d /vendor/lib/modules/ et603-int)' (pid 986) exited with status 0 waiting took 0.005000 seconds
[    5.846301] servicemanager: Starting sm instance on /dev/binder
[    5.846625] logd: libprocessgroup: JoinCgroup: controller schedtune is not found
[    5.849585] SELinux: Multiple same specifications for vendor.qti.gnss.ILocAidlGnss/default.
[    5.850120] SELinux: SELinux: Loaded service context from:
[    5.850132] SELinux: 		/system/etc/selinux/plat_service_contexts
[    5.850136] SELinux: 		/system_ext/etc/selinux/system_ext_service_contexts
[    5.850140] SELinux: 		/product/etc/selinux/product_service_contexts
[    5.850143] SELinux: 		/vendor/etc/selinux/vendor_service_contexts
[    5.859511] init: wait for '/dev/block/platform/soc/1d84000.ufshc' took 0ms
[    5.875626] cutils-trace: Error opening trace file: No such file or directory (2)
[    5.875754] SELinux: avc:  denied  { find } for pid=988 uid=1069 name=vendor.qti.hardware.perf2.IPerf/default scontext=u:r:lmkd:s0 tcontext=u:object_r:default_android_service:s0 tclass=service_manager permissive=0
[    5.878635] SELinux: avc:  denied  { find } for pid=988 uid=1069 name=vendor.qti.hardware.perf2.IPerf/default scontext=u:r:lmkd:s0 tcontext=u:object_r:default_android_service:s0 tclass=service_manager permissive=0
[    5.913394] modprobe: Loading module /vendor/lib/modules/slg51000-regulator.ko with args ''
[    5.915670] slg51000-regulator 0-0075: supply vdd not found, using dummy regulator
[    5.928766] slg51000_a_ldo3: supplied by regulator-dummy
[    5.929584] slg51000_a_ldo4: supplied by regulator-dummy
[    5.930634] slg51000_a_ldo5: supplied by regulator-dummy
[    5.931744] slg51000_a_ldo6: supplied by regulator-dummy
[    5.932899] slg51000_a_ldo7: supplied by cam_pmic0_vin7_supply
[    5.933149] slg51000-regulator 0-0075: No IRQ configured
[    5.933495] modprobe: Loaded kernel module /vendor/lib/modules/slg51000-regulator.ko
[    5.933606] modprobe: Loading module /vendor/lib/modules/qcom_glink.ko with args ''
[    5.933828] modprobe: Loading module /vendor/lib/modules/qcom_glink_smem.ko with args ''
[    5.933892] modprobe: Loading module /vendor/lib/modules/qcom_smd.ko with args ''
[    5.933973] modprobe: Loading module /vendor/lib/modules/rproc_qcom_common.ko with args ''
[    5.934083] modprobe: Loading module /vendor/lib/modules/qmi_helpers.ko with args ''
[    5.934173] modprobe: Loading module /vendor/lib/modules/pdr_interface.ko with args ''
[    5.934545] modprobe: Loading module /vendor/lib/modules/panel_event_notifier.ko with args ''
[    5.934605] modprobe: Loading module /vendor/lib/modules/qcom_va_minidump.ko with args ''
[    5.943479] SPI driver sony_camera_spi_subdev has no spi_device_id for sony,camera_subdev
[    5.945729] cs40l2x 3-0040: Direct firmware load for cs40l20.bin failed with error -2
[    5.945734] cs40l2x 3-0040: Falling back to sysfs fallback for: cs40l20.bin
[    5.945775] cs40l2x 3-0040: Direct firmware load for cs40l25a_a2h.bin failed with error -2
[    5.945777] cs40l2x 3-0040: Falling back to sysfs fallback for: cs40l25a_a2h.bin
[    5.945799] cs40l2x 3-0040: Direct firmware load for cs40l25a_f0.bin failed with error -2
[    5.945800] cs40l2x 3-0040: Falling back to sysfs fallback for: cs40l25a_f0.bin
[    5.992888] cam_cc-kalama ade0000.clock-controller: sync-state
[    6.013359] printk: modprobe: 9 output lines suppressed due to ratelimiting
[    6.014554] init: wait for '/dev/block/bootdevice/by-name/TA' took 0ms
[    6.016143] ueventd: firmware: loading 'ipa_fws.mdt' for '/devices/platform/soc/3e00000.qcom,ipa/firmware/ipa_fws.mdt'
[    6.034494] EXT4-fs (sda3): Ignoring removed nomblk_io_submit option
[    6.035874] EXT4-fs (sda3): mounted filesystem with ordered data mode. Opts: errors=remount-ro,nomblk_io_submit. Quota mode: none.
[    6.045098] e2fsck: e2fsck 1.46.6 (1-Feb-2023)
[    6.046151] e2fsck: /dev/block/bootdevice/by-name/persist: clean, 422/8192 files, 1830/8192 blocks
[    6.047878] EXT4-fs (sda3): mounted filesystem with ordered data mode. Opts: barrier=1,discard. Quota mode: none.
[    6.049978] EXT4-fs (sda67): mounted filesystem with ordered data mode. Opts: barrier=1. Quota mode: none.
[    6.057792] EXT4-fs (sda54): Ignoring removed nomblk_io_submit option
[    6.059083] EXT4-fs (sda54): mounted filesystem with ordered data mode. Opts: errors=remount-ro,nomblk_io_submit. Quota mode: none.
[    6.063606] e2fsck: e2fsck 1.46.6 (1-Feb-2023)
[    6.064946] e2fsck: /dev/block/bootdevice/by-name/appslog: clean, 659/4096 files, 3467/4096 blocks
[    6.066815] EXT4-fs (sda54): mounted filesystem with ordered data mode. Opts: barrier=1,discard. Quota mode: none.
[    6.067308] EXT4-fs (sda55): Ignoring removed nomblk_io_submit option
[    6.068057] EXT4-fs (sda55): mounted filesystem with ordered data mode. Opts: errors=remount-ro,nomblk_io_submit. Quota mode: none.
[    6.072178] e2fsck: e2fsck 1.46.6 (1-Feb-2023)
[    6.072953] e2fsck: /dev/block/bootdevice/by-name/diag: clean, 35/8192 files, 2077/8192 blocks
[    6.074097] EXT4-fs (sda55): mounted filesystem with ordered data mode. Opts: barrier=1,discard. Quota mode: none.
[    6.083494] vdc: Waited 0ms for vold
[    6.116517] ueventd: found /vendor/firmware_mnt/image/ipa_fws.mdt for /devices/platform/soc/3e00000.qcom,ipa/firmware/ipa_fws.mdt
[    6.116802] ueventd: loading /devices/platform/soc/3e00000.qcom,ipa/firmware/ipa_fws.mdt took 100ms
[    6.116858] ipa ipa3_ioctl:2858 IPA not ready, waiting for init completion
[    6.118150] ipa 3e00000.qcom,ipa: Direct firmware load for ipa_fws.b04 failed with error -2
[    6.118155] ipa 3e00000.qcom,ipa: Falling back to sysfs fallback for: ipa_fws.b04
[    6.144761] vdc: Waited 0ms for vold
[    6.161598] vdc: Waited 0ms for vold
[    6.186372] ueventd: firmware: loading 'cs40l20.bin' for '/devices/platform/soc/8c0000.qcom,qupv3_2_geni_se/888000.i2c/i2c-3/3-0040/firmware/cs40l20.bin'
[    6.186724] ueventd: found /vendor/firmware/cs40l20.bin for /devices/platform/soc/8c0000.qcom,qupv3_2_geni_se/888000.i2c/i2c-3/3-0040/firmware/cs40l20.bin
[    6.186976] ueventd: loading /devices/platform/soc/8c0000.qcom,qupv3_2_geni_se/888000.i2c/i2c-3/3-0040/firmware/cs40l20.bin took 0ms
[    6.186999] cs40l2x 3-0040: Wave 000 (Type: 0x0c, Flags: 0x0000, Index:     61, Size:    7, Data: 0xc00000)
[    6.187005] cs40l2x 3-0040: Wave 001 (Type: 0x08, Flags: 0x0000, Index:     68, Size:   24, Data: 0x800042)
[    6.187007] cs40l2x 3-0040: Wave 002 (Type: 0x0a, Flags: 0x0000, Index:     92, Size:    6, Data: 0x8000e2)
[    6.187009] cs40l2x 3-0040: Wave 003 (Type: 0x08, Flags: 0x0000, Index:     98, Size:   27, Data: 0x80004b)
[    6.187011] cs40l2x 3-0040: Wave 004 (Type: 0x08, Flags: 0x0000, Index:    125, Size:   24, Data: 0x800042)
[    6.187013] cs40l2x 3-0040: Wave 005 (Type: 0x08, Flags: 0x0000, Index:    149, Size:   25, Data: 0x800045)
[    6.187014] cs40l2x 3-0040: Wave 006 (Type: 0x08, Flags: 0x0000, Index:    174, Size:   25, Data: 0x800045)
[    6.187016] cs40l2x 3-0040: Wave 007 (Type: 0x0c, Flags: 0x0000, Index:    199, Size:    9, Data: 0x800038)
[    6.187017] cs40l2x 3-0040: Wave 008 (Type: 0x0c, Flags: 0x0000, Index:    208, Size:    9, Data: 0x800048)
[    6.187019] cs40l2x 3-0040: Wave 009 (Type: 0x0a, Flags: 0x0000, Index:    217, Size:    6, Data: 0x8000e2)
[    6.187020] cs40l2x 3-0040: Wave 010 (Type: 0x0a, Flags: 0x0000, Index:    223, Size:    6, Data: 0x8000e2)
[    6.187022] cs40l2x 3-0040: Wave 011 (Type: 0x0c, Flags: 0x0000, Index:    229, Size:   13, Data: 0x8000c0)
[    6.187023] cs40l2x 3-0040: Wave 012 (Type: 0x0a, Flags: 0x0000, Index:    242, Size:    4, Data: 0x800042)
[    6.187025] cs40l2x 3-0040: Wave 013 (Type: 0x0a, Flags: 0x0000, Index:    246, Size:    6, Data: 0x800100)
[    6.187026] cs40l2x 3-0040: Wave 014 (Type: 0x0c, Flags: 0x0000, Index:    252, Size:   11, Data: 0x80016e)
[    6.187028] cs40l2x 3-0040: Wave 015 (Type: 0x0c, Flags: 0x0000, Index:    263, Size:   11, Data: 0x800160)
[    6.187029] cs40l2x 3-0040: Wave 016 (Type: 0x0c, Flags: 0x0000, Index:    274, Size:   13, Data: 0x800098)
[    6.187031] cs40l2x 3-0040: Wave 017 (Type: 0x0c, Flags: 0x0000, Index:    287, Size:    7, Data: 0x800060)
[    6.187032] cs40l2x 3-0040: Wave 018 (Type: 0x0a, Flags: 0x0000, Index:    294, Size:   10, Data: 0x82c400)
[    6.187034] cs40l2x 3-0040: Wave 019 (Type: 0x0a, Flags: 0x0000, Index:    304, Size:    8, Data: 0x800462)
[    6.187674] ueventd: firmware: loading 'cs40l25a_a2h.bin' for '/devices/platform/soc/8c0000.qcom,qupv3_2_geni_se/888000.i2c/i2c-3/3-0040/firmware/cs40l25a_a2h.bin'
[    6.187836] ueventd: found /vendor/firmware/cs40l25a_a2h.bin for /devices/platform/soc/8c0000.qcom,qupv3_2_geni_se/888000.i2c/i2c-3/3-0040/firmware/cs40l25a_a2h.bin
[    6.188113] ueventd: loading /devices/platform/soc/8c0000.qcom,qupv3_2_geni_se/888000.i2c/i2c-3/3-0040/firmware/cs40l25a_a2h.bin took 0ms
[    6.188733] ueventd: firmware: loading 'cs40l25a_f0.bin' for '/devices/platform/soc/8c0000.qcom,qupv3_2_geni_se/888000.i2c/i2c-3/3-0040/firmware/cs40l25a_f0.bin'
[    6.204318] tmecom-qmp-client soc:qcom,tmecom-qmp-client: response received
[    6.223778] fsck.f2fs: Info: Automatic fix mode enabled.
[    6.224366] fsck.f2fs: Info: not exist /proc/version!
[    6.225848] fsck.f2fs: Info: MKFS version
[    6.225854] fsck.f2fs:   "6.1.163-186.299.amzn2023.x86_64"
[    6.225856] fsck.f2fs: Info: FSCK version
[    6.225858] fsck.f2fs:   from "5.15.189-android13-8-00016-g51bba4309aac-ab14546557"
[    6.225860] fsck.f2fs:     to "5.15.189-android13-8-00016-g51bba4309aac-ab14546557"
[    6.225861] fsck.f2fs: Info: superblock features = 1499 :  encrypt extra_attr project_quota quota verity casefold
[    6.225863] fsck.f2fs: Info: superblock encrypt level = 0, salt = 00000000000000000000000000000000
[    6.225864] fsck.f2fs: Info: checkpoint stop reason: shutdown(167) 
[    6.334031] F2FS-fs (dm-54): Using encoding defined by superblock: utf8-12.1.0 with flags 0x0
[    6.391138] gh_secure_vm_loader soc:gh-secure-vm-loader@2: Direct firmware load for cpusys_vm.mdt failed with error -2
[    6.391146] gh_secure_vm_loader soc:gh-secure-vm-loader@2: Falling back to sysfs fallback for: cpusys_vm.mdt
[    6.396158] gh_secure_vm_loader soc:gh-secure-vm-loader@2: Direct firmware load for cpusys_vm.b03 failed with error -2
[    6.396164] gh_secure_vm_loader soc:gh-secure-vm-loader@2: Falling back to sysfs fallback for: cpusys_vm.b03
[    6.397799] F2FS-fs (dm-54): Mounted with checkpoint version = 77c4123a
[    6.399018] gh_secure_vm_loader soc:gh-secure-vm-loader@2: Direct firmware load for cpusys_vm.b01 failed with error -2
[    6.399021] gh_secure_vm_loader soc:gh-secure-vm-loader@2: Falling back to sysfs fallback for: cpusys_vm.b01
[    6.403961] gh_secure_vm_loader soc:gh-secure-vm-loader@2: Direct firmware load for cpusys_vm.b02 failed with error -2
[    6.403965] gh_secure_vm_loader soc:gh-secure-vm-loader@2: Falling back to sysfs fallback for: cpusys_vm.b02
[    6.409631] ipa 3e00000.qcom,ipa: Direct firmware load for ipa_fws.b01 failed with error -2
[    6.409635] ipa 3e00000.qcom,ipa: Falling back to sysfs fallback for: ipa_fws.b01
[    6.411959] ipa 3e00000.qcom,ipa: Direct firmware load for ipa_fws.b02 failed with error -2
[    6.411962] ipa 3e00000.qcom,ipa: Falling back to sysfs fallback for: ipa_fws.b02
[    6.414840] ipa 3e00000.qcom,ipa: Direct firmware load for ipa_fws.b03 failed with error -2
[    6.414844] ipa 3e00000.qcom,ipa: Falling back to sysfs fallback for: ipa_fws.b03
[    6.420407] vdc: Waited 0ms for vold
[    6.425534] vdc: Waited 0ms for vold
[    6.450964] IPA FW loaded successfully
[    6.451014] gunyah: VM: 50 status 2 complete
[    6.451145] gh_proxy_sched: Skip populating VCPU affinity info for VM=50
[    6.451147] gh_proxy_sched: Skip populating VCPU affinity info for VM=50
[    6.451148] gh_proxy_sched: Skip populating VCPU affinity info for VM=50
[    6.451148] gh_proxy_sched: Skip populating VCPU affinity info for VM=50
[    6.451149] gh_proxy_sched: Skip populating VCPU affinity info for VM=50
[    6.451150] gh_proxy_sched: Skip populating VCPU affinity info for VM=50
[    6.451151] gh_proxy_sched: Skip populating VCPU affinity info for VM=50
[    6.451152] gh_proxy_sched: Skip populating VCPU affinity info for VM=50
[    6.451153] gh_proxy_sched: Proxy Scheduling isn't supported for VM=50
[    6.451683] gsi soc:qcom,msm_gsi: gsi_register_device:1548 GSI irq is wake enabled 242
[    6.454901] gunyah: VM:50 started running
[    6.457223] ipa ipa3_rmnet_ctl_register_pm_client:739 rmnet_ctl register done
[    6.457248] ipa ipa3_rmnet_ll_register_pm_client:964 rmnet_ll register done
[    6.457261] rmnet_ipa3 started initialization
[    6.457264] IPA SSR support = True
[    6.457266] IPA SG support = True
[    6.457267] IPA Napi Enable = True
[    6.457268] using default for wan-rx-desc-size = 256
[    6.457283] IPA driver is now in ready state
[    6.457374] ipa-lnx-stats ipa_spearhead_stats_ioctl_init:1921 IPA ipa_lnx_stats_ioctl major(464) initial ok :>>>>
[    6.457379] ipa-lnx-stats ipa_spearhead_stats_init:1949 IPA_LNX_STATS_IOCTL init success
[    6.457392] IPA driver initialization was successful.
[    6.457465] ipa-wan ipa3_wwan_register_netdev_pm_client:3497 rmnet_ipa%d register done
[    6.457634] ipa-wan ipa3_wwan_probe:3692 rmnet_ipa completed initialization
[    6.556742] gsi soc:qcom,msm_gsi: gsi_stop_channel:3615 chan=14 busy try again
[    6.557372] fscrypt: AES-256-CTS-CBC using implementation "cts-cbc-aes-ce"
[    6.579765] vdc: Waited 0ms for vold
[    6.608098] vold: keystore2 Keystore earlyBootEnded returned service specific error: -68
[    6.620678] logd: logd reinit
[    6.621000] logd: FrameworkListener: read() failed (Connection reset by peer)
[    6.621550] apexd: Started. subcommand = (null)
[    6.622133] apexd: Scanning /system/apex for pre-installed ApexFiles
[    6.622210] apexd: Found pre-installed APEX /system/apex/com.android.profiling.capex
[    6.622298] apexd: Found pre-installed APEX /system/apex/com.android.nfcservices.apex
[    6.622399] apexd: Found pre-installed APEX /system/apex/com.google.android.scheduling_compressed.apex
[    6.622434] apexd: Found pre-installed APEX /system/apex/com.google.android.extservices_tplus_compressed.apex
[    6.622465] apexd: Found pre-installed APEX /system/apex/com.android.devicelock.apex
[    6.622499] apexd: Found pre-installed APEX /system/apex/com.android.btservices.apex
[    6.622538] apexd: Found pre-installed APEX /system/apex/com.google.android.healthfitness_compressed.apex
[    6.622565] apexd: Found pre-installed APEX /system/apex/com.google.android.sdkext_compressed.apex
[    6.664304] loop4: detected capacity change from 0 to 536
[    6.665169] loop5: detected capacity change from 0 to 47368
[    6.665398] loop6: detected capacity change from 0 to 23784
[    6.665976] loop7: detected capacity change from 0 to 84008
[    6.666268] loop8: detected capacity change from 0 to 12208
[    6.667348] loop9: detected capacity change from 0 to 44024
[    6.669058] loop10: detected capacity change from 0 to 9104
[    6.669647] loop11: detected capacity change from 0 to 688
[    6.669927] loop12: detected capacity change from 0 to 16288
[    6.670176] loop13: detected capacity change from 0 to 704
[    6.670524] loop14: detected capacity change from 0 to 34104
[    6.672060] loop15: detected capacity change from 0 to 2360
[    6.672334] loop16: detected capacity change from 0 to 21824
[    6.673050] loop17: detected capacity change from 0 to 223928
[    6.673669] loop18: detected capacity change from 0 to 1688
[    6.674409] loop19: detected capacity change from 0 to 59640
[    6.674806] loop20: detected capacity change from 0 to 16136
[    6.676401] loop21: detected capacity change from 0 to 12520
[    6.676701] loop22: detected capacity change from 0 to 89280
[    6.677016] loop23: detected capacity change from 0 to 37944
[    6.677301] loop24: detected capacity change from 0 to 43656
[    6.679288] loop25: detected capacity change from 0 to 11552
[    6.679516] loop26: detected capacity change from 0 to 536
[    6.679831] loop27: detected capacity change from 0 to 28952
[    6.680070] loop28: detected capacity change from 0 to 1760
[    6.683419] loop29: detected capacity change from 0 to 3008
[    6.683673] loop30: detected capacity change from 0 to 7128
[    6.683960] loop31: detected capacity change from 0 to 15040
[    6.684260] loop32: detected capacity change from 0 to 9112
[    6.685149] loop33: detected capacity change from 0 to 72248
[    6.685796] device-mapper: verity: sha256 using implementation "sha256-ce"
[    6.686019] loop34: detected capacity change from 0 to 92824
[    6.686021] device-mapper: verity: sha256 using implementation "sha256-ce"
[    6.686725] loop35: detected capacity change from 0 to 528
[    6.686781] device-mapper: verity: sha256 using implementation "sha256-ce"
[    6.686812] device-mapper: verity: sha256 using implementation "sha256-ce"
[    6.686856] device-mapper: verity: sha256 using implementation "sha256-ce"
[    6.687156] loop36: detected capacity change from 0 to 4440
[    6.687441] loop37: detected capacity change from 0 to 81784
[    6.687477] EXT4-fs (loop11): mounted filesystem without journal. Opts: (null). Quota mode: none.
[    6.688604] EXT4-fs (loop8): mounted filesystem without journal. Opts: (null). Quota mode: none.
[    6.690895] device-mapper: verity: sha256 using implementation "sha256-ce"
[    6.690898] device-mapper: verity: sha256 using implementation "sha256-ce"
[    6.690974] device-mapper: verity: sha256 using implementation "sha256-ce"
[    6.691063] EXT4-fs (loop17): mounted filesystem without journal. Opts: (null). Quota mode: none.
[    6.691216] EXT4-fs (dm-53): mounted filesystem without journal. Opts: (null). Quota mode: none.
[    6.691237] device-mapper: verity: sha256 using implementation "sha256-ce"
[    6.691244] EXT4-fs (loop16): mounted filesystem without journal. Opts: (null). Quota mode: none.
[    6.692188] loop38: detected capacity change from 0 to 77872
[    6.692680] EXT4-fs (dm-51): mounted filesystem without journal. Opts: (null). Quota mode: none.
[    6.692866] EXT4-fs (dm-44): mounted filesystem without journal. Opts: (null). Quota mode: none.
[    6.692895] EXT4-fs (dm-50): mounted filesystem without journal. Opts: (null). Quota mode: none.
[    6.693017] EXT4-fs (dm-43): mounted filesystem without journal. Opts: (null). Quota mode: none.
[    6.693586] loop39: detected capacity change from 0 to 68632
[    6.693798] loop40: detected capacity change from 0 to 81584
[    6.693826] EXT4-fs (loop13): mounted filesystem without journal. Opts: (null). Quota mode: none.
[    6.694087] device-mapper: verity: sha256 using implementation "sha256-ce"
[    6.694262] loop41: detected capacity change from 0 to 1280
[    6.694966] device-mapper: verity: sha256 using implementation "sha256-ce"
[    6.694966] EXT4-fs (dm-42): mounted filesystem without journal. Opts: (null). Quota mode: none.
[    6.695108] device-mapper: verity: sha256 using implementation "sha256-ce"
[    6.695188] EXT4-fs (dm-35): mounted filesystem without journal. Opts: (null). Quota mode: none.
[    6.696812] EXT4-fs (dm-39): mounted filesystem without journal. Opts: (null). Quota mode: none.
[    6.700308] EXT4-fs (dm-45): mounted filesystem without journal. Opts: (null). Quota mode: none.
[    6.700973] device-mapper: verity: sha256 using implementation "sha256-ce"
[    6.701444] device-mapper: verity: sha256 using implementation "sha256-ce"
[    6.701923] EXT4-fs (loop26): mounted filesystem without journal. Opts: (null). Quota mode: none.
[    6.702859] EXT4-fs (dm-33): mounted filesystem without journal. Opts: (null). Quota mode: none.
[    6.703169] device-mapper: verity: sha256 using implementation "sha256-ce"
[    6.703230] device-mapper: verity: sha256 using implementation "sha256-ce"
[    6.703464] device-mapper: verity: sha256 using implementation "sha256-ce"
[    6.703612] device-mapper: verity: sha256 using implementation "sha256-ce"
[    6.703971] EXT4-fs (dm-34): mounted filesystem without journal. Opts: (null). Quota mode: none.
[    6.704217] EXT4-fs (loop24): mounted filesystem without journal. Opts: (null). Quota mode: none.
[    6.704225] EXT4-fs (dm-36): mounted filesystem without journal. Opts: (null). Quota mode: none.
[    6.707272] EXT4-fs (dm-27): mounted filesystem without journal. Opts: (null). Quota mode: none.
[    6.707369] EXT4-fs (dm-38): mounted filesystem without journal. Opts: (null). Quota mode: none.
[    6.707414] EXT4-fs (dm-31): mounted filesystem without journal. Opts: (null). Quota mode: none.
[    6.707515] EXT4-fs (dm-48): mounted filesystem without journal. Opts: (null). Quota mode: none.
[    6.709024] device-mapper: verity: sha256 using implementation "sha256-ce"
[    6.709032] EXT4-fs (dm-28): mounted filesystem without journal. Opts: (null). Quota mode: none.
[    6.709106] device-mapper: verity: sha256 using implementation "sha256-ce"
[    6.709238] device-mapper: verity: sha256 using implementation "sha256-ce"
[    6.711976] EXT4-fs (dm-37): mounted filesystem without journal. Opts: (null). Quota mode: none.
[    6.712485] EXT4-fs (dm-24): mounted filesystem without journal. Opts: (null). Quota mode: none.
[    6.712738] EXT4-fs (dm-25): mounted filesystem without journal. Opts: (null). Quota mode: none.
[    6.713079] EXT4-fs (dm-26): mounted filesystem without journal. Opts: (null). Quota mode: none.
[    6.721444] device-mapper: verity: sha256 using implementation "sha256-ce"
[    6.722152] EXT4-fs (dm-22): mounted filesystem without journal. Opts: (null). Quota mode: none.
[    6.733561] device-mapper: verity: sha256 using implementation "sha256-ce"
[    6.733662] device-mapper: verity: sha256 using implementation "sha256-ce"
[    6.734711] EXT4-fs (loop36): mounted filesystem without journal. Opts: (null). Quota mode: none.
[    6.734740] EXT4-fs (loop40): mounted filesystem without journal. Opts: (null). Quota mode: none.
[    6.734964] EXT4-fs (loop38): mounted filesystem without journal. Opts: (null). Quota mode: none.
[    6.735322] EXT4-fs (loop37): mounted filesystem without journal. Opts: (null). Quota mode: none.
[    6.735326] EXT4-fs (dm-17): mounted filesystem without journal. Opts: (null). Quota mode: none.
[    6.735650] EXT4-fs (dm-18): mounted filesystem without journal. Opts: (null). Quota mode: none.
[    6.741237] device-mapper: verity: sha256 using implementation "sha256-ce"
[    6.742218] device-mapper: verity: sha256 using implementation "sha256-ce"
[    6.742747] EXT4-fs (loop34): mounted filesystem without journal. Opts: (null). Quota mode: none.
[    6.742991] EXT4-fs (dm-29): mounted filesystem without journal. Opts: (null). Quota mode: none.
[    6.743740] EXT4-fs (dm-21): mounted filesystem without journal. Opts: (null). Quota mode: none.
[    6.776112] linkerconfig: Failed to open file /system/etc/vndkcorevariant.libraries.txt: No such file or directory
[    6.804609] vdc: Waited 0ms for vold
[    6.950936] fs-verity: sha256 using implementation "sha256-ce"
[    7.092475] apexd: Started. subcommand = --snapshotde
[    7.092942] apexd-snapshotde: Marking APEXd as ready
[    7.112144] Mass Storage Function, version: 2009/09/11
[    7.112147] LUN: removable file: (no medium)
[    7.113789] file system registered
[    7.114765] f_cdev_alloc: port_name:at_usb0 (0000000000000000) portno:(0)
[    7.115296] f_cdev_alloc: port_name:at_usb1 (0000000000000000) portno:(1)
[    7.115808] f_cdev_alloc: port_name:at_usb2 (0000000000000000) portno:(2)
[    7.118203] using random self ethernet address
[    7.118205] using random host ethernet address
[    7.243653] cnss: File system is ready, fs_ready is 1, count is 1
[    7.243661] cnss: Posting event: COLD_BOOT_CAL_START(5), state: 0x2c00000 flags: 0x0
[    7.243665] cnss: PM stay awake, state: 0x2c00000, count: 1
[    7.243675] cnss: PM relax, state: 0x2c00000, count: 0
[    7.243679] cnss: PM stay awake, state: 0x2c00000, count: 1
[    7.243686] cnss: Processing driver event: COLD_BOOT_CAL_START(5), state: 0x2c00000
[    7.243689] cnss: Restarting calibration 130s timeout
[    7.243698] cnss: FW name added with prefix: kiwi/amss20.bin
[    7.243700] cnss: FW name added with prefix: kiwi/amss20.bin
[    7.243701] cnss: FW name is kiwi/amss20.bin, FW fallback name is kiwi/amss20.bin
[    7.243703] cnss: New driver mode is 0
[    7.243705] cnss: Regulator vdd-wlan-io is being enabled
[    7.243710] cnss: Regulator vdd-wlan is being enabled
[    7.243881] cnss: Regulator vdd-wlan-aon is being enabled
[    7.244029] cnss: Regulator vdd-wlan-dig is being enabled
[    7.244116] cnss: Regulator vdd-wlan-rfa1 is being enabled
[    7.244206] cnss: Regulator vdd-wlan-rfa2 is being enabled
[    7.245285] cnss: WLAN_EN Value: 1
[    7.245289] cnss: Assert WLAN_EN GPIO successfully
[    7.245292] cnss: Resuming PCI link
[    7.245317] msm_pcie_enable: PCIe: Assert the reset of endpoint of RC0.
[    7.248592] msm_pcie_enable: PCIe: RC0: PCIE20_PARF_INT_ALL_MASK: 0x7f80d202
[    7.250849] pcie_phy_init: PCIe RC0 PHY is ready!
[    7.260874] msm_pcie_enable: PCIe: Release the reset of endpoint of RC0.
[    7.263437] EXT4-fs (sda2): barriers disabled
[    7.263691] EXT4-fs (sda2): mounted filesystem with ordered data mode. Opts: barrier=0. Quota mode: none.
[    7.277272] msm_pcie_link_train: PCIe RC0 link initialized
[    7.292611] cnss_pci 0000:01:00.0: enabling device (0000 -> 0002)
[    7.292984] cnss: Setting MHI state: INIT(0)
[    7.297385] cnss: Setting MHI state: POWER_ON(2)
[    7.297649] cnss_pci 0000:01:00.0: Direct firmware load for kiwi/amss20.bin failed with error -2
[    7.297655] cnss_pci 0000:01:00.0: Falling back to sysfs fallback for: kiwi/amss20.bin
[    7.314379] [EGISFP] egisfp_open 
[    7.314386] [EGISFP] egisfp_parse_dt : start 
[    7.314500] [EGISFP] egisfp_parse_dt : vcc_33v_pin gpio num is 297 
[    7.314502] [EGISFP] egisfp_parse_dt : Config Regulator for ext_ldo_source 
[    7.314503] [EGISFP] egisfp_parse_dt : vcc regulator voltage get Max = 3800000, Min = 3400000 
[    7.314505] [EGISFP] egisfp_parse_dt : vcc regulator current get 1000000 
[    7.314506] [EGISFP] egisfp_parse_dt : regulator max voltage get = 3960000 
[    7.314509] [EGISFP] egisfp_parse_dt : rst pin gpio num is 343 
[    7.314511] [EGISFP] egisfp_parse_dt : irq pin gpio num is 341 
[    7.314512] [EGISFP] egisfp_parse_dt : successful 
[    7.314513] [EGISFP] egisfp_open : open ioctl user count = 1 
[    7.314527] [EGISFP] egisfp_ioctl : cmd = 0x11 
[    7.314528] [EGISFP] egisfp_ioctl : FP_GET_RESOURCE 
[    7.314529] [EGISFP] egisfp_platforminit : Version 20220922 
[    7.314855] [EGISFP] egisfp_platforminit : find node enter 
[    7.315360] [EGISFP] egisfp_platforminit : successful status = 0 gpio num -> vcc = 297 rst = 343 Irq = 341 
[    7.315363] [EGISFP] egisfp_ioctl done 
[    7.315402] [EGISFP] egisfp_ioctl : cmd = 0x5 
[    7.315404] [EGISFP] egisfp_ioctl : FP_POWER_ONOFF 
[    7.315406] [EGISFP] do_egisfp_power_onoff : power_onoff = 2 
[    7.315408] [EGISFP] egisfp_vreg_setup : original voltage = 3400000 
[    7.315409] [EGISFP] egisfp_vreg_setup : enable_3_8V 
[    7.315583] [EGISFP] egisfp_vreg_setup : modified voltage = 3800000, ret = 0 
[    7.315622] [EGISFP] egisfp_vreg_setup : regulator enable, ret = 0 
[    7.318674] NetBpfLoad: /apex/com.android.tethering/bin/netbpfload api:35///3500 kver:50f00bd (64-on-aarch64:4k) libbpf: v1.4 uid:0 rc:01 user:100
[    7.318933] NetBpfLoad: Tethering APEX version 372038420
[    7.318978] WARNING: Unprivileged eBPF is enabled, data leaks possible via Spectre v2 BHB attacks!
[    7.320607] [EGISFP] do_egisfp_power_onoff : power_pin value = 1 
[    7.320611] [EGISFP] egisfp_ioctl done 
[    7.320640] [EGISFP] egisfp_ioctl : cmd = 0xAD 
[    7.320642] [EGISFP] egisfp_ioctl done 
[    7.323511] NetBpfLoad: skipping prog schedcls_tether_downstream6_ether: kernel version 0x50f00bd is outside required range [0x4090000, 0x5040000)
[    7.323518] NetBpfLoad: skipping prog schedcls_tether_upstream6_ether: kernel version 0x50f00bd is outside required range [0x4090000, 0x5040000)
[    7.323521] NetBpfLoad: skipping prog schedcls_tether_downstream6_rawip: kernel version 0x50f00bd is outside required range [0x40e0000, 0x5040000)
[    7.323524] NetBpfLoad: skipping prog schedcls_tether_upstream6_rawip: kernel version 0x50f00bd is outside required range [0x40e0000, 0x5040000)
[    7.323526] NetBpfLoad: skipping prog schedcls_tether_downstream6_rawip: kernel version 0x50f00bd is outside required range [0x4090000, 0x40e0000)
[    7.323528] NetBpfLoad: skipping prog schedcls_tether_upstream6_rawip: kernel version 0x50f00bd is outside required range [0x4090000, 0x40e0000)
[    7.323531] NetBpfLoad: skipping prog schedcls_tether_downstream4_rawip: kernel version 0x50f00bd is outside required range [0x5040000, 0x50a0000)
[    7.323533] NetBpfLoad: skipping prog schedcls_tether_upstream4_rawip: kernel version 0x50f00bd is outside required range [0x5040000, 0x50a0000)
[    7.362974] [EGISFP] egisfp_ioctl : cmd = 0x4 
[    7.362981] [EGISFP] egisfp_ioctl : FP_SENSOR_RESET 
[    7.374131] printk: netbpfload: 107 output lines suppressed due to ratelimiting
[    7.376006] [EGISFP] do_egisfp_reset : reset_pin = 1 
[    7.376009] [EGISFP] egisfp_ioctl done 
[    7.386454] update_verifier: AIDL IBootControl not available, falling back to HIDL.
[    7.390180] update_verifier: Using HIDL version 1.2 of IBootControl
[    7.390449] update_verifier: Booting slot 0: isSlotMarkedSuccessful=1
[    7.390454] update_verifier: Leaving update_verifier.
[    7.486730] cfg80211: failed to load regulatory.db
[    7.519121] cs40l2x 3-0040: Loaded 20 waveforms from cs40l20.bin, last modified on 2022-10-18
[    7.520475] cs40l2x 3-0040: Firmware revision 10.7.13
[    7.520479] cs40l2x 3-0040: Firmware ID 0x1400D0
[    7.520481] cs40l2x 3-0040: Max. wavetable size: 1860 bytes (XM), 5250 bytes (YM)
[    7.560404] remoteproc remoteproc1: powering up 3000000.remoteproc-adsp
[    7.560428] remoteproc remoteproc1: Direct firmware load for adsp.mdt failed with error -2
[    7.560430] remoteproc remoteproc1: Falling back to sysfs fallback for: adsp.mdt
[    7.560595] remoteproc remoteproc2: powering up 32300000.remoteproc-cdsp
[    7.560610] remoteproc remoteproc2: Direct firmware load for cdsp.mdt failed with error -2
[    7.560613] remoteproc remoteproc2: Falling back to sysfs fallback for: cdsp.mdt
[    7.564222] remoteproc remoteproc1: Booting fw image adsp.mdt, size 8364
[    7.564355] qcom_q6v5_pas 3000000.remoteproc-adsp: Direct firmware load for adsp_dtb.mdt failed with error -2
[    7.564358] qcom_q6v5_pas 3000000.remoteproc-adsp: Falling back to sysfs fallback for: adsp_dtb.mdt
[    7.564370] msm_cvp: sess: init.qti.write. opening cvp instance: 0000000000000000 type 3 cnt 0
[    7.566668] msm_cvp:  pwr: cvp (eva) powered on
[    7.566693] msm_cvp ab00000.qcom,cvp: Direct firmware load for evass.mbn failed with error -2
[    7.566696] msm_cvp ab00000.qcom,cvp: Falling back to sysfs fallback for: evass.mbn
[    7.568979] [EGISFP] egisfp_ioctl : cmd = 0x11 
[    7.568985] [EGISFP] egisfp_ioctl : FP_GET_RESOURCE 
[    7.568986] [EGISFP] egisfp_platforminit : Version 20220922 
[    7.568988] [EGISFP] egisfp_platforminit : platform already init 
[    7.568989] [EGISFP] egisfp_ioctl done 
[    7.569035] [EGISFP] egisfp_ioctl : cmd = 0xAD 
[    7.569037] [EGISFP] egisfp_ioctl done 
[    7.569343] [EGISFP] egisfp_ioctl : cmd = 0x4 
[    7.569346] [EGISFP] egisfp_ioctl : FP_SENSOR_RESET 
[    7.569787] remoteproc remoteproc2: Booting fw image cdsp.mdt, size 5084
[    7.569803] qcom_q6v5_pas 32300000.remoteproc-cdsp: Direct firmware load for cdsp_dtb.mdt failed with error -2
[    7.569806] qcom_q6v5_pas 32300000.remoteproc-cdsp: Falling back to sysfs fallback for: cdsp_dtb.mdt
[    7.571218] qcom_q6v5_pas 3000000.remoteproc-adsp: Direct firmware load for adsp_dtb.b02 failed with error -2
[    7.571222] qcom_q6v5_pas 3000000.remoteproc-adsp: Falling back to sysfs fallback for: adsp_dtb.b02
[    7.573715] qcom_q6v5_pas 32300000.remoteproc-cdsp: Direct firmware load for cdsp_dtb.b02 failed with error -2
[    7.573722] qcom_q6v5_pas 32300000.remoteproc-cdsp: Falling back to sysfs fallback for: cdsp_dtb.b02
[    7.600615] [EGISFP] do_egisfp_reset : reset_pin = 1 
[    7.600623] [EGISFP] egisfp_ioctl done 
[    7.602911] qcom rproc: 188101c.remoteproc-spss: recovery disabled
[    7.603043] qcom rproc: 188101c.remoteproc-spss: recovery disabled
[    7.603063] qcom rproc: 188101c.remoteproc-spss: recovery disabled
[    7.603175] qcom rproc: 188101c.remoteproc-spss: recovery disabled
[    7.603301] qcom rproc: 188101c.remoteproc-spss: recovery disabled
[    7.603326] qcom rproc: 188101c.remoteproc-spss: recovery disabled
[    7.612533] qcom_q6v5_pas 3000000.remoteproc-adsp: Direct firmware load for adsp_dtb.b01 failed with error -2
[    7.612541] qcom_q6v5_pas 3000000.remoteproc-adsp: Falling back to sysfs fallback for: adsp_dtb.b01
[    7.615880] adsprpc: fastrpc_restart_notifier_cb: subsystem lpass is about to start
[    7.620583] qcom rproc: 3000000.remoteproc-adsp: recovery enabled
[    7.631195] qcom_q6v5_pas 32300000.remoteproc-cdsp: Direct firmware load for cdsp_dtb.b01 failed with error -2
[    7.631202] qcom_q6v5_pas 32300000.remoteproc-cdsp: Falling back to sysfs fallback for: cdsp_dtb.b01
[    7.632173] [EGISFP] egisfp_ioctl : cmd = 0x4 
[    7.632180] [EGISFP] egisfp_ioctl : FP_SENSOR_RESET 
[    7.637598] adsprpc: fastrpc_restart_notifier_cb: subsystem cdsp is about to start
[    7.642264] qcom_q6v5_pas 3000000.remoteproc-adsp: Direct firmware load for adsp.b56 failed with error -2
[    7.642268] qcom_q6v5_pas 3000000.remoteproc-adsp: Falling back to sysfs fallback for: adsp.b56
[    7.642363] qcom_q6v5_pas 32300000.remoteproc-cdsp: Direct firmware load for cdsp.b15 failed with error -2
[    7.642366] qcom_q6v5_pas 32300000.remoteproc-cdsp: Falling back to sysfs fallback for: cdsp.b15
[    7.645210] [EGISFP] do_egisfp_reset : reset_pin = 1 
[    7.645215] [EGISFP] egisfp_ioctl done 
[    7.656949] synx: session 0 not available, pid: 1456
[    7.656957] synx: synx_uninitialize: invalid session id 0
[    7.656961] msm_cvp: init.qti.write.: closed cvp instance: 0000000000000000 session_id = 0 type 3 0
[    7.656972] msm_cvp:  err: __flush_debug_queue: invalid msg size - 135
[    7.679041] qcom_q6v5_pas 3000000.remoteproc-adsp: Direct firmware load for adsp.b01 failed with error -2
[    7.679048] qcom_q6v5_pas 3000000.remoteproc-adsp: Falling back to sysfs fallback for: adsp.b01
[    7.679340] qcom_q6v5_pas 32300000.remoteproc-cdsp: Direct firmware load for cdsp.b01 failed with error -2
[    7.679345] qcom_q6v5_pas 32300000.remoteproc-cdsp: Falling back to sysfs fallback for: cdsp.b01
[    7.684023] qcom_q6v5_pas 3000000.remoteproc-adsp: Direct firmware load for adsp.b02 failed with error -2
[    7.684026] qcom_q6v5_pas 3000000.remoteproc-adsp: Falling back to sysfs fallback for: adsp.b02
[    7.686716] qcom_q6v5_pas 32300000.remoteproc-cdsp: Direct firmware load for cdsp.b02 failed with error -2
[    7.686719] qcom_q6v5_pas 32300000.remoteproc-cdsp: Falling back to sysfs fallback for: cdsp.b02
[    7.713329] qcom_q6v5_pas 32300000.remoteproc-cdsp: Direct firmware load for cdsp.b03 failed with error -2
[    7.713336] qcom_q6v5_pas 32300000.remoteproc-cdsp: Falling back to sysfs fallback for: cdsp.b03
[    7.717339] qcom_q6v5_pas 32300000.remoteproc-cdsp: Direct firmware load for cdsp.b04 failed with error -2
[    7.717343] qcom_q6v5_pas 32300000.remoteproc-cdsp: Falling back to sysfs fallback for: cdsp.b04
[    7.721014] qcom_q6v5_pas 3000000.remoteproc-adsp: Direct firmware load for adsp.b03 failed with error -2
[    7.721018] qcom_q6v5_pas 3000000.remoteproc-adsp: Falling back to sysfs fallback for: adsp.b03
[    7.722212] qcom_q6v5_pas 32300000.remoteproc-cdsp: Direct firmware load for cdsp.b05 failed with error -2
[    7.722217] qcom_q6v5_pas 32300000.remoteproc-cdsp: Falling back to sysfs fallback for: cdsp.b05
[    7.724215] qcom_q6v5_pas 3000000.remoteproc-adsp: Direct firmware load for adsp.b04 failed with error -2
[    7.724217] qcom_q6v5_pas 3000000.remoteproc-adsp: Falling back to sysfs fallback for: adsp.b04
[    7.726515] qcom_q6v5_pas 32300000.remoteproc-cdsp: Direct firmware load for cdsp.b06 failed with error -2
[    7.726519] qcom_q6v5_pas 32300000.remoteproc-cdsp: Falling back to sysfs fallback for: cdsp.b06
[    7.728015] qcom_q6v5_pas 3000000.remoteproc-adsp: Direct firmware load for adsp.b05 failed with error -2
[    7.728018] qcom_q6v5_pas 3000000.remoteproc-adsp: Falling back to sysfs fallback for: adsp.b05
[    7.729916] qcom_q6v5_pas 32300000.remoteproc-cdsp: Direct firmware load for cdsp.b07 failed with error -2
[    7.729920] qcom_q6v5_pas 32300000.remoteproc-cdsp: Falling back to sysfs fallback for: cdsp.b07
[    7.735371] qcom_q6v5_pas 32300000.remoteproc-cdsp: Direct firmware load for cdsp.b08 failed with error -2
[    7.735375] qcom_q6v5_pas 32300000.remoteproc-cdsp: Falling back to sysfs fallback for: cdsp.b08
[    7.735674] qcom_q6v5_pas 3000000.remoteproc-adsp: Direct firmware load for adsp.b06 failed with error -2
[    7.735678] qcom_q6v5_pas 3000000.remoteproc-adsp: Falling back to sysfs fallback for: adsp.b06
[    7.741298] qcom_q6v5_pas 32300000.remoteproc-cdsp: Direct firmware load for cdsp.b09 failed with error -2
[    7.741302] qcom_q6v5_pas 32300000.remoteproc-cdsp: Falling back to sysfs fallback for: cdsp.b09
[    7.741627] qcom_q6v5_pas 3000000.remoteproc-adsp: Direct firmware load for adsp.b07 failed with error -2
[    7.741631] qcom_q6v5_pas 3000000.remoteproc-adsp: Falling back to sysfs fallback for: adsp.b07
[    7.744069] qcom_q6v5_pas 32300000.remoteproc-cdsp: Direct firmware load for cdsp.b10 failed with error -2
[    7.744072] qcom_q6v5_pas 32300000.remoteproc-cdsp: Falling back to sysfs fallback for: cdsp.b10
[    7.746597] qcom_q6v5_pas 3000000.remoteproc-adsp: Direct firmware load for adsp.b08 failed with error -2
[    7.746600] qcom_q6v5_pas 3000000.remoteproc-adsp: Falling back to sysfs fallback for: adsp.b08
[    7.748140] qcom_q6v5_pas 32300000.remoteproc-cdsp: Direct firmware load for cdsp.b11 failed with error -2
[    7.748145] qcom_q6v5_pas 32300000.remoteproc-cdsp: Falling back to sysfs fallback for: cdsp.b11
[    7.753545] qcom_q6v5_pas 3000000.remoteproc-adsp: Direct firmware load for adsp.b09 failed with error -2
[    7.753549] qcom_q6v5_pas 3000000.remoteproc-adsp: Falling back to sysfs fallback for: adsp.b09
[    7.753842] qcom_q6v5_pas 32300000.remoteproc-cdsp: Direct firmware load for cdsp.b12 failed with error -2
[    7.753845] qcom_q6v5_pas 32300000.remoteproc-cdsp: Falling back to sysfs fallback for: cdsp.b12
[    7.757404] qcom_q6v5_pas 3000000.remoteproc-adsp: Direct firmware load for adsp.b10 failed with error -2
[    7.757407] qcom_q6v5_pas 3000000.remoteproc-adsp: Falling back to sysfs fallback for: adsp.b10
[    7.758327] qcom_q6v5_pas 32300000.remoteproc-cdsp: Direct firmware load for cdsp.b13 failed with error -2
[    7.758331] qcom_q6v5_pas 32300000.remoteproc-cdsp: Falling back to sysfs fallback for: cdsp.b13
[    7.760485] qcom_q6v5_pas 3000000.remoteproc-adsp: Direct firmware load for adsp.b11 failed with error -2
[    7.760489] qcom_q6v5_pas 3000000.remoteproc-adsp: Falling back to sysfs fallback for: adsp.b11
[    7.764953] qcom_q6v5_pas 3000000.remoteproc-adsp: Direct firmware load for adsp.b12 failed with error -2
[    7.764956] qcom_q6v5_pas 3000000.remoteproc-adsp: Falling back to sysfs fallback for: adsp.b12
[    7.768201] qcom_q6v5_pas 3000000.remoteproc-adsp: Direct firmware load for adsp.b13 failed with error -2
[    7.768205] qcom_q6v5_pas 3000000.remoteproc-adsp: Falling back to sysfs fallback for: adsp.b13
[    7.772238] qcom_q6v5_pas 3000000.remoteproc-adsp: Direct firmware load for adsp.b14 failed with error -2
[    7.772241] qcom_q6v5_pas 3000000.remoteproc-adsp: Falling back to sysfs fallback for: adsp.b14
[    7.775059] qcom_q6v5_pas 3000000.remoteproc-adsp: Direct firmware load for adsp.b15 failed with error -2
[    7.775062] qcom_q6v5_pas 3000000.remoteproc-adsp: Falling back to sysfs fallback for: adsp.b15
[    7.792837] qcom_q6v5_pas 3000000.remoteproc-adsp: Direct firmware load for adsp.b16 failed with error -2
[    7.792844] qcom_q6v5_pas 3000000.remoteproc-adsp: Falling back to sysfs fallback for: adsp.b16
[    7.795625] cnss: MHI status cb is called with reason MISSION_MODE(5)
[    7.795630] cnss: Notify MHI to use already allocated images
[    7.795644] cnss: Disable ADSP power collapse
[    7.795650] cnss: PM relax, state: 0x2c00008, count: 0
[    7.796279] qcom_q6v5_pas 3000000.remoteproc-adsp: Direct firmware load for adsp.b17 failed with error -2
[    7.796283] qcom_q6v5_pas 3000000.remoteproc-adsp: Falling back to sysfs fallback for: adsp.b17
[    7.799858] cnss: Setting link speed:0x2, width:0x1
[    7.802652] qcom_q6v5_pas 3000000.remoteproc-adsp: Direct firmware load for adsp.b18 failed with error -2
[    7.802655] qcom_q6v5_pas 3000000.remoteproc-adsp: Falling back to sysfs fallback for: adsp.b18
[    7.810349] cnss: WLFW server arriving: node 7 port 1
[    7.810356] cnss: Posting event: SERVER_ARRIVE(0), state: 0x2c00008 flags: 0x0
[    7.810359] cnss: PM stay awake, state: 0x2c00008, count: 1
[    7.810363] cnss: PM relax, state: 0x2c00008, count: 0
[    7.810389] cnss: PM stay awake, state: 0x2c00008, count: 1
[    7.810393] cnss: Processing driver event: SERVER_ARRIVE(0), state: 0x2c00008
[    7.810397] cnss: QMI WLFW service connected, state: 0x2c00009
[    7.810401] cnss: Sending indication register message, state: 0x2c00009
[    7.812584] cnss: Sending host capability message, state: 0x2c00009
[    7.812587] cnss: Number of clients is 1
[    7.812590] cnss: Assign MSI to user: WAKE, num_vectors: 1, user_base_data: 13, base_vector: 13
[    7.812592] cnss: WAKE MSI base data is 13
[    7.812594] cnss: Calibration done is 0
[    7.812596] cnss: Sending iova starting 0xa0000000 with size 0x10010000
[    7.812598] cnss: Sending feature list 0x6
[    7.814222] adsprpc: fastrpc_restart_notifier_cb: cdsp subsystem is up
[    7.814227] remoteproc remoteproc2: remote processor 32300000.remoteproc-cdsp is now up
[    7.814681] cnss: Received QMI WLFW request memory indication
[    7.814685] cnss: PM relax, state: 0x2c00009, count: 0
[    7.814686] cnss: FW requests for memory, size: 0x6f0000, type: 1
[    7.814688] cnss: FW requests for memory, size: 0x810000, type: 4
[    7.814690] cnss: Posting event: REQUEST_MEM(2), state: 0x2c00009 flags: 0x0
[    7.814694] cnss: PM stay awake, state: 0x2c00009, count: 1
[    7.814699] cnss: PM relax, state: 0x2c00009, count: 0
[    7.814710] cnss: PM stay awake, state: 0x2c00009, count: 1
[    7.814712] cnss: Processing driver event: REQUEST_MEM(2), state: 0x2c00009
[    7.814866] qcom_smd_qrtr_probe:SMD QRTR driver probed
[    7.815239] coresight-remote-etm soc:turing_etm0: Connection established between QMI handle and 13 service
[    7.815540] qcom_q6v5_pas 3000000.remoteproc-adsp: Direct firmware load for adsp.b19 failed with error -2
[    7.815542] qcom_q6v5_pas 3000000.remoteproc-adsp: Falling back to sysfs fallback for: adsp.b19
[    7.818332] Info: adsprpc (97): kworker/0:3: fastrpc_rpmsg_probe: opened rpmsg channel for cdsp
[    7.819487] cnss: Sending respond memory message, state: 0x2c00009
[    7.819497] cnss: Memory for FW, va: 0x0000000000000000, pa: 0x00000000a1800000, size: 0x6f0000, type: 1
[    7.819502] cnss: Memory for FW, va: 0x0000000000000000, pa: 0x00000000a2000000, size: 0x810000, type: 4
[    7.819878] cdsprm: resmgr pdkill config set to 0
[    7.820883] msm_cvp: warn: cvp_dsp_send_hfi_queue: Done init of HFI queue headers
[    7.821621] qcom_q6v5_pas 3000000.remoteproc-adsp: Direct firmware load for adsp.b20 failed with error -2
[    7.821625] qcom_q6v5_pas 3000000.remoteproc-adsp: Falling back to sysfs fallback for: adsp.b20
[    7.821828] qcom,msm_ipclite_rpmsg 32300000.remoteproc-cdsp:glink-edge.ipcliteglink-apps-dsp.-1.-1: rpmsg_probe for ipc_lite done
[    7.826423] cnss: PM relax, state: 0x2c00009, count: 0
[    7.828633] cnss: Received QMI WLFW FW memory ready indication
[    7.828641] cnss: Posting event: FW_MEM_READY(3), state: 0x2c00009 flags: 0x0
[    7.828645] cnss: PM stay awake, state: 0x2c00009, count: 1
[    7.828652] cnss: PM relax, state: 0x2c00009, count: 0
[    7.828660] cnss: PM stay awake, state: 0x2c00009, count: 1
[    7.828662] cnss: Processing driver event: FW_MEM_READY(3), state: 0x2c00009
[    7.828664] cnss: Sending target capability message, state: 0x2c0000b
[    7.829839] qcom_q6v5_pas 3000000.remoteproc-adsp: Direct firmware load for adsp.b21 failed with error -2
[    7.829843] qcom_q6v5_pas 3000000.remoteproc-adsp: Falling back to sysfs fallback for: adsp.b21
[    7.831084] cnss: Device frequency is 19200000 HZ
[    7.831092] cnss: FW_PMU Data: VDD_PMU_AON_I 1 900 0 450
[    7.831094] cnss: VDD_PMU_AON_I mapped to s4e
[    7.831095] cnss: Plat VReg Data: s4e 914 0
[    7.831097] cnss: FW_PMU Data: VDD095_PMU 1 930 0 475
[    7.831098] cnss: VDD095_PMU mapped to s5g
[    7.831100] cnss: Plat VReg Data: s5g 946 0
[    7.831101] cnss: FW_PMU Data: VDD095_MX_PMU 1 960 0 540
[    7.831102] cnss: VDD095_MX_PMU mapped to s2g
[    7.831103] cnss: Plat VReg Data: s2g 974 0
[    7.831104] cnss: FW_PMU Data: VDD095_PMU_BT 1 900 0 540
[    7.831106] cnss: VDD095_PMU_BT mapped to s4e
[    7.831107] cnss: Plat VReg Data: s4e 914 0
[    7.831108] cnss: FW_PMU Data: VDD09_PMU_RFA_I 1 850 0 0
[    7.831109] cnss: VDD09_PMU_RFA_I mapped to s4e
[    7.831111] cnss: Plat VReg Data: s4e 914 0
[    7.831112] cnss: FW_PMU Data: VDD13_PMU_PCIE_I 1 1025 0 0
[    7.831114] cnss: VDD13_PMU_PCIE_I mapped to s4g
[    7.831115] cnss: Plat VReg Data: s4g 1042 0
[    7.831116] cnss: FW_PMU Data: VDD13_PMU_RFA_I 1 1300 0 0
[    7.831118] cnss: VDD13_PMU_RFA_I mapped to s4g
[    7.831119] cnss: Plat VReg Data: s4g 1314 0
[    7.831120] cnss: FW_PMU Data: VDD19_PMU_PCIE_I 1 1850 0 0
[    7.831122] cnss: VDD19_PMU_PCIE_I mapped to s6g
[    7.831123] cnss: Plat VReg Data: s6g 1866 0
[    7.831124] cnss: FW_PMU Data: VDD19_PMU_RFA_I 1 1850 0 0
[    7.831125] cnss: VDD19_PMU_RFA_I mapped to s6g
[    7.831127] cnss: Plat VReg Data: s6g 1866 0
[    7.831128] cnss: s4e mapped to rf
[    7.831130] cnss: Sending AOP Mbox msg: {class: wlan_pdc, ss: rf, res: s4e.v, upval: 914}
[    7.831496] cnss: s5g mapped to bb
[    7.831497] cnss: Sending AOP Mbox msg: {class: wlan_pdc, ss: bb, res: s5g.v, upval: 946}
[    7.831881] cnss: s2g mapped to bb
[    7.831882] cnss: Sending AOP Mbox msg: {class: wlan_pdc, ss: bb, res: s2g.v, upval: 974}
[    7.832254] cnss: s4g mapped to rf
[    7.832256] cnss: Sending AOP Mbox msg: {class: wlan_pdc, ss: rf, res: s4g.v, upval: 1314}
[    7.832684] cnss: s6g mapped to rf
[    7.832691] cnss: Sending AOP Mbox msg: {class: wlan_pdc, ss: rf, res: s6g.v, upval: 1866}
[    7.833106] cnss: Target capability: chip_id: 0x2, chip_family: 0x4, board_id: 0x31, soc_id: 0x40170200, otp_version: 0x0
[    7.833113] cnss: fw_version: 0x110c8586, fw_build_timestamp: 2025-08-25 13:49, fw_build_id: QC_IMAGE_VERSION_STRING=WLAN.HMT.1.1-01414.6-QCAHMTSWPL_V1.0_V2.0_SILICONZ-1.121323.2.124673.3, hwid_bitmap:0x0
[    7.833117] cnss: Hang event params, Length: 0x180, Offset Address: 0x1ec000
[    7.833120] cnss: Sending BDF download message, state: 0x2c0000b, type: 4
[    7.833124] cnss: FW name added with prefix: kiwi/regdb.bin
[    7.833892] qcom_q6v5_pas 3000000.remoteproc-adsp: Direct firmware load for adsp.b22 failed with error -2
[    7.833896] qcom_q6v5_pas 3000000.remoteproc-adsp: Falling back to sysfs fallback for: adsp.b22
[    7.838110] cnss: Downloading BDF: kiwi/regdb.bin, size: 24278
[    7.850490] cnss: INI File 1 download
[    7.852178] qcom_q6v5_pas 3000000.remoteproc-adsp: Direct firmware load for adsp.b23 failed with error -2
[    7.852182] qcom_q6v5_pas 3000000.remoteproc-adsp: Falling back to sysfs fallback for: adsp.b23
[    7.854831] cnss: Failed to get INI file wlan-connection-roaming.ini (-2), Backup file: Supported
[    7.857547] qcom_q6v5_pas 3000000.remoteproc-adsp: Direct firmware load for adsp.b24 failed with error -2
[    7.857555] qcom_q6v5_pas 3000000.remoteproc-adsp: Falling back to sysfs fallback for: adsp.b24
[    7.860348] cnss: Failed to get INI file wlan-connection-roaming-backup.ini (-2)
[    7.860353] cnss: Sending BDF download message, state: 0x2c0000b, type: 1
[    7.860359] cnss: FW name added with prefix: kiwi/bdwlan.e31
[    7.864736] qcom_q6v5_pas 3000000.remoteproc-adsp: Direct firmware load for adsp.b25 failed with error -2
[    7.864745] qcom_q6v5_pas 3000000.remoteproc-adsp: Falling back to sysfs fallback for: adsp.b25
[    7.865295] cnss: Downloading BDF: kiwi/bdwlan.e31, size: 88760
[    7.872602] qcom_q6v5_pas 3000000.remoteproc-adsp: Direct firmware load for adsp.b26 failed with error -2
[    7.872608] qcom_q6v5_pas 3000000.remoteproc-adsp: Falling back to sysfs fallback for: adsp.b26
[    7.875580] qcom_q6v5_pas 3000000.remoteproc-adsp: Direct firmware load for adsp.b27 failed with error -2
[    7.875587] qcom_q6v5_pas 3000000.remoteproc-adsp: Falling back to sysfs fallback for: adsp.b27
[    7.878524] qcom_q6v5_pas 3000000.remoteproc-adsp: Direct firmware load for adsp.b28 failed with error -2
[    7.878530] qcom_q6v5_pas 3000000.remoteproc-adsp: Falling back to sysfs fallback for: adsp.b28
[    7.881430] qcom_q6v5_pas 3000000.remoteproc-adsp: Direct firmware load for adsp.b29 failed with error -2
[    7.881437] qcom_q6v5_pas 3000000.remoteproc-adsp: Falling back to sysfs fallback for: adsp.b29
[    7.884342] qcom_q6v5_pas 3000000.remoteproc-adsp: Direct firmware load for adsp.b30 failed with error -2
[    7.884349] qcom_q6v5_pas 3000000.remoteproc-adsp: Falling back to sysfs fallback for: adsp.b30
[    7.887411] qcom_q6v5_pas 3000000.remoteproc-adsp: Direct firmware load for adsp.b31 failed with error -2
[    7.887416] qcom_q6v5_pas 3000000.remoteproc-adsp: Falling back to sysfs fallback for: adsp.b31
[    7.890617] qcom_q6v5_pas 3000000.remoteproc-adsp: Direct firmware load for adsp.b33 failed with error -2
[    7.890621] qcom_q6v5_pas 3000000.remoteproc-adsp: Falling back to sysfs fallback for: adsp.b33
[    7.893375] qcom_q6v5_pas 3000000.remoteproc-adsp: Direct firmware load for adsp.b34 failed with error -2
[    7.893379] qcom_q6v5_pas 3000000.remoteproc-adsp: Falling back to sysfs fallback for: adsp.b34
[    7.896053] qcom_q6v5_pas 3000000.remoteproc-adsp: Direct firmware load for adsp.b35 failed with error -2
[    7.896056] qcom_q6v5_pas 3000000.remoteproc-adsp: Falling back to sysfs fallback for: adsp.b35
[    7.898733] qcom_q6v5_pas 3000000.remoteproc-adsp: Direct firmware load for adsp.b36 failed with error -2
[    7.898736] qcom_q6v5_pas 3000000.remoteproc-adsp: Falling back to sysfs fallback for: adsp.b36
[    7.901923] qcom_q6v5_pas 3000000.remoteproc-adsp: Direct firmware load for adsp.b38 failed with error -2
[    7.901927] qcom_q6v5_pas 3000000.remoteproc-adsp: Falling back to sysfs fallback for: adsp.b38
[    7.905126] qcom_q6v5_pas 3000000.remoteproc-adsp: Direct firmware load for adsp.b39 failed with error -2
[    7.905130] qcom_q6v5_pas 3000000.remoteproc-adsp: Falling back to sysfs fallback for: adsp.b39
[    7.907802] qcom_q6v5_pas 3000000.remoteproc-adsp: Direct firmware load for adsp.b40 failed with error -2
[    7.907805] qcom_q6v5_pas 3000000.remoteproc-adsp: Falling back to sysfs fallback for: adsp.b40
[    7.908672] cnss: Host BDF config: HW_XPA: 1 CalDB: 0
[    7.908681] cnss: FW name added with prefix: kiwi/phy_ucode20.elf
[    7.911025] qcom_q6v5_pas 3000000.remoteproc-adsp: Direct firmware load for adsp.b41 failed with error -2
[    7.911028] qcom_q6v5_pas 3000000.remoteproc-adsp: Falling back to sysfs fallback for: adsp.b41
[    7.913108] cnss: Sending M3 information message, state: 0x2c0000b
[    7.913115] cnss: M3 memory, va: 0x0000000000000000, pa: 0x00000000a2a00000, size: 0x4926c
[    7.915164] qcom_q6v5_pas 3000000.remoteproc-adsp: Direct firmware load for adsp.b42 failed with error -2
[    7.915167] qcom_q6v5_pas 3000000.remoteproc-adsp: Falling back to sysfs fallback for: adsp.b42
[    7.916008] cnss: Sending QDSS config download message, state: 0x2c0000b
[    7.916017] cnss: FW name added with prefix: kiwi/qdss_trace_config_v2.cfg
[    7.919617] qcom_q6v5_pas 3000000.remoteproc-adsp: Direct firmware load for adsp.b43 failed with error -2
[    7.919620] qcom_q6v5_pas 3000000.remoteproc-adsp: Falling back to sysfs fallback for: adsp.b43
[    7.920295] cnss: Downloading QDSS: kiwi/qdss_trace_config_v2.cfg, size: 4911
[    7.923920] cnss: PM relax, state: 0x2c0000b, count: 0
[    7.926107] qcom_q6v5_pas 3000000.remoteproc-adsp: Direct firmware load for adsp.b44 failed with error -2
[    7.926111] qcom_q6v5_pas 3000000.remoteproc-adsp: Falling back to sysfs fallback for: adsp.b44
[    7.928931] qcom_q6v5_pas 3000000.remoteproc-adsp: Direct firmware load for adsp.b45 failed with error -2
[    7.928933] qcom_q6v5_pas 3000000.remoteproc-adsp: Falling back to sysfs fallback for: adsp.b45
[    7.930484] cnss: Received QMI WLFW FW initialization done indication
[    7.930488] cnss: Posting event: FW_READY(4), state: 0x2c0000b flags: 0x0
[    7.930492] cnss: PM stay awake, state: 0x2c0000b, count: 1
[    7.930498] cnss: PM relax, state: 0x2c0000b, count: 0
[    7.930503] cnss: PM stay awake, state: 0x2c0000b, count: 1
[    7.930505] cnss: Processing driver event: FW_READY(4), state: 0x2c0000b
[    7.930507] cnss: Processing FW Init Done..
[    7.930510] cnss: PCIE Gen speed not setup
[    7.930512] cnss: Sending antenna switch sync request, state: 0x2c0000f
[    7.931405] qcom_q6v5_pas 3000000.remoteproc-adsp: Direct firmware load for adsp.b46 failed with error -2
[    7.931408] qcom_q6v5_pas 3000000.remoteproc-adsp: Falling back to sysfs fallback for: adsp.b46
[    7.932620] cnss: Antenna switch request failed, result: 1, err: 94
[    7.932626] cnss: CAL DB file not required as per BDF
[    7.932628] cnss: Sending cal file report request. File size: 8454144, state: 0x2c0000f
[    7.933819] qcom_q6v5_pas 3000000.remoteproc-adsp: Direct firmware load for adsp.b47 failed with error -2
[    7.933823] qcom_q6v5_pas 3000000.remoteproc-adsp: Falling back to sysfs fallback for: adsp.b47
[    7.936599] qcom_q6v5_pas 3000000.remoteproc-adsp: Direct firmware load for adsp.b48 failed with error -2
[    7.936603] qcom_q6v5_pas 3000000.remoteproc-adsp: Falling back to sysfs fallback for: adsp.b48
[    7.936984] cnss: Sending mode message, mode: CALIBRATION(7), state: 0x2c0000f
[    7.939600] qcom_q6v5_pas 3000000.remoteproc-adsp: Direct firmware load for adsp.b49 failed with error -2
[    7.939604] qcom_q6v5_pas 3000000.remoteproc-adsp: Falling back to sysfs fallback for: adsp.b49
[    7.941848] qcom_q6v5_pas 3000000.remoteproc-adsp: Direct firmware load for adsp.b50 failed with error -2
[    7.941851] qcom_q6v5_pas 3000000.remoteproc-adsp: Falling back to sysfs fallback for: adsp.b50
[    7.944114] qcom_q6v5_pas 3000000.remoteproc-adsp: Direct firmware load for adsp.b51 failed with error -2
[    7.944118] qcom_q6v5_pas 3000000.remoteproc-adsp: Falling back to sysfs fallback for: adsp.b51
[    7.947170] qcom_q6v5_pas 3000000.remoteproc-adsp: Direct firmware load for adsp.b52 failed with error -2
[    7.947174] qcom_q6v5_pas 3000000.remoteproc-adsp: Falling back to sysfs fallback for: adsp.b52
[    7.950643] qcom_q6v5_pas 3000000.remoteproc-adsp: Direct firmware load for adsp.b53 failed with error -2
[    7.950647] qcom_q6v5_pas 3000000.remoteproc-adsp: Falling back to sysfs fallback for: adsp.b53
[    7.954785] qcom_q6v5_pas 3000000.remoteproc-adsp: Direct firmware load for adsp.b54 failed with error -2
[    7.954791] qcom_q6v5_pas 3000000.remoteproc-adsp: Falling back to sysfs fallback for: adsp.b54
[    8.107597] cnss: Removing vote for Regulator vdd-wlan-rfa2
[    8.107628] cnss: Removing vote for Regulator vdd-wlan-rfa1
[    8.107644] cnss: Removing vote for Regulator vdd-wlan-dig
[    8.107657] cnss: Removing vote for Regulator vdd-wlan-aon
[    8.107669] cnss: Removing vote for Regulator vdd-wlan
[    8.107681] cnss: Removing vote for Regulator vdd-wlan-io
[    8.107686] cnss: PM relax, state: 0x2c0000f, count: 0
[    8.107724] cnss: Received QMI WLFW pin connect result indication
[    8.107731] cnss: Pin connect Result: pwr_pin: 0x1 phy_io_pin: 0x0 rf_io_pin: 0x0
[    8.213094] [EGISFP] egisfp_ioctl : cmd = 0x7 
[    8.213101] [EGISFP] egisfp_ioctl : FP_RESET_SET 
[    8.213102] [EGISFP] do_egisfp_reset_set : reset_high_low = 0 
[    8.213119] [EGISFP] do_egisfp_reset_set : reset_pin value = 0 
[    8.213121] [EGISFP] egisfp_ioctl done 
[    8.213125] [EGISFP] egisfp_ioctl : cmd = 0x5 
[    8.213127] [EGISFP] egisfp_ioctl : FP_POWER_ONOFF 
[    8.213129] [EGISFP] do_egisfp_power_onoff : power_onoff = 0 
[    8.213318] [EGISFP] egisfp_vreg_setup : regulator disable, ret = 0 
[    8.228999] adsprpc: fastrpc_restart_notifier_cb: lpass subsystem is up
[    8.229007] remoteproc remoteproc1: remote processor 3000000.remoteproc-adsp is now up
[    8.229280] cnss: DRV subsystem is connected
[    8.230363] qcom_smd_qrtr_probe:SMD QRTR driver probed
[    8.231438] Info: adsprpc (97): kworker/0:3: fastrpc_rpmsg_probe: opened rpmsg channel for lpass
[    8.232419] qcom,gpr 3000000.remoteproc-adsp:glink-edge.adsp_apps.-1.-1: Adding GPR dev: gprsvc:spf_core:2:3
[    8.232945] spf_core_probe
[    8.233236] qcom,gpr 3000000.remoteproc-adsp:glink-edge.adsp_apps.-1.-1: Adding GPR dev: gprsvc:audio-pkt:2:17
[    8.233812] qcom,gpr 3000000.remoteproc-adsp:glink-edge.adsp_apps.-1.-1: Adding GPR dev: gprsvc:q6prm:2:7
[    8.234148] spf_core_add_child_devices:enumarate machine driver
[    8.234175] spf-core-platform soc:spf_core_platform: __spf_core_is_apm_ready: send_command ret
[    8.234183] qcom,gpr 3000000.remoteproc-adsp:glink-edge.adsp_apps.-1.-1: gpr_send_pkt: domain_id[2], Still Dsp is not Up
[    8.234300] audio_notifier_reg_service: service PDR_ADSP is in use
[    8.234307] audio_prm_service_cb: Service opcode 0x0
[    8.234312] audio_prm_probe: prm probe success
[    8.234485] qcom,gpr 3000000.remoteproc-adsp:glink-edge.adsp_apps.-1.-1: gpr_probe: gpr-lite probe success
[    8.234789] qcom,gpr 3000000.remoteproc-adsp:glink-edge.adsp_apps.-1.-1: gpr_notifier_register: registered via subsys_notif_register for domain id(2)
[    8.235103] adsp_sleepmon: Received ADSP version 0x2
[    8.238519] coresight-remote-etm soc:audio_etm0: Connection established between QMI handle and 5 service
[    8.239296] qcom rproc: 32300000.remoteproc-cdsp: recovery disabled
[    8.239328] qcom rproc: 32300000.remoteproc-cdsp: recovery enabled
[    8.252973] qcom rproc: 4080000.remoteproc-mss: recovery disabled
[    8.253004] qcom rproc: 4080000.remoteproc-mss: recovery disabled
[    8.253024] qcom rproc: 4080000.remoteproc-mss: recovery disabled
[    8.253045] qcom rproc: 4080000.remoteproc-mss: recovery enabled
[    8.262764] cnss: Enable WLAN recovery, count is 2
[    8.262773] cnss: Disable PCSS recovery, count is 2
[    8.262776] cnss: Sending pcss recovery status: 0
[    8.264844] cnss: req 55 success
[    8.267756] init: wait for '/sys/class/leds/cs40l25:vibrator/device' took 0ms
[    8.268610] [EGISFP] do_egisfp_power_onoff : power_pin value = 0 
[    8.268614] [EGISFP] egisfp_ioctl done 
[    8.284279] spf-core-platform soc:spf_core_platform: __spf_core_is_apm_ready: send_command ret
[    8.284307] qcom,gpr 3000000.remoteproc-adsp:glink-edge.adsp_apps.-1.-1: gpr_send_pkt: domain_id[2], Still Dsp is not Up
[    8.297989] read descriptors
[    8.298037] read strings
[    8.298136] read descriptors
[    8.298140] read strings
[    8.299372] read descriptors
[    8.299377] read strings
[    8.334402] spf-core-platform soc:spf_core_platform: __spf_core_is_apm_ready: send_command ret
[    8.334430] qcom,gpr 3000000.remoteproc-adsp:glink-edge.adsp_apps.-1.-1: gpr_send_pkt: domain_id[2], Still Dsp is not Up
[    8.384527] spf-core-platform soc:spf_core_platform: __spf_core_is_apm_ready: send_command ret
[    8.384553] qcom,gpr 3000000.remoteproc-adsp:glink-edge.adsp_apps.-1.-1: gpr_send_pkt: domain_id[2], Still Dsp is not Up
[    8.434683] spf-core-platform soc:spf_core_platform: __spf_core_is_apm_ready: send_command ret
[    8.434711] qcom,gpr 3000000.remoteproc-adsp:glink-edge.adsp_apps.-1.-1: gpr_send_pkt: domain_id[2], Still Dsp is not Up
[    8.454047] i2c_geni 888000.i2c: i2c error :-107
[    8.484800] spf-core-platform soc:spf_core_platform: __spf_core_is_apm_ready: send_command ret
[    8.484828] qcom,gpr 3000000.remoteproc-adsp:glink-edge.adsp_apps.-1.-1: gpr_send_pkt: domain_id[2], Still Dsp is not Up
[    8.534920] spf-core-platform soc:spf_core_platform: __spf_core_is_apm_ready: send_command ret
[    8.534951] qcom,gpr 3000000.remoteproc-adsp:glink-edge.adsp_apps.-1.-1: gpr_send_pkt: domain_id[2], Still Dsp is not Up
[    8.585046] spf-core-platform soc:spf_core_platform: __spf_core_is_apm_ready: send_command ret
[    8.585074] qcom,gpr 3000000.remoteproc-adsp:glink-edge.adsp_apps.-1.-1: gpr_send_pkt: domain_id[2], Still Dsp is not Up
[    8.635165] spf-core-platform soc:spf_core_platform: __spf_core_is_apm_ready: send_command ret
[    8.635195] qcom,gpr 3000000.remoteproc-adsp:glink-edge.adsp_apps.-1.-1: gpr_send_pkt: domain_id[2], Still Dsp is not Up
[    8.639768] PDR: service lookup for msm/adsp/charger_pd:tms/servreg failed: -6
[    8.640648] audio_notifier_service_cb: service PDR_ADSP, opcode 0x1
[    8.640664] qcom,gpr 3000000.remoteproc-adsp:glink-edge.adsp_apps.-1.-1: gpr_adsp_up: Q6 is Up
[    8.640673] audio_prm_service_cb: Service opcode 0x1
[    8.641852] adsprpc: fastrpc_pdr_cb: msm/adsp/sensor_pd (sensors_pdr_adsprpc) is up for PDR on lpass
[    8.643289] adsprpc: fastrpc_pdr_cb: msm/adsp/audio_pd (audio_pdr_adsprpc) is up for PDR on lpass
[    8.646295] Error: adsprpc (4256): sscrpcd: fastrpc_get_info_from_dsp: could not obtain dsp information, err val -2147482112
[    8.664522] rmt_storage:INFO:check_support_using_libmdm: Modem subsystem found on target!
[    8.664989] rmt_storage:INFO:main: Done with init now waiting for messages!
[    8.679812] msm_vidc:     fw: <VFW_E:HostDr:unkn:--------:--> VenusHostDriver_ParseC2SysPacket(1072): licence unique code is not matched
[    8.685284] spf-core-platform soc:spf_core_platform: __spf_core_is_apm_ready: send_command ret
[    8.685483] qcom-spf_core gprsvc:spf_core:2:3: spf_core_callback: Payload 2001007
[    8.685491] qcom-spf_core gprsvc:spf_core:2:3: spf_core_callback: sucess response received
[    8.685520] spf-core-platform soc:spf_core_platform: spf_core_add_child_devices: apm is up
[    8.686818] msm-audio-ion soc:spf_core_platform:qcom,msm-audio-ion: Adding to iommu group 52
[    8.687390] msm-audio-ion soc:spf_core_platform:qcom,msm-audio-ion: msm_audio_ion_probe: msm_audio_ion_probe
[    8.688093] msm-audio-ion soc:spf_core_platform:qcom,msm-audio-ion-cma: msm_audio_ion_probe: msm_audio_ion_probe
[    8.699344] msm_cdc_pinctrl_get_gpiodata: platform device not found!
[    8.699369] lpass_cdc_va_macro va-macro: lpass_cdc_va_macro_probe: failed to get swr pin state
[    8.699961] lpass_cdc_tx_macro tx-macro: lpass_cdc_tx_macro_probe: va-macro not registered yet, defer
[    8.700426] lpass_cdc_rx_macro rx-macro: lpass_cdc_rx_macro_probe: va-macro not registered yet, defer
[    8.701396] wcd938x_codec wcd938x-codec: msm_cdc_dt_parse_vreg_info: cdc-vdd-rxtx: vol=[1800000 1800000]uV, curr=[30000]uA, ond 0 lpm 1
[    8.701411] wcd938x_codec wcd938x-codec: msm_cdc_dt_parse_vreg_info: cdc-vddio: vol=[1800000 1800000]uV, curr=[30000]uA, ond 0 lpm 1
[    8.701428] wcd938x_codec wcd938x-codec: msm_cdc_dt_parse_vreg_info: cdc-vdd-mic-bias: vol=[3400000 3960000]uV, curr=[30000]uA, ond 0 lpm 0
[    8.701438] wcd938x_codec wcd938x-codec: msm_cdc_dt_parse_vreg_info: cdc-vdd-buck: vol=[1800000 1800000]uV, curr=[650000]uA, ond 1 lpm 1
[    8.702772] msm_cdc_pinctrl_get_gpiodata: platform device not found!
[    8.702777] lpass_cdc_va_macro va-macro: lpass_cdc_va_macro_probe: failed to get swr pin state
[    8.702836] lpass_cdc_tx_macro tx-macro: lpass_cdc_tx_macro_probe: va-macro not registered yet, defer
[    8.702933] lpass_cdc_rx_macro rx-macro: lpass_cdc_rx_macro_probe: va-macro not registered yet, defer
[    8.704109] msm_vidc:     fw: <VFW_E:HostDr:unkn:--------:--> VenusHostDriver_ParseC2SysPacket(1072): licence unique code is not matched
[    8.706708] msm_cdc_pinctrl_get_gpiodata: platform device not found!
[    8.706713] lpass_cdc_va_macro va-macro: lpass_cdc_va_macro_probe: failed to get swr pin state
[    8.706765] lpass_cdc_tx_macro tx-macro: lpass_cdc_tx_macro_probe: va-macro not registered yet, defer
[    8.706865] lpass_cdc_rx_macro rx-macro: lpass_cdc_rx_macro_probe: va-macro not registered yet, defer
[    8.708260] msm_cdc_pinctrl_get_gpiodata: platform device not found!
[    8.708264] lpass_cdc_va_macro va-macro: lpass_cdc_va_macro_probe: failed to get swr pin state
[    8.708328] lpass_cdc_tx_macro tx-macro: lpass_cdc_tx_macro_probe: va-macro not registered yet, defer
[    8.708457] lpass_cdc_rx_macro rx-macro: lpass_cdc_rx_macro_probe: va-macro not registered yet, defer
[    8.708927] platform soc:spf_core_platform:tx_swr_clk_data_pinctrl: msm_cdc_pinctrl_get_gpiodata: cannot find cdc gpio info
[    8.708933] lpass_cdc_va_macro va-macro: lpass_cdc_va_macro_probe: failed to get swr pin state
[    8.710366] lpass_cdc_tx_macro tx-macro: lpass_cdc_tx_macro_probe: va-macro not registered yet, defer
[    8.710511] lpass_cdc_rx_macro rx-macro: lpass_cdc_rx_macro_probe: va-macro not registered yet, defer
[    8.711433] lpass_cdc_va_macro va-macro: lpass_cdc_register_macro: register macro successful:3
[    8.711562] lpass_cdc_tx_macro tx-macro: lpass_cdc_register_macro: register macro successful:0
[    8.711953] lpass_cdc_rx_macro rx-macro: lpass_cdc_register_macro: register macro successful:1
[    8.712882] prm_gpr_send_pkt: apm ready check not done
[    8.713114] qcom-spf_core gprsvc:spf_core:2:3: spf_core_callback: Payload 2001007
[    8.713123] qcom-spf_core gprsvc:spf_core:2:3: spf_core_callback: sucess response received
[    8.713143] prm_gpr_send_pkt: apm ready check done
[    8.722444] msm_vidc:     fw: <VFW_E:HostDr:unkn:--------:--> VenusHostDriver_ParseC2SysPacket(1072): licence unique code is not matched
[    8.723693] swr-wcd rx_swr_ctrl: swrm_get_logical_dev_num: devnum 1 assigned for dev d01170224
[    8.723699] wcd938x_codec wcd938x-codec: bound wcd938x-slave.d01170224 (ops wcd938x_slave_comp_ops [wcd938x_slave_dlkm])
[    8.723837] swr-wcd va_swr_ctrl: swrm_get_logical_dev_num: devnum 1 assigned for dev d01170223
[    8.723841] wcd938x_codec wcd938x-codec: bound wcd938x-slave.d01170223 (ops wcd938x_slave_comp_ops [wcd938x_slave_dlkm])
[    8.728046] wcd938x_codec wcd938x-codec: wcd938x_soc_codec_probe()
[    8.733478] input: SOMC Charger Removal as /devices/platform/soc/soc:qcom,pmic_glink/soc:qcom,pmic_glink:somc,battchg_ext/input/input7
[    8.734517] ------------[ cut here ]------------
[    8.734522] Voluntary context switch within RCU read-side critical section!
[    8.734538] WARNING: CPU: 0 PID: 1963 at kernel/rcu/tree_plugin.h:316 rcu_note_context_switch+0x338/0x6b8
[    8.734552] Modules linked in: sony_camera(OE) slg51000_regulator(OE) lxs_touchscreen(OE) wlan(OE) ipa_clientsm(OE) ipanetm(OE) rndisipam(OE) ipam(OE) machine_dlkm(OE) bt_fm_slim(OE) swr_dmic_dlkm(OE) pt_i2c(OE) msm_drm(OE) camera(OE) wcd938x_dlkm(OE) coresight_tmc(E) msm_kgsl(OE) lpass_cdc_wsa2_macro_dlkm(OE) rmnet_perf_tether(OE) lpass_cdc_rx_macro_dlkm(OE) gsim(OE) lpass_cdc_va_macro_dlkm(OE) wcd9xxx_dlkm(OE) lpass_cdc_wsa_macro_dlkm(OE) lpass_cdc_tx_macro_dlkm(OE) usb_f_gsi(E) msm_eva(OE) qdss_bridge(E) goodix_ts(OE) pt_device_access(OE) camera_sync(OE) rmnet_shs(OE) synaptics_tcm_ts(OE) sync_fence(OE) atmel_mxt_ts(OE) rmnet_wlan(OE) rmnet_sch(OE) nxp_nci(OE) rmnet_offload(OE) rmnet_perf(OE) pt_ts(OE) msm_video(OE) nt36xxx_i2c(OE) rmnet_aps(OE) qcedev_mod_dlkm(OE) msm_mmrm(OE) coresight_hwevent(E) rmnet_core(OE) et603_int(OE) cirrus_cs35l45(OE) swr_haptics_dlkm(OE) cnss2(OE) spcom(E) rmnet_ctl(OE) msm_hw_fence(OE) leds_qti_flash(E) rdtags(OE) coresight_tpda(E)
[    8.734665] adsp_loader_dlkm(OE) audio_pkt_dlkm(OE) hdcp_qseecom_dlkm(OE) repeater_i2c_eusb2(E) mhi_cntrl_qcom(E) gh_tlmm_vm_mem_access(E) msm_memshare(E) lpass_cdc_dlkm(OE) swr_ctrl_dlkm(OE) audio_prm_dlkm(OE) pinctrl_lpi_dlkm(OE) mac80211(E) usb_f_qdss(E) spf_core_dlkm(OE) gpr_dlkm(OE) coresight_dummy(E) stm_p_basic(E) spmi_glink_debug(E) leds_qti_tri_led(E) q6_notifier_dlkm(OE) somc_battchg_ext(OE) btpower(OE) ucsi_glink(E) cirrus_cs40l2x_codec(OE) hdmi_dlkm(OE) charger_ulog_glink(E) wsa884x_dlkm(OE) altmode_glink(E) wsa883x_dlkm(OE) qti_battery_debug(E) qcom_spmi_adc5_gen3(E) stm_console(E) spss_utils(E) qti_battery_charger(E) cnss_plat_ipc_qmi_svc(OE) ipa_fmwk(E) cirrus_wm_adsp(OE) qrtr_smd(E) coresight_remote_etm(E) stm_ftrace(E) cfg80211(E) coresight_tgu(E) mbhc_dlkm(OE) wcd938x_slave_dlkm(OE) audpkt_ion_dlkm(OE) qrtr_mhi(E) qcrypto_msm_dlkm(OE) coresight_stm(E) tz_log_dlkm(OE) radio_i2c_rtc6226_qca(OE) snd_event_dlkm(OE) snd_soc_hdmi_codec(E) coresight_funnel(E)
[    8.734763] coresight_cti(E) cnss_utils(OE) qrtr_gunyah(E) q6_dlkm(OE) nvmem_qfprom(E) qcom_vadc_common(E) stm_p_ost(E) slim_qcom_ngd_ctrl(E) smsc75xx(E) coresight_tpdm(E) qcom_esoc(E) coresight_replicator(E) repeater_qti_pmic_eusb2(E) rdbg(E) microdump_collector(E) smcinvoke_dlkm(OE) cnss_prealloc(OE) qcom_edac(E) qce50_dlkm(OE) last_logs(OE) qcom_q6v5_pas(E) qti_userspace_cdev(E) qsee_ipc_irq_bridge(E) coresight_csr(E) snd_usb_audio_qmi(E) slimbus(E) stub_dlkm(OE) stm_core(E) phy_qcom_emu(E) swr_dlkm(OE) wcd_core_dlkm(OE) q6_pdr_dlkm(OE) msm_ext_display(OE) qrng_dlkm(OE) cirrus_cs40l2x(OE) qcom_q6v5(E) wlan_firmware_service(OE) msm_lmh_dcvs(E) qseecom_proxy(E) usb_f_diag(E) qbt_handler(E) coresight(E) boot_stats(E) qti_ocp_notifier(E) mmc_log_probes(E) sg(E) qcom_iommu_debug(E) panel_event_notifier(E) hung_task_enh(E) dmesg_dumper(E) phy_msm_m31_eusb2(E) lt9611uxc(E) qti_fixed_regulator(E) sysmon_subsystem_stats(E) qcom_spss(E) heap_mem_ext_v01(E) cnss_nl(OE)
[    8.734866] sys_pm_vx(E) dwc3_msm(E) adsp_sleepmon(E) pmic_pon_log(E) qti_cpufreq_cdev(E) i2c_msm_geni(E) msm_show_epoch(E) phy_msm_snps_eusb2(E) max31760_fan(E) policy_engine(E) debugcc_kalama(E) realtek(E) gh_irq_lend(E) icc_test(E) rq_stats(E) gh_mem_notifier(E) ehset(E) qcom_pil_info(E) qcom_sysmon(E) repeater(E) phy_qcom_ufs_qmp_v4(E) bcl_soc(E) pwm_qti_lpg(E) pmic_glink(E) i3c_master_msm_geni(E) msm_sharedmem(E) mhi_dev_uci(E) smsc(E) frpc_adsprpc(E) usb_bam(E) smp2p_sleepstate(E) f_fs_ipc_log(E) mhi_dev_netdev(E) mhi_dev_dtr(E) qcom_ramdump(E) spi_msm_geni(E) phy_qcom_ufs_qmp_v4_khaje(E) bam_dma(E) pinctrl_spmi_gpio(E) memlat_scmi(E) ddr_cdev(E) phy_qcom_ufs_qmp_v4_waipio(E) memlat_vendor(E) qcom_pon(E) qcom_cpufreq_hw_debug(E) qcom_lpm(E) sdpm_clk(E) qti_qmi_sensor_v2(E) mhi_dev_satellite(E) cpu_voltage_cooling(E) synx_driver(E) usb_f_cdev(E) qti_qmi_cdev(E) mhi(E) qcom_spmi_temp_alarm(E) qcom_ipc_lite(E) subsystem_sleep_stats(E) phy_msm_ssusb_qmp(E)
[    8.734971] phy_generic(E) redriver(E) reboot_mode(E) pdr_interface(E) sps_drv(E) cdsp_loader(E) eud(E) usbmon(E) msm_geni_serial(E) smp2p(E) memlat(E) gpucc_kalama(E) cdsprm(E) spmi_pmic_arb_debug(E) pm8941_pwrkey(E) r8168(E) qcom_cpuss_sleep_stats(E) glink_probe(E) pinctrl_somc_pmic(E) qcom_glink_spss(E) qti_devfreq_cdev(E) msm_performance(E) rimps_log(E) qcom_va_minidump(E) hvc_gunyah(E) smsc95xx(E) glink_pkt(E) core_hang_detect(E) msm_gpi(E) qmi_helpers(E) pci_msm_drv(E) pinctrl_spmi_mpp(E) soc_sleep_stats(E) usb_f_ccid(E) rproc_qcom_common(E) qcom_smd(E) qcom_glink_smem(E) qcom_glink(E) msm_sysstats(E) msm_show_resume_irq(E) zram(E) wakeup_irq_debug(E) zsmalloc(E) nvme(E) nvme_core(E) bcl_pmic5(E) c1dcvs_scmi(E) c1dcvs_vendor(E) qcom_rimps(E) sdhci_msm(E) arm_smmu(E) ufs_qcom(E) ufshcd_crypto_qti(E) msm_qmp(E) qcom_aoss(E) stub_regulator(E) socinfo(E) rtc_pm8xxx(E) qrtr(E) qcom_reboot_reason(E) spmi_pmic_arb(E) qcom_spmi_pmic(E) regmap_spmi(E) qti_regmap_debugfs(E)
[    8.735085] pmu_scmi(E) pmu_vendor(E) qcom_pmu_lib(E) qcom_llcc_pmu(E) qcom_iommu_util(E) qcom_logbuf_vh(E) debug_symbol(E) qcom_dload_mode(E) pinctrl_somc(E) phy_qcom_ufs_qrbtc_sdm845(E) phy_qcom_ufs_qmp_v4_kalama(E) phy_qcom_ufs(E) nvmem_qcom_spmi_sdam(E) ns(E) qnoc_kalama(E) qnoc_qos(E) pinctrl_kalama(E) pinctrl_msm(E) memory_dump_v2(E) mem_buf(E) qcom_dma_heaps(E) msm_dma_iommu_mapping(E) mem_buf_msgq(E) mem_buf_dev(E) mem_hooks(E) llcc_qcom(E) iommu_logger(E) gunyah(E) mdt_loader(E) secure_buffer(E) gh_ctrl(E) videocc_kalama(E) tcsrcc_kalama(E) dispcc_kalama(E) dcc_v2(E) crypto_qti_common(E) crypto_qti_hwkm(E) hwkm(E) tmecom_intf(E) cqhci(E) clk_dummy(E) cpu_hotplug(E) thermal_pause(E) sched_walt(E) qcom_cpufreq_hw(E) bwmon(E) qcom_dcvs(E) dcvs_fp(E) rpmh_regulator(E) qcom_tsens(E) thermal_minidump(E) qcom_pdc(E) qcom_ipcc(E) camcc_kalama(E) icc_rpmh(E) icc_debug(E) icc_bcm_voter(E) gcc_kalama(E) clk_qcom(E) gdsc_regulator(E) debug_regulator(E) proxy_consumer(E)
[    8.735196] clk_rpmh(E) qcom_rpmh(E) cmd_db(E) qcom_ipc_logging(E) qcom_cpu_vendor_hooks(E) gh_virt_wdt(E) qcom_wdt_core(E) qcom_scm(E) minidump(E) smem(E) qcom_hwspinlock(E) gh_rm_drv(E) gh_dbl(E) gh_msgq(E) gh_arm_drv(E)
[    8.735226] CPU: 0 PID: 1963 Comm: kworker/0:11 Tainted: G S      W  OE     5.15.189-android13-8-00016-g51bba4309aac-ab14546557 #1
[    8.735232] Hardware name: Sony Corporation. PDX-234 J(Kalama QRD) (DT)
[    8.735236] Workqueue: events power_supply_changed_work.cfi_jt
[    8.735247] pstate: 624000c5 (nZCv daIF +PAN -UAO +TCO -DIT -SSBS BTYPE=--)
[    8.735253] pc : rcu_note_context_switch+0x338/0x6b8
[    8.735259] lr : rcu_note_context_switch+0x338/0x6b8
[    8.735265] sp : ffffffc01de3b9e0
[    8.735268] x29: ffffffc01de3b9f0 x28: 0000000000000000 x27: ffffff881678da00
[    8.735277] x26: ffffffc01de3bb80 x25: ffffff8a7887a340 x24: ffffff803dff3560
[    8.735285] x23: ffffffa77379e000 x22: ffffffe3050dc340 x21: ffffffe30450fd96
[    8.735294] x20: 0000000000000000 x19: ffffff881678da00 x18: ffffffc016aa3078
[    8.735302] x17: ffffffffffffffff x16: 0000000000000002 x15: 0000000000000004
[    8.735310] x14: ffffff8a6c720000 x13: 0000000000001fff x12: 0000000000000003
[    8.735318] x11: 00000000ffffdfff x10: ffffffe3051d81a8 x9 : 2f69167a3ea65f00
[    8.735326] x8 : 2f69167a3ea65f00 x7 : 205b5d3232353433 x6 : 372e38202020205b
[    8.735334] x5 : ffffff8030a41479 x4 : ffffffc01de3b5ef x3 : 0000000000000000
[    8.735343] x2 : 0000000000000000 x1 : ffffffc01de3b750 x0 : 000000000000003f
[    8.735351] Call trace:
[    8.735355] rcu_note_context_switch+0x338/0x6b8
[    8.735361] __schedule+0xc4/0xb8c
[    8.735368] schedule+0x150/0x254
[    8.735374] schedule_timeout+0x98/0x138
[    8.735379] wait_for_common+0x144/0x308
[    8.735385] wait_for_completion_timeout+0x18/0x28
[    8.735392] battery_chg_write+0x7c/0xc8 [qti_battery_charger]
[    8.735407] wls_psy_get_prop+0xd8/0x120 [qti_battery_charger]
[    8.735419] power_supply_get_property+0x48/0xb8
[    8.735426] somc_bcext_psy_notifier_cb+0x8c/0x18c [somc_battchg_ext]
[    8.735449] atomic_notifier_call_chain+0x8c/0x138
[    8.735455] power_supply_changed_work+0xe8/0x310
[    8.735460] process_one_work+0x248/0x55c
[    8.735466] worker_thread+0x3b0/0x740
[    8.735472] kthread+0x168/0x1dc
[    8.735477] ret_from_fork+0x10/0x20
[    8.735483] ---[ end trace 2f51b20954bf0a4b ]---
[    8.736019] battchg_ext: idtp9382a_irq_handler: irq_status=1
[    8.740603] msm_vidc:     fw: <VFW_E:HostDr:unkn:--------:--> VenusHostDriver_ParseC2SysPacket(1072): licence unique code is not matched
[    8.756081] input: kalama-qrd-snd-card Headset Jack as /devices/platform/soc/soc:spf_core_platform/soc:spf_core_platform:sound/sound/card0/input5
[    8.756164] input: kalama-qrd-snd-card Button Jack as /devices/platform/soc/soc:spf_core_platform/soc:spf_core_platform:sound/sound/card0/input6
[    8.756252] kalama-asoc-snd soc:spf_core_platform:sound: msm_asoc_machine_probe: Sound card kalama-qrd-snd-card registered
[    8.756896] kalama-asoc-snd soc:spf_core_platform:sound: msm_common_snd_init: No DT match for tdm clk attribute, set to default
[    8.756899] kalama-asoc-snd soc:spf_core_platform:sound: msm_common_snd_init: No DT match for mi2s clk attribute, set to default
[    8.757023] kalama-asoc-snd soc:spf_core_platform:sound: num_links 33 
[    8.757669] audio_prm_callback: Failed response received
[    8.757791] prm_gpr_send_pkt: DSP returned error 2
[    8.757801] msm_set_upd_config: upd cdc duty cycling registration failed
[    8.761326] msm_vidc:     fw: <VFW_E:HostDr:unkn:--------:--> VenusHostDriver_ParseC2SysPacket(1072): licence unique code is not matched
[    8.802428] android.hardware.health-service.qti: opened battery/capacity after 4 retries
[    8.802622] android.hardware.health-service.qti: Read Batt Capacity after 4 retries ret : 1
[    8.802959] healthd: batteryCapacityLevelPath not found
[    8.803004] android.hardware.health-service.qti: Starting health HAL.
[    8.807468] healthd: battery l=100 v=4226 t=30.0 h=2 st=3 c=-1637369 fc=4434000 cc=0 chg=
[    8.816340] msm_vidc:     fw: <VFW_E:HostDr:unkn:--------:--> VenusHostDriver_ParseC2SysPacket(1072): licence unique code is not matched
[    8.824127] lxs_ts 2-0028: after probe start 
[    8.824135] lxs_ts 2-0028: start init work
[    8.824166] lxs_ts 2-0028: LXS(SW82907) after probe start(0.01b-f1)
[    8.824169] lxs_ts 2-0028: lxs_ts_after_probe_func: change power status to power on
[    8.824172] lxs_ts 2-0028: SW82907 reg quirks: [0] 0022h -> 0020h
[    8.824174] lxs_ts 2-0028: SW82907 reg quirks: [1] 0024h -> 0022h
[    8.824176] lxs_ts 2-0028: SW82907 reg quirks: [2] 0005h -> 0004h
[    8.824178] lxs_ts 2-0028: SW82907 reg quirks: [3] 0047h -> 0045h
[    8.824180] lxs_ts 2-0028: SW82907 reg quirks: [4] 0C6Eh -> FFFFh
[    8.824182] lxs_ts 2-0028: SW82907 reg quirks: [5] 0289h -> FFFFh
[    8.824183] lxs_ts 2-0028: SW82907 reg quirks: t 6, m 0
[    8.824185] lxs_ts 2-0028: [opt summary]
[    8.824187] lxs_ts 2-0028:  f_flex_report   : 1
[    8.824188] lxs_ts 2-0028:  f_grab_en       : 1
[    8.824189] lxs_ts 2-0028:  t_sw_rst        : 5
[    8.824191] lxs_ts 2-0028:  t_clock         : 4
[    8.824192] lxs_ts 2-0028:  t_oled          : 2
[    8.824193] lxs_ts 2-0028:  t_tc_cmd        : 10
[    8.824195] lxs_ts 2-0028:  t_tc_quirk      : 1
[    8.824196] lxs_ts 2-0028:  drv_reset_low   : 5 ms
[    8.824198] lxs_ts 2-0028:  drv_delay       : 30 ms
[    8.824199] lxs_ts 2-0028: [tc cmd set] (mode bit 0007h)
[    8.824201] lxs_ts 2-0028:  0001h [LP  ] 
[    8.824203] lxs_ts 2-0028:  0301h [NP  ] 
[    8.824204] lxs_ts 2-0028:  0004h [STOP] 
[    8.824206] lxs_ts 2-0028: fw upgrade setup
[    8.827096] kgsl-3d 3d00000.qcom,kgsl-3d0: Direct firmware load for a740_sqe.fw failed with error -2
[    8.827103] kgsl-3d 3d00000.qcom,kgsl-3d0: Falling back to sysfs fallback for: a740_sqe.fw
[    8.829233] lxs_ts 2-0028: gpio_reset: gpio_set_value(325, 1)
[    8.839524] msm_vidc:     fw: <VFW_E:HostDr:unkn:--------:--> VenusHostDriver_ParseC2SysPacket(1072): licence unique code is not matched
[    8.853570] msm-dwc3 a600000.ssusb: DWC3 exited from low power mode
[    8.853898] eusb2-repeater c42d000.qcom,spmi:qcom,pm8550b@7:qcom,eusb2-repeater@fd00: eUSB2 repeater status:OK
[    8.855104] healthd: battery l=100 v=4195 t=30.0 h=2 st=3 c=-1986743 fc=4434000 cc=0 chg=
[    8.855144] remoteproc remoteproc3: powering up 4080000.remoteproc-mss
[    8.855165] remoteproc remoteproc3: Direct firmware load for modem.mdt failed with error -2
[    8.855168] remoteproc remoteproc3: Falling back to sysfs fallback for: modem.mdt
[    8.859215] dwc3 a600000.dwc3: Adding to iommu group 53
[    8.860111] eusb2-repeater c42d000.qcom,spmi:qcom,pm8550b@7:qcom,eusb2-repeater@fd00: eUSB2 repeater status:OK
[    8.865733] healthd: battery l=100 v=4195 t=30.0 h=2 st=3 c=-1986743 fc=4434000 cc=0 chg=
[    8.866171] msm_vidc:     fw: <VFW_E:HostDr:unkn:--------:--> VenusHostDriver_ParseC2SysPacket(1072): licence unique code is not matched
[    8.870985] healthd: battery l=100 v=4195 t=30.0 h=2 st=3 c=-1986743 fc=4434000 cc=0 chg=
[    8.890247] sps_register_bam_device: sps:BAM 0x000000000a704000 is registered
[    8.926370] msm_vidc:     fw: <VFW_E:HostDr:unkn:--------:--> VenusHostDriver_ParseC2SysPacket(1072): licence unique code is not matched
[    8.932685] logd: logdr: UID=2987 GID=2987 PID=2162 b tail=0 logMask=8b pid=0 start=0ns deadline=0ns
[    8.943159] lxs_ts 2-0028: ic test done
[    8.943635] lxs_ts 2-0028: rinfo: max_x 1645, max_y 3841
[    8.944008] lxs_ts 2-0028: rinfo: tx 16, rx 37
[    8.947609] lxs_ts 2-0028: threaded irq request done(383, lxs_ts, 0x2002)
[    8.947637] lxs_ts 2-0028: report type  : 1
[    8.947644] lxs_ts 2-0028: status type  : 2
[    8.947649] lxs_ts 2-0028: status mask  : 0050A660h
[    8.947653] lxs_ts 2-0028:  normal      : 00508060h
[    8.947658] lxs_ts 2-0028:  logging     : 0050A000h
[    8.947662] lxs_ts 2-0028:  reset       : 00000660h
[    8.947667] lxs_ts 2-0028:  ic normal   : 000000D6h
[    8.947671] lxs_ts 2-0028:  ic abnormal : 00000001h
[    8.947675] lxs_ts 2-0028:  ic error    : 00000028h
[    8.947680] lxs_ts 2-0028:  ic valid    : 000000FFh
[    8.947685] lxs_ts 2-0028: LXS Touch Probe done
[    8.947689] lxs_ts 2-0028: LXS Touch Auto Start
[    8.947712] lxs_ts 2-0028: watchdog on
[    8.947717] lxs_ts 2-0028: watchdog delay 10000 ms
[    8.947722] lxs_ts 2-0028: lxs_ts_watchdog_init (10000 ms)
[    8.947729] lxs_ts 2-0028: LXS(SW82907) init work start(0.01b-f1)
[    8.956152] lxs_ts 2-0028: ic test done
[    8.959303] msm_vidc:     fw: <VFW_E:HostDr:unkn:--------:--> VenusHostDriver_ParseC2SysPacket(1072): licence unique code is not matched
[    8.960135] lxs_ts 2-0028: [T] chip class 7601, version v1.18 (0x040A0112, 0x01)
[    8.960141] lxs_ts 2-0028: [T] product id S2X65234, flash boot idle(done), crc ok (0x00000004)
[    8.961569] lxs_ts 2-0028: [SW82907] IC info is good: 10, 4
[    8.962325] lxs_ts 2-0028: SW82907 resume touch: lpm 0
[    8.962329] lxs_ts 2-0028: display frame rate: 2
[    8.962581] lxs_ts 2-0028: touch frame rate: 2
[    8.962901] lxs_ts 2-0028: current driving mode is NP
[    8.963159] lxs_ts 2-0028: TC Driving[0C03h] wr 0x301
[    8.986450] msm_vidc:     fw: <VFW_E:HostDr:unkn:--------:--> VenusHostDriver_ParseC2SysPacket(1072): licence unique code is not matched
[    8.997205] lxs_ts 2-0028: command done: mode 1, running_sts 02h
[    8.997505] lxs_ts 2-0028: grab_mode[0D0Bh]: ON(00000001h)
[    8.997515] lxs_ts 2-0028: charger: 0h (0h, 0h)
[    8.997793] lxs_ts 2-0028: state_ime: 0
[    8.998047] lxs_ts 2-0028: state_call: 0(IDLE)
[    8.998583] lxs_ts 2-0028: blend_filter(set): 0
[    8.998842] lxs_ts 2-0028: stop_filter(set): 0
[    8.998846] lxs_ts 2-0028: SW82907 resume touch(0): lcd_mode 1, driving_mode 1
[    8.998855] lxs_ts 2-0028: prd: param: row 16, col 37
[    8.999556] lxs_ts 2-0028: prd:  raw: t 1, rr 0, rt 0, ro 0, s 1, v 0, h 0, fmt 0x20000
[    8.999560] lxs_ts 2-0028: prd:  sys: t 1, rr 0, rt 0, ro 0, s 1, v 0, h 0, fmt 0x20000
[    8.999562] lxs_ts 2-0028: prd:   sd: t 1, rr 0, rt 0, ro 0, s 1, v 0, h 0, fmt 0x20000
[    8.999564] lxs_ts 2-0028: prd: flag: raw 0, sys 0, sd 0, app 1
[    8.999570] lxs_ts 2-0028: prd: prd_sd_cmp_setup: cmp set: LP_OPEN, min 4800, max 8192
[    8.999572] lxs_ts 2-0028: prd: prd_sd_cmp_setup: cmp set: LP_SHORT_GND, min 6500, max 8192
[    8.999574] lxs_ts 2-0028: prd: prd_sd_cmp_setup: cmp set: LP_SHORT_TRX, min 6500, max 8192
[    8.999575] lxs_ts 2-0028: prd: prd_sd_cmp_setup: cmp set: LP_SHORT_VDD, min 0, max 5200
[    8.999577] lxs_ts 2-0028: prd: prd_sd_cmp_setup: cmp set: SYNC(V), min 57, max 63
[    8.999578] lxs_ts 2-0028: prd: SW82907[S2X65234] param init done
[    8.999617] lxs_ts 2-0028: LXS(SW82907) init done
[    8.999637] lxs_ts 2-0028: irq(383) enabled
[    8.999639] lxs_ts 2-0028: irq(383) wake enabled
[    8.999641] lxs_ts 2-0028: Touch F/W upgrade triggered(1h)
[    8.999653] lxs_ts 2-0028: FW upgrade work func
[    8.999659] lxs_ts 2-0028: irq(383) wake disabled
[    8.999671] lxs_ts 2-0028: irq(383) disabled
[    8.999673] lxs_ts 2-0028: FW upgrade: status 1(BUSY)
[    8.999674] lxs_ts 2-0028: fw type: FW_TYPE_OLED
[    8.999676] lxs_ts 2-0028: getting fw from file
[    8.999677] lxs_ts 2-0028: target fw: touch_module_id_0x01.img (rel)
[    8.999699] lxs_ts 2-0028: Direct firmware load for touch_module_id_0x01.img failed with error -2
[    8.999702] lxs_ts 2-0028: Falling back to sysfs fallback for: touch_module_id_0x01.img
[    9.012921] msm_vidc:     fw: <VFW_E:HostDr:unkn:--------:--> VenusHostDriver_ParseC2SysPacket(1072): licence unique code is not matched
[    9.036439] msm_cvp: sess: vendor.qti.medi opening cvp instance: 0000000000000000 type 1 cnt 0
[    9.036761] msm_cvp:   fw: <CFW_E:HostDr:--------:-> [53639106]: VenusHostDriver_SetSysProperty(595): QC_IMAGE_VERSION_STRING=EVA.FIRMWARE.3.1-12_06620505_build1
[    9.145489] synx: [sess: 50689] session created cvp-kernel-client
[    9.147454] msm_vidc: err : e938afc0:  avcE_0: msm_venc_subscribe_event: invalid type 5 id 0
[    9.147469] msm_vidc:     fw: <VFW_E:HostDr:unkn:--------:--> VenusHostDriver_ParseC2SysPacket(1072): licence unique code is not matched
[    9.151618] msm_cvp: warn: msm_cvp_cleanup_instance Unexpected pm_qos off vote 0
[    9.151858] synx: [sess: 50689] session destroyed cvp-kernel-client, uid: 50689
[    9.152175] msm_cvp: vendor.qti.medi: closed cvp instance: 0000000000000000 session_id = 0 type 1 0
[    9.156192] msm_vidc: err : e89fafc0:  avcE_0: msm_venc_subscribe_event: invalid type 5 id 0
[    9.156226] msm_vidc:     fw: <VFW_E:HostDr:unkn:--------:--> VenusHostDriver_ParseC2SysPacket(1072): licence unique code is not matched
[    9.161484] msm_cvp: sess: vendor.qti.medi opening cvp instance: 0000000000000000 type 1 cnt 0
[    9.161875] msm_cvp:   fw: <CFW_E:HostDr:--------:-> [57953656]: VenusHostDriver_SetSysProperty(595): QC_IMAGE_VERSION_STRING=EVA.FIRMWARE.3.1-12_06620505_build1
[    9.194991] synx: [sess: 37633] session created cvp-kernel-client
[    9.197027] msm_vidc:     fw: <VFW_E:HostDr:unkn:--------:--> VenusHostDriver_ParseC2SysPacket(1072): licence unique code is not matched
[    9.197059] msm_vidc: err : e88a8fc0:  avcE_0: msm_venc_subscribe_event: invalid type 5 id 0
[    9.206528] msm_cvp: warn: msm_cvp_cleanup_instance Unexpected pm_qos off vote 0
[    9.207017] msm_cvp: vendor.qti.medi: closed cvp instance: 0000000000000000 session_id = 0 type 1 0
[    9.207026] synx: [sess: 37633] session destroyed cvp-kernel-client, uid: 37633
[    9.210653] msm_vidc: err : e3b1afc0:  avcE_0: msm_venc_subscribe_event: invalid type 5 id 0
[    9.210698] msm_vidc:     fw: <VFW_E:HostDr:unkn:--------:--> VenusHostDriver_ParseC2SysPacket(1072): licence unique code is not matched
[    9.212035] msm_cvp: sess: vendor.qti.medi opening cvp instance: 0000000000000000 type 1 cnt 0
[    9.212547] msm_cvp:   fw: <CFW_E:HostDr:--------:-> [59817425]: VenusHostDriver_SetSysProperty(595): QC_IMAGE_VERSION_STRING=EVA.FIRMWARE.3.1-12_06620505_build1
[    9.214402] synx: [sess: 24577] session created cvp-kernel-client
[    9.215026] msm_vidc: err : e3a6afc0:  avcE_0: msm_venc_subscribe_event: invalid type 5 id 0
[    9.215054] msm_vidc:     fw: <VFW_E:HostDr:unkn:--------:--> VenusHostDriver_ParseC2SysPacket(1072): licence unique code is not matched
[    9.222635] msm_cvp: warn: msm_cvp_cleanup_instance Unexpected pm_qos off vote 0
[    9.222807] msm_cvp: vendor.qti.medi: closed cvp instance: 0000000000000000 session_id = 0 type 1 0
[    9.222819] synx: [sess: 24577] session destroyed cvp-kernel-client, uid: 24577
[    9.245144] smcinvoke: prepare_send_scm_msg: Secure side is busy,will retry after 30 ms, retry_count = 0
[    9.249471] msm_vidc: err : e820afc0:  avcE_0: msm_venc_subscribe_event: invalid type 5 id 0
[    9.249517] msm_vidc:     fw: <VFW_E:HostDr:unkn:--------:--> VenusHostDriver_ParseC2SysPacket(1072): licence unique code is not matched
[    9.272266] cnss-daemon: NL group_id 10, cnss_nl.family_id 41
[    9.273668] cnss_plat: cnss_plat_ipc_qmi_reg_client_req_handler: QMI Client Connected. QMI Socket Node: 1 Port: 16545 ID: 1
[    9.273679] cnss: CNSS Daemon connected
[    9.285096] cnss-daemon: ro.baseband : [msm]
[    9.285179] cnss_plat: MAC: 1 HW_TRC: 0 CAL: 0
[    9.287133] cnss-daemon: no interop issues ap currently
[    9.295708] adreno-gen7-gmu 3d68000.qcom,gmu: Direct firmware load for gmu_gen70200.bin failed with error -2
[    9.295716] adreno-gen7-gmu 3d68000.qcom,gmu: Falling back to sysfs fallback for: gmu_gen70200.bin
[    9.301440] remoteproc remoteproc3: Booting fw image modem.mdt, size 6364
[    9.301637] qcom_q6v5_pas 4080000.remoteproc-mss: Direct firmware load for modem_dtb.mdt failed with error -2
[    9.301647] qcom_q6v5_pas 4080000.remoteproc-mss: Falling back to sysfs fallback for: modem_dtb.mdt
[    9.370110] read descriptors
[    9.370135] read strings
[    9.376449] lxs_ts 2-0028: fw size: 131072
[    9.376459] lxs_ts 2-0028: FW compare: bin-ver: 1.18(0) (S2X65234)
[    9.376461] lxs_ts 2-0028: FW compare: dev-ver: 1.18(0) (S2X65234)
[    9.376463] lxs_ts 2-0028: FW compare: up 0x00, fup 0x00
[    9.376465] lxs_ts 2-0028: FW upgrade: status 4(NG_F_CHK)
[    9.376475] lxs_ts 2-0028: (E) FW upgrade skipped
[    9.376482] lxs_ts 2-0028: LXS(SW82907) reset control(0x1)
[    9.376484] lxs_ts 2-0028: HW Reset(Async)
[    9.376493] lxs_ts 2-0028: gpio_reset: gpio_set_value(325, 0)
[    9.381527] lxs_ts 2-0028: gpio_reset: gpio_set_value(325, 1)
[    9.387834] qcom_q6v5_pas 4080000.remoteproc-mss: Direct firmware load for modem_dtb.b02 failed with error -2
[    9.387852] qcom_q6v5_pas 4080000.remoteproc-mss: Falling back to sysfs fallback for: modem_dtb.b02
[    9.411651] qcom_q6v5_pas 4080000.remoteproc-mss: Direct firmware load for modem_dtb.b01 failed with error -2
[    9.411660] qcom_q6v5_pas 4080000.remoteproc-mss: Falling back to sysfs fallback for: modem_dtb.b01
[    9.417917] adsprpc: fastrpc_restart_notifier_cb: subsystem mpss is about to start
[    9.417928] ipa-wan ipa3_lcl_mdm_ssr_notifier_cb:4037 IPA received MPSS BEFORE_POWERUP
[    9.417934] ipa-wan ipa3_lcl_mdm_ssr_notifier_cb:4046 IPA BEFORE_POWERUP handling is complete
[    9.426599] kgsl-3d 3d00000.qcom,kgsl-3d0: Direct firmware load for a740_zap.mbn failed with error -2
[    9.426608] kgsl-3d 3d00000.qcom,kgsl-3d0: Falling back to sysfs fallback for: a740_zap.mbn
[    9.426708] qcom_q6v5_pas 4080000.remoteproc-mss: Direct firmware load for modem.b31 failed with error -2
[    9.426712] qcom_q6v5_pas 4080000.remoteproc-mss: Falling back to sysfs fallback for: modem.b31
[    9.465967] qcom_q6v5_pas 4080000.remoteproc-mss: Direct firmware load for modem.b01 failed with error -2
[    9.465976] qcom_q6v5_pas 4080000.remoteproc-mss: Falling back to sysfs fallback for: modem.b01
[    9.470498] qcom_q6v5_pas 4080000.remoteproc-mss: Direct firmware load for modem.b02 failed with error -2
[    9.470506] qcom_q6v5_pas 4080000.remoteproc-mss: Falling back to sysfs fallback for: modem.b02
[    9.472455] msm_ext_disp_update_audio_ops: Display not found (EXT_DISPLAY_TYPE_DP) ctld (0) stream (0)
[    9.472466] msm_ext_disp_update_audio_ops: Display not found (EXT_DISPLAY_TYPE_HDMI) ctld (0) stream (0)
[    9.472470] msm_ext_disp_update_audio_ops: Display not found (EXT_DISPLAY_TYPE_DP) ctld (0) stream (0)
[    9.472475] msm_ext_disp_update_audio_ops: Display not found (EXT_DISPLAY_TYPE_DP) ctld (0) stream (0)
[    9.472482] msm_ext_disp_update_audio_ops: Display not found (EXT_DISPLAY_TYPE_DP) ctld (0) stream (0)
[    9.472486] msm-ext-disp-audio-codec-rx soc:qcom,msm-ext-disp:qcom,msm-ext-disp-audio-codec-rx: msm_ext_disp_audio_type_get: get_audio_edid_blk() or get_intf_id is NULL
[    9.472497] msm_ext_disp_update_audio_ops: Display not found (EXT_DISPLAY_TYPE_DP) ctld (0) stream (0)
[    9.472500] msm-ext-disp-audio-codec-rx soc:qcom,msm-ext-disp:qcom,msm-ext-disp-audio-codec-rx: msm_ext_disp_audio_type_get: get_audio_edid_blk() or get_intf_id is NULL
[    9.472508] msm_ext_disp_update_audio_ops: Display not found (EXT_DISPLAY_TYPE_DP) ctld (0) stream (0)
[    9.472511] msm-ext-disp-audio-codec-rx soc:qcom,msm-ext-disp:qcom,msm-ext-disp-audio-codec-rx: msm_ext_disp_audio_type_get: get_audio_edid_blk() or get_intf_id is NULL
[    9.472528] msm-ext-disp-audio-codec-rx soc:qcom,msm-ext-disp:qcom,msm-ext-disp-audio-codec-rx: msm_ext_disp_audio_device_get: invalid dai id: 4
[    9.478573] qcom_q6v5_pas 4080000.remoteproc-mss: Direct firmware load for modem.b03 failed with error -2
[    9.478579] qcom_q6v5_pas 4080000.remoteproc-mss: Falling back to sysfs fallback for: modem.b03
[    9.484001] qcom_q6v5_pas 4080000.remoteproc-mss: Direct firmware load for modem.b04 failed with error -2
[    9.484007] qcom_q6v5_pas 4080000.remoteproc-mss: Falling back to sysfs fallback for: modem.b04
[    9.484622] lxs_ts 2-0028: LXS(SW82907) init work start(0.01b-f1)
[    9.493435] lxs_ts 2-0028: ic test done
[    9.496419] qcom_q6v5_pas 4080000.remoteproc-mss: Direct firmware load for modem.b05 failed with error -2
[    9.496425] qcom_q6v5_pas 4080000.remoteproc-mss: Falling back to sysfs fallback for: modem.b05
[    9.498489] lxs_ts 2-0028: [T] chip class 7601, version v1.18 (0x040A0112, 0x01)
[    9.498495] lxs_ts 2-0028: [T] product id S2X65234, flash boot idle(done), crc ok (0x00000004)
[    9.500245] lxs_ts 2-0028: [SW82907] IC info is good: 10, 4
[    9.500651] qcom_q6v5_pas 4080000.remoteproc-mss: Direct firmware load for modem.b06 failed with error -2
[    9.500655] qcom_q6v5_pas 4080000.remoteproc-mss: Falling back to sysfs fallback for: modem.b06
[    9.501027] lxs_ts 2-0028: SW82907 resume touch: lpm 0
[    9.501032] lxs_ts 2-0028: display frame rate: 2
[    9.501293] lxs_ts 2-0028: touch frame rate: 2
[    9.501568] lxs_ts 2-0028: current driving mode is NP
[    9.501829] lxs_ts 2-0028: TC Driving[0C03h] wr 0x301
[    9.509840] qcom_q6v5_pas 4080000.remoteproc-mss: Direct firmware load for modem.b07 failed with error -2
[    9.509847] qcom_q6v5_pas 4080000.remoteproc-mss: Falling back to sysfs fallback for: modem.b07
[    9.515150] qcom_q6v5_pas 4080000.remoteproc-mss: Direct firmware load for modem.b08 failed with error -2
[    9.515160] qcom_q6v5_pas 4080000.remoteproc-mss: Falling back to sysfs fallback for: modem.b08
[    9.529216] qcom_q6v5_pas 4080000.remoteproc-mss: Direct firmware load for modem.b09 failed with error -2
[    9.529225] qcom_q6v5_pas 4080000.remoteproc-mss: Falling back to sysfs fallback for: modem.b09
[    9.533624] qcom_q6v5_pas 4080000.remoteproc-mss: Direct firmware load for modem.b10 failed with error -2
[    9.533632] qcom_q6v5_pas 4080000.remoteproc-mss: Falling back to sysfs fallback for: modem.b10
[    9.537199] lxs_ts 2-0028: command done: mode 1, running_sts 02h
[    9.537502] lxs_ts 2-0028: grab_mode[0D0Bh]: ON(00000001h)
[    9.537509] lxs_ts 2-0028: charger: 0h (0h, 0h)
[    9.537769] lxs_ts 2-0028: state_ime: 0
[    9.538712] lxs_ts 2-0028: state_call: 0(IDLE)
[    9.539224] lxs_ts 2-0028: blend_filter(set): 0
[    9.539478] lxs_ts 2-0028: stop_filter(set): 0
[    9.539482] lxs_ts 2-0028: SW82907 resume touch(0): lcd_mode 1, driving_mode 1
[    9.539487] lxs_ts 2-0028: prd: update swap info
[    9.540189] lxs_ts 2-0028: prd:  raw: t 1, rr 0, rt 0, ro 0, s 1, v 0, h 0, fmt 0x20000
[    9.540193] lxs_ts 2-0028: prd:  sys: t 1, rr 0, rt 0, ro 0, s 1, v 0, h 0, fmt 0x20000
[    9.540195] lxs_ts 2-0028: prd:   sd: t 1, rr 0, rt 0, ro 0, s 1, v 0, h 0, fmt 0x20000
[    9.540197] lxs_ts 2-0028: prd: flag: raw 0, sys 0, sd 0, app 1
[    9.540200] lxs_ts 2-0028: prd: prd_sd_cmp_setup: cmp set: LP_OPEN, min 4800, max 8192
[    9.540202] lxs_ts 2-0028: prd: prd_sd_cmp_setup: cmp set: LP_SHORT_GND, min 6500, max 8192
[    9.540203] lxs_ts 2-0028: prd: prd_sd_cmp_setup: cmp set: LP_SHORT_TRX, min 6500, max 8192
[    9.540204] lxs_ts 2-0028: prd: prd_sd_cmp_setup: cmp set: LP_SHORT_VDD, min 0, max 5200
[    9.540205] lxs_ts 2-0028: prd: prd_sd_cmp_setup: cmp set: SYNC(V), min 57, max 63
[    9.540206] lxs_ts 2-0028: LXS(SW82907) init done
[    9.540223] lxs_ts 2-0028: irq(383) enabled
[    9.540225] lxs_ts 2-0028: irq(383) wake enabled
[    9.540228] lxs_ts 2-0028: lxs_ts_watchdog_run: on (10000 ms)
[    9.541146] lxs_ts 2-0028: [1] TC Driving OK
[    9.547642] qcom_q6v5_pas 4080000.remoteproc-mss: Direct firmware load for modem.b11 failed with error -2
[    9.547648] qcom_q6v5_pas 4080000.remoteproc-mss: Falling back to sysfs fallback for: modem.b11
[    9.562968] qcom_q6v5_pas 4080000.remoteproc-mss: Direct firmware load for modem.b12 failed with error -2
[    9.563020] qcom_q6v5_pas 4080000.remoteproc-mss: Falling back to sysfs fallback for: modem.b12
[    9.570274] qcom_q6v5_pas 4080000.remoteproc-mss: Direct firmware load for modem.b13 failed with error -2
[    9.570281] qcom_q6v5_pas 4080000.remoteproc-mss: Falling back to sysfs fallback for: modem.b13
[    9.592539] qcom_q6v5_pas 4080000.remoteproc-mss: Direct firmware load for modem.b15 failed with error -2
[    9.592549] qcom_q6v5_pas 4080000.remoteproc-mss: Falling back to sysfs fallback for: modem.b15
[    9.611860] qcom_q6v5_pas 4080000.remoteproc-mss: Direct firmware load for modem.b16 failed with error -2
[    9.611870] qcom_q6v5_pas 4080000.remoteproc-mss: Falling back to sysfs fallback for: modem.b16
[    9.618799] qcom_q6v5_pas 4080000.remoteproc-mss: Direct firmware load for modem.b17 failed with error -2
[    9.618808] qcom_q6v5_pas 4080000.remoteproc-mss: Falling back to sysfs fallback for: modem.b17
[    9.624128] qcom_q6v5_pas 4080000.remoteproc-mss: Direct firmware load for modem.b18 failed with error -2
[    9.624136] qcom_q6v5_pas 4080000.remoteproc-mss: Falling back to sysfs fallback for: modem.b18
[    9.687783] qcom_q6v5_pas 4080000.remoteproc-mss: Direct firmware load for modem.b19 failed with error -2
[    9.687793] qcom_q6v5_pas 4080000.remoteproc-mss: Falling back to sysfs fallback for: modem.b19
[    9.707500] qcom_q6v5_pas 4080000.remoteproc-mss: Direct firmware load for modem.b20 failed with error -2
[    9.707509] qcom_q6v5_pas 4080000.remoteproc-mss: Falling back to sysfs fallback for: modem.b20
[    9.720694] (virq:irq_count)- GICv3:IPI(1):33300 GICv3:ufshcd(35):14002 GICv3:IPI(2):13201 GICv3:IPI(6):12404 GICv3:arch_timer(11):9501 GICv3:ipcc_0(37):3165 ipcc:glink-native-adsp(385):3093 GICv3:apps_rsc-drv-2(20):748 GICv3:i2c_geni(279):696 GICv3:i2c_geni(280):658 
[    9.720714] (cpu:irq_count)- 0:17082 1:2929 2:2933 3:11130 4:12323 5:11114 6:10740 7:23987 
[    9.720720] (ipi:irq_count)- 0:33300 1:13201 2:0 3:0 4:0 5:12404 6:0 
[    9.724912] qcom_q6v5_pas 4080000.remoteproc-mss: Direct firmware load for modem.b22 failed with error -2
[    9.724921] qcom_q6v5_pas 4080000.remoteproc-mss: Falling back to sysfs fallback for: modem.b22
[    9.728701] qcom_q6v5_pas 4080000.remoteproc-mss: Direct firmware load for modem.b23 failed with error -2
[    9.728709] qcom_q6v5_pas 4080000.remoteproc-mss: Falling back to sysfs fallback for: modem.b23
[    9.754168] healthd: battery l=100 v=4183 t=30.0 h=2 st=3 c=-2044606 fc=4434000 cc=0 chg=u
[    9.756927] qcom_q6v5_pas 4080000.remoteproc-mss: Direct firmware load for modem.b24 failed with error -2
[    9.756934] qcom_q6v5_pas 4080000.remoteproc-mss: Falling back to sysfs fallback for: modem.b24
[    9.767722] slg51000-regulator 0-0075: disable LDO6 supply_name:vin7 off_time:2000us
[    9.784920] healthd: battery l=100 v=4183 t=30.0 h=2 st=3 c=-2044606 fc=4434000 cc=17 chg=u
[    9.888329] qcom_q6v5_pas 4080000.remoteproc-mss: Direct firmware load for modem.b25 failed with error -2
[    9.888339] qcom_q6v5_pas 4080000.remoteproc-mss: Falling back to sysfs fallback for: modem.b25
[    9.892831] qcom_q6v5_pas 4080000.remoteproc-mss: Direct firmware load for modem.b26 failed with error -2
[    9.892839] qcom_q6v5_pas 4080000.remoteproc-mss: Falling back to sysfs fallback for: modem.b26
[    9.895975] qcom_q6v5_pas 4080000.remoteproc-mss: Direct firmware load for modem.b27 failed with error -2
[    9.895982] qcom_q6v5_pas 4080000.remoteproc-mss: Falling back to sysfs fallback for: modem.b27
[    9.900398] qcom_q6v5_pas 4080000.remoteproc-mss: Direct firmware load for modem.b28 failed with error -2
[    9.900402] qcom_q6v5_pas 4080000.remoteproc-mss: Falling back to sysfs fallback for: modem.b28
[    9.903732] qcom_q6v5_pas 4080000.remoteproc-mss: Direct firmware load for modem.b29 failed with error -2
[    9.903737] qcom_q6v5_pas 4080000.remoteproc-mss: Falling back to sysfs fallback for: modem.b29
[    9.929512] msm_ext_disp_update_audio_ops: Display not found (EXT_DISPLAY_TYPE_DP) ctld (0) stream (0)
[    9.929526] msm_ext_disp_update_audio_ops: Display not found (EXT_DISPLAY_TYPE_HDMI) ctld (0) stream (0)
[    9.929531] msm_ext_disp_update_audio_ops: Display not found (EXT_DISPLAY_TYPE_DP) ctld (0) stream (0)
[    9.929536] msm_ext_disp_update_audio_ops: Display not found (EXT_DISPLAY_TYPE_DP) ctld (0) stream (0)
[    9.929543] msm_ext_disp_update_audio_ops: Display not found (EXT_DISPLAY_TYPE_DP) ctld (0) stream (0)
[    9.929549] msm-ext-disp-audio-codec-rx soc:qcom,msm-ext-disp:qcom,msm-ext-disp-audio-codec-rx: msm_ext_disp_audio_type_get: get_audio_edid_blk() or get_intf_id is NULL
[    9.929558] msm_ext_disp_update_audio_ops: Display not found (EXT_DISPLAY_TYPE_DP) ctld (0) stream (0)
[    9.929561] msm-ext-disp-audio-codec-rx soc:qcom,msm-ext-disp:qcom,msm-ext-disp-audio-codec-rx: msm_ext_disp_audio_type_get: get_audio_edid_blk() or get_intf_id is NULL
[    9.929566] msm_ext_disp_update_audio_ops: Display not found (EXT_DISPLAY_TYPE_DP) ctld (0) stream (0)
[    9.929569] msm-ext-disp-audio-codec-rx soc:qcom,msm-ext-disp:qcom,msm-ext-disp-audio-codec-rx: msm_ext_disp_audio_type_get: get_audio_edid_blk() or get_intf_id is NULL
[    9.929585] msm-ext-disp-audio-codec-rx soc:qcom,msm-ext-disp:qcom,msm-ext-disp-audio-codec-rx: msm_ext_disp_audio_device_get: invalid dai id: 4
[    9.973048] msm-dwc3 a600000.ssusb: DWC3 in low power mode
[    9.975117] msm-dwc3 a600000.ssusb: DWC3 exited from low power mode
[    9.975297] eusb2-repeater c42d000.qcom,spmi:qcom,pm8550b@7:qcom,eusb2-repeater@fd00: eUSB2 repeater status:OK
[   10.029176] cs35l45 4-0030: Preload DSP before boot
[   10.031398] cs35l45 4-0030: Direct firmware load for L-cs35l45-dsp1-spk-prot.wmfw failed with error -2
[   10.031406] cs35l45 4-0030: Falling back to sysfs fallback for: L-cs35l45-dsp1-spk-prot.wmfw
[   10.033610] cs35l45 4-0030: DSP1: Firmware version: 3
[   10.033618] cs35l45 4-0030: DSP1: L-cs35l45-dsp1-spk-prot.wmfw: Fri 24 Jun 2022 13:57:44 W. Europe Daylight Time
[   10.049311] dwc3 a600000.dwc3: Set IRQ thread:irq/318-dwc3 pid:2957 to SCHED_NORMAL prio
[   10.162330] msm_eusb2_phy 88e3000.hsphy: Avail curr from USB = 2
[   10.313929] android_work: sent uevent USB_STATE=CONNECTED
[   10.318385] msm_eusb2_phy 88e3000.hsphy: Avail curr from USB = 500
[   10.318579] android_work: sent uevent USB_STATE=CONFIGURED
[   10.366941] cs35l45 4-0030: DSP1: Firmware: 4fa00 vendor: 0x2 v0.61.0, 5 algorithms
[   10.368668] cs35l45 4-0030: DSP1: 0: ID cd v129.78.0 XM@202 YM@27
[   10.368698] cs35l45 4-0030: DSP1: 1: ID f206 v1.0.0 XM@f2 YM@0
[   10.368703] cs35l45 4-0030: DSP1: 2: ID f20b v0.1.0 XM@3c2 YM@0
[   10.368706] cs35l45 4-0030: DSP1: 3: ID f204 v0.0.1 XM@414 YM@0
[   10.368709] cs35l45 4-0030: DSP1: 4: ID f205 v0.2.0 XM@442 YM@0
[   10.368750] cs35l45 4-0030: Direct firmware load for L-cs35l45-dsp1-spk-prot.bin failed with error -2
[   10.368753] cs35l45 4-0030: Falling back to sysfs fallback for: L-cs35l45-dsp1-spk-prot.bin
[   10.518679] cs35l45 4-0030: DSP1: Failed to parse legacy: -19
[   10.686887] binder: 991:991 transaction async to 2326:0 failed 6649/29201/-1, code 1 size 164-8 line 3235
[   10.823296] slg51000-regulator 0-0075: disable LDO6 supply_name:vin7 off_time:2000us
[   10.866563] slg51000-regulator 0-0075: disable LDO6 supply_name:vin7 off_time:2000us
[   10.927282] slg51000-regulator 0-0075: disable LDO6 supply_name:vin7 off_time:2000us
[   10.927377] adsprpc: fastrpc_restart_notifier_cb: mpss subsystem is up
[   10.927384] ipa-wan ipa3_lcl_mdm_ssr_notifier_cb:4056 IPA received MPSS AFTER_POWERUP
[   10.927389] ipa ipa3_odl_pipe_open:371 adpl pipe not configured
[   10.927396] ipa-wan ipa3_lcl_mdm_ssr_notifier_cb:4061 IPA AFTER_POWERUP handling is complete
[   10.927399] remoteproc remoteproc3: remote processor 4080000.remoteproc-mss is now up
[   10.939319] qcom_smd_qrtr_probe:SMD QRTR driver probed
[   10.939395] qrtr: Modem QMI Readiness RX cmd:0x2 node[0x0]
[   11.039233] cs35l45 4-0031: Preload DSP before boot
[   11.040854] rmt_storage:INFO:rmt_storage_open_cb: Processing: Open Request (req_h 0x1) for /boot/modem_fs1!
[   11.041237] rmt_storage:INFO:rmt_storage_open_cb: Processing: Open Request (req_h 0x2) for /boot/modem_fs2!
[   11.042459] rmt_storage:INFO:rmt_storage_alloc_buff_cb: Received req_size: 2621440! avail: 2621440
[   11.042755] rmt_storage:INFO:rmt_storage_rw_iovec_cb: Read iovec request (req_h 0x4 wr_count 0) received for /boot/modem_fs1
[   11.044882] rmt_storage:INFO:rmt_storage_client_thread: Calling Read [offset=512, size=512, req_h 0x4, wr_count 0] for /boot/modem_fs1!
[   11.044987] cs35l45 4-0031: Direct firmware load for R-cs35l45-dsp1-spk-prot.wmfw failed with error -2
[   11.044992] cs35l45 4-0031: Falling back to sysfs fallback for: R-cs35l45-dsp1-spk-prot.wmfw
[   11.046503] rmt_storage:INFO:rmt_storage_client_thread: Done Read (bytes = 512, req_h 0x4, wr_count 0) for /boot/modem_fs1!
[   11.046925] rmt_storage:INFO:rmt_storage_rw_iovec_cb: Read iovec request (req_h 0x5 wr_count 0) received for /boot/modem_fs2
[   11.047052] rmt_storage:INFO:rmt_storage_client_thread: Calling Read [offset=512, size=512, req_h 0x5, wr_count 0] for /boot/modem_fs2!
[   11.048587] ueventd: firmware: loading 'R-cs35l45-dsp1-spk-prot.wmfw' for '/devices/platform/soc/8c0000.qcom,qupv3_2_geni_se/88c000.i2c/i2c-4/4-0031/firmware/R-cs35l45-dsp1-spk-prot.wmfw'
[   11.048893] ueventd: found /vendor/firmware/R-cs35l45-dsp1-spk-prot.wmfw for /devices/platform/soc/8c0000.qcom,qupv3_2_geni_se/88c000.i2c/i2c-4/4-0031/firmware/R-cs35l45-dsp1-spk-prot.wmfw
[   11.049317] cs35l45 4-0031: DSP1: Firmware version: 3
[   11.049322] cs35l45 4-0031: DSP1: R-cs35l45-dsp1-spk-prot.wmfw: Fri 24 Jun 2022 13:57:44 W. Europe Daylight Time
[   11.049589] ueventd: loading /devices/platform/soc/8c0000.qcom,qupv3_2_geni_se/88c000.i2c/i2c-4/4-0031/firmware/R-cs35l45-dsp1-spk-prot.wmfw took 1ms
[   11.082517] servicemanager: Caller(pid=1830,uid=1041,sid=u:r:audioserver:s0) Since 'activity' could not be found trying to start it as a lazy AIDL service. (if it's not configured to be a lazy service, it may be stuck starting or still starting).
[   11.083075] init: Control message: Could not find 'aidl/activity' for ctl.interface_start from pid: 989 (/system/bin/servicemanager)
[   11.083252] servicemanager: Caller(pid=1830,uid=1041,sid=u:r:audioserver:s0) Tried to start aidl service activity as a lazy service, but was unable to. Usually this happens when a service is not installed, but if the service is intended to be used as a lazy service, then it may be configured incorrectly.
[   11.146789] qcedev_ioctl: info: vaddr = ffa00000
, fd = 17
[   11.153142] coresight-remote-etm soc:modem2_etm0: Connection established between QMI handle and 11 service
[   11.153154] coresight-remote-etm soc:modem_etm0: Connection established between QMI handle and 2 service
[   11.154499] qcedev_ioctl: info: vaddr = ff600000
, fd = 19
[   11.160388] qcedev_ioctl: info: vaddr = ff200000
, fd = 21
[   11.172528] memshare soc:qcom,memshare: memshare_query: client_id : 1, query_resp.size :5242880, query_resp.resp.result :0
[   11.173251] memshare soc:qcom,memshare: memshare_alloc: memory alloc request received for client id: 1, proc_id: 0, request size: 5242880
[   11.173257] memshare soc:qcom,memshare: memshare_alloc: found client with client_id: 1, index: 2
[   11.177655] memshare soc:qcom,memshare: memshare_alloc: client_id: 1, alloc_resp.num_bytes: 5242880, alloc_resp.resp.result: 0
[   11.224417] ipa-wan ipa3_handle_indication_req:147 not send indication
[   11.224606] Sending QMI_IPA_INIT_MODEM_DRIVER_REQ_V01
[   11.239359] ipa ipa3_uc_wdi_event_log_info_handler:371 WDI protocol missing 0x1
[   11.239376] ipa ipa3_uc_ntn_event_log_info_handler:19 NTN protocol missing 0x1
[   11.239407] ipa ipa_pc_qmp_enable:12130 mailbox channel request failed, ret=-2
[   11.239452] ipa ipa3_uc_send_cmd_64b_param:1086 uC cmd(17): Received status 4, Expected status 0
[   11.239460] ipa ipa3_deferred_holb_work:387 Failed to enable HOLB monitoring -14
[   11.239836] gsi soc:qcom,msm_gsi: gsi_stop_channel:3615 chan=14 busy try again
[   11.247332] QMI_IPA_INIT_MODEM_DRIVER_REQ_V01 response received
[   11.278753] cnss: COEX server arrive: node 0 port 54
[   11.278765] cnss: COEX Server Connected: 0x2e0200f
[   11.315972] CAM_INFO: CAM-SMMU: cam_smmu_need_force_alloc_cached: 453 force_cache_allocs=1
[   11.315987] CAM_INFO: CAM-MEM: cam_mem_mgr_get_dma_heaps: 662 Heaps : system=0000000000000000, system_uncached=0000000000000000, camera=0000000000000000, camera-uncached=0000000000000000, secure_display=0000000000000000, ubwc_p_heap=0000000000000000
[   11.316031] va-minidump: qcom_va_md_register: qcom va minidump driver is not initialized
[   11.316040] CAM_ERR: CAM-UTIL: cam_common_register_mini_dump_cb: 255 Camera VA minidump register failed
[   11.319392] CAM_INFO: CAM-ICP: cam_icp_v2_download_fw: 790 Loading Secure PIL : Y
[   11.324211] ueventd: firmware: loading 'CAMERA_ICP.mbn' for '/devices/platform/soc/ac01000.qcom,icp/firmware/CAMERA_ICP.mbn'
[   11.324365] ueventd: found /vendor/firmware/CAMERA_ICP.mbn for /devices/platform/soc/ac01000.qcom,icp/firmware/CAMERA_ICP.mbn
[   11.328418] ueventd: loading /devices/platform/soc/ac01000.qcom,icp/firmware/CAMERA_ICP.mbn took 5ms
[   11.366315] CAM_INFO: CAM-ICP: cam_icp_mgr_process_dbg_buf: 2918 FW_DBG:CICP_FW_E : HFI  :QC_IMAGE_VERSION_STRING=CICP.FW.1.0-00137-DOUBLE_EXC_UPDATE_0718,OEM_IMAGE_VERSION_STRING=QCAM-SYS-SW9,BUILD_TIME: Jul 18 2023 02:40:16,CACHE_ENABLED at icphostinterface.c:814
[   11.366326] CAM_INFO: CAM-ICP: cam_icp_mgr_process_dbg_buf: 2918 FW_DBG:CICP_FW_E : HFI  :ELF variant: CACHE-ENABLED:T480:API_V2:USE_CDM_1_1:T780:TCM_ENABLED: , API version: 0x20000d3 at icphostinterface.c:815 QC_IMAGE_VERSION_STRING=CICP.FW.1.0-00137-DOUBLE_EXC_UPDATE_0718 OEM_IMAGE_VERSION_STRING=QCAM-SYS-SW9
[   11.366328] CAM_INFO: CAM-ICP: cam_icp_mgr_process_dbg_buf: 2918 FW_DBG:CICP_FW_E : HWDRV_:DMI_STATUS polling timed out at hardwaredriver_ipebps.c:450 QC_IMAGE_VERSION_STRING=CICP.FW.1.0-00137-DOUBLE_EXC_UPDATE_0718 OEM_IMAGE_VERSION_STRING=QCAM-SYS-SW9
[   11.366338] CAM_INFO: CAM-ICP: cam_icp_mgr_hw_open: 4600 FW download done successfully
[   11.381061] cs35l45 4-0031: DSP1: Firmware: 4fa00 vendor: 0x2 v0.61.0, 5 algorithms
[   11.385173] cs35l45 4-0031: DSP1: 0: ID cd v129.78.0 XM@202 YM@27
[   11.385198] cs35l45 4-0031: DSP1: 1: ID f206 v1.0.0 XM@f2 YM@0
[   11.385203] cs35l45 4-0031: DSP1: 2: ID f20b v0.1.0 XM@3c2 YM@0
[   11.385206] cs35l45 4-0031: DSP1: 3: ID f204 v0.0.1 XM@414 YM@0
[   11.385209] cs35l45 4-0031: DSP1: 4: ID f205 v0.2.0 XM@442 YM@0
[   11.385229] cs35l45 4-0031: Direct firmware load for R-cs35l45-dsp1-spk-prot.bin failed with error -2
[   11.385232] cs35l45 4-0031: Falling back to sysfs fallback for: R-cs35l45-dsp1-spk-prot.bin
[   11.389278] ueventd: firmware: loading 'R-cs35l45-dsp1-spk-prot.bin' for '/devices/platform/soc/8c0000.qcom,qupv3_2_geni_se/88c000.i2c/i2c-4/4-0031/firmware/R-cs35l45-dsp1-spk-prot.bin'
[   11.389638] ueventd: found /vendor/firmware/R-cs35l45-dsp1-spk-prot.bin for /devices/platform/soc/8c0000.qcom,qupv3_2_geni_se/88c000.i2c/i2c-4/4-0031/firmware/R-cs35l45-dsp1-spk-prot.bin
[   11.390823] ueventd: loading /devices/platform/soc/8c0000.qcom,qupv3_2_geni_se/88c000.i2c/i2c-4/4-0031/firmware/R-cs35l45-dsp1-spk-prot.bin took 3ms
[   11.457885] servicemanager: Caller(pid=2259,uid=1001,sid=u:r:rild:s0) Found android.hardware.radio.config.IRadioConfig/default in device VINTF manifest.
[   11.458236] servicemanager: Caller(pid=2259,uid=1001,sid=u:r:rild:s0) Found android.hardware.radio.messaging.IRadioMessaging/slot1 in device VINTF manifest.
[   11.459175] servicemanager: Caller(pid=2259,uid=1001,sid=u:r:rild:s0) Found android.hardware.radio.modem.IRadioModem/slot1 in device VINTF manifest.
[   11.459491] servicemanager: Caller(pid=2259,uid=1001,sid=u:r:rild:s0) Found android.hardware.radio.network.IRadioNetwork/slot1 in device VINTF manifest.
[   11.459844] servicemanager: Caller(pid=2259,uid=1001,sid=u:r:rild:s0) Found android.hardware.radio.sim.IRadioSim/slot1 in device VINTF manifest.
[   11.460946] servicemanager: Caller(pid=2259,uid=1001,sid=u:r:rild:s0) Found android.hardware.radio.voice.IRadioVoice/slot1 in device VINTF manifest.
[   11.461595] servicemanager: Caller(pid=2259,uid=1001,sid=u:r:rild:s0) Found vendor.qti.hardware.radio.qtiradioconfig.IQtiRadioConfig/default in device VINTF manifest.
[   11.465202] servicemanager: Caller(pid=2259,uid=1001,sid=u:r:rild:s0) Found vendor.qti.hardware.data.connectionfactory.IFactory/slot0 in device VINTF manifest.
[   11.537889] [drm:dsi_display_set_mode [msm_drm]] [msm-dsi-info]: mdp_transfer_time=7680, hactive=1096, vactive=2560, fps=60, clk_rate=1191321360
[   11.538644] lxs_ts 2-0028: After: Unblank
[   11.538648] lxs_ts 2-0028: start@11.510095202
[   11.538649] lxs_ts 2-0028: lxs_ts_resume: start
[   11.538651] lxs_ts 2-0028: lxs_hal_touch_mode: state 0(0), lcd 1(1, 1, 1), c 0x0(0)
[   11.538654] lxs_ts 2-0028: lxs_ts_resume: end
[   11.538655] lxs_ts 2-0028: end@11.510102754
[   11.539100] cs35l45 4-0031: DSP1: Failed to parse legacy: -19
[   11.562386] init: processing action (vendor.backlight_on=1 && vendor.display.hmd_mode=0 && vendor.enable.always_on_display=0) from (/odm/etc/init/init.sony-device-common.rc:24)
[   11.562580] dsi_panel_set_hmd_mode: set HMD mode=0
[   11.562780] init: processing action (vendor.backlight_on=1) from (/odm/etc/init/init.sony-platform.rc:187)
[   11.562864] lxs_ts 2-0028: store_enable: value 1
[   11.562869] lxs_ts 2-0028: touch enable device, 1
[   11.562872] lxs_ts 2-0028: lxs_ts_watchdog_stop
[   11.562874] lxs_ts 2-0028: __lxs_hal_enable_work_func: lcd 1(1, 1, 1), c 0x0(0)
[   11.562878] lxs_ts 2-0028: lxs_ts_watchdog_run: on (10000 ms)
[   11.562928] init: processing action (vendor.backlight_on=1 && vendor.enable.always_on_display=0) from (/odm/etc/init/init.sony-platform.rc:193)
[   11.562998] lxs_ts 2-0028: set_lowpower_mode: 0
[   11.563119] lxs_ts 2-0028: store_enable: value 1
[   11.563124] lxs_ts 2-0028: touch enable device, 1
[   11.563127] lxs_ts 2-0028: lxs_ts_watchdog_stop
[   11.563129] lxs_ts 2-0028: __lxs_hal_enable_work_func: lcd 1(1, 1, 1), c 0x0(0)
[   11.563134] lxs_ts 2-0028: lxs_ts_watchdog_run: on (10000 ms)
[   11.576846] [drm:dsi_display_set_mode [msm_drm]] [msm-dsi-info]: mdp_transfer_time=7680, hactive=1096, vactive=2560, fps=120, clk_rate=1191321360
[   11.578544] lxs_ts 2-0028: After: Unblank
[   11.578547] lxs_ts 2-0028: start@11.549994942
[   11.578549] lxs_ts 2-0028: lxs_ts_resume: start
[   11.578551] lxs_ts 2-0028: lxs_hal_touch_mode: state 0(0), lcd 1(1, 1, 1), c 0x0(0)
[   11.578553] lxs_ts 2-0028: lxs_ts_resume: end
[   11.578554] lxs_ts 2-0028: end@11.550002286
[   11.624259] init: Service 'keyprov_daemon' (pid 2580) exited with status 0 oneshot service took 2.320000 seconds in background
[   11.624274] init: Sending signal 9 to service 'keyprov_daemon' (pid 2580) process group...
[   11.624439] libprocessgroup: Removed cgroup /sys/fs/cgroup/uid_1000/pid_2580
[   12.057362] adsp_sleepmon: Audio: num_sessions=1,num_lpi_sessions=0,timer_pending=0
[   12.083305] init: Control message: Could not find 'aidl/activity' for ctl.interface_start from pid: 989 (/system/bin/servicemanager)
[   12.157020] init: Untracked pid 3186 received signal 1
[   12.157032] init: Untracked pid 3186 did not have an associated service entry and will not be reaped
[   12.202154] adsp_sleepmon: Audio: num_sessions=0,num_lpi_sessions=0,timer_pending=1
[   12.225297] kalama-asoc-snd soc:spf_core_platform:sound: check_userspace_service_state: pcm_id 25 state 0
[   12.228384] cnss: IMS server arrive: node 0 port 105
[   12.228395] cnss: IMS Server Connected: 0x2e0600f
[   12.228397] cnss: Sending ASYNC ims subscribe for indication
[   12.228937] USB cable not connected
[   12.244858] ip_local_port_range: prefer different parity for start/end values.
[   12.262666] cnss: QMI DMS service connected, state: 0x2f0600f
[   12.283750] msm_cvp:  pwr: cvp (eva) power collapsed
[   12.349755] cnss: Received IMS subscribe indication response
[   12.378904] DATARMNET6e31e62d2e(): Initializing on device rmnet_data0
[   12.378913] rmnet_shs initializing rmnet_data0
[   12.378921] rmnet_shs init with 0
[   12.378959] DATARMNET7dec24813e(): Initializing on device rmnet_data0
[   12.403501] ipa ipa3_setup_apps_low_lat_prod_pipe:349 Configuring low lat prod with rmnet config
[   12.404527] ipa ipa3_setup_apps_low_lat_data_prod_pipe:510 Configuring low lat data prod with rmnet config
[   12.404535] ipa ipa3_setup_apps_low_lat_data_prod_pipe:538 Not enabling deaggr on low_lat_prod
[   12.407743] ipa ipa3_set_aggr_limit:5610 set rx_buff_sz config from netmngr 32768
[   12.411554] ipa ipa3_set_aggr_limit:5610 set rx_buff_sz config from netmngr 32768
[   12.412923] rmnet_ctl driver probed
[   12.413313] ipa ipa3_set_aggr_limit:5610 set rx_buff_sz config from netmngr 8192
[   12.434686] ipa-wan ipa3_wwan_ioctl:2910 dev(rmnet_data0) register to IPA
[   12.554832] DFC QMAP init
[   12.555198] Connection established with the WDA Service, DL Marker enabled
[   12.598682] rmnet_shs:  mask: 0x7d maplen: 6
[   12.904639] SELinux:  Context u:object_r:lsposed_file:s0 is not valid (left unmapped).
[   12.908856] gsi soc:qcom,msm_gsi: gsi_stop_channel:3615 chan=1 busy try again
[   12.911078] gsi soc:qcom,msm_gsi: gsi_stop_channel:3615 chan=14 busy try again
[   13.183824] i2c_geni 888000.i2c: i2c error :-107
[   13.280818] gsi soc:qcom,msm_gsi: gsi_stop_channel:3615 chan=1 busy try again
[   13.283006] gsi soc:qcom,msm_gsi: gsi_stop_channel:3615 chan=14 busy try again
[   13.617250] kalama-asoc-snd soc:spf_core_platform:sound: check_userspace_service_state: pcm_id 7 state 0
[   13.635909] read descriptors
[   13.635921] read strings
[   13.635954] read descriptors
[   13.635958] read strings
[   13.664831] gsi soc:qcom,msm_gsi: gsi_stop_channel:3615 chan=1 busy try again
[   13.666962] gsi soc:qcom,msm_gsi: gsi_stop_channel:3615 chan=14 busy try again
[   13.744253] [EGISFP] egisfp_ioctl : cmd = 0x5 
[   13.744266] [EGISFP] egisfp_ioctl : FP_POWER_ONOFF 
[   13.744268] [EGISFP] do_egisfp_power_onoff : power_onoff = 2 
[   13.744275] [EGISFP] egisfp_vreg_setup : original voltage = 3400000 
[   13.744277] [EGISFP] egisfp_vreg_setup : enable_3_8V 
[   13.744488] [EGISFP] egisfp_vreg_setup : modified voltage = 3800000, ret = 0 
[   13.744494] [EGISFP] egisfp_vreg_setup : regulator enable, ret = 0 
[   13.752638] [EGISFP] do_egisfp_power_onoff : power_pin value = 1 
[   13.752647] [EGISFP] egisfp_ioctl done 
[   13.753810] [EGISFP] egisfp_ioctl : cmd = 0x4 
[   13.753816] [EGISFP] egisfp_ioctl : FP_SENSOR_RESET 
[   13.766858] [EGISFP] do_egisfp_reset : reset_pin = 1 
[   13.766868] [EGISFP] egisfp_ioctl done 
[   13.898854] apexd: getSessions() received by ApexService
[   14.344986] gsi soc:qcom,msm_gsi: gsi_stop_channel:3615 chan=1 busy try again
[   14.347499] gsi soc:qcom,msm_gsi: gsi_stop_channel:3615 chan=14 busy try again
[   14.395281] [EGISFP] egisfp_ioctl : cmd = 0x7 
[   14.395291] [EGISFP] egisfp_ioctl : FP_RESET_SET 
[   14.395293] [EGISFP] do_egisfp_reset_set : reset_high_low = 0 
[   14.395313] [EGISFP] do_egisfp_reset_set : reset_pin value = 0 
[   14.395315] [EGISFP] egisfp_ioctl done 
[   14.395323] [EGISFP] egisfp_ioctl : cmd = 0x5 
[   14.395324] [EGISFP] egisfp_ioctl : FP_POWER_ONOFF 
[   14.395326] [EGISFP] do_egisfp_power_onoff : power_onoff = 0 
[   14.395519] [EGISFP] egisfp_vreg_setup : regulator disable, ret = 0 
[   14.448630] [EGISFP] do_egisfp_power_onoff : power_pin value = 0 
[   14.448639] [EGISFP] egisfp_ioctl done 
[   14.637254] audit_log_lost: 62 callbacks suppressed
[   14.637265] audit: audit_lost=12 audit_rate_limit=20 audit_backlog_limit=128
[   14.637274] audit: rate limit exceeded
[   15.002689] bt_ioctl: BT_CMD_PWR_CTRL pwr_cntrl: 0
[   15.002705] bt_ioctl: BT chip state is already: 0 no change
[   15.002781] bt_ioctl: BT_CMD_PWR_CTRL pwr_cntrl: 1
[   15.003079] BTON:Turn Bt OFF asserting BT_EN to low
[   15.003088] bt-reset-gpio(382) value(0)
[   15.056638] BTON:Turn Bt OFF post asserting BT_EN to low
[   15.056653] bt-reset-gpio(382) value(0)
[   15.056656] BTON:Turn Bt OFF bt-sw-ctrl-gpio(383) value(1)
[   15.056659] BTON:Turn Bt ON wl-reset-gpio(381) value(1)
[   15.056661] BTON: WLAN ON Asserting BT_EN to high
[   15.112613] BTON:Turn Bt On bt-reset-gpio(382) value(1)
[   15.112621] BTON: Turn BT ON bt-sw-ctrl-gpio(383) value(1)
[   15.112623] bt_configure_gpios: bt_gpio= 382 on: 1
[   15.140447] bt_ioctl: unified Current SOC Version : 40170200
[   15.620628] cnss: Received QMI WLFW pin connect result indication
[   15.620639] cnss: Pin connect Result: pwr_pin: 0x0 phy_io_pin: 0x0 rf_io_pin: 0x2b
[   15.622858] cnss: Received Cal done indication. File size: 8442616
[   15.622867] cnss: Calibration took 7684 ms
[   15.622870] cnss: Posting event: COLD_BOOT_CAL_DONE(6), state: 0x2f0600f flags: 0x0
[   15.622873] cnss: PM stay awake, state: 0x2f0600f, count: 1
[   15.622885] cnss: PM relax, state: 0x2f0600f, count: 0
[   15.622897] cnss: PM stay awake, state: 0x2f0600f, count: 1
[   15.622899] cnss: Processing driver event: COLD_BOOT_CAL_DONE(6), state: 0x2f0600f
[   15.622902] cnss: Calibration completed successfully
[   15.622904] cnss: Sending mode message, mode: OFF(4), state: 0x2f0600f
[   15.673262] cnss: Sending coex antenna switch_to_mdm
[   15.673467] cnss: WLFW server exiting
[   15.673469] cnss: Skip driver remove
[   15.673473] cnss: Posting event: SERVER_EXIT(1), state: 0x2f8600f flags: 0x0
[   15.674394] cnss: Enable ADSP power collapse
[   15.674404] cnss: Setting MHI state: POWER_OFF(4)
[   15.724595] cnss: Suspending PCI link
[   15.732623] msm_pcie_disable: PCIe: Assert the reset of endpoint of RC0.
[   15.733074] cnss: Setting MHI state: DEINIT(1)
[   15.733120] cnss: WLAN_EN Value: 0
[   15.733123] cnss: De-assert WLAN_EN GPIO successfully
[   15.733126] cnss: Regulator vdd-wlan-rfa2 is being disabled
[   15.733130] cnss: Regulator vdd-wlan-rfa1 is being disabled
[   15.733132] cnss: Regulator vdd-wlan-dig is being disabled
[   15.733136] cnss: Regulator vdd-wlan-aon is being disabled
[   15.733156] cnss: Regulator vdd-wlan is being disabled
[   15.733169] cnss: Regulator vdd-wlan-io is being disabled
[   15.836598] cnss: CAL DB file not required as per BDF
[   15.836610] cnss: Schedule WLAN driver load
[   15.836616] cnss: Processing driver event: SERVER_EXIT(1), state: 0x2fa6001
[   15.836620] cnss: QMI WLFW service disconnected, state: 0x2fa6000
[   15.836639] cnss: Posting event: REGISTER_DRIVER(7)-sync, state: 0x2fa6000 flags: 0x5
[   15.836722] cnss: Processing driver event: REGISTER_DRIVER-sync(7), state: 0x2f26000
[   15.836732] cnss: FW name added with prefix: kiwi/amss20.bin
[   15.836735] cnss: FW name added with prefix: kiwi/amss20.bin
[   15.836737] cnss: FW name is kiwi/amss20.bin, FW fallback name is kiwi/amss20.bin
[   15.836740] cnss: New driver mode is 0
[   15.836744] cnss: Regulator vdd-wlan-io is being enabled
[   15.836749] cnss: Regulator vdd-wlan is being enabled
[   15.837791] cnss: Regulator vdd-wlan-aon is being enabled
[   15.838068] cnss: Regulator vdd-wlan-dig is being enabled
[   15.838076] cnss: Regulator vdd-wlan-rfa1 is being enabled
[   15.838080] cnss: Regulator vdd-wlan-rfa2 is being enabled
[   15.839147] cnss: WLAN_EN Value: 1
[   15.839149] cnss: Assert WLAN_EN GPIO successfully
[   15.839152] cnss: Resuming PCI link
[   15.839178] msm_pcie_enable: PCIe: Assert the reset of endpoint of RC0.
[   15.842512] msm_pcie_enable: PCIe: RC0: PCIE20_PARF_INT_ALL_MASK: 0x7f80d202
[   15.844975] pcie_phy_init: PCIe RC0 PHY is ready!
[   15.850463] AidlLazyServiceRegistrar: Process has 0 (of 1 available) client(s) in use after notification apexservice has clients: 0
[   15.850474] AidlLazyServiceRegistrar: Shutdown prevented by forcePersist override flag.
[   15.855016] msm_pcie_enable: PCIe: Release the reset of endpoint of RC0.
[   15.871495] msm_pcie_link_train: PCIe RC0 link initialized
[   15.872861] gsi soc:qcom,msm_gsi: gsi_stop_channel:3615 chan=1 busy try again
[   15.875089] gsi soc:qcom,msm_gsi: gsi_stop_channel:3615 chan=14 busy try again
[   15.884615] cnss_pci 0000:01:00.0: enabling device (0000 -> 0002)
[   15.884986] cnss: Setting MHI state: INIT(0)
[   15.885039] cnss: Setting MHI state: POWER_ON(2)
[   15.886715] cnss_pci 0000:01:00.0: Direct firmware load for kiwi/amss20.bin failed with error -2
[   15.886724] cnss_pci 0000:01:00.0: Falling back to sysfs fallback for: kiwi/amss20.bin
[   15.889472] ueventd: firmware: loading 'kiwi/amss20.bin' for '/devices/platform/soc/1c00000.qcom,pcie/pci0000:00/0000:00:00.0/0000:01:00.0/firmware/kiwi!amss20.bin'
[   15.927061] [EGISFP] egisfp_ioctl : cmd = 0x5 
[   15.927070] [EGISFP] egisfp_ioctl : FP_POWER_ONOFF 
[   15.927072] [EGISFP] do_egisfp_power_onoff : power_onoff = 2 
[   15.927078] [EGISFP] egisfp_vreg_setup : original voltage = 3400000 
[   15.927081] [EGISFP] egisfp_vreg_setup : enable_3_8V 
[   15.927278] [EGISFP] egisfp_vreg_setup : modified voltage = 3800000, ret = 0 
[   15.927283] [EGISFP] egisfp_vreg_setup : regulator enable, ret = 0 
[   15.932682] [EGISFP] do_egisfp_power_onoff : power_pin value = 1 
[   15.932691] [EGISFP] egisfp_ioctl done 
[   15.933690] [EGISFP] egisfp_ioctl : cmd = 0x4 
[   15.933694] [EGISFP] egisfp_ioctl : FP_SENSOR_RESET 
[   15.946741] [EGISFP] do_egisfp_reset : reset_pin = 1 
[   15.946750] [EGISFP] egisfp_ioctl done 
[   16.076204] [EGISFP] egisfp_ioctl : cmd = 0xA5 
[   16.076213] [EGISFP] egisfp_interrupt_free 
[   16.076215] [EGISFP] egisfp_ioctl : INT_TRIGGER_CLOSE 0  
[   16.076217] [EGISFP] egisfp_ioctl done 
[   16.076231] [EGISFP] egisfp_ioctl : cmd = 0xA4 
[   16.076232] [EGISFP] egisfp_interrupt_init :  mode = 3 period = 0 threshold = 0 
[   16.076234] [EGISFP] egisfp_interrupt_init :  request_irq_done = 0 gpio_irq = 0  pin = 341 
[   16.076274] [EGISFP] egisfp_interrupt_init : fp_irq number 403 
[   16.076276] [EGISFP] egisfp_interrupt_init : current flag : 0 disable: 0 enable: 1 
[   16.076277] [EGISFP] egisfp_interrupt_init : LEVEL_TRIGGER_HIGH 
[   16.076332] [EGISFP] egisfp_interrupt_init : request_irq return 0 
[   16.076333] [EGISFP] egisfp_interrupt_init : current flag : 1 disable: 0 enable: 1 
[   16.076334] [EGISFP] egisfp_interrupt_init : enable irq with mode = 3 
[   16.076336] [EGISFP] egisfp_interrupt_enable : enable 
[   16.076338] [EGISFP] egisfp_ioctl : INT_TRIGGER_INIT 0 
[   16.076339] [EGISFP] egisfp_ioctl done 
[   16.115662] SELinux: avc:  denied  { find } for pid=4875 uid=10380 name=vendor.qti.hardware.perf2.IPerf/default scontext=u:r:platform_app:s0:c512,c768 tcontext=u:object_r:default_android_service:s0 tclass=service_manager permissive=0
[   16.119245] SELinux: avc:  denied  { find } for pid=1918 uid=1000 name=vendor.qti.hardware.servicetrackeraidl.IServicetracker/default scontext=u:r:system_server:s0 tcontext=u:object_r:default_android_service:s0 tclass=service_manager permissive=0
[   16.196695] SELinux: avc:  denied  { find } for pid=4863 uid=10383 name=vendor.qti.hardware.perf2.IPerf/default scontext=u:r:platform_app:s0:c512,c768 tcontext=u:object_r:default_android_service:s0 tclass=service_manager permissive=0
[   16.198380] SELinux: avc:  denied  { find } for pid=1918 uid=1000 name=vendor.qti.hardware.servicetrackeraidl.IServicetracker/default scontext=u:r:system_server:s0 tcontext=u:object_r:default_android_service:s0 tclass=service_manager permissive=0
[   16.308012] SELinux: avc:  denied  { find } for pid=1918 uid=1000 name=vendor.qti.hardware.servicetrackeraidl.IServicetracker/default scontext=u:r:system_server:s0 tcontext=u:object_r:default_android_service:s0 tclass=service_manager permissive=0
[   16.316583] SELinux: avc:  denied  { find } for pid=1918 uid=1000 name=vendor.qti.hardware.servicetrackeraidl.IServicetracker/default scontext=u:r:system_server:s0 tcontext=u:object_r:default_android_service:s0 tclass=service_manager permissive=0
[   16.331932] SELinux: avc:  denied  { find } for pid=1918 uid=1000 name=vendor.qti.hardware.servicetrackeraidl.IServicetracker/default scontext=u:r:system_server:s0 tcontext=u:object_r:default_android_service:s0 tclass=service_manager permissive=0
[   16.338507] SELinux: avc:  denied  { find } for pid=1918 uid=1000 name=vendor.qti.hardware.servicetrackeraidl.IServicetracker/default scontext=u:r:system_server:s0 tcontext=u:object_r:default_android_service:s0 tclass=service_manager permissive=0
[   16.341869] SELinux: avc:  denied  { find } for pid=1918 uid=1000 name=vendor.qti.hardware.servicetrackeraidl.IServicetracker/default scontext=u:r:system_server:s0 tcontext=u:object_r:default_android_service:s0 tclass=service_manager permissive=0
[   16.342516] SELinux: avc:  denied  { find } for pid=1918 uid=1000 name=vendor.qti.hardware.servicetrackeraidl.IServicetracker/default scontext=u:r:system_server:s0 tcontext=u:object_r:default_android_service:s0 tclass=service_manager permissive=0
[   16.375836] cnss: MHI status cb is called with reason MISSION_MODE(5)
[   16.375910] cnss: Disable ADSP power collapse
[   16.375945] cnss: Completed event: REGISTER_DRIVER(7), state: 0x6f26010, ret: 0/0
[   16.375950] cnss: PM relax, state: 0x6f26010, count: 0
[   16.387622] cnss: Setting link speed:0x2, width:0x1
[   16.443472] bt_ioctl: BT_CMD_PWR_CTRL pwr_cntrl: 2
[   16.512617] qrtr: announce_servers(): Avoiding duplicate announce for NODE ID 7
[   16.512919] cnss: WLFW server arriving: node 7 port 1
[   16.512928] cnss: Posting event: SERVER_ARRIVE(0), state: 0x6f26010 flags: 0x0
[   16.512933] cnss: PM stay awake, state: 0x6f26010, count: 1
[   16.512948] cnss: PM relax, state: 0x6f26010, count: 0
[   16.512955] cnss: PM stay awake, state: 0x6f26010, count: 1
[   16.512962] cnss: Processing driver event: SERVER_ARRIVE(0), state: 0x6f26010
[   16.512968] cnss: QMI WLFW service connected, state: 0x6f26011
[   16.512972] cnss: Sending indication register message, state: 0x6f26011
[   16.515221] cnss: Sending host capability message, state: 0x6f26011
[   16.515230] cnss: Number of clients is 1
[   16.515234] cnss: Assign MSI to user: WAKE, num_vectors: 1, user_base_data: 13, base_vector: 13
[   16.515239] cnss: WAKE MSI base data is 13
[   16.515243] cnss: Calibration done is 1
[   16.515246] cnss: Sending iova starting 0xa0000000 with size 0x10010000
[   16.515249] cnss: Sending feature list 0x6
[   16.517034] cnss: PM relax, state: 0x6f26011, count: 0
[   16.517179] cnss: Received QMI WLFW request memory indication
[   16.517184] cnss: FW requests for memory, size: 0x6f0000, type: 1
[   16.517188] cnss: FW requests for memory, size: 0x810000, type: 4
[   16.517190] cnss: Posting event: REQUEST_MEM(2), state: 0x6f26011 flags: 0x0
[   16.517193] cnss: PM stay awake, state: 0x6f26011, count: 1
[   16.517204] cnss: PM relax, state: 0x6f26011, count: 0
[   16.517210] cnss: PM stay awake, state: 0x6f26011, count: 1
[   16.517213] cnss: Processing driver event: REQUEST_MEM(2), state: 0x6f26011
[   16.517216] cnss: Sending respond memory message, state: 0x6f26011
[   16.517218] cnss: Memory for FW, va: 0x0000000000000000, pa: 0x00000000a1800000, size: 0x6f0000, type: 1
[   16.517223] cnss: Memory for FW, va: 0x0000000000000000, pa: 0x00000000a2000000, size: 0x810000, type: 4
[   16.522872] cnss: PM relax, state: 0x6f26011, count: 0
[   16.524756] cnss: Received QMI WLFW FW memory ready indication
[   16.524766] cnss: Posting event: FW_MEM_READY(3), state: 0x6f26011 flags: 0x0
[   16.524770] cnss: PM stay awake, state: 0x6f26011, count: 1
[   16.524785] cnss: PM relax, state: 0x6f26011, count: 0
[   16.524796] cnss: PM stay awake, state: 0x6f26011, count: 1
[   16.524804] cnss: Processing driver event: FW_MEM_READY(3), state: 0x6f26011
[   16.524806] cnss: Sending target capability message, state: 0x6f26013
[   16.527257] cnss: Device frequency is 19200000 HZ
[   16.527272] cnss: Target capability: chip_id: 0x2, chip_family: 0x4, board_id: 0x31, soc_id: 0x40170200, otp_version: 0x0
[   16.527275] cnss: fw_version: 0x110c8586, fw_build_timestamp: 2025-08-25 13:49, fw_build_id: QC_IMAGE_VERSION_STRING=WLAN.HMT.1.1-01414.6-QCAHMTSWPL_V1.0_V2.0_SILICONZ-1.121323.2.124673.3, hwid_bitmap:0x0
[   16.527279] cnss: Hang event params, Length: 0x180, Offset Address: 0x1ec000
[   16.527282] cnss: Sending BDF download message, state: 0x6f26013, type: 4
[   16.527286] cnss: FW name added with prefix: kiwi/regdb.bin
[   16.530460] ueventd: firmware: loading 'kiwi/regdb.bin' for '/devices/platform/soc/b0000000.qcom,cnss-qca-converged/firmware/kiwi!regdb.bin'
[   16.530609] ueventd: found /vendor/firmware/kiwi/regdb.bin for /devices/platform/soc/b0000000.qcom,cnss-qca-converged/firmware/kiwi!regdb.bin
[   16.530962] cnss: Downloading BDF: kiwi/regdb.bin, size: 24278
[   16.531163] ueventd: loading /devices/platform/soc/b0000000.qcom,cnss-qca-converged/firmware/kiwi!regdb.bin took 0ms
[   16.545635] cnss: INI File 1 download
[   16.548747] ueventd: firmware: loading 'wlan-connection-roaming.ini' for '/devices/platform/soc/b0000000.qcom,cnss-qca-converged/firmware/wlan-connection-roaming.ini'
[   16.549148] ueventd: firmware: could not find firmware for wlan-connection-roaming.ini
[   16.549162] ueventd: firmware: attempted /etc/firmware/wlan-connection-roaming.ini, open failed: No such file or directory
[   16.549167] ueventd: firmware: attempted /odm/firmware/wlan-connection-roaming.ini, open failed: No such file or directory
[   16.549171] ueventd: firmware: attempted /vendor/firmware/wlan-connection-roaming.ini, open failed: No such file or directory
[   16.549175] ueventd: firmware: attempted /firmware/image/wlan-connection-roaming.ini, open failed: No such file or directory
[   16.549180] ueventd: firmware: attempted /vendor/firmware_mnt/image/wlan-connection-roaming.ini, open failed: No such file or directory
[   16.549309] cnss: Failed to get INI file wlan-connection-roaming.ini (-2), Backup file: Supported
[   16.553861] cnss: Failed to get INI file wlan-connection-roaming-backup.ini (-2)
[   16.553979] cnss: Sending BDF download message, state: 0x6f26013, type: 1
[   16.559071] cnss: FW name added with prefix: kiwi/bdwlan.e31
[   16.564036] cnss: Downloading BDF: kiwi/bdwlan.e31, size: 88760
[   16.610121] cnss: Host BDF config: HW_XPA: 1 CalDB: 0
[   16.610132] cnss: Sending M3 information message, state: 0x6f26013
[   16.610135] cnss: M3 memory, va: 0x0000000000000000, pa: 0x00000000a2a00000, size: 0x4926c
[   16.612355] cnss: Sending QDSS config download message, state: 0x6f26013
[   16.612368] cnss: FW name added with prefix: kiwi/qdss_trace_config_v2.cfg
[   16.616512] cnss: Downloading QDSS: kiwi/qdss_trace_config_v2.cfg, size: 4911
[   16.621036] cnss: PM relax, state: 0x6f26013, count: 0
[   16.628825] cnss: Received QMI WLFW FW initialization done indication
[   16.628837] cnss: Posting event: FW_READY(4), state: 0x6f26013 flags: 0x0
[   16.628840] cnss: PM stay awake, state: 0x6f26013, count: 1
[   16.628853] cnss: PM relax, state: 0x6f26013, count: 0
[   16.628863] cnss: PM stay awake, state: 0x6f26013, count: 1
[   16.628871] cnss: Processing driver event: FW_READY(4), state: 0x6f26013
[   16.628875] cnss: Processing FW Init Done..
[   16.628879] cnss: PCIE Gen speed not setup
[   16.628882] cnss: Requesting DMS MAC address
[   16.629115] cnss: QMI_DMS_GET_MAC_ADDRESS_REQ_V01 failed, result: 1, err: 16
[   16.642293] cnss: Sending ini sync request, state: 0x6f26017, fw_log_mode: 1
[   16.646044] [kworke][0x19e00381][05:56:11.075987] wlan: [193:I:HIF] hif_pci_enable_bus: con_mode = 0x0, WLAN_SOC_device_id = 0x1107
[   16.646056] [kworke][0x19e00416][05:56:11.075995] wlan: [193:I:HIF] hif_pci_get_soc_info_pld: hif_pci_get_soc_info_pld: fam num 4 dev ver 23 maj ver 2 min ver 0

[   16.646059] [kworke][0x19e004b2][05:56:11.076003] wlan: [193:I:HIF] hif_pci_enable_bus: hif_enable_pci done
[   16.646141] [kworke][0x19e00ad5][05:56:11.076085] wlan: [193:I:HIF] hif_get_device_type:  *********** KIWI *************
[   16.646144] [kworke][0x19e00b0a][05:56:11.076088] wlan: [193:I:HIF] hif_pci_enable_bus: hif_type = 0x1a, target_type = 0x1f
[   16.646147] [kworke][0x19e00b3e][05:56:11.076090] wlan: [193:I:HIF] hif_register_tbl_attach: HIF_TYPE_KIWI
[   16.646149] [kworke][0x19e00b6b][05:56:11.076093] wlan: [193:I:HIF] hif_target_register_tbl_attach: TARGET_TYPE_KIWI
[   16.646151] [kworke][0x19e00b91][05:56:11.076095] wlan: [193:I:HIF] hif_pci_enable_bus: Skip tgt_wake up for srng devices
[   16.646181] cnss: Assign MSI to user: CE, num_vectors: 10, user_base_data: 3, base_vector: 3
[   16.646190] [kworke][0x19e00e80][05:56:11.076134] wlan: [193:E:HIF] hif_print_hal_shadow_register_cfg: v3: num_config 36
[   16.646197] [kworke][0x19e00f09][05:56:11.076141] wlan: [193:E:HIF] hif_print_hal_shadow_register_cfg: i 0, val a3b04c
[   16.646200] [kworke][0x19e00f4b][05:56:11.076144] wlan: [193:E:HIF] hif_print_hal_shadow_register_cfg: i 1, val a3b054
[   16.646204] [kworke][0x19e00f8c][05:56:11.076148] wlan: [193:E:HIF] hif_print_hal_shadow_register_cfg: i 2, val a3b05c
[   16.646207] [kworke][0x19e00fcd][05:56:11.076151] wlan: [193:E:HIF] hif_print_hal_shadow_register_cfg: i 3, val a3b064
[   16.646210] [kworke][0x19e01005][05:56:11.076154] wlan: [193:E:HIF] hif_print_hal_shadow_register_cfg: i 4, val a3b06c
[   16.646213] [kworke][0x19e01042][05:56:11.076157] wlan: [193:E:HIF] hif_print_hal_shadow_register_cfg: i 5, val a3b074
[   16.646217] [kworke][0x19e01081][05:56:11.076160] wlan: [193:E:HIF] hif_print_hal_shadow_register_cfg: i 6, val a3b07c
[   16.646220] [kworke][0x19e010c3][05:56:11.076164] wlan: [193:E:HIF] hif_print_hal_shadow_register_cfg: i 7, val a3b084
[   16.646223] [kworke][0x19e010fa][05:56:11.076167] wlan: [193:E:HIF] hif_print_hal_shadow_register_cfg: i 8, val a3b08c
[   16.646226] [kworke][0x19e01134][05:56:11.076170] wlan: [193:E:HIF] hif_print_hal_shadow_register_cfg: i 9, val a3b028
[   16.646235] [kworke][0x19e0116b][05:56:11.076173] wlan: [193:E:HIF] hif_print_hal_shadow_register_cfg: i 10, val a3b020
[   16.646238] [kworke][0x19e0121e][05:56:11.076182] wlan: [193:E:HIF] hif_print_hal_shadow_register_cfg: i 11, val a3b0ac
[   16.646241] [kworke][0x19e0125a][05:56:11.076185] wlan: [193:E:HIF] hif_print_hal_shadow_register_cfg: i 12, val a46000
[   16.646244] [kworke][0x19e01297][05:56:11.076188] wlan: [193:E:HIF] hif_print_hal_shadow_register_cfg: i 13, val a46008
[   16.646248] [kworke][0x19e012d1][05:56:11.076191] wlan: [193:E:HIF] hif_print_hal_shadow_register_cfg: i 14, val a46010
[   16.646251] [kworke][0x19e01311][05:56:11.076195] wlan: [193:E:HIF] hif_print_hal_shadow_register_cfg: i 15, val a46018
[   16.646254] [kworke][0x19e01350][05:56:11.076198] wlan: [193:E:HIF] hif_print_hal_shadow_register_cfg: i 16, val a46020
[   16.646257] [kworke][0x19e0138f][05:56:11.076201] wlan: [193:E:HIF] hif_print_hal_shadow_register_cfg: i 17, val a370b8
[   16.646260] [kworke][0x19e013cb][05:56:11.076204] wlan: [193:E:HIF] hif_print_hal_shadow_register_cfg: i 18, val a37010
[   16.646264] [kworke][0x19e01407][05:56:11.076208] wlan: [193:E:HIF] hif_print_hal_shadow_register_cfg: i 19, val a370cc
[   16.646266] [kworke][0x19e0143f][05:56:11.076210] wlan: [193:E:HIF] hif_print_hal_shadow_register_cfg: i 20, val a370d4
[   16.646270] [kworke][0x19e0147a][05:56:11.076214] wlan: [193:E:HIF] hif_print_hal_shadow_register_cfg: i 21, val a370dc
[   16.646272] [kworke][0x19e014b3][05:56:11.076216] wlan: [193:E:HIF] hif_print_hal_shadow_register_cfg: i 22, val a370e4
[   16.646276] [kworke][0x19e014ed][05:56:11.076219] wlan: [193:E:HIF] hif_print_hal_shadow_register_cfg: i 23, val a370ec
[   16.646279] [kworke][0x19e0152d][05:56:11.076223] wlan: [193:E:HIF] hif_print_hal_shadow_register_cfg: i 24, val a370f4
[   16.646282] [kworke][0x19e0156d][05:56:11.076226] wlan: [193:E:HIF] hif_print_hal_shadow_register_cfg: i 25, val a370fc
[   16.646285] [kworke][0x19e015ac][05:56:11.076229] wlan: [193:E:HIF] hif_print_hal_shadow_register_cfg: i 26, val a37104
[   16.646289] [kworke][0x19e015e7][05:56:11.076233] wlan: [193:E:HIF] hif_print_hal_shadow_register_cfg: i 27, val 1b80400
[   16.646297] [kworke][0x19e0162a][05:56:11.076236] wlan: [193:E:HIF] hif_print_hal_shadow_register_cfg: i 28, val 1b83400
[   16.646300] [kworke][0x19e016c0][05:56:11.076244] wlan: [193:E:HIF] hif_print_hal_shadow_register_cfg: i 29, val 1b8340c
[   16.646303] [kworke][0x19e016fd][05:56:11.076247] wlan: [193:E:HIF] hif_print_hal_shadow_register_cfg: i 30, val 1b85400
[   16.646306] [kworke][0x19e0173d][05:56:11.076250] wlan: [193:E:HIF] hif_print_hal_shadow_register_cfg: i 31, val 1b8540c
[   16.646310] [kworke][0x19e0177e][05:56:11.076254] wlan: [193:E:HIF] hif_print_hal_shadow_register_cfg: i 32, val 1b86400
[   16.646313] [kworke][0x19e017ba][05:56:11.076257] wlan: [193:E:HIF] hif_print_hal_shadow_register_cfg: i 33, val 1b88400
[   16.646316] [kworke][0x19e017f7][05:56:11.076260] wlan: [193:E:HIF] hif_print_hal_shadow_register_cfg: i 34, val 1b8f400
[   16.646319] [kworke][0x19e0182d][05:56:11.076263] wlan: [193:E:HIF] hif_print_hal_shadow_register_cfg: i 35, val 1b8f40c
[   16.646322] cnss: Mode: 0, config: 0000000000000000, host_version: 5.2.1.45E
[   16.646325] cnss: Sending WLAN config message, state: 0x6f26017
[   16.646327] cnss: Shadow reg v3 len: 36
[   16.650528] cnss: Sending mode message, mode: MISSION(0), state: 0x6f26017
[   16.687014] cnss: Get MSI low addr = 0xa0000040, high addr = 0x0
[   16.687028] [kworke][0x19ec054d][05:56:11.116971] wlan: [193:I:HAL] hal_srng_update_high_wm_thresholds: ring_id: 64, wm_thresh- <50:0, 50-60:8, 60-70:9, 70-80:11, 80-90:12, 90-100:14
[   16.687092] [kworke][0x19ec0a25][05:56:11.117036] wlan: [193:I:HAL] hal_srng_update_high_wm_thresholds: ring_id: 82, wm_thresh- <50:0, 50-60:256, 60-70:307, 70-80:358, 80-90:409, 90-100:460
[   16.687176] cnss: Received QMI WLFW pin connect result indication
[   16.687182] cnss: Pin connect Result: pwr_pin: 0x1 phy_io_pin: 0x0 rf_io_pin: 0x0
[   16.687190] [kworke][0x19ec118a][05:56:11.117134] wlan: [193:I:HAL] hal_srng_update_high_wm_thresholds: ring_id: 101, wm_thresh- <50:0, 50-60:256, 60-70:307, 70-80:358, 80-90:409, 90-100:460
[   16.687280] [kworke][0x19ec183e][05:56:11.117224] wlan: [193:I:HAL] hal_srng_update_high_wm_thresholds: ring_id: 83, wm_thresh- <50:0, 50-60:128, 60-70:153, 70-80:179, 80-90:204, 90-100:230
[   16.687371] [kworke][0x19ec1f17][05:56:11.117315] wlan: [193:I:HAL] hal_srng_update_high_wm_thresholds: ring_id: 102, wm_thresh- <50:0, 50-60:128, 60-70:153, 70-80:179, 80-90:204, 90-100:230
[   16.687431] [kworke][0x19ec238d][05:56:11.117374] wlan: [193:I:HAL] hal_srng_update_high_wm_thresholds: ring_id: 67, wm_thresh- <50:0, 50-60:16, 60-70:19, 70-80:22, 80-90:25, 90-100:28
[   16.687496] [kworke][0x19ec2872][05:56:11.117440] wlan: [193:I:HAL] hal_srng_update_high_wm_thresholds: ring_id: 68, wm_thresh- <50:0, 50-60:128, 60-70:153, 70-80:179, 80-90:204, 90-100:230
[   16.687560] [kworke][0x19ec2d39][05:56:11.117503] wlan: [193:I:HAL] hal_srng_update_high_wm_thresholds: ring_id: 88, wm_thresh- <50:0, 50-60:16, 60-70:19, 70-80:22, 80-90:25, 90-100:28
[   16.687654] [kworke][0x19ec3450][05:56:11.117598] wlan: [193:I:HAL] hal_srng_update_high_wm_thresholds: ring_id: 107, wm_thresh- <50:0, 50-60:16, 60-70:19, 70-80:22, 80-90:25, 90-100:28
[   16.687715] [kworke][0x19ec38e9][05:56:11.117659] wlan: [193:I:HIF] hif_configure_irq: E
[   16.687718] cnss: Get IRQ number 335 for vector index 13
[   16.687784] cnss: Get IRQ number 325 for vector index 3
[   16.687820] cnss: Get IRQ number 326 for vector index 4
[   16.687853] cnss: Get IRQ number 327 for vector index 5
[   16.687887] cnss: Get IRQ number 328 for vector index 6
[   16.687920] cnss: Get IRQ number 329 for vector index 7
[   16.687953] cnss: Get IRQ number 330 for vector index 8
[   16.687974] cnss: Get IRQ number 331 for vector index 9
[   16.687996] cnss: Get IRQ number 332 for vector index 10
[   16.688017] cnss: Get IRQ number 333 for vector index 11
[   16.688063] wlan_pld:pld_is_ipa_offload_disabled:3344:: Not supported on type 0
[   16.688111] [kworke][0x19ec5698][05:56:11.118055] wlan: [193:E:POLICY_MGR] policy_mgr_init_cfg: max_conc_cxns 4 non-nan
[   16.688121] cnss: Platform cap_flag is 0x4
[   16.688277] [kworke][0x19ec6300][05:56:11.118221] wlan: [193:E:QDF] __cds_get_context: Module ID 66 context is Null (via hdd_update_ol_config)
[   16.688817] [kworke][0x19ec8b15][05:56:11.118755] wlan: [193:E:QDF] __cds_get_context: Module ID 66 context is Null (via cds_open)
[   16.689301] [kworke][0x19ecafbf][05:56:11.119244] wlan: [193:F:WMA] WMA --> wmi_unified_attach - success
[   16.690670] [kworke][0x19ed1675][05:56:11.120613] wlan: [193:E:QDF] htc_wait_target: Target Ready! TX resource : 1 size:2176, MaxMsgsPerHTCBundle = 1
[   16.690676] [kworke][0x19ed16fd][05:56:11.120620] wlan: [193:E:QDF] htc_setup_target_buffer_assignments: SVS Index : 1 TX : 0x100 : alloc:1
[   16.691050] [kworke][0x19ed32fa][05:56:11.120993] wlan: [193:I:DP] dp_soc_tx_desc_sw_pools_alloc Tx Desc Alloc num_pool = 6, descs = 8192
[   16.691928] cnss: Assign MSI to user: DP, num_vectors: 18, user_base_data: 14, base_vector: 14
[   16.692825] [kworke][0x19edb826][05:56:11.122769] wlan: [193:I:HAL] hal_srng_update_high_wm_thresholds: ring_id: 120, wm_thresh- <50:0, 50-60:16384, 60-70:19660, 70-80:22937, 80-90:26214, 90-100:29491
[   16.693166] [kworke][0x19edd1ad][05:56:11.123109] wlan: [193:I:HAL] hal_srng_update_high_wm_thresholds: ring_id: 121, wm_thresh- <50:0, 50-60:512, 60-70:614, 70-80:716, 80-90:819, 90-100:921
[   16.693205] [kworke][0x19edd49c][05:56:11.123149] wlan: [193:I:HAL] hal_srng_update_high_wm_thresholds: ring_id: 16, wm_thresh- <50:0, 50-60:64, 60-70:76, 70-80:89, 80-90:102, 90-100:115
[   16.693275] [kworke][0x19edd9de][05:56:11.123219] wlan: [193:I:HAL] hal_srng_update_high_wm_thresholds: ring_id: 131, wm_thresh- <50:0, 50-60:512, 60-70:614, 70-80:716, 80-90:819, 90-100:921
[   16.693343] [kworke][0x19eddefa][05:56:11.123287] wlan: [193:I:HAL] hal_srng_update_high_wm_thresholds: ring_id: 0, wm_thresh- <50:0, 50-60:128, 60-70:153, 70-80:179, 80-90:204, 90-100:230
[   16.693398] [kworke][0x19ede324][05:56:11.123342] wlan: [193:I:HAL] hal_srng_update_high_wm_thresholds: ring_id: 20, wm_thresh- <50:0, 50-60:64, 60-70:76, 70-80:89, 80-90:102, 90-100:115
[   16.693449] [kworke][0x19ede6f4][05:56:11.123393] wlan: [193:I:HAL] hal_srng_update_high_wm_thresholds: ring_id: 21, wm_thresh- <50:0, 50-60:128, 60-70:153, 70-80:179, 80-90:204, 90-100:230
[   16.693509] [kworke][0x19edeb74][05:56:11.123453] wlan: [193:I:HAL] hal_srng_update_high_wm_thresholds: ring_id: 24, wm_thresh- <50:0, 50-60:2560, 60-70:3072, 70-80:3584, 80-90:4096, 90-100:4608
[   16.693573] [kworke][0x19edf044][05:56:11.123517] wlan: [193:I:HAL] hal_srng_update_high_wm_thresholds: ring_id: 128, wm_thresh- <50:0, 50-60:4096, 60-70:4915, 70-80:5734, 80-90:6553, 90-100:7372
[   16.693650] [kworke][0x19edf5b8][05:56:11.123590] wlan: [193:I:HAL] hal_srng_update_high_wm_thresholds: ring_id: 25, wm_thresh- <50:0, 50-60:2560, 60-70:3072, 70-80:3584, 80-90:4096, 90-100:4608
[   16.693715] [kworke][0x19edfae1][05:56:11.123659] wlan: [193:I:HAL] hal_srng_update_high_wm_thresholds: ring_id: 132, wm_thresh- <50:0, 50-60:4096, 60-70:4915, 70-80:5734, 80-90:6553, 90-100:7372
[   16.693787] [kworke][0x19ee0040][05:56:11.123730] wlan: [193:I:HAL] hal_srng_update_high_wm_thresholds: ring_id: 26, wm_thresh- <50:0, 50-60:2560, 60-70:3072, 70-80:3584, 80-90:4096, 90-100:4608
[   16.693851] [kworke][0x19ee050e][05:56:11.123795] wlan: [193:I:HAL] hal_srng_update_high_wm_thresholds: ring_id: 130, wm_thresh- <50:0, 50-60:4096, 60-70:4915, 70-80:5734, 80-90:6553, 90-100:7372
[   16.693935] [kworke][0x19ee0b67][05:56:11.123879] wlan: [193:I:HAL] hal_srng_update_high_wm_thresholds: ring_id: 1, wm_thresh- <50:0, 50-60:3072, 60-70:3686, 70-80:4300, 80-90:4915, 90-100:5529
[   16.694019] [kworke][0x19ee11ae][05:56:11.123963] wlan: [193:I:HAL] hal_srng_update_high_wm_thresholds: ring_id: 2, wm_thresh- <50:0, 50-60:3072, 60-70:3686, 70-80:4300, 80-90:4915, 90-100:5529
[   16.694107] [kworke][0x19ee183d][05:56:11.124050] wlan: [193:I:HAL] hal_srng_update_high_wm_thresholds: ring_id: 3, wm_thresh- <50:0, 50-60:3072, 60-70:3686, 70-80:4300, 80-90:4915, 90-100:5529
[   16.694191] [kworke][0x19ee1e8c][05:56:11.124134] wlan: [193:I:HAL] hal_srng_update_high_wm_thresholds: ring_id: 4, wm_thresh- <50:0, 50-60:3072, 60-70:3686, 70-80:4300, 80-90:4915, 90-100:5529
[   16.694267] [kworke][0x19ee2447][05:56:11.124211] wlan: [193:I:HAL] hal_srng_update_high_wm_thresholds: ring_id: 5, wm_thresh- <50:0, 50-60:3072, 60-70:3686, 70-80:4300, 80-90:4915, 90-100:5529
[   16.694333] [kworke][0x19ee293b][05:56:11.124277] wlan: [193:I:HAL] hal_srng_update_high_wm_thresholds: ring_id: 6, wm_thresh- <50:0, 50-60:3072, 60-70:3686, 70-80:4300, 80-90:4915, 90-100:5529
[   16.694401] [kworke][0x19ee2e4d][05:56:11.124344] wlan: [193:I:HAL] hal_srng_update_high_wm_thresholds: ring_id: 7, wm_thresh- <50:0, 50-60:3072, 60-70:3686, 70-80:4300, 80-90:4915, 90-100:5529
[   16.694469] [kworke][0x19ee3370][05:56:11.124413] wlan: [193:I:HAL] hal_srng_update_high_wm_thresholds: ring_id: 8, wm_thresh- <50:0, 50-60:3072, 60-70:3686, 70-80:4300, 80-90:4915, 90-100:5529
[   16.695672] [kworke][0x19ee8da8][05:56:11.125616] wlan: [193:I:scan] scm_channel_list_db_init: min_freq 5935 max_freq 7115
[   16.695801] [kworke][0x19ee975c][05:56:11.125745] wlan: [193:I:HAL] hal_srng_update_high_wm_thresholds: ring_id: 184, wm_thresh- <50:0, 50-60:8192, 60-70:9830, 70-80:11468, 80-90:13107, 90-100:14745
[   16.695818] [kworke][0x19ee989b][05:56:11.125762] wlan: [193:I:HAL] hal_srng_update_high_wm_thresholds: ring_id: 189, wm_thresh- <50:0, 50-60:512, 60-70:614, 70-80:716, 80-90:819, 90-100:921
[   16.695823] [kworke][0x19ee98fd][05:56:11.125767] wlan: [193:I:DP] Peer pool init
[   16.695934] [kworke][0x19eea153][05:56:11.125878] wlan: [193:I:HAL] hal_srng_update_high_wm_thresholds: ring_id: 185, wm_thresh- <50:0, 50-60:2048, 60-70:2457, 70-80:2867, 80-90:3276, 90-100:3686
[   16.695945] [kworke][0x19eea1d5][05:56:11.125885] wlan: [193:I:HAL] hal_srng_update_high_wm_thresholds: ring_id: 198, wm_thresh- <50:0, 50-60:2048, 60-70:2457, 70-80:2867, 80-90:3276, 90-100:3686
[   16.695949] [kworke][0x19eea270][05:56:11.125893] wlan: [193:E:DP] dp_rx_fst_attach: FST setup params FT size 256, hash_mask 0xff, skid_length 16
[   16.695967] [kworke][0x19eea3c2][05:56:11.125911] wlan: [193:I:HAL] hal_srng_update_high_wm_thresholds: ring_id: 188, wm_thresh- <50:0, 50-60:512, 60-70:614, 70-80:716, 80-90:819, 90-100:921
[   16.695971] [kworke][0x19eea41b][05:56:11.125915] wlan: [193:I:HAL] hal_srng_update_high_wm_thresholds: ring_id: 201, wm_thresh- <50:0, 50-60:512, 60-70:614, 70-80:716, 80-90:819, 90-100:921
[   16.697440] [kworke][0x19ef123f][05:56:11.127384] wlan: [193:E:DP] dp_rx_buffer_pool_init: RX buffer pool support is disabled
[   16.703551] cnss: Get IRQ number 336 for vector index 14
[   16.703576] [kworke][0x19f0dd96][05:56:11.133508] wlan: [193:I:HIF] hif_event_history_init: SRNG events history initialized for group: 0
[   16.703578] cnss: Get IRQ number 337 for vector index 15
[   16.703582] [kworke][0x19f0dee9][05:56:11.133526] wlan: [193:I:HIF] hif_event_history_init: SRNG events history initialized for group: 1
[   16.703584] cnss: Get IRQ number 338 for vector index 16
[   16.703588] [kworke][0x19f0df51][05:56:11.133531] wlan: [193:I:HIF] hif_event_history_init: SRNG events history initialized for group: 2
[   16.703589] cnss: Get IRQ number 339 for vector index 17
[   16.703594] [kworke][0x19f0dfd5][05:56:11.133538] wlan: [193:I:HIF] hif_event_history_init: SRNG events history initialized for group: 3
[   16.703596] cnss: Get IRQ number 340 for vector index 18
[   16.703599] [kworke][0x19f0e026][05:56:11.133542] wlan: [193:I:HIF] hif_event_history_init: SRNG events history initialized for group: 4
[   16.703600] cnss: Get IRQ number 341 for vector index 19
[   16.703603] [kworke][0x19f0e082][05:56:11.133547] wlan: [193:I:HIF] hif_event_history_init: SRNG events history initialized for group: 5
[   16.703605] cnss: Get IRQ number 342 for vector index 20
[   16.703608] [kworke][0x19f0e0d2][05:56:11.133551] wlan: [193:I:HIF] hif_event_history_init: SRNG events history initialized for group: 6
[   16.703609] cnss: Get IRQ number 343 for vector index 21
[   16.703613] [kworke][0x19f0e133][05:56:11.133556] wlan: [193:I:HIF] hif_event_history_init: SRNG events history initialized for group: 7
[   16.703614] cnss: Get IRQ number 344 for vector index 22
[   16.703617] [kworke][0x19f0e180][05:56:11.133560] wlan: [193:I:HIF] hif_event_history_init: SRNG events history initialized for group: 8
[   16.703618] cnss: Get IRQ number 345 for vector index 23
[   16.703621] [kworke][0x19f0e1cd][05:56:11.133564] wlan: [193:I:HIF] hif_event_history_init: SRNG events history initialized for group: 9
[   16.703622] cnss: Get IRQ number 346 for vector index 24
[   16.703624] [kworke][0x19f0e217][05:56:11.133568] wlan: [193:I:HIF] hif_event_history_init: SRNG events history initialized for group: 10
[   16.703626] cnss: Get IRQ number 347 for vector index 25
[   16.703629] [kworke][0x19f0e277][05:56:11.133573] wlan: [193:I:HIF] hif_event_history_init: SRNG events history initialized for group: 11
[   16.703631] cnss: Get IRQ number 348 for vector index 26
[   16.703634] [kworke][0x19f0e2c8][05:56:11.133578] wlan: [193:I:HIF] hif_event_history_init: SRNG events history initialized for group: 12
[   16.703635] cnss: Get IRQ number 349 for vector index 27
[   16.703638] [kworke][0x19f0e31b][05:56:11.133582] wlan: [193:I:HIF] hif_event_history_init: SRNG events history initialized for group: 13
[   16.703639] cnss: Get IRQ number 350 for vector index 28
[   16.703642] [kworke][0x19f0e366][05:56:11.133586] wlan: [193:I:HIF] hif_event_history_init: SRNG events history initialized for group: 14
[   16.703643] cnss: Get IRQ number 351 for vector index 29
[   16.703648] [kworke][0x19f0e3db][05:56:11.133592] wlan: [193:I:HIF] hif_event_history_init: SRNG events history initialized for group: 15
[   16.703649] cnss: Get IRQ number 352 for vector index 30
[   16.703657] [kworke][0x19f0e428][05:56:11.133596] wlan: [193:I:HIF] hif_event_history_init: SRNG events history initialized for group: 16
[   16.703659] cnss: Get IRQ number 353 for vector index 31
[   16.703662] [kworke][0x19f0e4e2][05:56:11.133606] wlan: [193:I:HIF] hif_event_history_init: SRNG events history initialized for group: 17
[   16.705707] [kworke][0x19f17e43][05:56:11.135651] wlan: [10:I:WMA] wma_rx_service_ready_event: Firmware build version : 110c8586
[   16.705712] [kworke][0x19f17eb2][05:56:11.135656] wlan: [10:I:WMA] wma_rx_service_ready_event: Board id: 0, Board version: 8 0 0 0 1
[   16.706938] [kworke][0x19f1da9b][05:56:11.136882] wlan: [10:E:WMA] wma_update_supported_bands: wrong supported band
[   16.707026] [kworke][0x19f1e138][05:56:11.136970] wlan: [10:E:QDF] copy_fw_abi_version_tlv: copy_fw_abi_version_tlv: INIT_CMD version: 1, 0, 0x5f414351, 0x4c4d, 0x0, 0x0
[   16.806116] [kworke][0x1a0ee8e9][05:56:11.236059] wlan: [10:E:QDF] ready_extract_init_status_tlv: ready_extract_init_status_tlv:0
[   16.806543] [kworke][0x1a0f08f2][05:56:11.236486] wlan: [10:E:REGULATORY] reg_is_fcc_regdmn: Failed to get reg domain
[   16.806552] [kworke][0x1a0f09a5][05:56:11.236496] wlan: [10:I:dfs] WLAN_DEBUG_DFS_ALWAYS : wlan_dfs_pdev_obj_create_notification: dfs_offload 1
[   16.806555] [kworke][0x1a0f09db][05:56:11.236499] wlan: [10:I:dfs] WLAN_DEBUG_DFS_ALWAYS : wlan_dfs_pdev_obj_create_notification: dfs_bangradar_320_support 0
[   16.806562] [kworke][0x1a0f0a70][05:56:11.236506] wlan: [10:I:SPECTRAL] null_get_capability: SPECTRAL : get_capability not registered

[   16.806565] [kworke][0x1a0f0a9c][05:56:11.236509] wlan: [10:I:SPECTRAL] target_if_pdev_spectral_init: HAL_CAP_PHYDIAG : Capable
[   16.806567] [kworke][0x1a0f0ac1][05:56:11.236511] wlan: [10:I:SPECTRAL] null_get_capability: SPECTRAL : get_capability not registered

[   16.806568] [kworke][0x1a0f0ae6][05:56:11.236512] wlan: [10:I:SPECTRAL] target_if_pdev_spectral_init: HAL_CAP_RADAR   : Capable
[   16.806570] [kworke][0x1a0f0b07][05:56:11.236514] wlan: [10:I:SPECTRAL] null_get_capability: SPECTRAL : get_capability not registered

[   16.806572] [kworke][0x1a0f0b2b][05:56:11.236516] wlan: [10:I:SPECTRAL] target_if_pdev_spectral_init: HAL_CAP_SPECTRAL_SCAN : Capable
[   16.806578] [kworke][0x1a0f0b54][05:56:11.236518] wlan: [10:I:SPECTRAL] null_get_tsf64: SPECTRAL : get_tsf64 not registered

[   16.806588] [kworke][0x1a0f0c54][05:56:11.236532] wlan: [10:I:GREEN_AP] wlan_green_ap_pdev_obj_create_notification: Green AP creation successful, green ap ctx: 0000000000000000, pdev: 0000000000000000
[   16.806884] [kworke][0x1a0f228e][05:56:11.236828] wlan: [10:I:HAL] hal_srng_update_high_wm_thresholds: ring_id: 193, wm_thresh- <50:0, 50-60:24, 60-70:28, 70-80:33, 80-90:38, 90-100:43
[   16.806966] [kworke][0x1a0f28ba][05:56:11.236910] wlan: [10:I:HAL] hal_srng_update_high_wm_thresholds: ring_id: 206, wm_thresh- <50:0, 50-60:24, 60-70:28, 70-80:33, 80-90:38, 90-100:43
[   16.807033] [kworke][0x1a0f2dbb][05:56:11.236977] wlan: [10:E:CFR] cfr_streamfs_init: Directory create failed
[   16.807039] [kworke][0x1a0f2e2d][05:56:11.236983] wlan: [10:E:CFR] wlan_cfr_pdev_open: cfr_streamfs_init failed with 16

[   16.807059] [kworke][0x1a0f2f72][05:56:11.237000] wlan: [10:I:REGULATORY] reg_set_band: same band 7
[   16.807062] [kworke][0x1a0f2fe5][05:56:11.237006] wlan: [10:I:HDD] hdd_intersect_igmp_offload_setting: fw cap to handle igmp 1 igmp_offload_enable ini 0
[   16.807135] [kworke][0x1a0f356d][05:56:11.237079] wlan: [10:I:GREEN_AP] target_if_green_ap_register_egap_event_handler: Set the Enhance Green AP event handler
[   16.807157] [kworke][0x1a0f370d][05:56:11.237101] wlan: [193:I:WMA] wma_wait_for_ready_event: FW ready event received
[   16.807200] [kworke][0x1a0f3a37][05:56:11.237143] wlan: [193:I:HAL] hal_srng_update_high_wm_thresholds: ring_id: 192, wm_thresh- <50:0, 50-60:64, 60-70:76, 70-80:89, 80-90:102, 90-100:115
[   16.807272] [kworke][0x1a0f3fa4][05:56:11.237216] wlan: [193:I:HAL] hal_srng_update_high_wm_thresholds: ring_id: 205, wm_thresh- <50:0, 50-60:64, 60-70:76, 70-80:89, 80-90:102, 90-100:115
[   16.807437] [kworke][0x1a0f4c11][05:56:11.237381] wlan: [193:I:SYS] Creating periodic timer for OLBC UPDATE CACHE TIMEOUT

[   16.807480] [kworke][0x1a0f4f45][05:56:11.237424] wlan: [193:E:DP] dp_rxdma_ring_config: pdev_id 0 max_mac_rings 2
[   16.807485] [kworke][0x1a0f4fa1][05:56:11.237429] wlan: [193:E:TXRX] dp_rxdma_ring_config: mac_id 0
[   16.807515] [kworke][0x1a0f51eb][05:56:11.237459] wlan: [193:E:TXRX] dp_rxdma_ring_config: mac_id 1
[   16.807638] [kworke][0x1a0f5b18][05:56:11.237582] wlan: [193:I:HAL] hal_reo_set_err_dst_remap_kiwi: HWIO_REO_R0_ERROR_DESTINATION_MAPPING_IX_0 0x0
[   16.807650] [kworke][0x1a0f5bfd][05:56:11.237594] wlan: [193:I:HAL] hal_reo_set_err_dst_remap_kiwi: HWIO_REO_R0_ERROR_DESTINATION_MAPPING_IX_1 0x0
[   16.807695] [kworke][0x1a0f5f18][05:56:11.237635] wlan: [193:I:DIRECT_BUF_RX] target_if_direct_buf_rx_register_events: DBR Handler Context 1
[   16.842040] [kworke][0x1a196f42][05:56:11.271984] wlan: [193:E:fwol] ucfg_fwol_send_get_thermal_stats_cmd: Command Disabled in Ini gThermalStatsTempOffset 5 or not enabled in FW 0
[   16.842052] [kworke][0x1a197023][05:56:11.271996] wlan: [193:E:OSIF] os_if_fwol_get_thermal_stats_req: Failed to send get thermal stats cmd to FW, 4
[   16.843632] [kworke][0x1a19e6a6][05:56:11.273576] wlan: [193:E:WMI] send_action_oui_cmd_tlv: Invalid action id
[   16.843639] [kworke][0x1a19e733][05:56:11.273583] wlan: [193:E:WMI] send_action_oui_cmd_tlv: Invalid action id
[   16.843910] cnss_utils: WLAN MAC address is not set, type 0
[   16.846757] [kworke][0x1a1ad0fc][05:56:11.276700] wlan: [193:I:HDD] hdd_initialize_mac_address: using MAC address from wlan_mac.bin
[   16.847636] cnss: Host time = 22811550 us, device time = 991720 us, offset = 21819830 us
[   16.847663] cnss: Updated time sync regs [0x98c] = 0x14cf1b6, [0x990] = 0x0
[   16.847679] cnss: Removing vote for Regulator vdd-wlan-rfa2
[   16.847705] cnss: Removing vote for Regulator vdd-wlan-rfa1
[   16.847722] cnss: Removing vote for Regulator vdd-wlan-dig
[   16.847735] cnss: Removing vote for Regulator vdd-wlan-aon
[   16.847748] cnss: Removing vote for Regulator vdd-wlan
[   16.847760] cnss: Removing vote for Regulator vdd-wlan-io
[   16.847765] cnss: PM relax, state: 0x6f26107, count: 0
[   16.857825] [wifi@1][0x1a1e0f25][05:56:11.287769] wlan: [1687:I:HDD] wlan_hdd_state_ctrl_param_write: Wifi Turning On from UI

[   16.857852] [wifi@1][0x1a1e0fc3][05:56:11.287777] wlan: [1687:I:HDD] wlan_hdd_state_ctrl_param_write: is_driver_loaded 1 is_driver_recovering 0
[   16.858303] [wifi@1][0x1a1e32f8][05:56:11.288247] wlan: [1687:I:DP] 00000000: 0d c9 f3 ab 23 c5 e2 1d 04 84 82 db 6d 62 27 b4
[   16.858306] [wifi@1][0x1a1e3331][05:56:11.288250] wlan: [1687:I:DP] 00000010: 88 5c 62 fa
[   16.858308] [wifi@1][0x1a1e3360][05:56:11.288252] wlan: [1687:I:DP] 00000000: 2e c3 8d 83 f6 53 fd 6a d0 1a da 01 3b 86 75 e3
[   16.858310] [wifi@1][0x1a1e3383][05:56:11.288254] wlan: [1687:I:DP] 00000010: 72 f0 73 c9 52 24 d8 e1 ba 69 1b f7 a5 02 b1 af
[   16.858312] [wifi@1][0x1a1e33a4][05:56:11.288256] wlan: [1687:I:DP] 00000020: 29 d5 4c b6 a4 25 81 26 26 e7 59 1d
[   16.859273] [wifi@1][0x1a1e7bb6][05:56:11.289217] wlan: [1687:E:HDD] hdd_sysfs_bmiss_create: could not create bmiss sysfs file
[   16.859285] [wifi@1][0x1a1e7c99][05:56:11.289228] wlan: [1687:I:HDD] hdd_sysfs_somcsne_interface_create: Completed to create somcsne sysfs file (wlan0)
[   16.859528] [wifi@1][0x1a1e8ed3][05:56:11.289471] wlan: [1687:E:TWT] wlan_twt_is_setup_done: Peer object not found 00:00:00:00:00:00
[   16.872318] [wifi@1][0x1a224e03][05:56:11.302261] wlan: [1687:E:HDD] hdd_convert_nl80211_to_reg_band_mask: band: 2 not supported
[   16.880824] init: starting service 'wpa_supplicant'...
[   16.881130] init: Created socket '/dev/socket/wpa_wlan0', mode 660, user 1010, group 1010
[   16.882608] init: ... started service 'wpa_supplicant' has pid 5096
[   16.882624] init: Control message: Processed ctl.interface_start for 'aidl/android.hardware.wifi.supplicant.ISupplicant/default' from pid: 989 (/system/bin/servicemanager)
[   16.899410] capability: warning: `wpa_supplicant' uses 32-bit capabilities (legacy support in use)
[   16.914012] [wifi@1][0x1a2e8514][05:56:11.343955] wlan: [1687:E:HDD] hdd_convert_nl80211_to_reg_band_mask: band: 2 not supported
[   16.927153] [wifi@1][0x1a325eb5][05:56:11.357097] wlan: [1687:E:OSIF] wlan_hdd_set_station_stats_request_pending: peer is null
[   16.977677] [kworke][0x1a412c07][05:56:11.407621] wlan: [849:I:REGULATORY] reg_set_band: set band bitmap: 3
[   16.977693] [kworke][0x1a412d3b][05:56:11.407637] wlan: [849:E:HDD] hdd_reg_set_band: Failed to send RSO update to fw on set band
[   17.036800] gsi soc:qcom,msm_gsi: gsi_stop_channel:3615 chan=1 busy try again
[   17.038904] gsi soc:qcom,msm_gsi: gsi_stop_channel:3615 chan=14 busy try again
[   17.400585] adsp_sleepmon: timer_event = 1,suspend_event = 0
[   17.611103] cnss: Runtime suspend start
[   17.611216] [kworke][0x1afac76a][05:56:12.041159] wlan: [767:I:PMO] pmo_core_enable_wow_in_fw: drv wow is enabled
[   17.627609] [kworke][0x1aff94eb][05:56:12.057553] wlan: [767:I:HIF] hif_try_complete_tasks: waiting for tasklets 1 grp tasklets 0 work 0
[   17.640584] cnss: Setting MHI state: SUSPEND(6)
[   17.640593] cnss: Suspending PCI link
[   17.640595] cnss: Use PCIe DRV suspend
[   17.644284] cnss: Runtime suspend status: 0
[   18.880771] gsi soc:qcom,msm_gsi: gsi_stop_channel:3615 chan=1 busy try again
[   18.882876] gsi soc:qcom,msm_gsi: gsi_stop_channel:3615 chan=14 busy try again
[   19.192663] (virq:irq_count)- GICv3:IPI(1):95972 GICv3:IPI(6):33035 GICv3:ufshcd(35):31030 GICv3:arch_timer(11):24866 GICv3:IPI(2):18766 GICv3:ipcc_0(37):8361 ipcc:glink-native-adsp(385):6363 ipcc:glink-native-modem(402):2251 GICv3:i2c_geni(280):1890 GICv3:apps_rsc-drv-2(20):1620 
[   19.192676] (cpu:irq_count)- 0:42814 1:5761 2:5775 3:30570 4:30095 5:31092 6:30034 7:55804 
[   19.192680] (ipi:irq_count)- 0:95972 1:18766 2:0 3:0 4:0 5:33035 6:0 
[   19.412806] USB cable not connected
[   22.990538] init: Sending signal 9 to service 'idmap2d' (pid 2290) process group...
[   22.991381] libprocessgroup: Removed cgroup /sys/fs/cgroup/uid_1000/pid_2290
[   22.991786] init: Control message: Processed ctl.stop for 'idmap2d' from pid: 1918 (system_server)
[   22.991866] init: Service 'idmap2d' (pid 2290) received signal 9
[   22.991870] init: Sending signal 9 to service 'idmap2d' (pid 2290) process group...
[   22.991890] libprocessgroup: Failed to write 1 to /sys/fs/cgroup/uid_1000/pid_2290/cgroup.kill: No such file or directory
[   22.991901] libprocessgroup: Failed to open /sys/fs/cgroup/uid_1000/pid_2290/cgroup.procs: No such file or directory
[   23.044466] SELinux: avc:  denied  { find } for pid=1918 uid=1000 name=vendor.qti.hardware.servicetrackeraidl.IServicetracker/default scontext=u:r:system_server:s0 tcontext=u:object_r:default_android_service:s0 tclass=service_manager permissive=0
[   23.047052] SELinux: avc:  denied  { find } for pid=1918 uid=1000 name=vendor.qti.hardware.servicetrackeraidl.IServicetracker/default scontext=u:r:system_server:s0 tcontext=u:object_r:default_android_service:s0 tclass=service_manager permissive=0
[   23.053102] SELinux: avc:  denied  { find } for pid=1918 uid=1000 name=vendor.qti.hardware.servicetrackeraidl.IServicetracker/default scontext=u:r:system_server:s0 tcontext=u:object_r:default_android_service:s0 tclass=service_manager permissive=0
[   23.060499] SELinux: avc:  denied  { find } for pid=1918 uid=1000 name=vendor.qti.hardware.servicetrackeraidl.IServicetracker/default scontext=u:r:system_server:s0 tcontext=u:object_r:default_android_service:s0 tclass=service_manager permissive=0
[   23.078666] SELinux: avc:  denied  { find } for pid=1918 uid=1000 name=vendor.qti.hardware.servicetrackeraidl.IServicetracker/default scontext=u:r:system_server:s0 tcontext=u:object_r:default_android_service:s0 tclass=service_manager permissive=0
[   23.617418] SELinux: avc:  denied  { find } for pid=1918 uid=1000 name=vendor.qti.hardware.servicetrackeraidl.IServicetracker/default scontext=u:r:system_server:s0 tcontext=u:object_r:default_android_service:s0 tclass=service_manager permissive=0
[   24.046804] binder: undelivered transaction 53436, process died.
[   24.047114] init: Service 'bootanim' (pid 2986) exited with status 0 oneshot service took 13.984000 seconds in background
[   24.047125] init: Sending signal 9 to service 'bootanim' (pid 2986) process group...
[   24.047271] libprocessgroup: Removed cgroup /sys/fs/cgroup/uid_1003/pid_2986
[   24.104089] servicemanager: Notifying apexservice they do (previously: don't) have clients when service is guaranteed to be in use
[   24.104173] AidlLazyServiceRegistrar: Process has 1 (of 1 available) client(s) in use after notification apexservice has clients: 1
[   24.104179] AidlLazyServiceRegistrar: Shutdown prevented by forcePersist override flag.
[   24.104344] apexd: markBootCompleted() received by ApexService
[   24.120327] Boot completed 
[   24.120830] [wifi@1][0x226de47b][05:56:18.550774] wlan: [1687:E:REGULATORY] reg_get_channel_flags_for_freq: chan freq is not valid
[   24.120862] [wifi@1][0x226de54f][05:56:18.550785] wlan: [1687:E:REGULATORY] reg_get_channel_flags_for_freq: chan freq is not valid
[   24.120867] [wifi@1][0x226de749][05:56:18.550811] wlan: [1687:E:REGULATORY] reg_get_channel_flags_for_freq: chan freq is not valid
[   24.120871] [wifi@1][0x226de795][05:56:18.550815] wlan: [1687:E:REGULATORY] reg_get_channel_flags_for_freq: chan freq is not valid
[   24.120875] [wifi@1][0x226de7e0][05:56:18.550819] wlan: [1687:E:REGULATORY] reg_get_channel_flags_for_freq: chan freq is not valid
[   24.120879] [wifi@1][0x226de82a][05:56:18.550823] wlan: [1687:E:REGULATORY] reg_get_channel_flags_for_freq: chan freq is not valid
[   24.120882] [wifi@1][0x226de872][05:56:18.550826] wlan: [1687:E:REGULATORY] reg_get_channel_flags_for_freq: chan freq is not valid
[   24.120886] [wifi@1][0x226de8ba][05:56:18.550830] wlan: [1687:E:REGULATORY] reg_get_channel_flags_for_freq: chan freq is not valid
[   24.120890] [wifi@1][0x226de901][05:56:18.550834] wlan: [1687:E:REGULATORY] reg_get_channel_flags_for_freq: chan freq is not valid
[   24.120894] [wifi@1][0x226de950][05:56:18.550838] wlan: [1687:E:REGULATORY] reg_get_channel_flags_for_freq: chan freq is not valid
[   24.120902] [wifi@1][0x226de999][05:56:18.550842] wlan: [1687:E:REGULATORY] reg_get_channel_flags_for_freq: chan freq is not valid
[   24.120906] [wifi@1][0x226dea30][05:56:18.550850] wlan: [1687:E:REGULATORY] reg_get_channel_flags_for_freq: chan freq is not valid
[   24.122307] SELinux: avc:  denied  { find } for pid=1918 uid=1000 name=vendor.qti.hardware.servicetrackeraidl.IServicetracker/default scontext=u:r:system_server:s0 tcontext=u:object_r:default_android_service:s0 tclass=service_manager permissive=0
[   24.125496] Boot completed 
[   24.125944] cnss: Resuming PCI link
[   24.130411] cnss: Set PCI link status to: 2
[   24.130428] cnss: Setting MHI state: RESUME(7)
[   24.130953] [wifi@1][0x2270dbb8][05:56:18.560897] wlan: [1687:E:OSIF] wlan_hdd_set_station_stats_request_pending: peer is null
[   24.140185] cnss: Setting MHI state: SUSPEND(6)
[   24.140200] cnss: Suspending PCI link
[   24.140204] cnss: Use PCIe DRV suspend
[   24.158715] SELinux: avc:  denied  { find } for pid=1918 uid=1000 name=vendor.qti.hardware.servicetrackeraidl.IServicetracker/default scontext=u:r:system_server:s0 tcontext=u:object_r:default_android_service:s0 tclass=service_manager permissive=0
[   24.162547] cnss: Runtime resume start
[   24.162564] cnss: Resuming PCI link
[   24.166354] cnss: Set PCI link status to: 2
[   24.166366] cnss: Setting MHI state: RESUME(7)
[   24.167001] [kworke][0x227b6b4a][05:56:18.596944] wlan: [851:I:PMO] pmo_core_psoc_send_host_wakeup_ind_to_fw: Host wakeup indication sent to fw
[   24.171326] zram0: detected capacity change from 0 to 8388608
[   24.173731] cnss: Runtime resume status: 0
[   24.179363] servicemanager: Caller(pid=4253,uid=1000,sid=u:r:vendor_qesdk_app:s0) Found vendor.qti.qesdsys.IQesdSys/default in framework VINTF manifest.
[   24.185420] Adding 4194300k swap on /dev/block/zram0.  Priority:32758 extents:1 across:4194300k SS
[   24.204886] init: wait for '/dev/smcinvoke' took 0ms
[   24.218173] lxs_ts 2-0028: orientation_change: landscape 0(0)
[   24.219002] lxs_ts 2-0028: grab_mode[0D0Bh]: ON(00000001h)
[   24.219112] lxs_ts 2-0028: enable_knock: 1
[   24.219174] dsi_panel_pre_sod_mode_store: sod mode setting 1
[   24.222620] [schedu][0x228bb6b5][05:56:18.652563] wlan: [5079:I:OSIF] scan start scan id 40961
[   24.231496] healthd: battery l=100 v=4249 t=30.0 h=2 st=2 c=-1246246 fc=4434000 cc=17 chg=u
[   24.385116] Enabling WiFi
[   24.385127] [cnd][0x22bb52b8][05:56:18.815070] wlan: [5317:I:HDD] wlan_hdd_state_ctrl_param_write: is_driver_loaded 1 is_driver_recovering 0
[   24.385136] [cnd][0x22bb5366][05:56:18.815079] wlan: [5317:E:HDD] wlan_hdd_state_ctrl_param_write: WiFi is already enabled
[   24.780299] [soft_i][0x232f188f][05:56:19.210241] wlan: [0:E:REGULATORY] reg_freq_to_chan_for_chlist: invalid frequency 5945
[   24.780485] [soft_i][0x232f259e][05:56:19.210415] wlan: [0:E:REGULATORY] reg_is_fcc_regdmn: Failed to get reg domain
[   25.038240] [schedu][0x237aaa33][05:56:19.468183] wlan: [5079:I:OSIF] vdev 0, scan id 40961 type COMPLETED(1) reason COMPLETED(1) scan found 12 bss
[   25.044666] [wifi@1][0x237c8b6f][05:56:19.474600] wlan: [1687:E:OSIF] wlan_hdd_set_station_stats_request_pending: peer is null
[   25.081942] [schedu][0x238777db][05:56:19.511885] wlan: [5079:I:OSIF] scan start scan id 40962
[   25.124940] gsi soc:qcom,msm_gsi: gsi_stop_channel:3615 chan=1 busy try again
[   25.127080] gsi soc:qcom,msm_gsi: gsi_stop_channel:3615 chan=14 busy try again
[   25.574160] [schedu][0x2417ac17][05:56:20.004102] wlan: [5079:I:OSIF] vdev 0, scan id 40962 type COMPLETED(1) reason CANCELLED(2) scan found 10 bss
[   25.633617] [wifi@1][0x2429178c][05:56:20.063561] wlan: [1687:E:DP] dp_rx_flush_rx_cached: txrx_peer NULL!! peer mac_addr(3c:38:f4:2e:16:56)
[   25.633650] [wifi@1][0x24291a07][05:56:20.063594] wlan: [1687:E:DP] dp_tx_flow_pool_unmap_handler: flow pool id: 0 is inactive, ignore unmap
[   25.666975] [schedu][0x2432dc49][05:56:20.096904] wlan: [5079:I:CMN_MLME] vdev 0 cm_id 0xc000001: Connecting to BELL1143 18:fd:74:fe:34:a4 rssi: -53 freq: 5180 akm 0x800 cipher: uc 0x8 mc 0x8, wps 0 osen 0 force RSN 0 CC: CA
[   25.668228] [schedu][0x24333b37][05:56:20.098170] wlan: [5079:I:WMI] send_vdev_start_cmd_tlv: vdev_id 0 freq 5180 chanmode 18 ch_info: 0x12 is_dfs 0 beacon interval 100 dtim 0 center_chan 5210 center_freq2 0 reg_info_1: 0x0 reg_info_2: 0x0, req->max_txpow: 0x0 Tx SS 2, Rx SS 2, ldpc_rx: 0, cac 0, regd 1, HE ops: 0req->dis_hw_ack: 0 
[   25.751311] [schedu][0x244b9222][05:56:20.181249] wlan: [5079:I:PE] Auth TX: success (0)
[   25.788038] [schedu][0x245654db][05:56:20.217979] wlan: [5079:I:PE] Auth RX: vdev 0 sys role 2 lim_state 29 from 18:fd:74:fe:34:a4 rssi -48 auth_alg 3 seq 2472
[   25.788072] [schedu][0x24565788][05:56:20.218014] wlan: [5079:I:PE] SAE Auth RX type 0 subtype 11 from 18:fd:74:fe:34:a4
[   25.794907] [schedu][0x2458581f][05:56:20.224849] wlan: [5079:I:PE] Assoc req TX: vdev 0 to 18:fd:74:fe:34:a4 seq num 2051
[   25.797635] [schedu][0x245924a4][05:56:20.227576] wlan: [5079:I:PE] Assoc req TX: success (0)
[   25.803498] [schedu][0x245adc69][05:56:20.233439] wlan: [5079:I:PE] Assoc rsp RX: subtype 0 vdev 0 sys role 2 lim state 10 rssi -50 from 18:fd:74:fe:34:a4
[   25.812394] [schedu][0x245d77a2][05:56:20.242336] wlan: [5079:E:WMA] wma_sr_update: Spatial Reuse disabled for vdev_id: 0
[   25.813712] [schedu][0x245dda6f][05:56:20.243653] wlan: [5079:I:CMN_MLME] cm_roam_switch_to_init: dual_sta_roam_active:1, is_dbs:0, state:0
[   25.813732] [schedu][0x245ddbf4][05:56:20.243673] wlan: [5079:I:CMN_MLME] cm_roam_switch_to_init: STA + STA concurrency with a primary iface, have roaming enabled on both interfaces
[   25.813941] [schedu][0x245deb9e][05:56:20.243882] wlan: [5079:I:OSIF] wlan0(vdevid-0): 96:ee:47:b4:b6:a4 Connect with 18:fd:74:fe:34:a4 SSID "BELL1143" is SUCCESS cm_id 0xc000001 cm_reason 0 status_code 0 is_reassoc 0 send discon 0
[   25.834964] qcedev_ioctl: info: vaddr = ffa00000
, fd = 17
[   25.837035] qcedev_ioctl: info: vaddr = ff600000
, fd = 19
[   25.838329] qcedev_ioctl: info: vaddr = ff200000
, fd = 21
[   25.905376] [dp_rx_][0x2478b4e7][05:56:20.335313] wlan: [5082:I:QDF] EAPOL-1 RX: SA:18:fd:74:fe:34:a4 DA:96:ee:47:b4:b6:a4
[   25.913130] [soft_i][0x247afa85][05:56:20.343068] wlan: [0:I:QDF] EAPOL-2 TX: SA:96:ee:47:b4:b6:a4 DA:18:fd:74:fe:34:a4 msdu_id:0 status: succ
[   25.913240] [soft_i][0x247b020a][05:56:20.343168] wlan: [0:E:DP] dp_tx_update_peer_stats: Release source:3 is not from TQM
[   25.916424] [dp_rx_][0x247bf1c0][05:56:20.346364] wlan: [5082:I:QDF] EAPOL-3 RX: SA:18:fd:74:fe:34:a4 DA:96:ee:47:b4:b6:a4
[   25.919582] [soft_i][0x247cdeac][05:56:20.349523] wlan: [0:I:QDF] EAPOL-4 TX: SA:96:ee:47:b4:b6:a4 DA:18:fd:74:fe:34:a4 msdu_id:0 status: succ
[   26.057243] [soft_i][0x24a5330f][05:56:20.487181] wlan: [0:I:QDF] DHCP-R TX: SA:96:ee:47:b4:b6:a4 DA:ff:ff:ff:ff:ff:ff msdu_id:1 status: succ
[   26.076012] [dp_rx_][0x24aab111][05:56:20.505928] wlan: [5082:I:QDF] DHCP-A RX: SA:a0:36:9f:1e:5a:84 DA:96:ee:47:b4:b6:a4
[   26.158479] [dp_rx_][0x24c2d9db][05:56:20.588392] wlan: [5082:I:QDF] DHCP-R RX: SA:96:ee:47:b4:b6:a4 DA:ff:ff:ff:ff:ff:ff
[   26.177076] [kworke][0x24c84ed3][05:56:20.607018] wlan: [102:E:WMA] wma_process_rmf_frame: Rx unprotected unicast mgmt frame
[   26.177193] [schedu][0x24c85788][05:56:20.607134] wlan: [5079:W:PE] lim_process_action_frame: Action category: 22 not handled
[   26.753920] apexd: Deleting unused dm device com.android.apex.cts.shim
[   26.765015] apexd: Deleting unused dm device com.android.btservices
[   26.781263] apexd: Deleting unused dm device com.android.devicelock
[   26.796929] apexd: Deleting unused dm device com.android.i18n
[   26.821172] apexd: Deleting unused dm device com.android.nfcservices
[   26.849027] apexd: Deleting unused dm device com.android.runtime
[   26.861060] apexd: Deleting unused dm device com.android.virt
[   27.059945] cnss-daemon: Invalid mac address
[   27.059991] cnss-daemon: failed to update gateway
[   27.077327] gsi soc:qcom,msm_gsi: gsi_stop_channel:3615 chan=1 busy try again
[   27.079694] gsi soc:qcom,msm_gsi: gsi_stop_channel:3615 chan=14 busy try again
[   27.365123] [soft_i][0x26245e3a][05:56:21.795064] wlan: [0:E:DP] dp_tx_update_peer_stats: Release source:3 is not from TQM
[   27.367156] cnss-daemon: Invalid mac address
[   27.367184] cnss-daemon: failed to update gateway
[   27.762675] healthd: battery l=100 v=4377 t=30.0 h=2 st=2 c=142093 fc=4434000 cc=17 chg=u
[   28.665486] (virq:irq_count)- GICv3:IPI(1):122525 GICv3:IPI(6):42447 GICv3:ufshcd(35):36161 GICv3:arch_timer(11):35779 GICv3:IPI(2):21406 GICv3:ipcc_0(37):8812 ipcc:glink-native-adsp(385):6671 GICv3:msm_drm(243):2632 GICv3:apps_rsc-drv-2(20):2626 ipcc:glink-native-modem(402):2418 
[   28.665544] (cpu:irq_count)- 0:55361 1:11854 2:12273 3:36897 4:35801 5:36980 6:35353 7:68169 
[   28.665563] (ipi:irq_count)- 0:122525 1:21406 2:0 3:0 4:0 5:42447 6:0 
[   29.057165] cnss-daemon: Invalid mac address
[   29.057222] cnss-daemon: failed to update gateway
[   30.369930] SELinux: avc:  denied  { find } for pid=1918 uid=1000 name=vendor.qti.hardware.servicetrackeraidl.IServicetracker/default scontext=u:r:system_server:s0 tcontext=u:object_r:default_android_service:s0 tclass=service_manager permissive=0
[   31.047488] ------------[ cut here ]------------
[   31.047519] refcount_t: addition on 0; use-after-free.
[   31.047539] WARNING: CPU: 1 PID: 8673 at lib/refcount.c:25 rt_mutex_adjust_prio_chain+0xe88/0x14c0
[   31.047558] Modules linked in: sony_camera(OE) slg51000_regulator(OE) lxs_touchscreen(OE) wlan(OE) ipa_clientsm(OE) ipanetm(OE) rndisipam(OE) ipam(OE) machine_dlkm(OE) bt_fm_slim(OE) swr_dmic_dlkm(OE) pt_i2c(OE) msm_drm(OE) camera(OE) wcd938x_dlkm(OE) coresight_tmc(E) msm_kgsl(OE) lpass_cdc_wsa2_macro_dlkm(OE) rmnet_perf_tether(OE) lpass_cdc_rx_macro_dlkm(OE) gsim(OE) lpass_cdc_va_macro_dlkm(OE) wcd9xxx_dlkm(OE) lpass_cdc_wsa_macro_dlkm(OE) lpass_cdc_tx_macro_dlkm(OE) usb_f_gsi(E) msm_eva(OE) qdss_bridge(E) goodix_ts(OE) pt_device_access(OE) camera_sync(OE) rmnet_shs(OE) synaptics_tcm_ts(OE) sync_fence(OE) atmel_mxt_ts(OE) rmnet_wlan(OE) rmnet_sch(OE) nxp_nci(OE) rmnet_offload(OE) rmnet_perf(OE) pt_ts(OE) msm_video(OE) nt36xxx_i2c(OE) rmnet_aps(OE) qcedev_mod_dlkm(OE) msm_mmrm(OE) coresight_hwevent(E) rmnet_core(OE) et603_int(OE) cirrus_cs35l45(OE) swr_haptics_dlkm(OE) cnss2(OE) spcom(E) rmnet_ctl(OE) msm_hw_fence(OE) leds_qti_flash(E) rdtags(OE) coresight_tpda(E)
[   31.047695] adsp_loader_dlkm(OE) audio_pkt_dlkm(OE) hdcp_qseecom_dlkm(OE) repeater_i2c_eusb2(E) mhi_cntrl_qcom(E) gh_tlmm_vm_mem_access(E) msm_memshare(E) lpass_cdc_dlkm(OE) swr_ctrl_dlkm(OE) audio_prm_dlkm(OE) pinctrl_lpi_dlkm(OE) mac80211(E) usb_f_qdss(E) spf_core_dlkm(OE) gpr_dlkm(OE) coresight_dummy(E) stm_p_basic(E) spmi_glink_debug(E) leds_qti_tri_led(E) q6_notifier_dlkm(OE) somc_battchg_ext(OE) btpower(OE) ucsi_glink(E) cirrus_cs40l2x_codec(OE) hdmi_dlkm(OE) charger_ulog_glink(E) wsa884x_dlkm(OE) altmode_glink(E) wsa883x_dlkm(OE) qti_battery_debug(E) qcom_spmi_adc5_gen3(E) stm_console(E) spss_utils(E) qti_battery_charger(E) cnss_plat_ipc_qmi_svc(OE) ipa_fmwk(E) cirrus_wm_adsp(OE) qrtr_smd(E) coresight_remote_etm(E) stm_ftrace(E) cfg80211(E) coresight_tgu(E) mbhc_dlkm(OE) wcd938x_slave_dlkm(OE) audpkt_ion_dlkm(OE) qrtr_mhi(E) qcrypto_msm_dlkm(OE) coresight_stm(E) tz_log_dlkm(OE) radio_i2c_rtc6226_qca(OE) snd_event_dlkm(OE) snd_soc_hdmi_codec(E) coresight_funnel(E)
[   31.047812] coresight_cti(E) cnss_utils(OE) qrtr_gunyah(E) q6_dlkm(OE) nvmem_qfprom(E) qcom_vadc_common(E) stm_p_ost(E) slim_qcom_ngd_ctrl(E) smsc75xx(E) coresight_tpdm(E) qcom_esoc(E) coresight_replicator(E) repeater_qti_pmic_eusb2(E) rdbg(E) microdump_collector(E) smcinvoke_dlkm(OE) cnss_prealloc(OE) qcom_edac(E) qce50_dlkm(OE) last_logs(OE) qcom_q6v5_pas(E) qti_userspace_cdev(E) qsee_ipc_irq_bridge(E) coresight_csr(E) snd_usb_audio_qmi(E) slimbus(E) stub_dlkm(OE) stm_core(E) phy_qcom_emu(E) swr_dlkm(OE) wcd_core_dlkm(OE) q6_pdr_dlkm(OE) msm_ext_display(OE) qrng_dlkm(OE) cirrus_cs40l2x(OE) qcom_q6v5(E) wlan_firmware_service(OE) msm_lmh_dcvs(E) qseecom_proxy(E) usb_f_diag(E) qbt_handler(E) coresight(E) boot_stats(E) qti_ocp_notifier(E) mmc_log_probes(E) sg(E) qcom_iommu_debug(E) panel_event_notifier(E) hung_task_enh(E) dmesg_dumper(E) phy_msm_m31_eusb2(E) lt9611uxc(E) qti_fixed_regulator(E) sysmon_subsystem_stats(E) qcom_spss(E) heap_mem_ext_v01(E) cnss_nl(OE)
[   31.047943] sys_pm_vx(E) dwc3_msm(E) adsp_sleepmon(E) pmic_pon_log(E) qti_cpufreq_cdev(E) i2c_msm_geni(E) msm_show_epoch(E) phy_msm_snps_eusb2(E) max31760_fan(E) policy_engine(E) debugcc_kalama(E) realtek(E) gh_irq_lend(E) icc_test(E) rq_stats(E) gh_mem_notifier(E) ehset(E) qcom_pil_info(E) qcom_sysmon(E) repeater(E) phy_qcom_ufs_qmp_v4(E) bcl_soc(E) pwm_qti_lpg(E) pmic_glink(E) i3c_master_msm_geni(E) msm_sharedmem(E) mhi_dev_uci(E) smsc(E) frpc_adsprpc(E) usb_bam(E) smp2p_sleepstate(E) f_fs_ipc_log(E) mhi_dev_netdev(E) mhi_dev_dtr(E) qcom_ramdump(E) spi_msm_geni(E) phy_qcom_ufs_qmp_v4_khaje(E) bam_dma(E) pinctrl_spmi_gpio(E) memlat_scmi(E) ddr_cdev(E) phy_qcom_ufs_qmp_v4_waipio(E) memlat_vendor(E) qcom_pon(E) qcom_cpufreq_hw_debug(E) qcom_lpm(E) sdpm_clk(E) qti_qmi_sensor_v2(E) mhi_dev_satellite(E) cpu_voltage_cooling(E) synx_driver(E) usb_f_cdev(E) qti_qmi_cdev(E) mhi(E) qcom_spmi_temp_alarm(E) qcom_ipc_lite(E) subsystem_sleep_stats(E) phy_msm_ssusb_qmp(E)
[   31.048066] phy_generic(E) redriver(E) reboot_mode(E) pdr_interface(E) sps_drv(E) cdsp_loader(E) eud(E) usbmon(E) msm_geni_serial(E) smp2p(E) memlat(E) gpucc_kalama(E) cdsprm(E) spmi_pmic_arb_debug(E) pm8941_pwrkey(E) r8168(E) qcom_cpuss_sleep_stats(E) glink_probe(E) pinctrl_somc_pmic(E) qcom_glink_spss(E) qti_devfreq_cdev(E) msm_performance(E) rimps_log(E) qcom_va_minidump(E) hvc_gunyah(E) smsc95xx(E) glink_pkt(E) core_hang_detect(E) msm_gpi(E) qmi_helpers(E) pci_msm_drv(E) pinctrl_spmi_mpp(E) soc_sleep_stats(E) usb_f_ccid(E) rproc_qcom_common(E) qcom_smd(E) qcom_glink_smem(E) qcom_glink(E) msm_sysstats(E) msm_show_resume_irq(E) zram(E) wakeup_irq_debug(E) zsmalloc(E) nvme(E) nvme_core(E) bcl_pmic5(E) c1dcvs_scmi(E) c1dcvs_vendor(E) qcom_rimps(E) sdhci_msm(E) arm_smmu(E) ufs_qcom(E) ufshcd_crypto_qti(E) msm_qmp(E) qcom_aoss(E) stub_regulator(E) socinfo(E) rtc_pm8xxx(E) qrtr(E) qcom_reboot_reason(E) spmi_pmic_arb(E) qcom_spmi_pmic(E) regmap_spmi(E) qti_regmap_debugfs(E)
[   31.048200] pmu_scmi(E) pmu_vendor(E) qcom_pmu_lib(E) qcom_llcc_pmu(E) qcom_iommu_util(E) qcom_logbuf_vh(E) debug_symbol(E) qcom_dload_mode(E) pinctrl_somc(E) phy_qcom_ufs_qrbtc_sdm845(E) phy_qcom_ufs_qmp_v4_kalama(E) phy_qcom_ufs(E) nvmem_qcom_spmi_sdam(E) ns(E) qnoc_kalama(E) qnoc_qos(E) pinctrl_kalama(E) pinctrl_msm(E) memory_dump_v2(E) mem_buf(E) qcom_dma_heaps(E) msm_dma_iommu_mapping(E) mem_buf_msgq(E) mem_buf_dev(E) mem_hooks(E) llcc_qcom(E) iommu_logger(E) gunyah(E) mdt_loader(E) secure_buffer(E) gh_ctrl(E) videocc_kalama(E) tcsrcc_kalama(E) dispcc_kalama(E) dcc_v2(E) crypto_qti_common(E) crypto_qti_hwkm(E) hwkm(E) tmecom_intf(E) cqhci(E) clk_dummy(E) cpu_hotplug(E) thermal_pause(E) sched_walt(E) qcom_cpufreq_hw(E) bwmon(E) qcom_dcvs(E) dcvs_fp(E) rpmh_regulator(E) qcom_tsens(E) thermal_minidump(E) qcom_pdc(E) qcom_ipcc(E) camcc_kalama(E) icc_rpmh(E) icc_debug(E) icc_bcm_voter(E) gcc_kalama(E) clk_qcom(E) gdsc_regulator(E) debug_regulator(E) proxy_consumer(E)
[   31.048325] clk_rpmh(E) qcom_rpmh(E) cmd_db(E) qcom_ipc_logging(E) qcom_cpu_vendor_hooks(E) gh_virt_wdt(E) qcom_wdt_core(E) qcom_scm(E) minidump(E) smem(E) qcom_hwspinlock(E) gh_rm_drv(E) gh_dbl(E) gh_msgq(E) gh_arm_drv(E)
[   31.048361] CPU: 1 PID: 8673 Comm: ghostlock Tainted: G S      W  OE     5.15.189-android13-8-00016-g51bba4309aac-ab14546557 #1
[   31.048370] Hardware name: Sony Corporation. PDX-234 J(Kalama QRD) (DT)
[   31.048376] pstate: 624000c5 (nZCv daIF +PAN -UAO +TCO -DIT -SSBS BTYPE=--)
[   31.048384] pc : rt_mutex_adjust_prio_chain+0xe88/0x14c0
[   31.048393] lr : max_tt_usecs+0x6646/0x1fe6b
[   31.048401] sp : ffffffc02c4e3be0
[   31.048405] x29: ffffffc02c4e3c20 x28: ffffffc032c83b18 x27: ffffff896d250000
[   31.048415] x26: ffffff8945b6b600 x25: 0000000000000000 x24: 0000000000000000
[   31.048423] x23: 0000000000000000 x22: ffffff896e852400 x21: ffffff8945b6b610
[   31.048431] x20: 0000000000000001 x19: ffffff896d250400 x18: ffffffc03231d050
[   31.048438] x17: 0000000000000078 x16: ffffffe30510d000 x15: ffffffe305128000
[   31.048447] x14: 0000000000000000 x13: 0000000000000000 x12: ffffffe30510d000
[   31.048455] x11: 0000000000000001 x10: ffffffe3051d81a8 x9 : e37d599b2b590b00
[   31.048462] x8 : e37d599b2b590b00 x7 : 00000000000000e0 x6 : ffffffe30444041d
[   31.048470] x5 : ffffff896e852400 x4 : ffffffe30510d000 x3 : 00000000c0000000
[   31.048478] x2 : 0000000000000000 x1 : ffffffc02c4e3950 x0 : 000000000000002a
[   31.048486] Call trace:
[   31.048491] rt_mutex_adjust_prio_chain+0xe88/0x14c0
[   31.048496] rt_mutex_adjust_pi+0x174/0x318
[   31.048502] __sched_setscheduler+0xdf8/0x1144
[   31.048515] __do_sys_sched_setattr+0x244/0x3c8
[   31.048520] __arm64_sys_sched_setattr+0x24/0x34
[   31.048526] invoke_syscall+0x60/0x150
[   31.048535] el0_svc_common+0xb8/0xf8
[   31.048540] do_el0_svc+0x28/0x98
[   31.048545] el0_svc+0x24/0x84
[   31.048556] el0t_64_sync_handler+0x88/0xec
[   31.048561] el0t_64_sync+0x1b8/0x1bc
[   31.048569] ---[ end trace 2f51b20954bf0a4c ]---
[   31.048643] ------------[ cut here ]------------
[   31.048654] refcount_t: underflow; use-after-free.
[   31.048667] WARNING: CPU: 1 PID: 8673 at lib/refcount.c:28 rt_mutex_adjust_prio_chain+0x13fc/0x14c0
[   31.048675] Modules linked in: sony_camera(OE) slg51000_regulator(OE) lxs_touchscreen(OE) wlan(OE) ipa_clientsm(OE) ipanetm(OE) rndisipam(OE) ipam(OE) machine_dlkm(OE) bt_fm_slim(OE) swr_dmic_dlkm(OE) pt_i2c(OE) msm_drm(OE) camera(OE) wcd938x_dlkm(OE) coresight_tmc(E) msm_kgsl(OE) lpass_cdc_wsa2_macro_dlkm(OE) rmnet_perf_tether(OE) lpass_cdc_rx_macro_dlkm(OE) gsim(OE) lpass_cdc_va_macro_dlkm(OE) wcd9xxx_dlkm(OE) lpass_cdc_wsa_macro_dlkm(OE) lpass_cdc_tx_macro_dlkm(OE) usb_f_gsi(E) msm_eva(OE) qdss_bridge(E) goodix_ts(OE) pt_device_access(OE) camera_sync(OE) rmnet_shs(OE) synaptics_tcm_ts(OE) sync_fence(OE) atmel_mxt_ts(OE) rmnet_wlan(OE) rmnet_sch(OE) nxp_nci(OE) rmnet_offload(OE) rmnet_perf(OE) pt_ts(OE) msm_video(OE) nt36xxx_i2c(OE) rmnet_aps(OE) qcedev_mod_dlkm(OE) msm_mmrm(OE) coresight_hwevent(E) rmnet_core(OE) et603_int(OE) cirrus_cs35l45(OE) swr_haptics_dlkm(OE) cnss2(OE) spcom(E) rmnet_ctl(OE) msm_hw_fence(OE) leds_qti_flash(E) rdtags(OE) coresight_tpda(E)
[   31.048775] adsp_loader_dlkm(OE) audio_pkt_dlkm(OE) hdcp_qseecom_dlkm(OE) repeater_i2c_eusb2(E) mhi_cntrl_qcom(E) gh_tlmm_vm_mem_access(E) msm_memshare(E) lpass_cdc_dlkm(OE) swr_ctrl_dlkm(OE) audio_prm_dlkm(OE) pinctrl_lpi_dlkm(OE) mac80211(E) usb_f_qdss(E) spf_core_dlkm(OE) gpr_dlkm(OE) coresight_dummy(E) stm_p_basic(E) spmi_glink_debug(E) leds_qti_tri_led(E) q6_notifier_dlkm(OE) somc_battchg_ext(OE) btpower(OE) ucsi_glink(E) cirrus_cs40l2x_codec(OE) hdmi_dlkm(OE) charger_ulog_glink(E) wsa884x_dlkm(OE) altmode_glink(E) wsa883x_dlkm(OE) qti_battery_debug(E) qcom_spmi_adc5_gen3(E) stm_console(E) spss_utils(E) qti_battery_charger(E) cnss_plat_ipc_qmi_svc(OE) ipa_fmwk(E) cirrus_wm_adsp(OE) qrtr_smd(E) coresight_remote_etm(E) stm_ftrace(E) cfg80211(E) coresight_tgu(E) mbhc_dlkm(OE) wcd938x_slave_dlkm(OE) audpkt_ion_dlkm(OE) qrtr_mhi(E) qcrypto_msm_dlkm(OE) coresight_stm(E) tz_log_dlkm(OE) radio_i2c_rtc6226_qca(OE) snd_event_dlkm(OE) snd_soc_hdmi_codec(E) coresight_funnel(E)
[   31.048864] coresight_cti(E) cnss_utils(OE) qrtr_gunyah(E) q6_dlkm(OE) nvmem_qfprom(E) qcom_vadc_common(E) stm_p_ost(E) slim_qcom_ngd_ctrl(E) smsc75xx(E) coresight_tpdm(E) qcom_esoc(E) coresight_replicator(E) repeater_qti_pmic_eusb2(E) rdbg(E) microdump_collector(E) smcinvoke_dlkm(OE) cnss_prealloc(OE) qcom_edac(E) qce50_dlkm(OE) last_logs(OE) qcom_q6v5_pas(E) qti_userspace_cdev(E) qsee_ipc_irq_bridge(E) coresight_csr(E) snd_usb_audio_qmi(E) slimbus(E) stub_dlkm(OE) stm_core(E) phy_qcom_emu(E) swr_dlkm(OE) wcd_core_dlkm(OE) q6_pdr_dlkm(OE) msm_ext_display(OE) qrng_dlkm(OE) cirrus_cs40l2x(OE) qcom_q6v5(E) wlan_firmware_service(OE) msm_lmh_dcvs(E) qseecom_proxy(E) usb_f_diag(E) qbt_handler(E) coresight(E) boot_stats(E) qti_ocp_notifier(E) mmc_log_probes(E) sg(E) qcom_iommu_debug(E) panel_event_notifier(E) hung_task_enh(E) dmesg_dumper(E) phy_msm_m31_eusb2(E) lt9611uxc(E) qti_fixed_regulator(E) sysmon_subsystem_stats(E) qcom_spss(E) heap_mem_ext_v01(E) cnss_nl(OE)
[   31.048960] sys_pm_vx(E) dwc3_msm(E) adsp_sleepmon(E) pmic_pon_log(E) qti_cpufreq_cdev(E) i2c_msm_geni(E) msm_show_epoch(E) phy_msm_snps_eusb2(E) max31760_fan(E) policy_engine(E) debugcc_kalama(E) realtek(E) gh_irq_lend(E) icc_test(E) rq_stats(E) gh_mem_notifier(E) ehset(E) qcom_pil_info(E) qcom_sysmon(E) repeater(E) phy_qcom_ufs_qmp_v4(E) bcl_soc(E) pwm_qti_lpg(E) pmic_glink(E) i3c_master_msm_geni(E) msm_sharedmem(E) mhi_dev_uci(E) smsc(E) frpc_adsprpc(E) usb_bam(E) smp2p_sleepstate(E) f_fs_ipc_log(E) mhi_dev_netdev(E) mhi_dev_dtr(E) qcom_ramdump(E) spi_msm_geni(E) phy_qcom_ufs_qmp_v4_khaje(E) bam_dma(E) pinctrl_spmi_gpio(E) memlat_scmi(E) ddr_cdev(E) phy_qcom_ufs_qmp_v4_waipio(E) memlat_vendor(E) qcom_pon(E) qcom_cpufreq_hw_debug(E) qcom_lpm(E) sdpm_clk(E) qti_qmi_sensor_v2(E) mhi_dev_satellite(E) cpu_voltage_cooling(E) synx_driver(E) usb_f_cdev(E) qti_qmi_cdev(E) mhi(E) qcom_spmi_temp_alarm(E) qcom_ipc_lite(E) subsystem_sleep_stats(E) phy_msm_ssusb_qmp(E)
[   31.049086] phy_generic(E) redriver(E) reboot_mode(E) pdr_interface(E) sps_drv(E) cdsp_loader(E) eud(E) usbmon(E) msm_geni_serial(E) smp2p(E) memlat(E) gpucc_kalama(E) cdsprm(E) spmi_pmic_arb_debug(E) pm8941_pwrkey(E) r8168(E) qcom_cpuss_sleep_stats(E) glink_probe(E) pinctrl_somc_pmic(E) qcom_glink_spss(E) qti_devfreq_cdev(E) msm_performance(E) rimps_log(E) qcom_va_minidump(E) hvc_gunyah(E) smsc95xx(E) glink_pkt(E) core_hang_detect(E) msm_gpi(E) qmi_helpers(E) pci_msm_drv(E) pinctrl_spmi_mpp(E) soc_sleep_stats(E) usb_f_ccid(E) rproc_qcom_common(E) qcom_smd(E) qcom_glink_smem(E) qcom_glink(E) msm_sysstats(E) msm_show_resume_irq(E) zram(E) wakeup_irq_debug(E) zsmalloc(E) nvme(E) nvme_core(E) bcl_pmic5(E) c1dcvs_scmi(E) c1dcvs_vendor(E) qcom_rimps(E) sdhci_msm(E) arm_smmu(E) ufs_qcom(E) ufshcd_crypto_qti(E) msm_qmp(E) qcom_aoss(E) stub_regulator(E) socinfo(E) rtc_pm8xxx(E) qrtr(E) qcom_reboot_reason(E) spmi_pmic_arb(E) qcom_spmi_pmic(E) regmap_spmi(E) qti_regmap_debugfs(E)
[   31.049191] pmu_scmi(E) pmu_vendor(E) qcom_pmu_lib(E) qcom_llcc_pmu(E) qcom_iommu_util(E) qcom_logbuf_vh(E) debug_symbol(E) qcom_dload_mode(E) pinctrl_somc(E) phy_qcom_ufs_qrbtc_sdm845(E) phy_qcom_ufs_qmp_v4_kalama(E) phy_qcom_ufs(E) nvmem_qcom_spmi_sdam(E) ns(E) qnoc_kalama(E) qnoc_qos(E) pinctrl_kalama(E) pinctrl_msm(E) memory_dump_v2(E) mem_buf(E) qcom_dma_heaps(E) msm_dma_iommu_mapping(E) mem_buf_msgq(E) mem_buf_dev(E) mem_hooks(E) llcc_qcom(E) iommu_logger(E) gunyah(E) mdt_loader(E) secure_buffer(E) gh_ctrl(E) videocc_kalama(E) tcsrcc_kalama(E) dispcc_kalama(E) dcc_v2(E) crypto_qti_common(E) crypto_qti_hwkm(E) hwkm(E) tmecom_intf(E) cqhci(E) clk_dummy(E) cpu_hotplug(E) thermal_pause(E) sched_walt(E) qcom_cpufreq_hw(E) bwmon(E) qcom_dcvs(E) dcvs_fp(E) rpmh_regulator(E) qcom_tsens(E) thermal_minidump(E) qcom_pdc(E) qcom_ipcc(E) camcc_kalama(E) icc_rpmh(E) icc_debug(E) icc_bcm_voter(E) gcc_kalama(E) clk_qcom(E) gdsc_regulator(E) debug_regulator(E) proxy_consumer(E)
[   31.049293] clk_rpmh(E) qcom_rpmh(E) cmd_db(E) qcom_ipc_logging(E) qcom_cpu_vendor_hooks(E) gh_virt_wdt(E) qcom_wdt_core(E) qcom_scm(E) minidump(E) smem(E) qcom_hwspinlock(E) gh_rm_drv(E) gh_dbl(E) gh_msgq(E) gh_arm_drv(E)
[   31.049321] CPU: 1 PID: 8673 Comm: ghostlock Tainted: G S      W  OE     5.15.189-android13-8-00016-g51bba4309aac-ab14546557 #1
[   31.049327] Hardware name: Sony Corporation. PDX-234 J(Kalama QRD) (DT)
[   31.049331] pstate: 62400005 (nZCv daif +PAN -UAO +TCO -DIT -SSBS BTYPE=--)
[   31.049337] pc : rt_mutex_adjust_prio_chain+0x13fc/0x14c0
[   31.049345] lr : rt_mutex_adjust_prio_chain+0x13fc/0x14c0
[   31.049351] sp : ffffffc02c4e3be0
[   31.049354] x29: ffffffc02c4e3c20 x28: ffffffc032c83b18 x27: ffffff896d250000
[   31.049363] x26: ffffff8945b6b600 x25: 0000000000000000 x24: ffffff896d250c84
[   31.049370] x23: 0000000000000000 x22: ffffffc032c83b18 x21: ffffff8945b6b610
[   31.049378] x20: 0000000000000000 x19: ffffff896d250400 x18: ffffffc03231d050
[   31.049385] x17: ffffffffffffffff x16: 0000000000000000 x15: 0000000000000004
[   31.049392] x14: ffffff8a6c720000 x13: 0000000000001fff x12: 0000000000000003
[   31.049401] x11: 00000000ffffdfff x10: ffffffe3051d81a8 x9 : e37d599b2b590b00
[   31.049409] x8 : e37d599b2b590b00 x7 : 65646e75203a745f x6 : 746e756f63666572
[   31.049416] x5 : ffffffe30537c2ff x4 : ffffff8a7883c9de x3 : 0000000000000000
[   31.049424] x2 : 0000000000000000 x1 : ffffffc02c4e3950 x0 : 0000000000000026
[   31.049432] Call trace:
[   31.049435] rt_mutex_adjust_prio_chain+0x13fc/0x14c0
[   31.049441] rt_mutex_adjust_pi+0x174/0x318
[   31.049446] __sched_setscheduler+0xdf8/0x1144
[   31.049454] __do_sys_sched_setattr+0x244/0x3c8
[   31.049459] __arm64_sys_sched_setattr+0x24/0x34
[   31.049466] invoke_syscall+0x60/0x150
[   31.049471] el0_svc_common+0xb8/0xf8
[   31.049477] do_el0_svc+0x28/0x98
[   31.049481] el0_svc+0x24/0x84
[   31.049489] el0t_64_sync_handler+0x88/0xec
[   31.049495] el0t_64_sync+0x1b8/0x1bc
[   31.049500] ---[ end trace 2f51b20954bf0a4d ]---
[   31.053244] audit: audit_lost=43 audit_rate_limit=5 audit_backlog_limit=128
[   31.053254] audit: rate limit exceeded
[   31.177491] [kworke][0x2a8145d4][05:56:25.607432] wlan: [8:E:WMA] wma_process_rmf_frame: Rx unprotected unicast mgmt frame
[   31.177656] [schedu][0x2a81523d][05:56:25.607597] wlan: [5079:W:PE] lim_process_action_frame: Action category: 22 not handled
[   31.431979] SELinux: avc:  denied  { find } for pid=1918 uid=1000 name=vendor.qti.hardware.servicetrackeraidl.IServicetracker/default scontext=u:r:system_server:s0 tcontext=u:object_r:default_android_service:s0 tclass=service_manager permissive=0
[   31.737602] i2c_geni 988000.i2c: i2c error :-107
[   31.737781] i2c_geni 988000.i2c: i2c error :-107
[   31.737938] i2c_geni 988000.i2c: i2c error :-107
[   31.738095] i2c_geni 988000.i2c: i2c error :-107
[   31.738243] i2c_geni 988000.i2c: i2c error :-107
[   31.738430] i2c_geni 988000.i2c: i2c error :-107
[   31.738601] i2c_geni 988000.i2c: i2c error :-107
[   32.113333] SELinux: avc:  denied  { find } for pid=1918 uid=1000 name=vendor.qti.hardware.servicetrackeraidl.IServicetracker/default scontext=u:r:system_server:s0 tcontext=u:object_r:default_android_service:s0 tclass=service_manager permissive=0
[   32.121130] audit: audit_lost=3813 audit_rate_limit=5 audit_backlog_limit=128
[   32.121139] audit: rate limit exceeded
[   33.159990] audit: audit_lost=6161 audit_rate_limit=5 audit_backlog_limit=128
[   33.160001] audit: rate limit exceeded
[   34.160626] audit: audit_lost=9411 audit_rate_limit=5 audit_backlog_limit=128
[   34.160638] audit: rate limit exceeded
[   35.313530] audit: audit_lost=13558 audit_rate_limit=5 audit_backlog_limit=128
[   35.313545] audit: rate limit exceeded
[   36.004582] hrtimer: interrupt took 27813 ns
[   36.335994] audit: audit_lost=15890 audit_rate_limit=5 audit_backlog_limit=128
[   36.336010] audit: rate limit exceeded
[   37.392903] audit: audit_lost=18300 audit_rate_limit=5 audit_backlog_limit=128
[   37.392920] audit: rate limit exceeded
[   38.133931] SELinux: avc:  denied  { find } for pid=1918 uid=1000 name=vendor.qti.hardware.servicetrackeraidl.IServicetracker/default scontext=u:r:system_server:s0 tcontext=u:object_r:default_android_service:s0 tclass=service_manager permissive=0
[   38.137033] (virq:irq_count)- GICv3:arch_timer(11):202305 GICv3:IPI(1):140866 GICv3:IPI(6):45695 GICv3:ufshcd(35):36249 GICv3:IPI(2):22283 GICv3:ipcc_0(37):8838 ipcc:glink-native-adsp(385):6695 GICv3:apps_rsc-drv-2(20):3503 GICv3:msm_drm(243):3333 ipcc:glink-native-modem(402):2420 
[   38.137079] (cpu:irq_count)- 0:221201 1:21432 2:24658 3:39535 4:37535 5:37955 6:36638 7:68252 
[   38.137099] (ipi:irq_count)- 0:140866 1:22283 2:0 3:0 4:0 5:45695 6:0 
[   38.415124] audit: audit_lost=22171 audit_rate_limit=5 audit_backlog_limit=128
[   38.415136] audit: rate limit exceeded
[   39.448347] audit: audit_lost=25118 audit_rate_limit=5 audit_backlog_limit=128
[   39.448359] audit: rate limit exceeded
[   39.682275] SELinux: avc:  denied  { find } for pid=1918 uid=1000 name=vendor.qti.hardware.servicetrackeraidl.IServicetracker/default scontext=u:r:system_server:s0 tcontext=u:object_r:default_android_service:s0 tclass=service_manager permissive=0
[   39.684364] SELinux: avc:  denied  { find } for pid=1918 uid=1000 name=vendor.qti.hardware.servicetrackeraidl.IServicetracker/default scontext=u:r:system_server:s0 tcontext=u:object_r:default_android_service:s0 tclass=service_manager permissive=0
[   39.705853] SELinux: avc:  denied  { find } for pid=1918 uid=1000 name=vendor.qti.hardware.servicetrackeraidl.IServicetracker/default scontext=u:r:system_server:s0 tcontext=u:object_r:default_android_service:s0 tclass=service_manager permissive=0
[   39.742030] SELinux: avc:  denied  { find } for pid=1918 uid=1000 name=vendor.qti.hardware.servicetrackeraidl.IServicetracker/default scontext=u:r:system_server:s0 tcontext=u:object_r:default_android_service:s0 tclass=service_manager permissive=0
[   39.743984] SELinux: avc:  denied  { find } for pid=1918 uid=1000 name=vendor.qti.hardware.servicetrackeraidl.IServicetracker/default scontext=u:r:system_server:s0 tcontext=u:object_r:default_android_service:s0 tclass=service_manager permissive=0
[   39.744430] SELinux: avc:  denied  { find } for pid=1918 uid=1000 name=vendor.qti.hardware.servicetrackeraidl.IServicetracker/default scontext=u:r:system_server:s0 tcontext=u:object_r:default_android_service:s0 tclass=service_manager permissive=0
[   39.747104] SELinux: avc:  denied  { find } for pid=1918 uid=1000 name=vendor.qti.hardware.servicetrackeraidl.IServicetracker/default scontext=u:r:system_server:s0 tcontext=u:object_r:default_android_service:s0 tclass=service_manager permissive=0
[   40.536241] audit: audit_lost=28386 audit_rate_limit=5 audit_backlog_limit=128
[   40.536260] audit: rate limit exceeded
[   41.253211] gsi soc:qcom,msm_gsi: gsi_stop_channel:3615 chan=1 busy try again
[   41.254974] gsi soc:qcom,msm_gsi: gsi_stop_channel:3615 chan=14 busy try again
[   41.331042] SELinux: avc:  denied  { find } for pid=1918 uid=1000 name=vendor.qti.hardware.servicetrackeraidl.IServicetracker/default scontext=u:r:system_server:s0 tcontext=u:object_r:default_android_service:s0 tclass=service_manager permissive=0
[   41.600388] audit: audit_lost=32552 audit_rate_limit=5 audit_backlog_limit=128
[   41.600404] audit: rate limit exceeded
[   42.657931] audit: audit_lost=37207 audit_rate_limit=5 audit_backlog_limit=128
[   42.657949] audit: rate limit exceeded
[   43.206041] gsi soc:qcom,msm_gsi: gsi_stop_channel:3615 chan=1 busy try again
[   43.209427] gsi soc:qcom,msm_gsi: gsi_stop_channel:3615 chan=14 busy try again
[   43.256886] audit: type=1400 audit(1791266197.084:38011): avc:  denied  { getattr } for  pid=17212 comm="getprop" path="/dev/__properties__/u:object_r:aac_drc_prop:s0" dev="tmpfs" ino=108 scontext=u:r:shell:s0 tcontext=u:object_r:aac_drc_prop:s0 tclass=file permissive=1
[   43.256956] audit: type=1400 audit(1791266197.084:38012): avc:  denied  { map } for  pid=17212 comm="getprop" path="/dev/__properties__/u:object_r:aac_drc_prop:s0" dev="tmpfs" ino=108 scontext=u:r:shell:s0 tcontext=u:object_r:aac_drc_prop:s0 tclass=file permissive=1
[   43.666080] audit: audit_lost=40915 audit_rate_limit=5 audit_backlog_limit=128
[   43.666094] audit: rate limit exceeded
[   44.164742] audit: type=1400 audit(1791266197.084:38013): avc:  denied  { open } for  pid=17212 comm="getprop" path="/dev/__properties__/u:object_r:ab_update_gki_prop:s0" dev="tmpfs" ino=110 scontext=u:r:shell:s0 tcontext=u:object_r:ab_update_gki_prop:s0 tclass=file permissive=1
[   44.164790] audit: type=1400 audit(1791266197.084:38014): avc:  denied  { getattr } for  pid=17212 comm="getprop" path="/dev/__properties__/u:object_r:ab_update_gki_prop:s0" dev="tmpfs" ino=110 scontext=u:r:shell:s0 tcontext=u:object_r:ab_update_gki_prop:s0 tclass=file permissive=1
[   46.603648] SELinux: avc:  denied  { find } for pid=1918 uid=1000 name=vendor.qti.hardware.servicetrackeraidl.IServicetracker/default scontext=u:r:system_server:s0 tcontext=u:object_r:default_android_service:s0 tclass=service_manager permissive=0
[   46.888618] audit_log_lost: 14 callbacks suppressed
[   46.888626] audit: audit_lost=50655 audit_rate_limit=5 audit_backlog_limit=128
[   46.888632] audit: rate limit exceeded
[   47.304820] SELinux:  Converting 2382 SID table entries...
[   47.321331] SELinux:  policy capability network_peer_controls=1
[   47.321357] SELinux:  policy capability open_perms=1
[   47.321361] SELinux:  policy capability extended_socket_class=1
[   47.321365] SELinux:  policy capability always_check_network=0
[   47.321369] SELinux:  policy capability cgroup_seclabel=0
[   47.321372] SELinux:  policy capability nnp_nosuid_transition=1
[   47.321377] SELinux:  policy capability genfs_seclabel_symlinks=0
[   47.321381] SELinux:  policy capability ioctl_skip_cloexec=0
[   47.388708] audit: type=1400 audit(1791266200.300:47314): avc:  denied  { open } for  pid=17390 comm="getprop" path="/dev/__properties__/u:object_r:ab_update_gki_prop:s0" dev="tmpfs" ino=110 scontext=u:r:shell:s0 tcontext=u:object_r:ab_update_gki_prop:s0 tclass=file permissive=1
[   47.388743] audit: type=1400 audit(1791266200.300:47315): avc:  denied  { getattr } for  pid=17390 comm="getprop" path="/dev/__properties__/u:object_r:ab_update_gki_prop:s0" dev="tmpfs" ino=110 scontext=u:r:shell:s0 tcontext=u:object_r:ab_update_gki_prop:s0 tclass=file permissive=1
[   47.388753] audit: type=1400 audit(1791266200.300:47316): avc:  denied  { map } for  pid=17390 comm="getprop" path="/dev/__properties__/u:object_r:ab_update_gki_prop:s0" dev="tmpfs" ino=110 scontext=u:r:shell:s0 tcontext=u:object_r:ab_update_gki_prop:s0 tclass=file permissive=1
[   47.388763] audit: type=1400 audit(1791266200.300:47317): avc:  denied  { open } for  pid=17390 comm="getprop" path="/dev/__properties__/u:object_r:adaptive_haptics_prop:s0" dev="tmpfs" ino=111 scontext=u:r:shell:s0 tcontext=u:object_r:adaptive_haptics_prop:s0 tclass=file permissive=1
[   47.388772] audit: type=1400 audit(1791266200.300:47318): avc:  denied  { getattr } for  pid=17390 comm="getprop" path="/dev/__properties__/u:object_r:adaptive_haptics_prop:s0" dev="tmpfs" ino=111 scontext=u:r:shell:s0 tcontext=u:object_r:adaptive_haptics_prop:s0 tclass=file permissive=1
[   47.390985] SELinux: avc:  op=load_policy lsm=selinux seqno=2 res=1
[   47.393490] SELinux: Multiple same specifications for vendor.qti.gnss.ILocAidlGnss/default.
[   47.395359] SELinux: SELinux: Loaded service context from:
[   47.395381] SELinux: 		/system/etc/selinux/plat_service_contexts
[   47.395394] SELinux: 		/system_ext/etc/selinux/system_ext_service_contexts
[   47.395407] SELinux: 		/product/etc/selinux/product_service_contexts
[   47.395421] SELinux: 		/vendor/etc/selinux/vendor_service_contexts
[   47.609099] (virq:irq_count)- GICv3:arch_timer(11):213614 GICv3:IPI(1):157896 GICv3:IPI(6):48414 GICv3:ufshcd(35):37850 GICv3:IPI(2):23023 GICv3:ipcc_0(37):8869 ipcc:glink-native-adsp(385):6720 GICv3:apps_rsc-drv-2(20):4554 GICv3:msm_drm(243):3848 ipcc:glink-native-modem(402):2426 
[   47.609157] (cpu:irq_count)- 0:232025 1:32669 2:36338 3:41440 4:38971 5:39246 6:37090 7:68307 
[   47.609177] (ipi:irq_count)- 0:157896 1:23023 2:0 3:0 4:0 5:48414 6:0 
[   47.894776] audit: audit_lost=56795 audit_rate_limit=5 audit_backlog_limit=128
[   47.894792] audit: rate limit exceeded
[   48.117362] KernelSU: shell is allowed at init!
[   48.193081] found variant: sys_call_table
[   48.213800] KernelSU: sys_call_table=0xffffffe304556a08
[   48.232383] KernelSU: sys_ni_syscall: 0xffffffe303d50ae8
[   48.232406] KernelSU: ni_syscall 1: 42
[   48.232413] KernelSU: patch syscall 42, 0xffffffe303d50ae8 -> 0xffffffe3001d8b98
[   48.233769] KernelSU: dispatcher installed at slot 42
[   48.233781] KernelSU: feature: feature management initialized
[   48.233788] KernelSU: feature: registered handler for sulog (id=2)
[   48.233796] KernelSU: feature: registered handler for adb_root (id=3)
[   48.233801] KernelSU: lsm_hook: init, tracked hooks=0
[   48.233806] KernelSU: feature: registered handler for selinux_hide (id=4)
[   48.233815] KernelSU: initialize_fake_status initialized: sequence=0, policyload=0, enforcing=1
[   48.284640] KernelSU: KernelSU IOCTL Commands:
[   48.284670] KernelSU:   GRANT_ROOT         = 0x00004b01
[   48.284678] KernelSU:   GET_INFO           = 0x80104b02
[   48.284683] KernelSU:   GET_INFO_LEGACY    = 0x80004b02
[   48.284688] KernelSU:   REPORT_EVENT       = 0x40004b03
[   48.284692] KernelSU:   SET_SEPOLICY       = 0xc0004b04
[   48.284696] KernelSU:   CHECK_SAFEMODE     = 0x80004b05
[   48.284701] KernelSU:   GET_ALLOW_LIST     = 0xc0004b06
[   48.284705] KernelSU:   GET_DENY_LIST      = 0xc0004b07
[   48.284710] KernelSU:   NEW_GET_ALLOW_LIST = 0xc0044b06
[   48.284715] KernelSU:   NEW_GET_DENY_LIST  = 0xc0044b07
[   48.284719] KernelSU:   UID_GRANTED_ROOT   = 0xc0004b08
[   48.284723] KernelSU:   UID_SHOULD_UMOUNT  = 0xc0004b09
[   48.284727] KernelSU:   GET_MANAGER_APPID  = 0x80004b0a
[   48.284731] KernelSU:   GET_APP_PROFILE    = 0xc0004b0b
[   48.284735] KernelSU:   SET_APP_PROFILE    = 0x40004b0c
[   48.284739] KernelSU:   GET_FEATURE        = 0xc0004b0d
[   48.284742] KernelSU:   SET_FEATURE        = 0x40004b0e
[   48.284747] KernelSU:   GET_WRAPPER_FD     = 0x40004b0f
[   48.284751] KernelSU:   MANAGE_MARK        = 0xc0004b10
[   48.284755] KernelSU:   NUKE_EXT4_SYSFS    = 0x40004b11
[   48.284759] KernelSU:   ADD_TRY_UMOUNT     = 0x40004b12
[   48.284763] KernelSU:   SET_INIT_PGRP      = 0x00004b13
[   48.284767] KernelSU:   GET_SULOG_FD       = 0x40044b14
[   48.284770] KernelSU:   DISABLE_ESCAPE_TO_ROOT = 0x00004b15
[   48.287199] KernelSU: reboot kprobe registered successfully
[   48.287209] KernelSU: late load mode, skipping kprobe hooks
[   48.287214] KernelSU: SELinux permissive or disabled, apply rules!
[   48.299121] KernelSU: old config: 1
[   48.299137] KernelSU: adding POLICYDB_CONFIG_ANDROID_NETLINK_ROUTE
[   48.299141] KernelSU: adding POLICYDB_CONFIG_ANDROID_NETLINK_GETNEIGH
[   48.299146] KernelSU: new config: 3221225473
[   48.368816] KernelSU: backup sepolicy success! latest_granting=2
[   48.391307] KernelSU: old config: 1
[   48.391331] KernelSU: adding POLICYDB_CONFIG_ANDROID_NETLINK_ROUTE
[   48.391334] KernelSU: adding POLICYDB_CONFIG_ANDROID_NETLINK_GETNEIGH
[   48.391337] KernelSU: new config: 3221225473
[   48.396767] audit: type=1400 audit(1791266201.312:51478): avc:  denied  { dac_override } for  pid=17404 comm="sh" capability=1  scontext=u:r:kernel:s0 tcontext=u:r:kernel:s0 tclass=capability permissive=1
[   48.499225] KernelSU: class memfd_file does not exist
[   48.499250] KernelSU: class memfd_file does not exist
[   48.499257] KernelSU: class memfd_file does not exist
[   48.499261] KernelSU: class memfd_file does not exist
[   48.499265] KernelSU: class memfd_file does not exist
