[    1.667950] qcedev_probe_device: No icc peak BW set, using default
[    1.668063] i2c_geni a80000.i2c: I2C probed
[    1.668194] QCE50: __qce_get_device_tree_data: CE operating frequency is not defined, setting to default 100MHZ
[    1.668263] qce 1de0000.qcedev: QTI Crypto 5.7.0 device found @0x1de0000
[    1.668328] i2c_geni a90000.i2c: Bus frequency is set to 400000Hz.
[    1.668344] sps_register_bam_device: sps:BAM 0x0000000001dc4000 is registered
[    1.668405] sps_bam_enable: sps:BAM 0x0000000001dc4000 (va:0x0000000000000000) enabled: ver:0x28, number of pipes:20
[    1.668821] QCE50: qce_sps_init:  QTI MSM CE-BAM at 0x0000000001dc4000 irq 27
[    1.674180] msm_pcie_link_train: PCIe RC0 link initialized
[    1.674369] pci-msm 1c00000.qcom,pcie: host bridge /soc/qcom,pcie@1c00000 ranges:
[    1.674395] pci-msm 1c00000.qcom,pcie:   No bus range found for /soc/qcom,pcie@1c00000, using [bus 00-ff]
[    1.674422] pci-msm 1c00000.qcom,pcie:       IO 0x0060200000..0x00602fffff -> 0x0060200000
[    1.674436] pci-msm 1c00000.qcom,pcie:      MEM 0x0060300000..0x0063ffffff -> 0x0060300000
[    1.675457] pci-msm 1c00000.qcom,pcie: PCI host bridge to bus 0000:00
[    1.675462] pci_bus 0000:00: root bus resource [bus 00-ff]
[    1.675467] pci_bus 0000:00: root bus resource [io  0x0000-0xfffff] (bus address [0x60200000-0x602fffff])
[    1.675470] pci_bus 0000:00: root bus resource [mem 0x60300000-0x63ffffff]
[    1.675509] pci 0000:00:00.0: [17cb:0113] type 01 class 0x060400
[    1.675537] pci 0000:00:00.0: reg 0x10: [mem 0x00000000-0x00000fff 64bit]
[    1.675653] pci 0000:00:00.0: PME# supported from D0 D3hot D3cold
[    1.677470] input: pmic_pwrkey as /devices/platform/soc/c42d000.qcom,spmi/spmi-0/0-00/c42d000.qcom,spmi:qcom,pmk8550@0:pon_hlos@1300/c42d000.qcom,spmi:qcom,pmk8550@0:pon_hlos@1300:pwrkey/input/input0
[    1.677773] coresight-remote-etm soc:audio_etm0: Remote ETM initialized
[    1.687121] [EGISFP] egisfp_init : module init 
[    1.687542] last_logs soc:last_logs@ffcc0000: ERROR: last_logs_probe: magic = 0, version = 0x0
[    1.688755] i2c_geni a90000.i2c: I2C probed
[    1.688897] i2c_geni 888000.i2c: Bus frequency is set to 1000000Hz.
[    1.689020] qce 1de0000.qcedev:qcom_cedev_ns_cb: Adding to iommu group 6
[    1.689316] qce 1de0000.qcedev:qcom_cedev_s_cb: Adding to iommu group 8
[    1.690965] cs40l2x 3-0040: supply VA not found, using dummy regulator
[    1.691237] cs40l2x 3-0040: supply VP not found, using dummy regulator
[    1.694700] pci 0000:00:00.0: bridge configuration invalid ([bus 00-00]), reconfiguring
[    1.694941] pci 0000:01:00.0: [17cb:1107] type 00 class 0x028000
[    1.694975] coresight-remote-etm soc:turing_etm0: Remote ETM initialized
[    1.695011] pci 0000:01:00.0: reg 0x10: [mem 0x00000000-0x001fffff 64bit]
[    1.695203] coresight-remote-etm soc:modem_etm0: Remote ETM initialized
[    1.695334] pci 0000:01:00.0: PME# supported from D0 D3hot D3cold
[    1.695427] coresight-remote-etm soc:modem2_etm0: Remote ETM initialized
[    1.696772] coresight coresight-cti-cti0: CTI initialized
[    1.697144] coresight coresight-cti-dlmm_cti0: CTI initialized
[    1.697188] coresight coresight-cti-ddr_dl_0_cti_0: CTI initialized
[    1.700493] coresight coresight-cti-ddr_ch02_dl_cti_0: CTI initialized
[    1.708377] btpower: no symbol version for get_client_env_object
[    1.712508] fastrpc soc:qcom,msm_fastrpc:qcom,msm_fastrpc_compute_cb2: Adding to iommu group 9
[    1.719288] [EGISFP] egisfp_probe : driver init 
[    1.719449] input: egis_fp as /devices/virtual/input/input2
[    1.719475] [EGISFP] egisfp_probe : initialize success 0
[    1.719528] [NVT-ts] nvt_driver_init 1993: start
[    1.719552] [EGISFP] egisfp_init : module init OK ! 
[    1.719568] [NVT-ts] nvt_driver_init 2001: finished
[    1.720018] input: pmic_resin as /devices/platform/soc/c42d000.qcom,spmi/spmi-0/0-00/c42d000.qcom,spmi:qcom,pmk8550@0:pon_hlos@1300/c42d000.qcom,spmi:qcom,pmk8550@0:pon_hlos@1300:resin/input/input1
[    1.720788] rtc6226: I2C radio driver for rtc6226 FM Tuner, Version 0.1.0
[    1.720797] rtc6226: I2C radio driver for rtc6226 FM Tuner, Version 0.1.0
[    1.721317] rtc6226: rtc6226_i2c_probe enter
[    1.721516] rtc6226: v4l2_device_register successfully
[    1.724662] fastrpc soc:qcom,msm_fastrpc:qcom,msm_fastrpc_compute_cb3: Adding to iommu group 10
[    1.725124] bt_power_probe:WLAN_SW_CNTRL_GPIO value= 1
[    1.725128] cnss_utils: cnss_utils: device type:1
[    1.725129] cnss_utils: cnss_utils: device type already set :0
[    1.725599] msm-hw-fence: probe of soc:qcom,hw-fence failed with error -95
[    1.727948] nfc_i2c_dev_init: Loading NXP NFC I2C driver
[    1.728004] pci_bus 0000:01: busn_res: [bus 01-ff] end is updated to 01
[    1.728027] pci 0000:00:00.0: BAR 14: assigned [mem 0x60400000-0x605fffff]
[    1.728030] pci 0000:00:00.0: BAR 15: assigned [mem 0x60600000-0x607fffff 64bit pref]
[    1.728032] pci 0000:00:00.0: BAR 0: assigned [mem 0x60300000-0x60300fff 64bit]
[    1.728049] pci 0000:00:00.0: BAR 13: assigned [io  0x1000-0x1fff]
[    1.728052] pci 0000:01:00.0: BAR 0: assigned [mem 0x60400000-0x605fffff 64bit]
[    1.728100] pci 0000:00:00.0: PCI bridge to [bus 01]
[    1.728104] pci 0000:00:00.0:   bridge window [io  0x1000-0x1fff]
[    1.728113] pci 0000:00:00.0:   bridge window [mem 0x60400000-0x605fffff]
[    1.728119] pci 0000:00:00.0:   bridge window [mem 0x60600000-0x607fffff 64bit pref]
[    1.728574] sch: init (1.1)
[    1.728606] nfc_parse_dt: irq 356
[    1.728614] nfc_parse_dt: irq 356, ven 331, dwl 313, clkreq 332, clk_pin_voting 0 
[    1.728673] nfc_i2c_dev_probe: requesting IRQ 312
[    1.729630] [GTP-INF][goodix_ts_core_init:2678] Core layer init:v1.2.4
[    1.729633] [GTP-INF][goodix_spi_bus_init:309] Goodix spi driver init
[    1.729636] SPI driver gtx8_spi has no spi_device_id for goodix,gt9897S
[    1.729637] SPI driver gtx8_spi has no spi_device_id for goodix,gt9897T
[    1.729639] SPI driver gtx8_spi has no spi_device_id for goodix,gt9966S
[    1.729641] SPI driver gtx8_spi has no spi_device_id for goodix,gt9916S
[    1.729642] SPI driver gtx8_spi has no spi_device_id for goodix,gt9916S2
[    1.729653] [GTP-INF][goodix_i2c_bus_init:256] Goodix i2c driver init
[    1.731682] Failed to create system directory rmnet
[    1.731769] Failed to create system directory rmnet
[    1.731803] Failed to create system directory rmnet
[    1.731837] Failed to create system directory rmnet
[    1.731871] Failed to create system directory rmnet
[    1.731904] Failed to create system directory rmnet
[    1.731942] Failed to create system directory rmnet
[    1.731976] Failed to create system directory rmnet
[    1.732008] Failed to create system directory rmnet
[    1.732040] Failed to create system directory rmnet
[    1.732069] Failed to create system directory rmnet
[    1.732096] Failed to create system directory rmnet
[    1.732128] Failed to create system directory rmnet
[    1.732156] Failed to create system directory rmnet
[    1.732181] Failed to create system directory rmnet
[    1.732208] Failed to create system directory rmnet
[    1.732235] Failed to create system directory rmnet
[    1.732259] Failed to create system directory rmnet
[    1.732286] Failed to create system directory rmnet
[    1.732314] Failed to create system directory rmnet
[    1.732343] Failed to create system directory rmnet
[    1.732359] msm_pcie_enumerate: PCIe: RC0: has already been enumerated.
[    1.732371] Failed to create system directory rmnet
[    1.732408] Failed to create system directory rmnet
[    1.732436] Failed to create system directory rmnet
[    1.732476] Failed to create system directory wda
[    1.732515] Failed to create system directory wda
[    1.732544] Failed to create system directory wda
[    1.732570] Failed to create system directory dfc
[    1.732607] Failed to create system directory dfc
[    1.732636] Failed to create system directory dfc
[    1.732662] Failed to create system directory dfc
[    1.732689] Failed to create system directory dfc
[    1.732722] Failed to create system directory dfc
[    1.732751] Failed to create system directory dfc
[    1.732783] Failed to create system directory dfc
[    1.732817] Failed to create system directory dfc
[    1.732849] Failed to create system directory dfc
[    1.732879] Failed to create system directory dfc
[    1.732913] Failed to create system directory dfc
[    1.732944] Failed to create system directory dfc
[    1.732991] cnss_pci 0000:01:00.0: Adding to iommu group 11
[    1.733264] Failed to create system directory msm_vidc_events
[    1.733325] Failed to create system directory msm_vidc_events
[    1.733359] Failed to create system directory msm_vidc_events
[    1.733388] Failed to create system directory msm_vidc_events
[    1.733415] Failed to create system directory msm_vidc_events
[    1.733447] Failed to create system directory msm_vidc_events
[    1.733476] Failed to create system directory msm_vidc_events
[    1.733504] Failed to create system directory msm_vidc_events
[    1.734182] pt_device_access_init: Parade TTSP Device Access Driver (Built TTDL.04.11.977092) rc = 0
[    1.735161] cnss: PCI is probing, vendor ID: 0x17cb, device ID: 0x1107
[    1.735171] cnss_pci 0000:01:00.0: assigned reserved memory node cnss_wlan_region
[    1.735174] cnss: CMA area is cnss_wlan_region
[    1.735179] cnss: Ramdump size 0x780000
[    1.735183] cnss: Initializing SMMU
[    1.735185] cnss: Enabling SMMU S1 stage
[    1.735187] cnss: smmu_iova_start: 0x00000000a0000000, smmu_iova_len: 0x10000000
[    1.735190] cnss: smmu_iova_ipa_start: 0x00000000b0000000, smmu_iova_ipa_len: 0x10000
[    1.735193] cnss: iommu_geometry: 0
[    1.735197] cnss: PCIe DRV is supported
[    1.735215] cnss_pci 0000:01:00.0: BAR 0: assigned [mem 0x60400000-0x605fffff 64bit]
[    1.735265] pci 0000:00:00.0: enabling device (0006 -> 0007)
[    1.735276] cnss_pci 0000:01:00.0: enabling device (0000 -> 0002)
[    1.735312] cnss: Set PCI DMA MASK (0xfffffffff)
[    1.736243] cnss: MSI base data is 0
[    1.736247] cnss: BAR starts at 0x0000000060400000, length is 200000
[    1.736250] cnss: Assign MSI to user: MHI, num_vectors: 3, user_base_data: 0, base_vector: 0
[    1.736253] cnss: Number of assigned MSI for MHI is 3, base vector is 0
[    1.736255] cnss: Get IRQ number 313 for vector index 0
[    1.736257] cnss: Get IRQ number 314 for vector index 1
[    1.736259] cnss: Get IRQ number 315 for vector index 2
[    1.736263] cnss: Get device version info, family number: 0x4, device number: 0x17, major version: 0x2, minor version: 0x0
[    1.736269] msm_vidc_v4l2 aa00000.qcom,vidc:non_secure_pixel_cb: Adding to iommu group 12
[    1.736376] cnss: PCIe DRV is supported
[    1.736379] cnss: FW name added with prefix: kiwi/amss20.bin
[    1.736381] cnss: FW name is kiwi/amss20.bin, FW fallback name is amss20.bin
[    1.736388] cnss: Get PCI link status register: 4130
[    1.736390] cnss: Default PCI link speed is 0x2, link width is 0x2
[    1.736557] msm_vidc_v4l2 aa00000.qcom,vidc:secure_non_pixel_cb: Adding to iommu group 13
[    1.736617] msm_vidc_v4l2 aa00000.qcom,vidc:non_secure_cb: Adding to iommu group 14
[    1.736852] msm_vidc_v4l2 aa00000.qcom,vidc:secure_bitstream_cb: Adding to iommu group 15
[    1.737188] msm_vidc_v4l2 aa00000.qcom,vidc:secure_pixel_cb: Adding to iommu group 16
[    1.738924] tzobject_delete: me->fd = 4, me->refs = 0, files = 0000000074d888c8
[    1.739026] tzobject_delete: me->fd = 0, me->refs = 0, files = 00000000a66388a2
[    1.739350] tzobject_delete: me->fd = 4, me->refs = 0, files = 0000000074d888c8
[    1.739403] TZ ret: 10 state: 0
[    1.739406] tzobject_delete: me->fd = 0, me->refs = 0, files = 00000000a66388a2
[    1.739444] tzobject_delete: me->fd = 5, me->refs = 0, files = 0000000074d888c8
[    1.739561] tzobject_delete: me->fd = 1, me->refs = 0, files = 00000000a66388a2
[    1.739604] bt_power_populate_dt_pinfo: bt_kiwi device node found
[    1.739832] bt-debug-gpio not provided in devicetree
[    1.739834] xo-clk-gpio not provided in devicetree
[    1.739835] bt_dt_parse_clk_info: clocks is not provided in device tree
[    1.739840] bt_power_populate_dt_pinfo: clock not provided in device tree
[    1.739889] PDC Init table configured
[    1.739892] coresight coresight-cti-ddr_ch13_dl_cti_0: CTI initialized
[    1.739914] btpower_aop_mbox_init: vreg for iPA not configured
[    1.740141] coresight coresight-cti-lpass_dl_cti: CTI initialized
[    1.740660] msm_vidc_v4l2 aa00000.qcom,vidc: bound aa00000.qcom,vidc:non_secure_pixel_cb (ops msm_vidc_component_cb_ops [msm_video])
[    1.740720] msm_vidc_v4l2 aa00000.qcom,vidc: bound aa00000.qcom,vidc:non_secure_cb (ops msm_vidc_component_cb_ops [msm_video])
[    1.740749] msm_vidc_v4l2 aa00000.qcom,vidc: bound aa00000.qcom,vidc:secure_non_pixel_cb (ops msm_vidc_component_cb_ops [msm_video])
[    1.740775] msm_vidc_v4l2 aa00000.qcom,vidc: bound aa00000.qcom,vidc:secure_bitstream_cb (ops msm_vidc_component_cb_ops [msm_video])
[    1.740802] msm_vidc_v4l2 aa00000.qcom,vidc: bound aa00000.qcom,vidc:secure_pixel_cb (ops msm_vidc_component_cb_ops [msm_video])
[    1.743458] coresight coresight-cti-iris_dl_cti: CTI initialized
[    1.743861] aps: init (1.2)
[    1.744061] tz diag version is 2404000
[    1.744076] tz_log 146aa720.tz-log: RM log address is not defined
[    1.744103] encrypted qseelog enabled is 0
[    1.745749] DATARMNET5e4be08a32(): Loading
[    1.748042] DATARMNET7eb0fa5c8f(): rmnet_wlan initializing
[    1.748081] DATARMNET7eb0fa5c8f(): rmnet_wlan_set_hooks set
[    1.749853] DATARMNETb1c42acd9c(): rmnet_offload initializing
[    1.750770] msm_vidc_v4l2 aa00000.qcom,vidc: Direct firmware load for vpu30_4v.mbn failed with error -2
[    1.750774] msm_vidc_v4l2 aa00000.qcom,vidc: Falling back to sysfs fallback for: vpu30_4v.mbn
[    1.750824] cnss: Suspending PCI link
[    1.751003] DATARMNET163e93649e(): Starting rmnet SHS module 43a6b 
[    1.751423] fastrpc soc:qcom,msm_fastrpc:qcom,msm_fastrpc_compute_cb4: Adding to iommu group 17
[    1.751549] coresight coresight-cti-mdss_dl_cti: CTI initialized
[    1.751877] coresight coresight-cti-turing_dl_cti_0: CTI initialized
[    1.752593] fastrpc soc:qcom,msm_fastrpc:qcom,msm_fastrpc_compute_cb5: Adding to iommu group 18
[    1.753463] input: gpio-keys as /devices/platform/soc/soc:gpio_key/input/input3
[    1.754742] sdhci_msm 8804000.sdhci: Adding to iommu group 19
[    1.757074] fastrpc soc:qcom,msm_fastrpc:qcom,msm_fastrpc_compute_cb6: Adding to iommu group 20
[    1.757212] cs40l2x 3-0040: Cirrus Logic CS40L25A revision B1
[    1.757930] fastrpc soc:qcom,msm_fastrpc:qcom,msm_fastrpc_compute_cb7: Adding to iommu group 21
[    1.758333] sdhci_msm 8804000.sdhci: Got CD GPIO
[    1.758719] fastrpc soc:qcom,msm_fastrpc:qcom,msm_fastrpc_compute_cb8: Adding to iommu group 22
[    1.760890] coresight coresight-cti-turing_q6_cti: CTI initialized
[    1.760946] coresight coresight-cti-swao_cti: CTI initialized
[    1.761058] coresight coresight-cti-ddr_dl_1_cti_0: CTI initialized
[    1.761095] coresight coresight-cti-apss_cti0: CTI initialized
[    1.761204] coresight coresight-cti-apss_cti1: CTI initialized
[    1.761237] coresight coresight-cti-apss_cti2: CTI initialized
[    1.762759] coresight coresight-cti-mss_q6_cti: CTI initialized
[    1.762818] coresight coresight-cti-modem_tp_cti: CTI initialized
[    1.762870] coresight coresight-cti-apss_atb_cti: CTI initialized
[    1.762917] coresight coresight-cti-cpu0: CTI initialized
[    1.762964] coresight coresight-cti-cpu1: CTI initialized
[    1.763009] coresight coresight-cti-cpu2: CTI initialized
[    1.763052] coresight coresight-cti-cpu3: CTI initialized
[    1.763096] coresight coresight-cti-cpu4: CTI initialized
[    1.763141] coresight coresight-cti-cpu5: CTI initialized
[    1.763183] coresight coresight-cti-cpu6: CTI initialized
[    1.763227] coresight coresight-cti-cpu7: CTI initialized
[    1.763341] sdhci_msm 8804000.sdhci: TCXO clk not present (-2)
[    1.763344] sdhci_msm 8804000.sdhci: Failed to get bus_scale data
[    1.764492] fastrpc soc:qcom,msm_fastrpc:qcom,msm_fastrpc_compute_cb9: Adding to iommu group 23
[    1.765002] fastrpc soc:qcom,msm_fastrpc:qcom,msm_fastrpc_compute_cb10: Adding to iommu group 24
[    1.765383] fastrpc soc:qcom,msm_fastrpc:qcom,msm_fastrpc_compute_cb11: Adding to iommu group 25
[    1.765793] fastrpc soc:qcom,msm_fastrpc:qcom,msm_fastrpc_compute_cb12: Adding to iommu group 26
[    1.766125] fastrpc soc:qcom,msm_fastrpc:qcom,msm_fastrpc_compute_cb13: Adding to iommu group 27
[    1.766450] fastrpc soc:qcom,msm_fastrpc:qcom,msm_fastrpc_compute_cb14: Adding to iommu group 28
[    1.767468] ERROR: tzdbg_get_tzbsp_log: magic = 0, version = 0x0
[    1.769044] fastrpc soc:qcom,msm_fastrpc:qcom,msm_fastrpc_compute_cb15: Adding to iommu group 29
[    1.769410] fastrpc soc:qcom,msm_fastrpc:qcom,msm_fastrpc_compute_cb16: Adding to iommu group 30
[    1.770638] fastrpc soc:qcom,msm_fastrpc:qcom,msm_fastrpc_compute_cb17: Adding to iommu group 31
[    1.771037] fastrpc soc:qcom,msm_fastrpc:qcom,msm_fastrpc_compute_cb18: Adding to iommu group 32
[    1.771563] adsprpc: fastrpc_device_init: SSR notifier registered for lpass
[    1.771567] adsprpc: fastrpc_device_init: SSR notifier registered for mpss
[    1.771571] adsprpc: fastrpc_device_init: SSR notifier registered for dsps
[    1.773432] register_kretprobe failed for trace_dwc3_ctrl_req, returned -2
[    1.773714] adsprpc: fastrpc_device_init: SSR notifier registered for cdsp
[    1.776632] i2c_geni 888000.i2c: I2C probed
[    1.776792] i2c_geni 88c000.i2c: Bus frequency is set to 1000000Hz.
[    1.776915] cs40l2x 3-0040: Direct firmware load for cs40l25a_a2h.wmfw failed with error -2
[    1.776917] cs40l2x 3-0040: Falling back to sysfs fallback for: cs40l25a_a2h.wmfw
[    1.777531] cs35l45 4-0030: supply VA not found, using dummy regulator
[    1.777564] cs35l45 4-0030: supply VP not found, using dummy regulator
[    1.785518] cs35l45 4-0030: Cirrus Logic CS35L45: DEVID 35A450 REVID 0xA0 RELID 0x00 OTPID 0x0B.
[    1.790804] register_kretprobe failed for trace_dwc3_ep_queue, returned -2
[    1.801548] mmc0: SDHCI controller on 8804000.sdhci [8804000.sdhci] using ADMA 64-bit
[    1.804741] register_kretprobe failed for trace_dwc3_ep_dequeue, returned -2
[    1.805208] cs35l45 4-0031: supply VA not found, using dummy regulator
[    1.805261] cs35l45 4-0031: supply VP not found, using dummy regulator
[    1.805435] cs35l45 4-0031: Reset line busy, assuming shared reset
[    1.811965] nfc_post_init success
[    1.811967] nfc_i2c_dev_probe:nfc secure_zone = false
[    1.812011] nfc_i2c_dev_probe: probing nfc i2c success
[    1.813243] cs35l45 4-0031: Cirrus Logic CS35L45: DEVID 35A450 REVID 0xA0 RELID 0x00 OTPID 0x0B.
[    1.817420] register_kretprobe failed for trace_dwc3_gadget_giveback, returned -2
[    1.825279] rtc6226: rtc6226_i2c_probe: rtc6226,vdd-load val 15000
[    1.825291] rtc6226: rtc6226_pinctrl_init: target does not use pinctrl
[    1.825294] rtc6226: rtc6226_i2c_probe: rtc6226_pinctrl_init returned -19
[    1.825568] rtc6226: rtc6226_i2c_probe exit
[    1.829324] register_kretprobe failed for trace_dwc3_gadget_ep_cmd, returned -2
[    1.831599] i2c_geni 88c000.i2c: I2C probed
[    1.841147] register_kretprobe failed for trace_dwc3_prepare_trb, returned -2
[    1.853173] register_kretprobe failed for trace_dwc3_event, returned -2
[    1.853343] msm_pcie_disable: PCIe: Assert the reset of endpoint of RC0.
[    1.853860] cnss: WLAN_EN Value: 0
[    1.853866] cnss: De-assert WLAN_EN GPIO successfully
[    1.853868] cnss: Regulator vdd-wlan-rfa2 is being disabled
[    1.853884] cnss: Regulator vdd-wlan-rfa1 is being disabled
[    1.853909] cnss: Regulator vdd-wlan-dig is being disabled
[    1.853932] cnss: Regulator vdd-wlan-aon is being disabled
[    1.853954] cnss: Regulator vdd-wlan is being disabled
[    1.853977] cnss: Regulator vdd-wlan-io is being disabled
[    1.854080] cnss: Platform driver probed successfully.
[    1.863908] msm-dwc3 a600000.ssusb: IRQ hs_phy_irq not found
[    5.051546] qcom_slim_ngd_runtime_resume QMI handle is NULL
[    5.051571] btfm_slim_probe: name = 217:221:1:0   
[    5.051574] btfm_slim_probe: name = btfmslim_slave
[    5.051576] btfm_slim_probe: is_laddr_valid is true
[    5.051636] btfmslim-driver btfmslim_slave: 
[    5.058334] msm_cvp ab00000.qcom,cvp:cvp_non_secure_cb: Adding to iommu group 33
[    5.059078] msm_cvp ab00000.qcom,cvp:cvp_secure_nonpixel_cb: Adding to iommu group 34
[    5.059698] msm_cvp ab00000.qcom,cvp:cvp_secure_pixel_cb: Adding to iommu group 35
[    5.061485] msm_cvp ab00000.qcom,cvp:qcom,msm-cvp,mem_cdsp: assigned reserved memory node cdsp_eva_region
[    5.062336] video_cc-kalama aaf0000.clock-controller: sync-state
[    5.064562] DATARMNET63abbdc3d3(): Loading
[    5.084502] Failed to create system directory sde
[    5.084606] Failed to create system directory sde
[    5.084763] Failed to create system directory sde
[    5.084815] Failed to create system directory sde
[    5.084856] Failed to create system directory sde
[    5.084903] Failed to create system directory sde
[    5.085199] Failed to create system directory sde
[    5.085298] Failed to create system directory sde
[    5.085343] Failed to create system directory sde
[    5.085382] Failed to create system directory sde
[    5.085419] Failed to create system directory sde
[    5.085460] Failed to create system directory sde
[    5.089089] Failed to create system directory gsi
[    5.089739] (NULL device *): msm_gsi_probe:5880 No MSIs configured
[    5.091680] Could not create tracefs 'gpu_work_period' directory
[    5.091797] Failed to create system directory kgsl
[    5.091862] Failed to create system directory kgsl
[    5.091897] Failed to create system directory kgsl
[    5.091935] Failed to create system directory kgsl
[    5.091969] Failed to create system directory kgsl
[    5.092002] Failed to create system directory kgsl
[    5.092036] Failed to create system directory kgsl
[    5.092069] Failed to create system directory kgsl
[    5.092101] Failed to create system directory kgsl
[    5.092135] Failed to create system directory kgsl
[    5.092168] Failed to create system directory kgsl
[    5.092201] Failed to create system directory kgsl
[    5.092235] Failed to create system directory kgsl
[    5.092267] Failed to create system directory kgsl
[    5.092298] Failed to create system directory kgsl
[    5.092332] Failed to create system directory kgsl
[    5.092366] Failed to create system directory kgsl
[    5.092368] coresight-tmc 10048000.tmc: Adding to iommu group 36
[    5.092398] Failed to create system directory kgsl
[    5.092432] Failed to create system directory kgsl
[    5.092469] Failed to create system directory kgsl
[    5.092503] Failed to create system directory kgsl
[    5.092541] Failed to create system directory kgsl
[    5.092576] Failed to create system directory kgsl
[    5.092610] Failed to create system directory kgsl
[    5.092645] Failed to create system directory kgsl
[    5.092678] Failed to create system directory kgsl
[    5.092713] Failed to create system directory kgsl
[    5.092749] Failed to create system directory kgsl
[    5.092781] Failed to create system directory kgsl
[    5.092811] Failed to create system directory kgsl
[    5.092827] [sde_rsc_hw:rsc_hw_init_v3:545]: sde rsc init successfully done
[    5.092844] [sde_rsc:sde_rsc_probe:1830]: sde rsc index:0 probed successfully
[    5.092846] Failed to create system directory kgsl
[    5.092879] Failed to create system directory kgsl
[    5.092910] Failed to create system directory kgsl
[    5.092944] Failed to create system directory kgsl
[    5.092975] Failed to create system directory kgsl
[    5.093007] Failed to create system directory kgsl
[    5.093039] msmdrm_smmu soc:qcom,smmu_sde_unsec_cb: Adding to iommu group 37
[    5.093042] Failed to create system directory kgsl
[    5.093074] Failed to create system directory kgsl
[    5.093105] Failed to create system directory kgsl
[    5.093133] Failed to create system directory kgsl
[    5.093158] Failed to create system directory kgsl
[    5.093187] Failed to create system directory kgsl
[    5.093214] Failed to create system directory kgsl
[    5.093263] Failed to create system directory kgsl
[    5.093295] Failed to create system directory kgsl
[    5.093328] Failed to create system directory kgsl
[    5.093337] [drm] probing device qcom,smmu_sde_unsec
[    5.093341] [drm] Created domain mdp_ns, secure=0
[    5.093360] Failed to create system directory kgsl
[    5.093390] Failed to create system directory kgsl
[    5.093421] Failed to create system directory kgsl
[    5.093452] Failed to create system directory kgsl
[    5.093457] msmdrm_smmu soc:qcom,smmu_sde_sec_cb: Adding to iommu group 38
[    5.093480] Failed to create system directory kgsl
[    5.093512] Failed to create system directory kgsl
[    5.093542] Failed to create system directory kgsl
[    5.093579] Failed to create system directory kgsl
[    5.093612] Failed to create system directory kgsl
[    5.093642] Failed to create system directory kgsl
[    5.093677] Failed to create system directory kgsl
[    5.093705] Failed to create system directory kgsl
[    5.093733] Failed to create system directory kgsl
[    5.093764] Failed to create system directory kgsl
[    5.093796] Failed to create system directory kgsl
[    5.093826] Failed to create system directory kgsl
[    5.093855] Failed to create system directory kgsl
[    5.093887] Failed to create system directory kgsl
[    5.093916] [drm] probing device qcom,smmu_sde_sec
[    5.093917] Failed to create system directory kgsl
[    5.093920] [drm] Created domain mdp_s, secure=1
[    5.093950] Failed to create system directory kgsl
[    5.093985] Failed to create system directory kgsl
[    5.094018] Failed to create system directory kgsl
[    5.094049] Failed to create system directory kgsl
[    5.094079] Failed to create system directory kgsl
[    5.094108] Failed to create system directory kgsl
[    5.094139] Failed to create system directory kgsl
[    5.094172] Failed to create system directory kgsl
[    5.094202] Failed to create system directory kgsl
[    5.094232] Failed to create system directory kgsl
[    5.094264] Failed to create system directory kgsl
[    5.094291] Failed to create system directory kgsl
[    5.094318] Failed to create system directory kgsl
[    5.094347] Failed to create system directory kgsl
[    5.094373] Failed to create system directory kgsl
[    5.094401] Failed to create system directory kgsl
[    5.094432] Failed to create system directory kgsl
[    5.094460] Failed to create system directory kgsl
[    5.094486] Failed to create system directory kgsl
[    5.094518] Failed to create system directory kgsl
[    5.094546] Failed to create system directory kgsl
[    5.094575] Failed to create system directory kgsl
[    5.094604] Failed to create system directory kgsl
[    5.094638] Failed to create system directory kgsl
[    5.094667] Failed to create system directory kgsl
[    5.094700] Failed to create system directory kgsl
[    5.094730] Failed to create system directory kgsl
[    5.094759] Failed to create system directory kgsl
[    5.094793] Failed to create system directory kgsl
[    5.094822] Failed to create system directory kgsl
[    5.094858] [drm:sde_dbg_init:2672] evtlog_status: enable:11, panic:1, dump:2
[    5.096610] dsi_phy ae95000.qcom,mdss_dsi_phy0: supply gdsc not found, using dummy regulator
[    5.096771] [drm:dsi_pll_init [msm_drm]] [msm-dsi-info]: DSI_PLL_0: DSI pll label = dsi_pll_4nm
[    5.097863] dsi_pll_init: PLL base=00000000dc0caec9
[    5.098446] [drm:dsi_pll_clock_register_4nm [msm_drm]] [msm-dsi-info]: DSI_PLL_0: Registered clocks successfully
[    5.099267] [drm:dsi_phy_driver_probe [msm_drm]] [msm-dsi-info]: DSI_0: Probe successful
[    5.099982] dsi_phy ae97000.qcom,mdss_dsi_phy1: supply gdsc not found, using dummy regulator
[    5.100421] [drm:dsi_pll_init [msm_drm]] [msm-dsi-info]: DSI_PLL_0: DSI pll label = dsi_pll_4nm
[    5.100815] dsi_pll_init: PLL base=00000000e2542672
[    5.100935] [drm:dsi_pll_clock_register_4nm [msm_drm]] [msm-dsi-info]: DSI_PLL_1: Registered clocks successfully
[    5.101129] [drm:dsi_phy_driver_probe [msm_drm]] [msm-dsi-info]: DSI_1: Probe successful
[    5.102568] [drm:dsi_ctrl_dev_probe [msm_drm]] [msm-dsi-info]: dsi-ctrl-0: Probe successful
[    5.102904] [drm:dsi_ctrl_dev_probe [msm_drm]] [msm-dsi-info]: dsi-ctrl-1: Probe successful
[    5.104125] coresight-tmc 1004f000.tmc: Adding to iommu group 39
[    5.105543] OF: graph: no port node found in /soc/qcom,dsi-display-primary
[    5.105619] RESET SEQ LENGTH = 8
[    5.105925] dsi_display_res_init: Panel Name = 1
[    5.118413] Failed to create system directory ipa
[    5.118536] Failed to create system directory ipa
[    5.118573] Failed to create system directory ipa
[    5.118608] Failed to create system directory ipa
[    5.118645] Failed to create system directory ipa
[    5.118679] Failed to create system directory ipa
[    5.118714] Failed to create system directory ipa
[    5.118751] Failed to create system directory ipa
[    5.118771] tmc_etr_usb_init: ETR usb property is not configured!
[    5.118785] Failed to create system directory ipa
[    5.118817] Failed to create system directory ipa
[    5.118852] Failed to create system directory ipa
[    5.118884] Failed to create system directory ipa
[    5.118917] Failed to create system directory ipa
[    5.118953] Failed to create system directory ipa
[    5.118985] Failed to create system directory ipa
[    5.119020] Failed to create system directory ipa
[    5.119056] Failed to create system directory ipa
[    5.119374] adreno-gen7-gmu 3d68000.qcom,gmu: Adding to iommu group 40
[    5.121080] kgsl-3d 3d00000.qcom,kgsl-3d0: bound 3d68000.qcom,gmu (ops gen7_gmu_component_ops [msm_kgsl])
[    5.122224] ipa 3e00000.qcom,ipa:ipa_smmu_ap: Adding to iommu group 41
[    5.122642] platform 3da0000.qcom,kgsl-iommu:gfx3d_user: Adding to iommu group 42
[    5.123017] platform 3da0000.qcom,kgsl-iommu:gfx3d_lpac: Adding to iommu group 43
[    5.123390] ipa 3e00000.qcom,ipa:ipa_smmu_wlan: Adding to iommu group 44
[    5.123625] platform 3da0000.qcom,kgsl-iommu:gfx3d_secure: Adding to iommu group 45
[    5.123727] ipa 3e00000.qcom,ipa:ipa_smmu_uc: Adding to iommu group 46
[    5.124072] ipa 3e00000.qcom,ipa:ipa_smmu_11ad: Adding to iommu group 47
[    5.125927] ipa ipa_smmu_perph_cb_probe:10939 cb 2 is disabled
[    5.125943] ipa ipa_smmu_perph_cb_probe:10939 cb 5 is disabled
[    5.125947] ipa ipa_smmu_perph_cb_probe:10939 cb 6 is disabled
[    5.125976] ipa 3e00000.qcom,ipa: Direct firmware load for ipa_fws.mdt failed with error -2
[    5.125979] ipa 3e00000.qcom,ipa: Falling back to sysfs fallback for: ipa_fws.mdt
[    5.134499] ------------[ cut here ]------------
[    5.134503] WARNING: CPU: 6 PID: 726 at drivers/base/core.c:1318 device_links_driver_bound+0x258/0x54c
[    5.134511] Modules linked in: ipanetm(OE+) camera(OE+) ipam(OE) wlan(OE+) coresight_tmc(E) machine_dlkm(OE) msm_drm(OE+) rmnet_perf(OE) msm_kgsl(OE+) bt_fm_slim(OE) msm_eva(OE) usb_f_gsi(E) qdss_bridge(E) usb_f_qdss(E) swr_dmic_dlkm(OE) gsim(OE) rmnet_shs(OE) rmnet_offload(OE) rmnet_wlan(OE) rmnet_perf_tether(OE) rmnet_aps(OE) wcd938x_dlkm(OE) pt_device_access(OE) pt_i2c(OE) msm_video(OE) rmnet_core(OE) goodix_ts(OE) nxp_nci(OE) msm_hw_fence(OE) synaptics_tcm_ts(OE) memlat_scmi(E) nt36xxx_i2c(OE) msm_mmrm(OE) sync_fence(OE) btpower(OE) radio_i2c_rtc6226_qca(OE) lpass_cdc_va_macro_dlkm(OE) lpass_cdc_rx_macro_dlkm(OE) lpass_cdc_wsa_macro_dlkm(OE) lpass_cdc_tx_macro_dlkm(OE) audio_pkt_dlkm(OE) lpass_cdc_wsa2_macro_dlkm(OE) wcd9xxx_dlkm(OE) pinctrl_lpi_dlkm(OE) swr_ctrl_dlkm(OE) adsp_loader_dlkm(OE) lpass_cdc_dlkm(OE) audio_prm_dlkm(OE) cirrus_cs35l45(OE) dwc3_msm(E) last_logs(OE) hdcp_qseecom_dlkm(OE) qcrypto_msm_dlkm(OE) somc_battchg_ext(OE) atmel_mxt_ts(OE) pt_ts(OE)
[    5.134549] wcd938x_slave_dlkm(OE) cirrus_cs40l2x_codec(OE) rmnet_sch(OE) rmnet_ctl(OE) wsa883x_dlkm(OE) slim_qcom_ngd_ctrl(E) camera_sync(OE) et603_int(OE) qcedev_mod_dlkm(OE) hdmi_dlkm(OE) qce50_dlkm(OE) tz_log_dlkm(OE) cirrus_wm_adsp(OE) qcom_pon(E) mac80211(E) qcom_spmi_adc5_gen3(E) qrtr_mhi(E) audpkt_ion_dlkm(OE) gh_irq_lend(E) coresight_remote_etm(E) qrtr_smd(E) stm_console(E) coresight_tpda(E) cnss2(OE) coresight_stm(E) stm_p_basic(E) stm_p_ost(E) stm_ftrace(E) coresight_funnel(E) policy_engine(E) mhi_cntrl_qcom(E) cnss_nl(OE) coresight_cti(E) nvmem_qfprom(E) icc_test(E) coresight_replicator(E) slimbus(E) cpu_voltage_cooling(E) usb_bam(E) coresight_tpdm(E) bcl_soc(E) snd_soc_hdmi_codec(E) snd_usb_audio_qmi(E) spf_core_dlkm(OE) gpr_dlkm(OE) snd_event_dlkm(OE) q6_notifier_dlkm(OE) cnss_plat_ipc_qmi_svc(OE) spi_msm_geni(E) usb_f_ccid(E) rdtags(OE) spcom(E) synx_driver(E) ucsi_glink(E) repeater_i2c_eusb2(E) repeater_qti_pmic_eusb2(E) usb_f_cdev(E)
[    5.134583] phy_msm_m31_eusb2(E) dmesg_dumper(E) phy_msm_snps_eusb2(E) qcom_edac(E) qti_cpufreq_cdev(E) f_fs_ipc_log(E) mmc_log_probes(E) cnss_prealloc(OE) pm8941_pwrkey(E) i2c_msm_geni(E) usb_f_diag(E) cdsp_loader(E) cnss_utils(OE) cfg80211(E) stm_core(E) qcom_vadc_common(E) qrtr_gunyah(E) msm_lmh_dcvs(E) boot_stats(E) frpc_adsprpc(E) qcom_esoc(E) leds_qti_flash(E) swr_haptics_dlkm(OE) mhi_dev_satellite(E) mhi_dev_uci(E) mhi_dev_netdev(E) smcinvoke_dlkm(OE) mhi_dev_dtr(E) altmode_glink(E) coresight_hwevent(E) pinctrl_spmi_gpio(E) phy_msm_ssusb_qmp(E) spmi_pmic_arb_debug(E) rdbg(E) qti_userspace_cdev(E) msm_performance(E) leds_qti_tri_led(E) sg(E) smsc95xx(E) ddr_cdev(E) ehset(E) microdump_collector(E) r8168(E) adsp_sleepmon(E) lt9611uxc(E) qcom_va_minidump(E) max31760_fan(E) core_hang_detect(E) cdsprm(E) sps_drv(E) hvc_gunyah(E) qcom_iommu_debug(E) memlat(E) rq_stats(E) reboot_mode(E) qcom_spmi_temp_alarm(E) smsc75xx(E) usbmon(E) glink_pkt(E) sdpm_clk(E)
[    5.134617] msm_geni_serial(E) eud(E) qti_qmi_cdev(E) phy_qcom_emu(E) qti_ocp_notifier(E) smsc(E) qcom_ipc_lite(E) realtek(E) spmi_glink_debug(E) msm_sharedmem(E) i3c_master_msm_geni(E) hung_task_enh(E) rimps_log(E) repeater(E) memlat_vendor(E) qti_fixed_regulator(E) cirrus_cs40l2x(OE) q6_dlkm(OE) qti_battery_charger(E) qti_battery_debug(E) ipa_fmwk(E) wlan_firmware_service(OE) qti_qmi_sensor_v2(E) charger_ulog_glink(E) phy_generic(E) wsa884x_dlkm(OE) mhi(E) spss_utils(E) redriver(E) qcom_q6v5_pas(E) qseecom_proxy(E) qcom_pil_info(E) coresight_dummy(E) qcom_q6v5(E) mbhc_dlkm(OE) stub_dlkm(OE) qcom_lpm(E) qcom_ramdump(E) sys_pm_vx(E) coresight_csr(E) coresight_tgu(E) q6_pdr_dlkm(OE) msm_ext_display(OE) qrng_dlkm(OE) swr_dlkm(OE) wcd_core_dlkm(OE) subsystem_sleep_stats(E) qcom_spss(E) glink_probe(E) panel_event_notifier(E) msm_memshare(E) qsee_ipc_irq_bridge(E) qcom_glink_spss(E) qcom_sysmon(E) pmic_glink(E) pdr_interface(E) pci_msm_drv(E) coresight(E)
[    5.134649] gh_tlmm_vm_mem_access(E) qti_devfreq_cdev(E) heap_mem_ext_v01(E) qcom_cpufreq_hw_debug(E) rproc_qcom_common(E) qcom_cpuss_sleep_stats(E) pmic_pon_log(E) qmi_helpers(E) sysmon_subsystem_stats(E) smp2p(E) msm_gpi(E) phy_qcom_ufs_qmp_v4_khaje(E) gh_mem_notifier(E) msm_show_epoch(E) soc_sleep_stats(E) qbt_handler(E) smp2p_sleepstate(E) debugcc_kalama(E) pinctrl_somc_pmic(E) bam_dma(E) pinctrl_spmi_mpp(E) qcom_smd(E) pwm_qti_lpg(E) phy_qcom_ufs_qmp_v4(E) gpucc_kalama(E) phy_qcom_ufs_qmp_v4_waipio(E) qcom_glink_smem(E) qcom_glink(E) msm_sysstats(E) msm_show_resume_irq(E) zram(E) wakeup_irq_debug(E) zsmalloc(E) nvme(E) nvme_core(E) bcl_pmic5(E) c1dcvs_scmi(E) c1dcvs_vendor(E) qcom_rimps(E) sdhci_msm(E) arm_smmu(E) ufs_qcom(E) ufshcd_crypto_qti(E) msm_qmp(E) qcom_aoss(E) stub_regulator(E) socinfo(E) rtc_pm8xxx(E) qrtr(E) qcom_reboot_reason(E) spmi_pmic_arb(E) qcom_spmi_pmic(E) regmap_spmi(E) qti_regmap_debugfs(E) pmu_scmi(E) pmu_vendor(E) qcom_pmu_lib(E)
[    5.134680] qcom_llcc_pmu(E) qcom_iommu_util(E) qcom_logbuf_vh(E) debug_symbol(E) qcom_dload_mode(E) pinctrl_somc(E) phy_qcom_ufs_qrbtc_sdm845(E) phy_qcom_ufs_qmp_v4_kalama(E) phy_qcom_ufs(E) nvmem_qcom_spmi_sdam(E) ns(E) qnoc_kalama(E) qnoc_qos(E) pinctrl_kalama(E) pinctrl_msm(E) memory_dump_v2(E) mem_buf(E) qcom_dma_heaps(E) msm_dma_iommu_mapping(E) mem_buf_msgq(E) mem_buf_dev(E) mem_hooks(E) llcc_qcom(E) iommu_logger(E) gunyah(E) mdt_loader(E) secure_buffer(E) gh_ctrl(E) videocc_kalama(E) tcsrcc_kalama(E) dispcc_kalama(E) dcc_v2(E) crypto_qti_common(E) crypto_qti_hwkm(E) hwkm(E) tmecom_intf(E) cqhci(E) clk_dummy(E) cpu_hotplug(E) thermal_pause(E) sched_walt(E) qcom_cpufreq_hw(E) bwmon(E) qcom_dcvs(E) dcvs_fp(E) rpmh_regulator(E) qcom_tsens(E) thermal_minidump(E) qcom_pdc(E) qcom_ipcc(E) camcc_kalama(E) icc_rpmh(E) icc_debug(E) icc_bcm_voter(E) gcc_kalama(E) clk_qcom(E) gdsc_regulator(E) debug_regulator(E) proxy_consumer(E) clk_rpmh(E) qcom_rpmh(E) cmd_db(E)
[    5.134713] qcom_ipc_logging(E) qcom_cpu_vendor_hooks(E) gh_virt_wdt(E) qcom_wdt_core(E) qcom_scm(E) minidump(E) smem(E) qcom_hwspinlock(E) gh_rm_drv(E) gh_dbl(E) gh_msgq(E) gh_arm_drv(E)
[    5.134720] CPU: 6 PID: 726 Comm: modprobe Tainted: G S         OE     5.15.189-android13-8-00016-g51bba4309aac-ab14546557 #1
[    5.134723] Hardware name: Sony Corporation. PDX-234 J(Kalama QRD) (DT)
[    5.134724] pstate: 82400005 (Nzcv daif +PAN -UAO +TCO -DIT -SSBS BTYPE=--)
[    5.134726] pc : device_links_driver_bound+0x258/0x54c
[    5.134729] lr : device_links_driver_bound+0x198/0x54c
[    5.134731] sp : ffffffc01580b770
[    5.134732] x29: ffffffc01580b790 x28: 0000000000047a8c x27: ffffff800398b4e0
[    5.134735] x26: ffffffe5fae3c978 x25: 00000000ffffffff x24: ffffffe5fae3c000
[    5.134737] x23: 0000000000000003 x22: ffffff800398b4e0 x21: ffffffe5fae3c000
[    5.134739] x20: ffffff8034578010 x19: ffffff800398b410 x18: ffffffc00f13c0a0
[    5.134742] x17: 0000000000000008 x16: 0000000000030001 x15: 0000000000030001
[    5.134744] x14: ffffff800396b8a0 x13: ffffff800396b788 x12: ffffff800396b899
[    5.134746] x11: 0000000000000001 x10: ffffff8003c65808 x9 : 0000000000000000
[    5.134748] x8 : ffffff8052823020 x7 : 7f7f7f7f7f7f7f7f x6 : 1f736e4cff716468
[    5.134751] x5 : 0000000000000011 x4 : 0000000000000018 x3 : ffffffc01580b778
[    5.134753] x2 : ffffffc01580b778 x1 : ffffffc01580b778 x0 : ffffff80037c4810
[    5.134755] Call trace:
[    5.134756] device_links_driver_bound+0x258/0x54c
[    5.134758] driver_bound+0x48/0x11c
[    5.134761] really_probe+0x200/0x500
[    5.134764] __driver_probe_device+0xa8/0x130
[    5.134766] driver_probe_device+0x48/0x1e8
[    5.134768] __driver_attach+0x1cc/0x2c0
[    5.134770] driver_attach+0x5c/0xc0
[    5.134772] bus_add_driver+0x114/0x26c
[    5.134774] driver_register+0x84/0x17c
[    5.134777] __platform_driver_register+0x28/0x38
[    5.134779] init_module+0x50/0xbd8 [msm_kgsl]
[    5.135146] do_one_initcall+0xe0/0x358
[    5.135150] do_init_module+0x60/0x64c
[    5.135154] load_module+0x155c/0x1830
[    5.135156] __arm64_sys_finit_module+0x18c/0x1a0
[    5.135158] invoke_syscall+0x60/0x150
[    5.135161] el0_svc_common+0xb8/0xf8
[    5.135163] do_el0_svc+0x28/0x98
[    5.135164] el0_svc+0x24/0x84
[    5.135169] el0t_64_sync_handler+0x88/0xec
[    5.135171] el0t_64_sync+0x1b8/0x1bc
[    5.135173] ---[ end trace 29ee58f85702243d ]---
[    5.135177] gpu_cc-kalama 3d90000.clock-controller: sync-state
[    5.136087] msm_drm ae00000.qcom,mdss_mdp: bound af20000.qcom,sde_rscc (ops sde_rsc_comp_ops [msm_drm])
[    5.136459] msm_drm ae00000.qcom,mdss_mdp: bound soc:qcom,wb-display@1 (ops sde_wb_comp_ops [msm_drm])
[    5.136677] msm_drm ae00000.qcom,mdss_mdp: bound soc:qcom,wb-display@2 (ops sde_wb_comp_ops [msm_drm])
[    5.136885] msm_drm ae00000.qcom,mdss_mdp: bound ae90000.qcom,dp_display (ops dp_display_comp_ops [msm_drm])
[    5.137469] [drm:dsi_display_bind [msm_drm]] [msm-dsi-info]: Successfully bind display panel 'somc,1_panel '
[    5.137692] msm_drm ae00000.qcom,mdss_mdp: bound soc:qcom,dsi-display-primary (ops dsi_display_comp_ops [msm_drm])
[    5.137911] [drm] mapped mdp address space @0000000000000000
[    5.138018] Failed to create system directory wlan
[    5.138110] Failed to create system directory wlan
[    5.138142] Failed to create system directory wlan
[    5.138179] Failed to create system directory wlan
[    5.138209] Failed to create system directory wlan
[    5.138240] Failed to create system directory wlan
[    5.138271] Failed to create system directory wlan
[    5.138300] Failed to create system directory wlan
[    5.138329] Failed to create system directory wlan
[    5.138360] Failed to create system directory wlan
[    5.138700] Failed to create system directory camera
[    5.138775] Failed to create system directory camera
[    5.138812] Failed to create system directory camera
[    5.138849] Failed to create system directory camera
[    5.138883] Failed to create system directory camera
[    5.138897] [drm:_sde_kms_hw_init_blocks:4934] sde hardware revision:0x90000001
[    5.138917] Failed to create system directory camera
[    5.138952] Failed to create system directory camera
[    5.138983] Failed to create system directory camera
[    5.139014] Failed to create system directory camera
[    5.139047] Failed to create system directory camera
[    5.139080] Failed to create system directory camera
[    5.139112] Failed to create system directory camera
[    5.139148] Failed to create system directory camera
[    5.139179] Failed to create system directory camera
[    5.139209] Failed to create system directory camera
[    5.139242] Failed to create system directory camera
[    5.139275] Failed to create system directory camera
[    5.139413] kauditd_printk_skb: 901 callbacks suppressed
[    5.139417] audit: type=1400 audit(3530353.199:408): avc:  denied  { search } for  pid=599 comm="modprobe" name="events" dev="tracefs" ino=23721 scontext=u:r:vendor_modprobe:s0 tcontext=u:object_r:debugfs_libselinux_tracing:s0 tclass=dir permissive=0
[    5.139422] audit: type=1400 audit(3530353.199:409): avc:  denied  { search } for  pid=599 comm="modprobe" name="events" dev="tracefs" ino=23721 scontext=u:r:vendor_modprobe:s0 tcontext=u:object_r:debugfs_libselinux_tracing:s0 tclass=dir permissive=0
[    5.139425] audit: type=1400 audit(3530353.199:410): avc:  denied  { search } for  pid=599 comm="modprobe" name="events" dev="tracefs" ino=23721 scontext=u:r:vendor_modprobe:s0 tcontext=u:object_r:debugfs_libselinux_tracing:s0 tclass=dir permissive=0
[    5.139427] audit: type=1400 audit(3530353.199:411): avc:  denied  { search } for  pid=599 comm="modprobe" name="events" dev="tracefs" ino=23721 scontext=u:r:vendor_modprobe:s0 tcontext=u:object_r:debugfs_libselinux_tracing:s0 tclass=dir permissive=0
[    5.139429] audit: type=1400 audit(3530353.199:412): avc:  denied  { search } for  pid=599 comm="modprobe" name="events" dev="tracefs" ino=23721 scontext=u:r:vendor_modprobe:s0 tcontext=u:object_r:debugfs_libselinux_tracing:s0 tclass=dir permissive=0
[    5.139431] audit: type=1400 audit(3530353.199:413): avc:  denied  { search } for  pid=599 comm="modprobe" name="events" dev="tracefs" ino=23721 scontext=u:r:vendor_modprobe:s0 tcontext=u:object_r:debugfs_libselinux_tracing:s0 tclass=dir permissive=0
[    5.139432] audit: type=1400 audit(3530353.199:414): avc:  denied  { search } for  pid=599 comm="modprobe" name="events" dev="tracefs" ino=23721 scontext=u:r:vendor_modprobe:s0 tcontext=u:object_r:debugfs_libselinux_tracing:s0 tclass=dir permissive=0
[    5.139434] audit: type=1400 audit(3530353.199:415): avc:  denied  { search } for  pid=599 comm="modprobe" name="events" dev="tracefs" ino=23721 scontext=u:r:vendor_modprobe:s0 tcontext=u:object_r:debugfs_libselinux_tracing:s0 tclass=dir permissive=0
[    5.139439] audit: type=1400 audit(3530353.199:416): avc:  denied  { search } for  pid=599 comm="modprobe" name="events" dev="tracefs" ino=23721 scontext=u:r:vendor_modprobe:s0 tcontext=u:object_r:debugfs_libselinux_tracing:s0 tclass=dir permissive=0
[    5.139441] audit: type=1400 audit(3530353.199:417): avc:  denied  { search } for  pid=599 comm="modprobe" name="events" dev="tracefs" ino=23721 scontext=u:r:vendor_modprobe:s0 tcontext=u:object_r:debugfs_libselinux_tracing:s0 tclass=dir permissive=0
[    5.139553] Failed to create system directory rndis_ipa
[    5.139577] CAM_INFO: CAM-UTIL: camera_init: 293 Camera-Banner: (hudsonslave@ip-10-26-39-18) (Mon May 18 06:17:38 UTC 2026)
[    5.139610] Failed to create system directory rndis_ipa
[    5.139636] Failed to create system directory rndis_ipa
[    5.139765] RNDIS_IPA module is loaded.
[    5.140015] wlan: Loading driver v5.2.1.45E +PANIC_ON_BUG; cld:I1f3a564864; cmn:Ic393d699a2; dev:kiwi_v2
[    5.141308] cnss: WLAN register driver deferred for Calibration
[    5.141337] wlan_hdd_state wlan major(469) initialized
[    5.141351] rmnet_ipa3 started initialization
[    5.141191] [drm:dsi_panel_get_mode [msm_drm]] [msm-dsi-info]: default topology: lm: 2 comp_enc:2 intf: 2
[    5.141618] [drm:dsi_panel_get_mode [msm_drm]] [msm-dsi-info]: default topology: lm: 2 comp_enc:2 intf: 2
[    5.141916] [drm:dsi_panel_get_mode [msm_drm]] [msm-dsi-info]: default topology: lm: 2 comp_enc:2 intf: 2
[    5.142227] [drm:dsi_panel_get_mode [msm_drm]] [msm-dsi-info]: default topology: lm: 2 comp_enc:2 intf: 2
[    5.143242] [drm:dp_pll_get][msm-dp-info][867 ]revision=DP_PLL_4NM_V1_1, ssc_en=0, bonding_en=0
[    5.143732] [drm:dp_display_initialize_hdcp][msm-dp-info][867 ]HDCP 1.3 initialized
[    5.143789] [drm:dp_display_initialize_hdcp][msm-dp-info][867 ]HDCP 2.2 initialized
[    5.143937] [drm:dp_mst_init][msm-dp-info][867 ]dp drm mst topology manager init completed
[    5.145017] gh_msgq: Registered client for label: 2
[    5.146281] [drm] Initialized msm_drm 1.4.0 20130625 for ae00000.qcom,mdss_mdp on minor 0
[    5.146286] [drm] cont_splash enabled in 1 of 1 display(s)
[    5.146344] [drm:dsi_ctrl_isr_configure [msm_drm]] [msm-dsi-info]: dsi-ctrl-0: IRQ 381 registered
[    5.146642] [drm:dsi_ctrl_isr_configure [msm_drm]] [msm-dsi-info]: dsi-ctrl-1: IRQ 382 registered
[    5.147218] tcsr_cc-kalama 1fc0000.clock-controller: sync-state
[    5.147236] disp_cc-kalama af00000.clock-controller: sync-state
[    5.149502] msm_cam_smmu soc:qcom,cam_smmu:msm_cam_smmu_ife: Adding to iommu group 48
[    5.150033] msm_cam_smmu soc:qcom,cam_smmu:msm_cam_smmu_jpeg: Adding to iommu group 49
[    5.150380] msm_cam_smmu soc:qcom,cam_smmu:msm_cam_smmu_icp: Adding to iommu group 50
[    5.151259] lxs_ts: SW82907 driver init - 0.01b-f1
[    5.151323] IPA clients manager init
[    5.151328] ipa_usb driver init
[    5.151450] ipa_usb registered successfully
[    5.151453] exit: IPA_USB init success!
[    5.151453] msm_cam_smmu soc:qcom,cam_smmu:msm_cam_smmu_cdm: Adding to iommu group 51
[    5.151456] ipa_wdi3 registered successfully
[    5.151458] ipa_gsb registered successfully
[    5.151460] ipa_uc_offload registered successfully
[    5.151462] ipa_mhi registered successfully
[    5.151464] ipa_wigig registered successfully
[    5.151466] ipa_eth registered successfully
[    5.151469] ipa_qdss registered successfully
[    5.151780] lxs_ts 2-0028: i2c: bus probe : a90000.i2c/i2c-2/2-0028
[    5.151793] lxs_ts 2-0028: pinctrl: not found
[    5.151837] lxs_ts 2-0028: build opt  : __LXS_SUPPORT_PINCTRL
[    5.151839] lxs_ts 2-0028: build opt  : __LXS_SUPPORT_OLED
[    5.151840] lxs_ts 2-0028: build opt  : __LXS_SUPPORT_LPWG
[    5.151841] lxs_ts 2-0028: build opt  : __LXS_SUPPORT_WATCHDOG
[    5.151842] lxs_ts 2-0028: chip type  : 0x0897
[    5.151843] lxs_ts 2-0028: chip class : 7601
[    5.151844] lxs_ts 2-0028: chip name  : SW82907
[    5.151846] lxs_ts 2-0028: drv name   : lxs_ts
[    5.151846] lxs_ts 2-0028: input name : lxs_ts_input
[    5.151848] lxs_ts 2-0028: max finger : 10
[    5.151849] lxs_ts 2-0028: mode bit   : 0x00000007
[    5.151850] lxs_ts 2-0028: tx_hdr     : 2
[    5.151851] lxs_ts 2-0028: rx_hdr     : 0
[    5.151852] lxs_ts 2-0028: tx_dummy   : 0
[    5.151852] lxs_ts 2-0028: rx_dummy   : 0
[    5.151853] lxs_ts 2-0028: LXS Touch Probe
[    5.151854] lxs_ts 2-0028: DTS parsing
[    5.151861] lxs_ts 2-0028: of gpio  : reset-gpio 325
[    5.151864] lxs_ts 2-0028: of gpio  : irq-gpio 326
[    5.151866] lxs_ts 2-0028: coord(dt): max_x 1644, max_y 3840
[    5.151868] lxs_ts 2-0028: coord(dt): zone's size not found
[    5.151869] lxs_ts 2-0028: coord(dt): zone's size - indicator:48, navigation:96, edge:60
[    5.151875] lxs_ts 2-0028: of_string : panel_spec sw82907_test_spec_v0.1.txt
[    5.151876] lxs_ts 2-0028: of_string : self_test sw82907_self_test.txt
[    5.151879] lxs_ts 2-0028: pt(dt): pt_open_cmp 4800 8192
[    5.151880] lxs_ts 2-0028: pt(dt): pt_short_gnd_cmp 6500 8192
[    5.151881] lxs_ts 2-0028: pt(dt): pt_short_trx_cmp 6500 8192
[    5.151883] lxs_ts 2-0028: pt(dt): pt_short_vdd_cmp 0 5200
[    5.151884] lxs_ts 2-0028: pt(dt): pt_sync_v_cmp 57 63
[    5.151885] lxs_ts 2-0028: DTS parsing done
[    5.151886] lxs_ts 2-0028:  max_x           = 1644
[    5.151887] lxs_ts 2-0028:  max_y           = 3840
[    5.151888] lxs_ts 2-0028:  use_lpwg        = 1
[    5.151889] lxs_ts 2-0028:  use_firmware    = 1
[    5.151890] lxs_ts 2-0028:  use_fw_upgrade  = 1
[    5.151891] lxs_ts 2-0028:  use_fw_ver_diff = 1
[    5.151960] lxs_ts 2-0028: gpio_irq: gpio_request_one(326, 1, lxs_gpio_irq)
[    5.151964] lxs_ts 2-0028: input cfg status : __LXS_CONFIG_INPUT_ANDROID
[    5.152011] input: lxs_ts_input as /devices/virtual/input/input4
[    5.152035] lxs_ts 2-0028: input device[input4, i2c-2/2-0028/lxs_ts_input] registered
[    5.152037] lxs_ts 2-0028: input finger: x 1644, y 3840, press 255, width 15, orient 90, t 0
[    5.152078] lxs_ts 2-0028: sysfs initialized
[    5.152087] gcc-kalama 100000.clock-controller: sync-state
[    5.155937] SPI driver qcom_eeprom has no spi_device_id for qcom,eeprom
[    5.157169] synx: registered bind ops type 0 for cam_sync
[    5.157172] cam_req_mgr soc:qcom,cam-req-mgr: bound soc:qcom,cam-sync (ops cam_sync_component_ops [camera])
[    5.157486] cam_req_mgr soc:qcom,cam-req-mgr: bound soc:qcom,cam_smmu (ops cam_smmu_component_ops [camera])
[    5.157658] cam_req_mgr soc:qcom,cam-req-mgr: bound soc:qcom,cam_smmu:msm_cam_smmu_ife (ops cam_smmu_cb_component_ops [camera])
[    5.157816] cam_req_mgr soc:qcom,cam-req-mgr: bound soc:qcom,cam_smmu:msm_cam_smmu_jpeg (ops cam_smmu_cb_component_ops [camera])
[    5.157978] cam_req_mgr soc:qcom,cam-req-mgr: bound soc:qcom,cam_smmu:msm_cam_smmu_icp (ops cam_smmu_cb_component_ops [camera])
[    5.158130] cam_req_mgr soc:qcom,cam-req-mgr: bound soc:qcom,cam_smmu:msm_cam_smmu_cdm (ops cam_smmu_cb_component_ops [camera])
[    5.158278] cam_req_mgr soc:qcom,cam-req-mgr: bound soc:qcom,cam_smmu:msm_cam_smmu_secure (ops cam_smmu_cb_component_ops [camera])
[    5.158795] CAM_INFO: CAM-CPAS: cam_cpas_get_hw_features: 634 No or invalid fuse entries count: -22
[    5.160444] CAM_INFO: CAM-CPAS: cam_cpas_hw_get_hw_info: 2407 fuse info->num_fuses 0
[    5.160467] cam_req_mgr soc:qcom,cam-req-mgr: bound ac13000.qcom,cam-cpas (ops cam_cpas_dev_component_ops [camera])
[    5.160760] cam_req_mgr soc:qcom,cam-req-mgr: bound soc:qcom,cam-cdm-intf (ops cam_cdm_intf_component_ops [camera])
[    5.161868] CAM_WARN: CAM-CPAS: cam_cpas_hw_stop: 2199 Client=[26][rt-cdm][0] qchannel shut down while top gdsc is still on 1
[    5.162117] cam_req_mgr soc:qcom,cam-req-mgr: bound ac25000.qcom,rt-cdm0 (ops cam_hw_cdm_component_ops [camera])
[    5.175804] CAM_ERR: CAM-CPAS: cam_cpastop_qchannel_handshake: 998 CPAS_START camnoc idle sequence failed, qstat 0x0
[    5.175827] CAM_WARN: CAM-CPAS: cam_cpas_hw_start: 2003 failed in qchannel_handshake rc=-22
[    5.176019] CAM_WARN: CAM-CPAS: cam_cpas_hw_stop: 2199 Client=[27][rt-cdm][1] qchannel shut down while top gdsc is still on 1
[    5.176264] cam_req_mgr soc:qcom,cam-req-mgr: bound ac26000.qcom,rt-cdm1 (ops cam_hw_cdm_component_ops [camera])
[    5.190399] servicemanager: Starting sm instance on /dev/binder
[    5.191245] logd: libprocessgroup: JoinCgroup: controller schedtune is not found
[    5.192735] SELinux: Multiple same specifications for vendor.qti.gnss.ILocAidlGnss/default.
[    5.193298] SELinux: SELinux: Loaded service context from:
[    5.193304] SELinux: 		/system/etc/selinux/plat_service_contexts
[    5.193308] SELinux: 		/system_ext/etc/selinux/system_ext_service_contexts
[    5.193311] SELinux: 		/product/etc/selinux/product_service_contexts
[    5.193314] SELinux: 		/vendor/etc/selinux/vendor_service_contexts
[    5.194711] CAM_ERR: CAM-CPAS: cam_cpastop_qchannel_handshake: 998 CPAS_START camnoc idle sequence failed, qstat 0x0
[    5.194771] CAM_WARN: CAM-CPAS: cam_cpas_hw_start: 2003 failed in qchannel_handshake rc=-22
[    5.194986] CAM_WARN: CAM-CPAS: cam_cpas_hw_stop: 2199 Client=[28][rt-cdm][2] qchannel shut down while top gdsc is still on 1
[    5.195314] cam_req_mgr soc:qcom,cam-req-mgr: bound ac27000.qcom,rt-cdm2 (ops cam_hw_cdm_component_ops [camera])
[    5.196008] init: wait for '/dev/block/platform/soc/1d84000.ufshc' took 0ms
[    5.210116] CAM_ERR: CAM-CPAS: cam_cpastop_qchannel_handshake: 998 CPAS_START camnoc idle sequence failed, qstat 0x0
[    5.210145] CAM_WARN: CAM-CPAS: cam_cpas_hw_start: 2003 failed in qchannel_handshake rc=-22
[    5.210354] CAM_WARN: CAM-CPAS: cam_cpas_hw_stop: 2199 Client=[29][rt-cdm][3] qchannel shut down while top gdsc is still on 1
[    5.210644] cam_req_mgr soc:qcom,cam-req-mgr: bound ac28000.qcom,rt-cdm3 (ops cam_hw_cdm_component_ops [camera])
[    5.218939] cutils-trace: Error opening trace file: No such file or directory (2)
[    5.219069] SELinux: avc:  denied  { find } for pid=968 uid=1069 name=vendor.qti.hardware.perf2.IPerf/default scontext=u:r:lmkd:s0 tcontext=u:object_r:default_android_service:s0 tclass=service_manager permissive=0
[    5.221228] SELinux: avc:  denied  { find } for pid=968 uid=1069 name=vendor.qti.hardware.perf2.IPerf/default scontext=u:r:lmkd:s0 tcontext=u:object_r:default_android_service:s0 tclass=service_manager permissive=0
[    5.225225] CAM_ERR: CAM-CPAS: cam_cpastop_qchannel_handshake: 998 CPAS_START camnoc idle sequence failed, qstat 0x0
[    5.225268] CAM_WARN: CAM-CPAS: cam_cpas_hw_start: 2003 failed in qchannel_handshake rc=-22
[    5.225459] CAM_WARN: CAM-CPAS: cam_cpas_hw_stop: 2199 Client=[30][rt-cdm][4] qchannel shut down while top gdsc is still on 1
[    5.225766] cam_req_mgr soc:qcom,cam-req-mgr: bound ac29000.qcom,rt-cdm4 (ops cam_hw_cdm_component_ops [camera])
[    5.226236] cam_req_mgr soc:qcom,cam-req-mgr: bound acb7000.qcom,csid0 (ops cam_ife_csid_component_ops [camera])
[    5.226584] cam_req_mgr soc:qcom,cam-req-mgr: bound acb9000.qcom,csid1 (ops cam_ife_csid_component_ops [camera])
[    5.226848] cam_req_mgr soc:qcom,cam-req-mgr: bound acbb000.qcom,csid2 (ops cam_ife_csid_component_ops [camera])
[    5.227122] cam_req_mgr soc:qcom,cam-req-mgr: bound acca000.qcom,csid-lite0 (ops cam_ife_csid_component_ops [camera])
[    5.227367] cam_req_mgr soc:qcom,cam-req-mgr: bound acce000.qcom,csid-lite1 (ops cam_ife_csid_component_ops [camera])
[    5.227843] cam_req_mgr soc:qcom,cam-req-mgr: bound ac62000.qcom,ife0 (ops cam_vfe_component_ops [camera])
[    5.228252] cam_req_mgr soc:qcom,cam-req-mgr: bound ac71000.qcom,ife1 (ops cam_vfe_component_ops [camera])
[    5.228701] cam_req_mgr soc:qcom,cam-req-mgr: bound ac80000.qcom,ife2 (ops cam_vfe_component_ops [camera])
[    5.229003] cam_req_mgr soc:qcom,cam-req-mgr: bound acca000.qcom,ife-lite0 (ops cam_vfe_component_ops [camera])
[    5.229311] cam_req_mgr soc:qcom,cam-req-mgr: bound acce000.qcom,ife-lite1 (ops cam_vfe_component_ops [camera])
[    5.229684] cam_req_mgr soc:qcom,cam-req-mgr: bound ac9e000.qcom,sfe0 (ops cam_sfe_component_ops [camera])
[    5.230033] cam_req_mgr soc:qcom,cam-req-mgr: bound aca6000.qcom,sfe1 (ops cam_sfe_component_ops [camera])
[    5.230222] CAM_ERR: CAM-ISP: cam_vfe_hw_init: 229 inval param
[    5.230225] CAM_ERR: CAM-ISP: cam_vfe_hw_init: 229 inval param
[    5.230226] CAM_ERR: CAM-ISP: cam_vfe_hw_init: 229 inval param
[    5.230301] cam_req_mgr soc:qcom,cam-req-mgr: bound soc:qcom,cam-isp (ops cam_isp_dev_component_ops [camera])
[    5.230813] cam_req_mgr soc:qcom,cam-req-mgr: bound ac15000.qcom,cci0 (ops cam_cci_component_ops [camera])
[    5.231403] cam_req_mgr soc:qcom,cam-req-mgr: bound ac16000.qcom,cci1 (ops cam_cci_component_ops [camera])
[    5.231804] cam_req_mgr soc:qcom,cam-req-mgr: bound ac17000.qcom,cci2 (ops cam_cci_component_ops [camera])
[    5.232233] cam_req_mgr soc:qcom,cam-req-mgr: bound ace4000.qcom,csiphy0 (ops cam_csiphy_component_ops [camera])
[    5.232655] cam_req_mgr soc:qcom,cam-req-mgr: bound ace6000.qcom,csiphy1 (ops cam_csiphy_component_ops [camera])
[    5.233027] cam_req_mgr soc:qcom,cam-req-mgr: bound ace8000.qcom,csiphy2 (ops cam_csiphy_component_ops [camera])
[    5.233411] cam_req_mgr soc:qcom,cam-req-mgr: bound acea000.qcom,csiphy3 (ops cam_csiphy_component_ops [camera])
[    5.233836] cam_req_mgr soc:qcom,cam-req-mgr: bound acec000.qcom,csiphy4 (ops cam_csiphy_component_ops [camera])
[    5.234205] cam_req_mgr soc:qcom,cam-req-mgr: bound acee000.qcom,csiphy5 (ops cam_csiphy_component_ops [camera])
[    5.234567] cam_req_mgr soc:qcom,cam-req-mgr: bound acf0000.qcom,csiphy6 (ops cam_csiphy_component_ops [camera])
[    5.234917] cam_req_mgr soc:qcom,cam-req-mgr: bound acf2000.qcom,csiphy7 (ops cam_csiphy_component_ops [camera])
[    5.235255] cam_req_mgr soc:qcom,cam-req-mgr: bound ac01000.qcom,icp (ops cam_icp_v2_component_ops [camera])
[    5.235574] cam_req_mgr soc:qcom,cam-req-mgr: bound ac42000.qcom,ipe0 (ops cam_ipe_component_ops [camera])
[    5.235940] cam_req_mgr soc:qcom,cam-req-mgr: bound ac2c000.qcom,bps (ops cam_bps_component_ops [camera])
[    5.236899] cam_req_mgr soc:qcom,cam-req-mgr: bound soc:qcom,cam-icp (ops cam_icp_component_ops [camera])
[    5.237272] cam_req_mgr soc:qcom,cam-req-mgr: bound ac2a000.qcom,jpegenc0 (ops cam_jpeg_enc_component_ops [camera])
[    5.237533] cam_req_mgr soc:qcom,cam-req-mgr: bound ac2b000.qcom,jpegdma0 (ops cam_jpeg_dma_component_ops [camera])
[    5.238023] cam_req_mgr soc:qcom,cam-req-mgr: bound soc:qcom,cam-jpeg (ops cam_jpeg_dev_component_ops [camera])
[    5.238188] CAM_INFO: CAM-CRM: cam_req_mgr_component_master_bind: 1028 All components bound successfully, Spectra camera driver initialized
[    5.251273] modprobe: Loading module /vendor/lib/modules/slg51000-regulator.ko with args ''
[    5.253142] slg51000-regulator 0-0075: supply vdd not found, using dummy regulator
[    5.266315] slg51000_a_ldo3: supplied by regulator-dummy
[    5.267104] slg51000_a_ldo4: supplied by regulator-dummy
[    5.268119] slg51000_a_ldo5: supplied by regulator-dummy
[    5.269147] slg51000_a_ldo6: supplied by regulator-dummy
[    5.270451] slg51000_a_ldo7: supplied by cam_pmic0_vin7_supply
[    5.270707] slg51000-regulator 0-0075: No IRQ configured
[    5.270991] modprobe: Loaded kernel module /vendor/lib/modules/slg51000-regulator.ko
[    5.271095] modprobe: Loading module /vendor/lib/modules/qcom_glink.ko with args ''
[    5.271312] modprobe: Loading module /vendor/lib/modules/qcom_glink_smem.ko with args ''
[    5.271380] modprobe: Loading module /vendor/lib/modules/qcom_smd.ko with args ''
[    5.271462] modprobe: Loading module /vendor/lib/modules/rproc_qcom_common.ko with args ''
[    5.271568] modprobe: Loading module /vendor/lib/modules/qmi_helpers.ko with args ''
[    5.271659] modprobe: Loading module /vendor/lib/modules/pdr_interface.ko with args ''
[    5.271732] modprobe: Loading module /vendor/lib/modules/panel_event_notifier.ko with args ''
[    5.271786] modprobe: Loading module /vendor/lib/modules/qcom_va_minidump.ko with args ''
[    5.281660] SPI driver sony_camera_spi_subdev has no spi_device_id for sony,camera_subdev
[    5.337575] cam_cc-kalama ade0000.clock-controller: sync-state
[    5.354102] printk: modprobe: 9 output lines suppressed due to ratelimiting
[    5.355320] init: wait for '/dev/block/bootdevice/by-name/TA' took 0ms
[    5.376235] EXT4-fs (sda3): Ignoring removed nomblk_io_submit option
[    5.377506] EXT4-fs (sda3): mounted filesystem with ordered data mode. Opts: errors=remount-ro,nomblk_io_submit. Quota mode: none.
[    5.386620] e2fsck: e2fsck 1.46.6 (1-Feb-2023)
[    5.387437] e2fsck: /dev/block/bootdevice/by-name/persist: clean, 422/8192 files, 1830/8192 blocks
[    5.388938] EXT4-fs (sda3): mounted filesystem with ordered data mode. Opts: barrier=1,discard. Quota mode: none.
[    5.391024] EXT4-fs (sda67): mounted filesystem with ordered data mode. Opts: barrier=1. Quota mode: none.
[    5.398899] EXT4-fs (sda54): Ignoring removed nomblk_io_submit option
[    5.400125] EXT4-fs (sda54): mounted filesystem with ordered data mode. Opts: errors=remount-ro,nomblk_io_submit. Quota mode: none.
[    5.404752] e2fsck: e2fsck 1.46.6 (1-Feb-2023)
[    5.405729] e2fsck: /dev/block/bootdevice/by-name/appslog: clean, 655/4096 files, 3433/4096 blocks
[    5.407905] EXT4-fs (sda54): mounted filesystem with ordered data mode. Opts: barrier=1,discard. Quota mode: none.
[    5.408401] EXT4-fs (sda55): Ignoring removed nomblk_io_submit option
[    5.409142] EXT4-fs (sda55): mounted filesystem with ordered data mode. Opts: errors=remount-ro,nomblk_io_submit. Quota mode: none.
[    5.413538] e2fsck: e2fsck 1.46.6 (1-Feb-2023)
[    5.414284] e2fsck: /dev/block/bootdevice/by-name/diag: clean, 35/8192 files, 2077/8192 blocks
[    5.415474] EXT4-fs (sda55): mounted filesystem with ordered data mode. Opts: barrier=1,discard. Quota mode: none.
[    5.424772] vdc: Waited 0ms for vold
[    5.482668] vdc: Waited 0ms for vold
[    5.496505] vdc: Waited 0ms for vold
[    5.645196] gh_secure_vm_loader soc:gh-secure-vm-loader@2: Direct firmware load for cpusys_vm.mdt failed with error -2
[    5.645206] gh_secure_vm_loader soc:gh-secure-vm-loader@2: Falling back to sysfs fallback for: cpusys_vm.mdt
[    6.002802] ueventd: firmware: loading 'ipa_fws.mdt' for '/devices/platform/soc/3e00000.qcom,ipa/firmware/ipa_fws.mdt'
[    6.002962] ueventd: found /vendor/firmware_mnt/image/ipa_fws.mdt for /devices/platform/soc/3e00000.qcom,ipa/firmware/ipa_fws.mdt
[    6.003215] ueventd: loading /devices/platform/soc/3e00000.qcom,ipa/firmware/ipa_fws.mdt took 0ms
[    6.003739] ipa 3e00000.qcom,ipa: Direct firmware load for ipa_fws.b04 failed with error -2
[    6.003744] ipa 3e00000.qcom,ipa: Falling back to sysfs fallback for: ipa_fws.b04
[    6.107533] cs40l2x 3-0040: Direct firmware load for cs40l20.bin failed with error -2
[    6.107537] cs40l2x 3-0040: Falling back to sysfs fallback for: cs40l20.bin
[    6.107564] cs40l2x 3-0040: Direct firmware load for cs40l25a_a2h.bin failed with error -2
[    6.107566] cs40l2x 3-0040: Falling back to sysfs fallback for: cs40l25a_a2h.bin
[    6.107581] cs40l2x 3-0040: Direct firmware load for cs40l25a_f0.bin failed with error -2
[    6.107582] cs40l2x 3-0040: Falling back to sysfs fallback for: cs40l25a_f0.bin
[    6.285514] tmecom-qmp-client soc:qcom,tmecom-qmp-client: response received
[    6.304195] fsck.f2fs: Info: Automatic fix mode enabled.
[    6.304457] fsck.f2fs: Info: not exist /proc/version!
[    6.304671] fsck.f2fs: Info: MKFS version
[    6.304673] fsck.f2fs:   "6.1.163-186.299.amzn2023.x86_64"
[    6.304676] fsck.f2fs: Info: FSCK version
[    6.304677] fsck.f2fs:   from "5.15.189-android13-8-00016-g51bba4309aac-ab14546557"
[    6.304679] fsck.f2fs:     to "5.15.189-android13-8-00016-g51bba4309aac-ab14546557"
[    6.304683] fsck.f2fs: Info: superblock features = 1499 :  encrypt extra_attr project_quota quota verity casefold
[    6.304685] fsck.f2fs: Info: superblock encrypt level = 0, salt = 00000000000000000000000000000000
[    6.304688] fsck.f2fs: Info: checkpoint stop reason: shutdown(164) 
[    6.416074] F2FS-fs (dm-54): Using encoding defined by superblock: utf8-12.1.0 with flags 0x0
[    6.424321] ueventd: firmware: loading 'cpusys_vm.mdt' for '/devices/platform/soc/soc:gh-secure-vm-loader@2/firmware/cpusys_vm.mdt'
[    6.424476] ueventd: found /vendor/firmware_mnt/image/cpusys_vm.mdt for /devices/platform/soc/soc:gh-secure-vm-loader@2/firmware/cpusys_vm.mdt
[    6.425409] ueventd: loading /devices/platform/soc/soc:gh-secure-vm-loader@2/firmware/cpusys_vm.mdt took 1ms
[    6.425441] gh_secure_vm_loader soc:gh-secure-vm-loader@2: Direct firmware load for cpusys_vm.b03 failed with error -2
[    6.425446] gh_secure_vm_loader soc:gh-secure-vm-loader@2: Falling back to sysfs fallback for: cpusys_vm.b03
[    6.426008] ueventd: firmware: loading 'ipa_fws.b04' for '/devices/platform/soc/3e00000.qcom,ipa/firmware/ipa_fws.b04'
[    6.426127] ueventd: found /vendor/firmware_mnt/image/ipa_fws.b04 for /devices/platform/soc/3e00000.qcom,ipa/firmware/ipa_fws.b04
[    6.426622] ueventd: firmware: loading 'cs40l20.bin' for '/devices/platform/soc/8c0000.qcom,qupv3_2_geni_se/888000.i2c/i2c-3/3-0040/firmware/cs40l20.bin'
[    6.426752] ueventd: found /vendor/firmware/cs40l20.bin for /devices/platform/soc/8c0000.qcom,qupv3_2_geni_se/888000.i2c/i2c-3/3-0040/firmware/cs40l20.bin
[    6.427224] cs40l2x 3-0040: Wave 000 (Type: 0x0c, Flags: 0x0000, Index:     61, Size:    7, Data: 0xc00000)
[    6.427229] cs40l2x 3-0040: Wave 001 (Type: 0x08, Flags: 0x0000, Index:     68, Size:   24, Data: 0x800042)
[    6.427230] cs40l2x 3-0040: Wave 002 (Type: 0x0a, Flags: 0x0000, Index:     92, Size:    6, Data: 0x8000e2)
[    6.427232] cs40l2x 3-0040: Wave 003 (Type: 0x08, Flags: 0x0000, Index:     98, Size:   27, Data: 0x80004b)
[    6.427233] cs40l2x 3-0040: Wave 004 (Type: 0x08, Flags: 0x0000, Index:    125, Size:   24, Data: 0x800042)
[    6.427234] cs40l2x 3-0040: Wave 005 (Type: 0x08, Flags: 0x0000, Index:    149, Size:   25, Data: 0x800045)
[    6.427235] cs40l2x 3-0040: Wave 006 (Type: 0x08, Flags: 0x0000, Index:    174, Size:   25, Data: 0x800045)
[    6.427236] cs40l2x 3-0040: Wave 007 (Type: 0x0c, Flags: 0x0000, Index:    199, Size:    9, Data: 0x800038)
[    6.427237] cs40l2x 3-0040: Wave 008 (Type: 0x0c, Flags: 0x0000, Index:    208, Size:    9, Data: 0x800048)
[    6.427238] cs40l2x 3-0040: Wave 009 (Type: 0x0a, Flags: 0x0000, Index:    217, Size:    6, Data: 0x8000e2)
[    6.427239] cs40l2x 3-0040: Wave 010 (Type: 0x0a, Flags: 0x0000, Index:    223, Size:    6, Data: 0x8000e2)
[    6.427240] cs40l2x 3-0040: Wave 011 (Type: 0x0c, Flags: 0x0000, Index:    229, Size:   13, Data: 0x8000c0)
[    6.427241] cs40l2x 3-0040: Wave 012 (Type: 0x0a, Flags: 0x0000, Index:    242, Size:    4, Data: 0x800042)
[    6.427242] cs40l2x 3-0040: Wave 013 (Type: 0x0a, Flags: 0x0000, Index:    246, Size:    6, Data: 0x800100)
[    6.427243] cs40l2x 3-0040: Wave 014 (Type: 0x0c, Flags: 0x0000, Index:    252, Size:   11, Data: 0x80016e)
[    6.427244] cs40l2x 3-0040: Wave 015 (Type: 0x0c, Flags: 0x0000, Index:    263, Size:   11, Data: 0x800160)
[    6.427245] cs40l2x 3-0040: Wave 016 (Type: 0x0c, Flags: 0x0000, Index:    274, Size:   13, Data: 0x800098)
[    6.427246] cs40l2x 3-0040: Wave 017 (Type: 0x0c, Flags: 0x0000, Index:    287, Size:    7, Data: 0x800060)
[    6.427247] cs40l2x 3-0040: Wave 018 (Type: 0x0a, Flags: 0x0000, Index:    294, Size:   10, Data: 0x82c400)
[    6.427248] cs40l2x 3-0040: Wave 019 (Type: 0x0a, Flags: 0x0000, Index:    304, Size:    8, Data: 0x800462)
[    6.434193] gh_secure_vm_loader soc:gh-secure-vm-loader@2: Direct firmware load for cpusys_vm.b01 failed with error -2
[    6.434198] gh_secure_vm_loader soc:gh-secure-vm-loader@2: Falling back to sysfs fallback for: cpusys_vm.b01
[    6.443808] ipa 3e00000.qcom,ipa: Direct firmware load for ipa_fws.b01 failed with error -2
[    6.443813] ipa 3e00000.qcom,ipa: Falling back to sysfs fallback for: ipa_fws.b01
[    6.446127] gh_secure_vm_loader soc:gh-secure-vm-loader@2: Direct firmware load for cpusys_vm.b02 failed with error -2
[    6.446132] gh_secure_vm_loader soc:gh-secure-vm-loader@2: Falling back to sysfs fallback for: cpusys_vm.b02
[    6.450395] ipa 3e00000.qcom,ipa: Direct firmware load for ipa_fws.b02 failed with error -2
[    6.450397] ipa 3e00000.qcom,ipa: Falling back to sysfs fallback for: ipa_fws.b02
[    6.454820] ipa 3e00000.qcom,ipa: Direct firmware load for ipa_fws.b03 failed with error -2
[    6.454823] ipa 3e00000.qcom,ipa: Falling back to sysfs fallback for: ipa_fws.b03
[    6.479488] F2FS-fs (dm-54): Mounted with checkpoint version = 77c41195
[    6.481467] init: Userdata mounted using /vendor/etc/fstab.qcom result : 7
[    6.481537] init: Command 'mount_all /vendor/etc/fstab.qcom --late' action=late-fs (/vendor/etc/init/hw/init.target.rc:107) took 1005ms and succeeded
[    6.482473] init: Control message: Could not find 'aidl/android.system.keystore2.IKeystoreService/default' for ctl.interface_start from pid: 969 (/system/bin/servicemanager)
[    6.482507] init: processing action (late-fs) from (/vendor/etc/init/trigger_ffu.rc:25)
[    6.482774] init: starting service 'check_update'...
[    6.483792] init: ... started service 'check_update' has pid 1174
[    6.483806] init: SVC_EXEC service 'check_update' pid 1174 (uid 0 gid 2001+1 context default) started; waiting...
[    6.483856] init: Control message: Could not find 'vendor.semc.system.idd@1.0::IIdd/default' for ctl.interface_start from pid: 970 (/system/system_ext/bin/hwservicemanager)
[    6.483894] init: Control message: Could not find 'vendor.semc.system.idd@1.0::IIdd/default' for ctl.interface_start from pid: 970 (/system/system_ext/bin/hwservicemanager)
[    6.490374] init: Service 'check_update' (pid 1174) exited with status 0 waiting took 0.007000 seconds
[    6.492076] gunyah: VM: 50 status 2 complete
[    6.492184] gh_proxy_sched: Skip populating VCPU affinity info for VM=50
[    6.492189] gh_proxy_sched: Skip populating VCPU affinity info for VM=50
[    6.492190] gh_proxy_sched: Skip populating VCPU affinity info for VM=50
[    6.492191] gh_proxy_sched: Skip populating VCPU affinity info for VM=50
[    6.492192] gh_proxy_sched: Skip populating VCPU affinity info for VM=50
[    6.492193] gh_proxy_sched: Skip populating VCPU affinity info for VM=50
[    6.492193] gh_proxy_sched: Skip populating VCPU affinity info for VM=50
[    6.492194] gh_proxy_sched: Skip populating VCPU affinity info for VM=50
[    6.492196] gh_proxy_sched: Proxy Scheduling isn't supported for VM=50
[    6.492548] IPA FW loaded successfully
[    6.493229] gsi soc:qcom,msm_gsi: gsi_register_device:1548 GSI irq is wake enabled 242
[    6.496737] gunyah: VM:50 started running
[    6.499219] vdc: Waited 0ms for vold
[    6.502151] ipa ipa3_rmnet_ctl_register_pm_client:739 rmnet_ctl register done
[    6.502178] ipa ipa3_rmnet_ll_register_pm_client:964 rmnet_ll register done
[    6.502187] IPA driver is now in ready state
[    6.502250] ipa-lnx-stats ipa_spearhead_stats_ioctl_init:1921 IPA ipa_lnx_stats_ioctl major(464) initial ok :>>>>
[    6.502255] ipa-lnx-stats ipa_spearhead_stats_init:1949 IPA_LNX_STATS_IOCTL init success
[    6.502258] IPA driver initialization was successful.
[    6.502265] rmnet_ipa3 started initialization
[    6.502268] IPA SSR support = True
[    6.502269] IPA SG support = True
[    6.502270] IPA Napi Enable = True
[    6.502271] using default for wan-rx-desc-size = 256
[    6.502456] ipa-wan ipa3_wwan_register_netdev_pm_client:3497 rmnet_ipa%d register done
[    6.502631] ipa-wan ipa3_wwan_probe:3692 rmnet_ipa completed initialization
[    6.505183] vdc: Waited 0ms for vold
[    6.613436] gsi soc:qcom,msm_gsi: gsi_stop_channel:3615 chan=14 busy try again
[    6.619620] fscrypt: AES-256-CTS-CBC using implementation "cts-cbc-aes-ce"
[    6.641657] vdc: Waited 0ms for vold
[    6.669732] vold: keystore2 Keystore earlyBootEnded returned service specific error: -68
[    6.678969] logd: logd reinit
[    6.679622] logd: FrameworkListener: read() failed (Connection reset by peer)
[    6.687096] apexd: Started. subcommand = (null)
[    6.687716] apexd: Scanning /system/apex for pre-installed ApexFiles
[    6.687979] apexd: Found pre-installed APEX /system/apex/com.android.profiling.capex
[    6.688734] apexd: Found pre-installed APEX /system/apex/com.android.nfcservices.apex
[    6.689926] apexd: Found pre-installed APEX /system/apex/com.google.android.scheduling_compressed.apex
[    6.690566] apexd: Found pre-installed APEX /system/apex/com.google.android.extservices_tplus_compressed.apex
[    6.691266] apexd: Found pre-installed APEX /system/apex/com.android.devicelock.apex
[    6.693216] apexd: Found pre-installed APEX /system/apex/com.android.btservices.apex
[    6.694304] apexd: Found pre-installed APEX /system/apex/com.google.android.healthfitness_compressed.apex
[    6.695014] apexd: Found pre-installed APEX /system/apex/com.google.android.sdkext_compressed.apex
[    6.750184] loop4: detected capacity change from 0 to 704
[    6.750472] loop5: detected capacity change from 0 to 23784
[    6.750684] loop6: detected capacity change from 0 to 536
[    6.752314] loop7: detected capacity change from 0 to 4440
[    6.752888] loop8: detected capacity change from 0 to 12208
[    6.753131] loop9: detected capacity change from 0 to 44024
[    6.753372] loop10: detected capacity change from 0 to 81584
[    6.753651] loop11: detected capacity change from 0 to 688
[    6.755148] loop12: detected capacity change from 0 to 16288
[    6.755453] loop13: detected capacity change from 0 to 47368
[    6.755897] loop14: detected capacity change from 0 to 34104
[    6.756152] loop15: detected capacity change from 0 to 2360
[    6.757353] loop16: detected capacity change from 0 to 21824
[    6.758477] loop17: detected capacity change from 0 to 223928
[    6.758717] loop18: detected capacity change from 0 to 1688
[    6.759053] loop19: detected capacity change from 0 to 16136
[    6.760895] loop20: detected capacity change from 0 to 12520
[    6.761182] loop21: detected capacity change from 0 to 89280
[    6.762737] device-mapper: verity: sha256 using implementation "sha256-ce"
[    6.763328] EXT4-fs (loop4): mounted filesystem without journal. Opts: (null). Quota mode: none.
[    6.763485] device-mapper: verity: sha256 using implementation "sha256-ce"
[    6.764048] loop22: detected capacity change from 0 to 59640
[    6.764337] loop23: detected capacity change from 0 to 43656
[    6.764568] loop24: detected capacity change from 0 to 11552
[    6.764938] loop25: detected capacity change from 0 to 536
[    6.765283] loop26: detected capacity change from 0 to 28952
[    6.765491] loop27: detected capacity change from 0 to 1760
[    6.765819] loop28: detected capacity change from 0 to 3008
[    6.766098] EXT4-fs (dm-53): mounted filesystem without journal. Opts: (null). Quota mode: none.
[    6.769369] loop29: detected capacity change from 0 to 7128
[    6.769634] loop30: detected capacity change from 0 to 15040
[    6.769927] loop31: detected capacity change from 0 to 92824
[    6.770443] device-mapper: verity: sha256 using implementation "sha256-ce"
[    6.771282] loop32: detected capacity change from 0 to 528
[    6.771499] loop33: detected capacity change from 0 to 72248
[    6.771695] EXT4-fs (loop8): mounted filesystem without journal. Opts: (null). Quota mode: none.
[    6.771713] EXT4-fs (loop11): mounted filesystem without journal. Opts: (null). Quota mode: none.
[    6.771994] EXT4-fs (loop10): mounted filesystem without journal. Opts: (null). Quota mode: none.
[    6.773870] loop34: detected capacity change from 0 to 84008
[    6.776851] EXT4-fs (dm-50): mounted filesystem without journal. Opts: (null). Quota mode: none.
[    6.776934] loop35: detected capacity change from 0 to 9112
[    6.779787] loop36: detected capacity change from 0 to 37944
[    6.779986] loop37: detected capacity change from 0 to 81784
[    6.780964] device-mapper: verity: sha256 using implementation "sha256-ce"
[    6.780979] EXT4-fs (dm-45): mounted filesystem without journal. Opts: (null). Quota mode: none.
[    6.782113] device-mapper: verity: sha256 using implementation "sha256-ce"
[    6.783113] loop38: detected capacity change from 0 to 68632
[    6.783730] loop39: detected capacity change from 0 to 77872
[    6.784317] device-mapper: verity: sha256 using implementation "sha256-ce"
[    6.784673] device-mapper: verity: sha256 using implementation "sha256-ce"
[    6.785098] EXT4-fs (loop16): mounted filesystem without journal. Opts: (null). Quota mode: none.
[    6.785153] loop40: detected capacity change from 0 to 9104
[    6.785211] EXT4-fs (loop17): mounted filesystem without journal. Opts: (null). Quota mode: none.
[    6.785785] device-mapper: verity: sha256 using implementation "sha256-ce"
[    6.785869] device-mapper: verity: sha256 using implementation "sha256-ce"
[    6.786311] loop41: detected capacity change from 0 to 1280
[    6.786333] device-mapper: verity: sha256 using implementation "sha256-ce"
[    6.786354] EXT4-fs (loop7): mounted filesystem without journal. Opts: (null). Quota mode: none.
[    6.787009] EXT4-fs (dm-43): mounted filesystem without journal. Opts: (null). Quota mode: none.
[    6.787135] EXT4-fs (dm-42): mounted filesystem without journal. Opts: (null). Quota mode: none.
[    6.787272] device-mapper: verity: sha256 using implementation "sha256-ce"
[    6.787402] EXT4-fs (loop23): mounted filesystem without journal. Opts: (null). Quota mode: none.
[    6.787407] EXT4-fs (dm-44): mounted filesystem without journal. Opts: (null). Quota mode: none.
[    6.789172] device-mapper: verity: sha256 using implementation "sha256-ce"
[    6.789759] EXT4-fs (dm-28): mounted filesystem without journal. Opts: (null). Quota mode: none.
[    6.789826] EXT4-fs (dm-37): mounted filesystem without journal. Opts: (null). Quota mode: none.
[    6.790869] EXT4-fs (dm-39): mounted filesystem without journal. Opts: (null). Quota mode: none.
[    6.791610] device-mapper: verity: sha256 using implementation "sha256-ce"
[    6.792094] device-mapper: verity: sha256 using implementation "sha256-ce"
[    6.792101] EXT4-fs (dm-34): mounted filesystem without journal. Opts: (null). Quota mode: none.
[    6.792522] EXT4-fs (dm-48): mounted filesystem without journal. Opts: (null). Quota mode: none.
[    6.792609] device-mapper: verity: sha256 using implementation "sha256-ce"
[    6.793350] EXT4-fs (dm-38): mounted filesystem without journal. Opts: (null). Quota mode: none.
[    6.793408] device-mapper: verity: sha256 using implementation "sha256-ce"
[    6.794058] EXT4-fs (dm-26): mounted filesystem without journal. Opts: (null). Quota mode: none.
[    6.794059] EXT4-fs (loop25): mounted filesystem without journal. Opts: (null). Quota mode: none.
[    6.794921] EXT4-fs (dm-18): mounted filesystem without journal. Opts: (null). Quota mode: none.
[    6.797722] EXT4-fs (dm-24): mounted filesystem without journal. Opts: (null). Quota mode: none.
[    6.798587] device-mapper: verity: sha256 using implementation "sha256-ce"
[    6.799024] device-mapper: verity: sha256 using implementation "sha256-ce"
[    6.799165] device-mapper: verity: sha256 using implementation "sha256-ce"
[    6.799914] device-mapper: verity: sha256 using implementation "sha256-ce"
[    6.800106] EXT4-fs (loop31): mounted filesystem without journal. Opts: (null). Quota mode: none.
[    6.802252] EXT4-fs (dm-25): mounted filesystem without journal. Opts: (null). Quota mode: none.
[    6.802564] device-mapper: verity: sha256 using implementation "sha256-ce"
[    6.803380] EXT4-fs (dm-33): mounted filesystem without journal. Opts: (null). Quota mode: none.
[    6.803758] EXT4-fs (dm-51): mounted filesystem without journal. Opts: (null). Quota mode: none.
[    6.804111] EXT4-fs (dm-35): mounted filesystem without journal. Opts: (null). Quota mode: none.
[    6.804127] EXT4-fs (dm-27): mounted filesystem without journal. Opts: (null). Quota mode: none.
[    6.804360] EXT4-fs (dm-21): mounted filesystem without journal. Opts: (null). Quota mode: none.
[    6.810291] device-mapper: verity: sha256 using implementation "sha256-ce"
[    6.810316] device-mapper: verity: sha256 using implementation "sha256-ce"
[    6.811239] EXT4-fs (dm-31): mounted filesystem without journal. Opts: (null). Quota mode: none.
[    6.811302] EXT4-fs (dm-22): mounted filesystem without journal. Opts: (null). Quota mode: none.
[    6.814055] device-mapper: verity: sha256 using implementation "sha256-ce"
[    6.814470] device-mapper: verity: sha256 using implementation "sha256-ce"
[    6.815152] EXT4-fs (dm-36): mounted filesystem without journal. Opts: (null). Quota mode: none.
[    6.815512] EXT4-fs (dm-17): mounted filesystem without journal. Opts: (null). Quota mode: none.
[    6.822003] device-mapper: verity: sha256 using implementation "sha256-ce"
[    6.822807] EXT4-fs (loop39): mounted filesystem without journal. Opts: (null). Quota mode: none.
[    6.823015] EXT4-fs (dm-29): mounted filesystem without journal. Opts: (null). Quota mode: none.
[    6.823265] EXT4-fs (loop37): mounted filesystem without journal. Opts: (null). Quota mode: none.
[    6.852719] linkerconfig: Failed to open file /system/etc/vndkcorevariant.libraries.txt: No such file or directory
[    6.881323] vdc: Waited 0ms for vold
[    7.026226] fs-verity: sha256 using implementation "sha256-ce"
[    7.165187] apexd: Started. subcommand = --snapshotde
[    7.165693] apexd-snapshotde: Marking APEXd as ready
[    7.183945] Mass Storage Function, version: 2009/09/11
[    7.183948] LUN: removable file: (no medium)
[    7.185518] file system registered
[    7.186511] f_cdev_alloc: port_name:at_usb0 (0000000000000000) portno:(0)
[    7.187038] f_cdev_alloc: port_name:at_usb1 (0000000000000000) portno:(1)
[    7.187544] f_cdev_alloc: port_name:at_usb2 (0000000000000000) portno:(2)
[    7.189987] using random self ethernet address
[    7.189990] using random host ethernet address
[    7.315837] cnss: File system is ready, fs_ready is 1, count is 1
[    7.315845] cnss: Posting event: COLD_BOOT_CAL_START(5), state: 0x2c00000 flags: 0x0
[    7.315848] cnss: PM stay awake, state: 0x2c00000, count: 1
[    7.315867] cnss: PM relax, state: 0x2c00000, count: 0
[    7.315870] cnss: PM stay awake, state: 0x2c00000, count: 1
[    7.315877] cnss: Processing driver event: COLD_BOOT_CAL_START(5), state: 0x2c00000
[    7.315881] cnss: Restarting calibration 130s timeout
[    7.315889] cnss: FW name added with prefix: kiwi/amss20.bin
[    7.315892] cnss: FW name added with prefix: kiwi/amss20.bin
[    7.315893] cnss: FW name is kiwi/amss20.bin, FW fallback name is kiwi/amss20.bin
[    7.315896] cnss: New driver mode is 0
[    7.315899] cnss: Regulator vdd-wlan-io is being enabled
[    7.315903] cnss: Regulator vdd-wlan is being enabled
[    7.316113] cnss: Regulator vdd-wlan-aon is being enabled
[    7.316261] cnss: Regulator vdd-wlan-dig is being enabled
[    7.316320] cnss: Regulator vdd-wlan-rfa1 is being enabled
[    7.316393] cnss: Regulator vdd-wlan-rfa2 is being enabled
[    7.317596] cnss: WLAN_EN Value: 1
[    7.317601] cnss: Assert WLAN_EN GPIO successfully
[    7.317603] cnss: Resuming PCI link
[    7.317624] msm_pcie_enable: PCIe: Assert the reset of endpoint of RC0.
[    7.321297] msm_pcie_enable: PCIe: RC0: PCIE20_PARF_INT_ALL_MASK: 0x7f80d202
[    7.323564] pcie_phy_init: PCIe RC0 PHY is ready!
[    7.333592] msm_pcie_enable: PCIe: Release the reset of endpoint of RC0.
[    7.336609] EXT4-fs (sda2): barriers disabled
[    7.336880] EXT4-fs (sda2): mounted filesystem with ordered data mode. Opts: barrier=0. Quota mode: none.
[    7.349994] msm_pcie_link_train: PCIe RC0 link initialized
[    7.365297] cnss_pci 0000:01:00.0: enabling device (0000 -> 0002)
[    7.365700] cnss: Setting MHI state: INIT(0)
[    7.371788] cnss: Setting MHI state: POWER_ON(2)
[    7.372537] cnss_pci 0000:01:00.0: Direct firmware load for kiwi/amss20.bin failed with error -2
[    7.372543] cnss_pci 0000:01:00.0: Falling back to sysfs fallback for: kiwi/amss20.bin
[    7.387822] [EGISFP] egisfp_open 
[    7.387830] [EGISFP] egisfp_parse_dt : start 
[    7.387959] [EGISFP] egisfp_parse_dt : vcc_33v_pin gpio num is 297 
[    7.387962] [EGISFP] egisfp_parse_dt : Config Regulator for ext_ldo_source 
[    7.387964] [EGISFP] egisfp_parse_dt : vcc regulator voltage get Max = 3800000, Min = 3400000 
[    7.387967] [EGISFP] egisfp_parse_dt : vcc regulator current get 1000000 
[    7.387968] [EGISFP] egisfp_parse_dt : regulator max voltage get = 3960000 
[    7.387973] [EGISFP] egisfp_parse_dt : rst pin gpio num is 343 
[    7.387976] [EGISFP] egisfp_parse_dt : irq pin gpio num is 341 
[    7.387977] [EGISFP] egisfp_parse_dt : successful 
[    7.387979] [EGISFP] egisfp_open : open ioctl user count = 1 
[    7.388016] [EGISFP] egisfp_ioctl : cmd = 0x11 
[    7.388018] [EGISFP] egisfp_ioctl : FP_GET_RESOURCE 
[    7.388019] [EGISFP] egisfp_platforminit : Version 20220922 
[    7.388338] [EGISFP] egisfp_platforminit : find node enter 
[    7.388716] [EGISFP] egisfp_platforminit : successful status = 0 gpio num -> vcc = 297 rst = 343 Irq = 341 
[    7.388719] [EGISFP] egisfp_ioctl done 
[    7.388741] [EGISFP] egisfp_ioctl : cmd = 0x5 
[    7.388743] [EGISFP] egisfp_ioctl : FP_POWER_ONOFF 
[    7.388744] [EGISFP] do_egisfp_power_onoff : power_onoff = 2 
[    7.388747] [EGISFP] egisfp_vreg_setup : original voltage = 3400000 
[    7.388748] [EGISFP] egisfp_vreg_setup : enable_3_8V 
[    7.388910] [EGISFP] egisfp_vreg_setup : modified voltage = 3800000, ret = 0 
[    7.388951] [EGISFP] egisfp_vreg_setup : regulator enable, ret = 0 
[    7.389841] NetBpfLoad: /apex/com.android.tethering/bin/netbpfload api:35///3500 kver:50f00bd (64-on-aarch64:4k) libbpf: v1.4 uid:0 rc:01 user:100
[    7.390113] NetBpfLoad: Tethering APEX version 372038420
[    7.390153] WARNING: Unprivileged eBPF is enabled, data leaks possible via Spectre v2 BHB attacks!
[    7.393039] NetBpfLoad: skipping prog schedcls_tether_downstream6_ether: kernel version 0x50f00bd is outside required range [0x4090000, 0x5040000)
[    7.393044] NetBpfLoad: skipping prog schedcls_tether_upstream6_ether: kernel version 0x50f00bd is outside required range [0x4090000, 0x5040000)
[    7.393046] NetBpfLoad: skipping prog schedcls_tether_downstream6_rawip: kernel version 0x50f00bd is outside required range [0x40e0000, 0x5040000)
[    7.393048] NetBpfLoad: skipping prog schedcls_tether_upstream6_rawip: kernel version 0x50f00bd is outside required range [0x40e0000, 0x5040000)
[    7.393050] NetBpfLoad: skipping prog schedcls_tether_downstream6_rawip: kernel version 0x50f00bd is outside required range [0x4090000, 0x40e0000)
[    7.393051] NetBpfLoad: skipping prog schedcls_tether_upstream6_rawip: kernel version 0x50f00bd is outside required range [0x4090000, 0x40e0000)
[    7.393053] NetBpfLoad: skipping prog schedcls_tether_downstream4_rawip: kernel version 0x50f00bd is outside required range [0x5040000, 0x50a0000)
[    7.393055] NetBpfLoad: skipping prog schedcls_tether_upstream4_rawip: kernel version 0x50f00bd is outside required range [0x5040000, 0x50a0000)
[    7.393301] [EGISFP] do_egisfp_power_onoff : power_pin value = 1 
[    7.393306] [EGISFP] egisfp_ioctl done 
[    7.393351] [EGISFP] egisfp_ioctl : cmd = 0xAD 
[    7.393354] [EGISFP] egisfp_ioctl done 
[    7.435370] [EGISFP] egisfp_ioctl : cmd = 0x4 
[    7.435376] [EGISFP] egisfp_ioctl : FP_SENSOR_RESET 
[    7.440565] printk: netbpfload: 107 output lines suppressed due to ratelimiting
[    7.448401] [EGISFP] do_egisfp_reset : reset_pin = 1 
[    7.448404] [EGISFP] egisfp_ioctl done 
[    7.455047] update_verifier: AIDL IBootControl not available, falling back to HIDL.
[    7.458992] update_verifier: Using HIDL version 1.2 of IBootControl
[    7.459530] update_verifier: Booting slot 0: isSlotMarkedSuccessful=1
[    7.459535] update_verifier: Leaving update_verifier.
[    7.503503] cfg80211: failed to load regulatory.db
[    7.566845] cs40l2x 3-0040: Loaded 20 waveforms from cs40l20.bin, last modified on 2022-10-18
[    7.568249] cs40l2x 3-0040: Firmware revision 10.7.13
[    7.568252] cs40l2x 3-0040: Firmware ID 0x1400D0
[    7.568253] cs40l2x 3-0040: Max. wavetable size: 1860 bytes (XM), 5250 bytes (YM)
[    7.613987] [EGISFP] egisfp_ioctl : cmd = 0x11 
[    7.613996] [EGISFP] egisfp_ioctl : FP_GET_RESOURCE 
[    7.613998] [EGISFP] egisfp_platforminit : Version 20220922 
[    7.614000] [EGISFP] egisfp_platforminit : platform already init 
[    7.614002] [EGISFP] egisfp_ioctl done 
[    7.614019] [EGISFP] egisfp_ioctl : cmd = 0xAD 
[    7.614021] [EGISFP] egisfp_ioctl done 
[    7.614345] [EGISFP] egisfp_ioctl : cmd = 0x4 
[    7.614349] [EGISFP] egisfp_ioctl : FP_SENSOR_RESET 
[    7.627380] [EGISFP] do_egisfp_reset : reset_pin = 1 
[    7.627386] [EGISFP] egisfp_ioctl done 
[    7.627940] [EGISFP] egisfp_ioctl : cmd = 0x4 
[    7.627944] [EGISFP] egisfp_ioctl : FP_SENSOR_RESET 
[    7.629707] remoteproc remoteproc1: powering up 3000000.remoteproc-adsp
[    7.629729] remoteproc remoteproc1: Direct firmware load for adsp.mdt failed with error -2
[    7.629732] remoteproc remoteproc1: Falling back to sysfs fallback for: adsp.mdt
[    7.630879] remoteproc remoteproc2: powering up 32300000.remoteproc-cdsp
[    7.630894] remoteproc remoteproc2: Direct firmware load for cdsp.mdt failed with error -2
[    7.630897] remoteproc remoteproc2: Falling back to sysfs fallback for: cdsp.mdt
[    7.631765] remoteproc remoteproc1: Booting fw image adsp.mdt, size 8364
[    7.631902] qcom_q6v5_pas 3000000.remoteproc-adsp: Direct firmware load for adsp_dtb.mdt failed with error -2
[    7.631907] qcom_q6v5_pas 3000000.remoteproc-adsp: Falling back to sysfs fallback for: adsp_dtb.mdt
[    7.634634] msm_cvp: sess: init.qti.write. opening cvp instance: 0000000000000000 type 3 cnt 0
[    7.635383] remoteproc remoteproc2: Booting fw image cdsp.mdt, size 5084
[    7.635399] qcom_q6v5_pas 32300000.remoteproc-cdsp: Direct firmware load for cdsp_dtb.mdt failed with error -2
[    7.635401] qcom_q6v5_pas 32300000.remoteproc-cdsp: Falling back to sysfs fallback for: cdsp_dtb.mdt
[    7.636324] qcom_q6v5_pas 3000000.remoteproc-adsp: Direct firmware load for adsp_dtb.b02 failed with error -2
[    7.636328] qcom_q6v5_pas 3000000.remoteproc-adsp: Falling back to sysfs fallback for: adsp_dtb.b02
[    7.638118] msm_cvp:  pwr: cvp (eva) powered on
[    7.638137] msm_cvp ab00000.qcom,cvp: Direct firmware load for evass.mbn failed with error -2
[    7.638139] msm_cvp ab00000.qcom,cvp: Falling back to sysfs fallback for: evass.mbn
[    7.639209] qcom_q6v5_pas 32300000.remoteproc-cdsp: Direct firmware load for cdsp_dtb.b02 failed with error -2
[    7.639214] qcom_q6v5_pas 32300000.remoteproc-cdsp: Falling back to sysfs fallback for: cdsp_dtb.b02
[    7.640974] [EGISFP] do_egisfp_reset : reset_pin = 1 
[    7.640976] [EGISFP] egisfp_ioctl done 
[    7.658510] qcom_q6v5_pas 3000000.remoteproc-adsp: Direct firmware load for adsp_dtb.b01 failed with error -2
[    7.658518] qcom_q6v5_pas 3000000.remoteproc-adsp: Falling back to sysfs fallback for: adsp_dtb.b01
[    7.662337] adsprpc: fastrpc_restart_notifier_cb: subsystem lpass is about to start
[    7.681736] qcom rproc: 188101c.remoteproc-spss: recovery disabled
[    7.681779] qcom rproc: 188101c.remoteproc-spss: recovery disabled
[    7.681800] qcom rproc: 188101c.remoteproc-spss: recovery disabled
[    7.681821] qcom rproc: 188101c.remoteproc-spss: recovery disabled
[    7.681840] qcom rproc: 188101c.remoteproc-spss: recovery disabled
[    7.681867] qcom rproc: 188101c.remoteproc-spss: recovery disabled
[    7.689448] qcom_q6v5_pas 32300000.remoteproc-cdsp: Direct firmware load for cdsp_dtb.b01 failed with error -2
[    7.689458] qcom_q6v5_pas 32300000.remoteproc-cdsp: Falling back to sysfs fallback for: cdsp_dtb.b01
[    7.694580] qcom rproc: 3000000.remoteproc-adsp: recovery enabled
[    7.695965] adsprpc: fastrpc_restart_notifier_cb: subsystem cdsp is about to start
[    7.709813] qcom_q6v5_pas 3000000.remoteproc-adsp: Direct firmware load for adsp.b56 failed with error -2
[    7.709822] qcom_q6v5_pas 3000000.remoteproc-adsp: Falling back to sysfs fallback for: adsp.b56
[    7.711478] qcom_q6v5_pas 32300000.remoteproc-cdsp: Direct firmware load for cdsp.b15 failed with error -2
[    7.711482] qcom_q6v5_pas 32300000.remoteproc-cdsp: Falling back to sysfs fallback for: cdsp.b15
[    7.750371] synx: session 0 not available, pid: 1453
[    7.750380] synx: synx_uninitialize: invalid session id 0
[    7.750382] msm_cvp: init.qti.write.: closed cvp instance: 0000000000000000 session_id = 0 type 3 0
[    7.750482] qcom_q6v5_pas 32300000.remoteproc-cdsp: Direct firmware load for cdsp.b01 failed with error -2
[    7.750487] qcom_q6v5_pas 32300000.remoteproc-cdsp: Falling back to sysfs fallback for: cdsp.b01
[    7.750829] qcom_q6v5_pas 3000000.remoteproc-adsp: Direct firmware load for adsp.b01 failed with error -2
[    7.750834] qcom_q6v5_pas 3000000.remoteproc-adsp: Falling back to sysfs fallback for: adsp.b01
[    7.753840] qcom_q6v5_pas 32300000.remoteproc-cdsp: Direct firmware load for cdsp.b02 failed with error -2
[    7.753843] qcom_q6v5_pas 32300000.remoteproc-cdsp: Falling back to sysfs fallback for: cdsp.b02
[    7.755916] qcom_q6v5_pas 3000000.remoteproc-adsp: Direct firmware load for adsp.b02 failed with error -2
[    7.755919] qcom_q6v5_pas 3000000.remoteproc-adsp: Falling back to sysfs fallback for: adsp.b02
[    7.765465] qcom_q6v5_pas 32300000.remoteproc-cdsp: Direct firmware load for cdsp.b03 failed with error -2
[    7.765469] qcom_q6v5_pas 32300000.remoteproc-cdsp: Falling back to sysfs fallback for: cdsp.b03
[    7.771922] qcom_q6v5_pas 32300000.remoteproc-cdsp: Direct firmware load for cdsp.b04 failed with error -2
[    7.771926] qcom_q6v5_pas 32300000.remoteproc-cdsp: Falling back to sysfs fallback for: cdsp.b04
[    7.790179] qcom_q6v5_pas 3000000.remoteproc-adsp: Direct firmware load for adsp.b03 failed with error -2
[    7.790185] qcom_q6v5_pas 3000000.remoteproc-adsp: Falling back to sysfs fallback for: adsp.b03
[    7.791463] qcom_q6v5_pas 32300000.remoteproc-cdsp: Direct firmware load for cdsp.b05 failed with error -2
[    7.791467] qcom_q6v5_pas 32300000.remoteproc-cdsp: Falling back to sysfs fallback for: cdsp.b05
[    7.792695] qcom_q6v5_pas 3000000.remoteproc-adsp: Direct firmware load for adsp.b04 failed with error -2
[    7.792699] qcom_q6v5_pas 3000000.remoteproc-adsp: Falling back to sysfs fallback for: adsp.b04
[    7.795192] qcom_q6v5_pas 32300000.remoteproc-cdsp: Direct firmware load for cdsp.b06 failed with error -2
[    7.795196] qcom_q6v5_pas 32300000.remoteproc-cdsp: Falling back to sysfs fallback for: cdsp.b06
[    7.796859] qcom_q6v5_pas 3000000.remoteproc-adsp: Direct firmware load for adsp.b05 failed with error -2
[    7.796863] qcom_q6v5_pas 3000000.remoteproc-adsp: Falling back to sysfs fallback for: adsp.b05
[    7.798136] qcom_q6v5_pas 32300000.remoteproc-cdsp: Direct firmware load for cdsp.b07 failed with error -2
[    7.798140] qcom_q6v5_pas 32300000.remoteproc-cdsp: Falling back to sysfs fallback for: cdsp.b07
[    7.802107] qcom_q6v5_pas 3000000.remoteproc-adsp: Direct firmware load for adsp.b06 failed with error -2
[    7.802111] qcom_q6v5_pas 3000000.remoteproc-adsp: Falling back to sysfs fallback for: adsp.b06
[    7.802353] qcom_q6v5_pas 32300000.remoteproc-cdsp: Direct firmware load for cdsp.b08 failed with error -2
[    7.802358] qcom_q6v5_pas 32300000.remoteproc-cdsp: Falling back to sysfs fallback for: cdsp.b08
[    7.804775] qcom_q6v5_pas 3000000.remoteproc-adsp: Direct firmware load for adsp.b07 failed with error -2
[    7.804779] qcom_q6v5_pas 3000000.remoteproc-adsp: Falling back to sysfs fallback for: adsp.b07
[    7.809900] qcom_q6v5_pas 32300000.remoteproc-cdsp: Direct firmware load for cdsp.b09 failed with error -2
[    7.809905] qcom_q6v5_pas 32300000.remoteproc-cdsp: Falling back to sysfs fallback for: cdsp.b09
[    7.810384] qcom_q6v5_pas 3000000.remoteproc-adsp: Direct firmware load for adsp.b08 failed with error -2
[    7.810387] qcom_q6v5_pas 3000000.remoteproc-adsp: Falling back to sysfs fallback for: adsp.b08
[    7.813044] qcom_q6v5_pas 32300000.remoteproc-cdsp: Direct firmware load for cdsp.b10 failed with error -2
[    7.813048] qcom_q6v5_pas 32300000.remoteproc-cdsp: Falling back to sysfs fallback for: cdsp.b10
[    7.816908] qcom_q6v5_pas 3000000.remoteproc-adsp: Direct firmware load for adsp.b09 failed with error -2
[    7.816912] qcom_q6v5_pas 3000000.remoteproc-adsp: Falling back to sysfs fallback for: adsp.b09
[    7.817769] qcom_q6v5_pas 32300000.remoteproc-cdsp: Direct firmware load for cdsp.b11 failed with error -2
[    7.817772] qcom_q6v5_pas 32300000.remoteproc-cdsp: Falling back to sysfs fallback for: cdsp.b11
[    7.820662] qcom_q6v5_pas 3000000.remoteproc-adsp: Direct firmware load for adsp.b10 failed with error -2
[    7.820666] qcom_q6v5_pas 3000000.remoteproc-adsp: Falling back to sysfs fallback for: adsp.b10
[    7.823055] qcom_q6v5_pas 32300000.remoteproc-cdsp: Direct firmware load for cdsp.b12 failed with error -2
[    7.823060] qcom_q6v5_pas 32300000.remoteproc-cdsp: Falling back to sysfs fallback for: cdsp.b12
[    7.824444] qcom_q6v5_pas 3000000.remoteproc-adsp: Direct firmware load for adsp.b11 failed with error -2
[    7.824447] qcom_q6v5_pas 3000000.remoteproc-adsp: Falling back to sysfs fallback for: adsp.b11
[    7.826499] qcom_q6v5_pas 32300000.remoteproc-cdsp: Direct firmware load for cdsp.b13 failed with error -2
[    7.826502] qcom_q6v5_pas 32300000.remoteproc-cdsp: Falling back to sysfs fallback for: cdsp.b13
[    7.828867] qcom_q6v5_pas 3000000.remoteproc-adsp: Direct firmware load for adsp.b12 failed with error -2
[    7.828870] qcom_q6v5_pas 3000000.remoteproc-adsp: Falling back to sysfs fallback for: adsp.b12
[    7.833281] qcom_q6v5_pas 3000000.remoteproc-adsp: Direct firmware load for adsp.b13 failed with error -2
[    7.833284] qcom_q6v5_pas 3000000.remoteproc-adsp: Falling back to sysfs fallback for: adsp.b13
[    7.837618] qcom_q6v5_pas 3000000.remoteproc-adsp: Direct firmware load for adsp.b14 failed with error -2
[    7.837622] qcom_q6v5_pas 3000000.remoteproc-adsp: Falling back to sysfs fallback for: adsp.b14
[    7.840735] qcom_q6v5_pas 3000000.remoteproc-adsp: Direct firmware load for adsp.b15 failed with error -2
[    7.840738] qcom_q6v5_pas 3000000.remoteproc-adsp: Falling back to sysfs fallback for: adsp.b15
[    7.843720] qcom_q6v5_pas 3000000.remoteproc-adsp: Direct firmware load for adsp.b16 failed with error -2
[    7.843723] qcom_q6v5_pas 3000000.remoteproc-adsp: Falling back to sysfs fallback for: adsp.b16
[    7.846929] qcom_q6v5_pas 3000000.remoteproc-adsp: Direct firmware load for adsp.b17 failed with error -2
[    7.846932] qcom_q6v5_pas 3000000.remoteproc-adsp: Falling back to sysfs fallback for: adsp.b17
[    7.850111] qcom_q6v5_pas 3000000.remoteproc-adsp: Direct firmware load for adsp.b18 failed with error -2
[    7.850115] qcom_q6v5_pas 3000000.remoteproc-adsp: Falling back to sysfs fallback for: adsp.b18
[    7.853874] qcom_q6v5_pas 3000000.remoteproc-adsp: Direct firmware load for adsp.b19 failed with error -2
[    7.853877] qcom_q6v5_pas 3000000.remoteproc-adsp: Falling back to sysfs fallback for: adsp.b19
[    7.860220] qcom_q6v5_pas 3000000.remoteproc-adsp: Direct firmware load for adsp.b20 failed with error -2
[    7.860224] qcom_q6v5_pas 3000000.remoteproc-adsp: Falling back to sysfs fallback for: adsp.b20
[    7.863426] qcom_q6v5_pas 3000000.remoteproc-adsp: Direct firmware load for adsp.b21 failed with error -2
[    7.863430] qcom_q6v5_pas 3000000.remoteproc-adsp: Falling back to sysfs fallback for: adsp.b21
[    7.866310] qcom_q6v5_pas 3000000.remoteproc-adsp: Direct firmware load for adsp.b22 failed with error -2
[    7.866314] qcom_q6v5_pas 3000000.remoteproc-adsp: Falling back to sysfs fallback for: adsp.b22
[    7.868375] cnss: MHI status cb is called with reason MISSION_MODE(5)
[    7.868767] cnss: Notify MHI to use already allocated images
[    7.868774] cnss: Disable ADSP power collapse
[    7.868778] cnss: PM relax, state: 0x2c00008, count: 0
[    7.869847] qcom_q6v5_pas 3000000.remoteproc-adsp: Direct firmware load for adsp.b23 failed with error -2
[    7.869850] qcom_q6v5_pas 3000000.remoteproc-adsp: Falling back to sysfs fallback for: adsp.b23
[    7.871896] cnss: Setting link speed:0x2, width:0x1
[    7.876433] qcom_q6v5_pas 3000000.remoteproc-adsp: Direct firmware load for adsp.b24 failed with error -2
[    7.876439] qcom_q6v5_pas 3000000.remoteproc-adsp: Falling back to sysfs fallback for: adsp.b24
[    7.881337] cnss: WLFW server arriving: node 7 port 1
[    7.881343] cnss: Posting event: SERVER_ARRIVE(0), state: 0x2c00008 flags: 0x0
[    7.881346] cnss: PM stay awake, state: 0x2c00008, count: 1
[    7.881365] cnss: PM relax, state: 0x2c00008, count: 0
[    7.881367] cnss: PM stay awake, state: 0x2c00008, count: 1
[    7.881374] cnss: Processing driver event: SERVER_ARRIVE(0), state: 0x2c00008
[    7.881378] cnss: QMI WLFW service connected, state: 0x2c00009
[    7.881380] cnss: Sending indication register message, state: 0x2c00009
[    7.881569] adsprpc: fastrpc_restart_notifier_cb: cdsp subsystem is up
[    7.881572] remoteproc remoteproc2: remote processor 32300000.remoteproc-cdsp is now up
[    7.882349] qcom_smd_qrtr_probe:SMD QRTR driver probed
[    7.882687] coresight-remote-etm soc:turing_etm0: Connection established between QMI handle and 13 service
[    7.883755] cnss: Sending host capability message, state: 0x2c00009
[    7.883759] cnss: Number of clients is 1
[    7.883761] cnss: Assign MSI to user: WAKE, num_vectors: 1, user_base_data: 13, base_vector: 13
[    7.883763] cnss: WAKE MSI base data is 13
[    7.883764] cnss: Calibration done is 0
[    7.883766] cnss: Sending iova starting 0xa0000000 with size 0x10010000
[    7.883767] cnss: Sending feature list 0x6
[    7.885499] cnss: PM relax, state: 0x2c00009, count: 0
[    7.885642] cnss: Received QMI WLFW request memory indication
[    7.885648] cnss: FW requests for memory, size: 0x6f0000, type: 1
[    7.885650] cnss: FW requests for memory, size: 0x810000, type: 4
[    7.885652] cnss: Posting event: REQUEST_MEM(2), state: 0x2c00009 flags: 0x0
[    7.885653] Info: adsprpc (97): kworker/0:2: fastrpc_rpmsg_probe: opened rpmsg channel for cdsp
[    7.885655] cnss: PM stay awake, state: 0x2c00009, count: 1
[    7.885664] cnss: PM relax, state: 0x2c00009, count: 0
[    7.885669] cnss: PM stay awake, state: 0x2c00009, count: 1
[    7.885676] cnss: Processing driver event: REQUEST_MEM(2), state: 0x2c00009
[    7.887148] cdsprm: resmgr pdkill config set to 0
[    7.888033] msm_cvp: warn: cvp_dsp_send_hfi_queue: Done init of HFI queue headers
[    7.889152] qcom,msm_ipclite_rpmsg 32300000.remoteproc-cdsp:glink-edge.ipcliteglink-apps-dsp.-1.-1: rpmsg_probe for ipc_lite done
[    7.890105] cnss: Sending respond memory message, state: 0x2c00009
[    7.890114] cnss: Memory for FW, va: 0x0000000000000000, pa: 0x00000000a1800000, size: 0x6f0000, type: 1
[    7.890118] cnss: Memory for FW, va: 0x0000000000000000, pa: 0x00000000a2000000, size: 0x810000, type: 4
[    7.892207] qcom_q6v5_pas 3000000.remoteproc-adsp: Direct firmware load for adsp.b25 failed with error -2
[    7.892211] qcom_q6v5_pas 3000000.remoteproc-adsp: Falling back to sysfs fallback for: adsp.b25
[    7.896827] cnss: PM relax, state: 0x2c00009, count: 0
[    7.899031] cnss: Received QMI WLFW FW memory ready indication
[    7.899035] cnss: Posting event: FW_MEM_READY(3), state: 0x2c00009 flags: 0x0
[    7.899038] cnss: PM stay awake, state: 0x2c00009, count: 1
[    7.899043] cnss: PM relax, state: 0x2c00009, count: 0
[    7.899047] cnss: PM stay awake, state: 0x2c00009, count: 1
[    7.899049] cnss: Processing driver event: FW_MEM_READY(3), state: 0x2c00009
[    7.899051] cnss: Sending target capability message, state: 0x2c0000b
[    7.901469] cnss: Device frequency is 19200000 HZ
[    7.901478] cnss: FW_PMU Data: VDD_PMU_AON_I 1 900 0 450
[    7.901482] cnss: VDD_PMU_AON_I mapped to s4e
[    7.901483] cnss: Plat VReg Data: s4e 914 0
[    7.901485] cnss: FW_PMU Data: VDD095_PMU 1 930 0 475
[    7.901487] cnss: VDD095_PMU mapped to s5g
[    7.901489] cnss: Plat VReg Data: s5g 946 0
[    7.901490] cnss: FW_PMU Data: VDD095_MX_PMU 1 960 0 540
[    7.901492] cnss: VDD095_MX_PMU mapped to s2g
[    7.901494] cnss: Plat VReg Data: s2g 974 0
[    7.901495] cnss: FW_PMU Data: VDD095_PMU_BT 1 900 0 540
[    7.901497] cnss: VDD095_PMU_BT mapped to s4e
[    7.901498] cnss: Plat VReg Data: s4e 914 0
[    7.901500] cnss: FW_PMU Data: VDD09_PMU_RFA_I 1 850 0 0
[    7.901501] cnss: VDD09_PMU_RFA_I mapped to s4e
[    7.901503] cnss: Plat VReg Data: s4e 914 0
[    7.901504] cnss: FW_PMU Data: VDD13_PMU_PCIE_I 1 1025 0 0
[    7.901506] cnss: VDD13_PMU_PCIE_I mapped to s4g
[    7.901508] cnss: Plat VReg Data: s4g 1042 0
[    7.901509] cnss: FW_PMU Data: VDD13_PMU_RFA_I 1 1300 0 0
[    7.901511] cnss: VDD13_PMU_RFA_I mapped to s4g
[    7.901513] cnss: Plat VReg Data: s4g 1314 0
[    7.901514] cnss: FW_PMU Data: VDD19_PMU_PCIE_I 1 1850 0 0
[    7.901516] cnss: VDD19_PMU_PCIE_I mapped to s6g
[    7.901517] cnss: Plat VReg Data: s6g 1866 0
[    7.901519] cnss: FW_PMU Data: VDD19_PMU_RFA_I 1 1850 0 0
[    7.901521] cnss: VDD19_PMU_RFA_I mapped to s6g
[    7.901522] cnss: Plat VReg Data: s6g 1866 0
[    7.901524] cnss: s4e mapped to rf
[    7.901527] cnss: Sending AOP Mbox msg: {class: wlan_pdc, ss: rf, res: s4e.v, upval: 914}
[    7.901916] cnss: s5g mapped to bb
[    7.901922] cnss: Sending AOP Mbox msg: {class: wlan_pdc, ss: bb, res: s5g.v, upval: 946}
[    7.902332] cnss: s2g mapped to bb
[    7.902337] cnss: Sending AOP Mbox msg: {class: wlan_pdc, ss: bb, res: s2g.v, upval: 974}
[    7.902761] cnss: s4g mapped to rf
[    7.902763] cnss: Sending AOP Mbox msg: {class: wlan_pdc, ss: rf, res: s4g.v, upval: 1314}
[    7.903193] cnss: s6g mapped to rf
[    7.903902] cnss: Sending AOP Mbox msg: {class: wlan_pdc, ss: rf, res: s6g.v, upval: 1866}
[    7.904553] cnss: Target capability: chip_id: 0x2, chip_family: 0x4, board_id: 0x31, soc_id: 0x40170200, otp_version: 0x0
[    7.904556] cnss: fw_version: 0x110c8586, fw_build_timestamp: 2025-08-25 13:49, fw_build_id: QC_IMAGE_VERSION_STRING=WLAN.HMT.1.1-01414.6-QCAHMTSWPL_V1.0_V2.0_SILICONZ-1.121323.2.124673.3, hwid_bitmap:0x0
[    7.904559] cnss: Hang event params, Length: 0x180, Offset Address: 0x1ec000
[    7.904562] cnss: Sending BDF download message, state: 0x2c0000b, type: 4
[    7.904565] cnss: FW name added with prefix: kiwi/regdb.bin
[    7.905503] qcom_q6v5_pas 3000000.remoteproc-adsp: Direct firmware load for adsp.b26 failed with error -2
[    7.905507] qcom_q6v5_pas 3000000.remoteproc-adsp: Falling back to sysfs fallback for: adsp.b26
[    7.908283] cnss: Downloading BDF: kiwi/regdb.bin, size: 24278
[    7.910348] qcom_q6v5_pas 3000000.remoteproc-adsp: Direct firmware load for adsp.b27 failed with error -2
[    7.910352] qcom_q6v5_pas 3000000.remoteproc-adsp: Falling back to sysfs fallback for: adsp.b27
[    7.914126] qcom_q6v5_pas 3000000.remoteproc-adsp: Direct firmware load for adsp.b28 failed with error -2
[    7.914132] qcom_q6v5_pas 3000000.remoteproc-adsp: Falling back to sysfs fallback for: adsp.b28
[    7.921368] cnss: INI File 1 download
[    7.924072] cnss: Failed to get INI file wlan-connection-roaming.ini (-2), Backup file: Supported
[    7.925704] qcom_q6v5_pas 3000000.remoteproc-adsp: Direct firmware load for adsp.b29 failed with error -2
[    7.925712] qcom_q6v5_pas 3000000.remoteproc-adsp: Falling back to sysfs fallback for: adsp.b29
[    7.927599] cnss: Failed to get INI file wlan-connection-roaming-backup.ini (-2)
[    7.927606] cnss: Sending BDF download message, state: 0x2c0000b, type: 1
[    7.927615] cnss: FW name added with prefix: kiwi/bdwlan.e31
[    7.931944] qcom_q6v5_pas 3000000.remoteproc-adsp: Direct firmware load for adsp.b30 failed with error -2
[    7.931949] qcom_q6v5_pas 3000000.remoteproc-adsp: Falling back to sysfs fallback for: adsp.b30
[    7.935378] cnss: Downloading BDF: kiwi/bdwlan.e31, size: 88760
[    7.938180] qcom_q6v5_pas 3000000.remoteproc-adsp: Direct firmware load for adsp.b31 failed with error -2
[    7.938185] qcom_q6v5_pas 3000000.remoteproc-adsp: Falling back to sysfs fallback for: adsp.b31
[    7.941511] qcom_q6v5_pas 3000000.remoteproc-adsp: Direct firmware load for adsp.b33 failed with error -2
[    7.941517] qcom_q6v5_pas 3000000.remoteproc-adsp: Falling back to sysfs fallback for: adsp.b33
[    7.944548] qcom_q6v5_pas 3000000.remoteproc-adsp: Direct firmware load for adsp.b34 failed with error -2
[    7.944554] qcom_q6v5_pas 3000000.remoteproc-adsp: Falling back to sysfs fallback for: adsp.b34
[    7.947711] qcom_q6v5_pas 3000000.remoteproc-adsp: Direct firmware load for adsp.b35 failed with error -2
[    7.947797] qcom_q6v5_pas 3000000.remoteproc-adsp: Falling back to sysfs fallback for: adsp.b35
[    7.950536] qcom_q6v5_pas 3000000.remoteproc-adsp: Direct firmware load for adsp.b36 failed with error -2
[    7.950543] qcom_q6v5_pas 3000000.remoteproc-adsp: Falling back to sysfs fallback for: adsp.b36
[    7.953696] qcom_q6v5_pas 3000000.remoteproc-adsp: Direct firmware load for adsp.b38 failed with error -2
[    7.953703] qcom_q6v5_pas 3000000.remoteproc-adsp: Falling back to sysfs fallback for: adsp.b38
[    7.957347] qcom_q6v5_pas 3000000.remoteproc-adsp: Direct firmware load for adsp.b39 failed with error -2
[    7.957352] qcom_q6v5_pas 3000000.remoteproc-adsp: Falling back to sysfs fallback for: adsp.b39
[    7.960190] qcom_q6v5_pas 3000000.remoteproc-adsp: Direct firmware load for adsp.b40 failed with error -2
[    7.960194] qcom_q6v5_pas 3000000.remoteproc-adsp: Falling back to sysfs fallback for: adsp.b40
[    7.963068] qcom_q6v5_pas 3000000.remoteproc-adsp: Direct firmware load for adsp.b41 failed with error -2
[    7.963072] qcom_q6v5_pas 3000000.remoteproc-adsp: Falling back to sysfs fallback for: adsp.b41
[    7.967247] qcom_q6v5_pas 3000000.remoteproc-adsp: Direct firmware load for adsp.b42 failed with error -2
[    7.967251] qcom_q6v5_pas 3000000.remoteproc-adsp: Falling back to sysfs fallback for: adsp.b42
[    7.971569] qcom_q6v5_pas 3000000.remoteproc-adsp: Direct firmware load for adsp.b43 failed with error -2
[    7.971573] qcom_q6v5_pas 3000000.remoteproc-adsp: Falling back to sysfs fallback for: adsp.b43
[    7.979569] qcom_q6v5_pas 3000000.remoteproc-adsp: Direct firmware load for adsp.b44 failed with error -2
[    7.979575] qcom_q6v5_pas 3000000.remoteproc-adsp: Falling back to sysfs fallback for: adsp.b44
[    7.979623] cnss: Host BDF config: HW_XPA: 1 CalDB: 0
[    7.979630] cnss: FW name added with prefix: kiwi/phy_ucode20.elf
[    7.983611] qcom_q6v5_pas 3000000.remoteproc-adsp: Direct firmware load for adsp.b45 failed with error -2
[    7.983615] qcom_q6v5_pas 3000000.remoteproc-adsp: Falling back to sysfs fallback for: adsp.b45
[    7.984712] cnss: Sending M3 information message, state: 0x2c0000b
[    7.984719] cnss: M3 memory, va: 0x0000000000000000, pa: 0x00000000a2a00000, size: 0x4926c
[    7.986274] qcom_q6v5_pas 3000000.remoteproc-adsp: Direct firmware load for adsp.b46 failed with error -2
[    7.986278] qcom_q6v5_pas 3000000.remoteproc-adsp: Falling back to sysfs fallback for: adsp.b46
[    7.987533] cnss: Sending QDSS config download message, state: 0x2c0000b
[    7.987541] cnss: FW name added with prefix: kiwi/qdss_trace_config_v2.cfg
[    7.988907] qcom_q6v5_pas 3000000.remoteproc-adsp: Direct firmware load for adsp.b47 failed with error -2
[    7.988910] qcom_q6v5_pas 3000000.remoteproc-adsp: Falling back to sysfs fallback for: adsp.b47
[    7.991397] cnss: Downloading QDSS: kiwi/qdss_trace_config_v2.cfg, size: 4911
[    7.993567] qcom_q6v5_pas 3000000.remoteproc-adsp: Direct firmware load for adsp.b48 failed with error -2
[    7.993570] qcom_q6v5_pas 3000000.remoteproc-adsp: Falling back to sysfs fallback for: adsp.b48
[    7.995135] cnss: PM relax, state: 0x2c0000b, count: 0
[    7.996537] qcom_q6v5_pas 3000000.remoteproc-adsp: Direct firmware load for adsp.b49 failed with error -2
[    7.996541] qcom_q6v5_pas 3000000.remoteproc-adsp: Falling back to sysfs fallback for: adsp.b49
[    7.998977] qcom_q6v5_pas 3000000.remoteproc-adsp: Direct firmware load for adsp.b50 failed with error -2
[    7.998979] qcom_q6v5_pas 3000000.remoteproc-adsp: Falling back to sysfs fallback for: adsp.b50
[    8.001870] cnss: Received QMI WLFW FW initialization done indication
[    8.001876] cnss: Posting event: FW_READY(4), state: 0x2c0000b flags: 0x0
[    8.001879] cnss: PM stay awake, state: 0x2c0000b, count: 1
[    8.001884] cnss: PM relax, state: 0x2c0000b, count: 0
[    8.001889] cnss: PM stay awake, state: 0x2c0000b, count: 1
[    8.001890] cnss: Processing driver event: FW_READY(4), state: 0x2c0000b
[    8.001892] cnss: Processing FW Init Done..
[    8.001894] cnss: PCIE Gen speed not setup
[    8.001895] cnss: Sending antenna switch sync request, state: 0x2c0000f
[    8.004271] cnss: Antenna switch request failed, result: 1, err: 94
[    8.004275] cnss: CAL DB file not required as per BDF
[    8.004277] cnss: Sending cal file report request. File size: 8454144, state: 0x2c0000f
[    8.005331] qcom_q6v5_pas 3000000.remoteproc-adsp: Direct firmware load for adsp.b51 failed with error -2
[    8.005335] qcom_q6v5_pas 3000000.remoteproc-adsp: Falling back to sysfs fallback for: adsp.b51
[    8.008356] qcom_q6v5_pas 3000000.remoteproc-adsp: Direct firmware load for adsp.b52 failed with error -2
[    8.008358] qcom_q6v5_pas 3000000.remoteproc-adsp: Falling back to sysfs fallback for: adsp.b52
[    8.008618] cnss: Sending mode message, mode: CALIBRATION(7), state: 0x2c0000f
[    8.011883] qcom_q6v5_pas 3000000.remoteproc-adsp: Direct firmware load for adsp.b53 failed with error -2
[    8.011888] qcom_q6v5_pas 3000000.remoteproc-adsp: Falling back to sysfs fallback for: adsp.b53
[    8.016164] qcom_q6v5_pas 3000000.remoteproc-adsp: Direct firmware load for adsp.b54 failed with error -2
[    8.016169] qcom_q6v5_pas 3000000.remoteproc-adsp: Falling back to sysfs fallback for: adsp.b54
[    8.179544] cnss: Removing vote for Regulator vdd-wlan-rfa2
[    8.179577] cnss: Removing vote for Regulator vdd-wlan-rfa1
[    8.179593] cnss: Removing vote for Regulator vdd-wlan-dig
[    8.179607] cnss: Removing vote for Regulator vdd-wlan-aon
[    8.179607] cnss: Received QMI WLFW pin connect result indication
[    8.179613] cnss: Pin connect Result: pwr_pin: 0x1 phy_io_pin: 0x0 rf_io_pin: 0x0
[    8.179620] cnss: Removing vote for Regulator vdd-wlan
[    8.179633] cnss: Removing vote for Regulator vdd-wlan-io
[    8.179638] cnss: PM relax, state: 0x2c0000f, count: 0
[    8.269107] [EGISFP] egisfp_ioctl : cmd = 0x7 
[    8.269114] [EGISFP] egisfp_ioctl : FP_RESET_SET 
[    8.269116] [EGISFP] do_egisfp_reset_set : reset_high_low = 0 
[    8.269133] [EGISFP] do_egisfp_reset_set : reset_pin value = 0 
[    8.269135] [EGISFP] egisfp_ioctl done 
[    8.269146] [EGISFP] egisfp_ioctl : cmd = 0x5 
[    8.269147] [EGISFP] egisfp_ioctl : FP_POWER_ONOFF 
[    8.269148] [EGISFP] do_egisfp_power_onoff : power_onoff = 0 
[    8.269375] [EGISFP] egisfp_vreg_setup : regulator disable, ret = 0 
[    8.289234] adsprpc: fastrpc_restart_notifier_cb: lpass subsystem is up
[    8.289255] remoteproc remoteproc1: remote processor 3000000.remoteproc-adsp is now up
[    8.289508] cnss: DRV subsystem is connected
[    8.290278] qcom_smd_qrtr_probe:SMD QRTR driver probed
[    8.291140] coresight-remote-etm soc:audio_etm0: Connection established between QMI handle and 5 service
[    8.293688] Info: adsprpc (97): kworker/0:2: fastrpc_rpmsg_probe: opened rpmsg channel for lpass
[    8.294728] qcom,gpr 3000000.remoteproc-adsp:glink-edge.adsp_apps.-1.-1: Adding GPR dev: gprsvc:spf_core:2:3
[    8.295067] spf_core_probe
[    8.295494] qcom,gpr 3000000.remoteproc-adsp:glink-edge.adsp_apps.-1.-1: Adding GPR dev: gprsvc:audio-pkt:2:17
[    8.296268] qcom,gpr 3000000.remoteproc-adsp:glink-edge.adsp_apps.-1.-1: Adding GPR dev: gprsvc:q6prm:2:7
[    8.296657] spf_core_add_child_devices:enumarate machine driver
[    8.296669] spf-core-platform soc:spf_core_platform: __spf_core_is_apm_ready: send_command ret
[    8.296678] qcom,gpr 3000000.remoteproc-adsp:glink-edge.adsp_apps.-1.-1: gpr_send_pkt: domain_id[2], Still Dsp is not Up
[    8.298713] qcom rproc: 32300000.remoteproc-cdsp: recovery disabled
[    8.298735] audio_notifier_reg_service: service PDR_ADSP is in use
[    8.298745] audio_prm_service_cb: Service opcode 0x0
[    8.298749] audio_prm_probe: prm probe success
[    8.298809] qcom rproc: 32300000.remoteproc-cdsp: recovery enabled
[    8.299020] qcom,gpr 3000000.remoteproc-adsp:glink-edge.adsp_apps.-1.-1: gpr_probe: gpr-lite probe success
[    8.299487] qcom,gpr 3000000.remoteproc-adsp:glink-edge.adsp_apps.-1.-1: gpr_notifier_register: registered via subsys_notif_register for domain id(2)
[    8.299701] adsp_sleepmon: Received ADSP version 0x2
[    8.307277] qcom rproc: 4080000.remoteproc-mss: recovery disabled
[    8.307316] qcom rproc: 4080000.remoteproc-mss: recovery disabled
[    8.307341] qcom rproc: 4080000.remoteproc-mss: recovery disabled
[    8.307371] qcom rproc: 4080000.remoteproc-mss: recovery enabled
[    8.315767] cnss: Enable WLAN recovery, count is 2
[    8.315773] cnss: Disable PCSS recovery, count is 2
[    8.315775] cnss: Sending pcss recovery status: 0
[    8.317597] cnss: req 55 success
[    8.321274] init: wait for '/sys/class/leds/cs40l25:vibrator/device' took 0ms
[    8.325286] [EGISFP] do_egisfp_power_onoff : power_pin value = 0 
[    8.325292] [EGISFP] egisfp_ioctl done 
[    8.342199] read descriptors
[    8.342211] read strings
[    8.342289] read descriptors
[    8.342293] read strings
[    8.343367] read descriptors
[    8.343374] read strings
[    8.346775] spf-core-platform soc:spf_core_platform: __spf_core_is_apm_ready: send_command ret
[    8.346799] qcom,gpr 3000000.remoteproc-adsp:glink-edge.adsp_apps.-1.-1: gpr_send_pkt: domain_id[2], Still Dsp is not Up
[    8.396894] spf-core-platform soc:spf_core_platform: __spf_core_is_apm_ready: send_command ret
[    8.396919] qcom,gpr 3000000.remoteproc-adsp:glink-edge.adsp_apps.-1.-1: gpr_send_pkt: domain_id[2], Still Dsp is not Up
[    8.447060] spf-core-platform soc:spf_core_platform: __spf_core_is_apm_ready: send_command ret
[    8.447088] qcom,gpr 3000000.remoteproc-adsp:glink-edge.adsp_apps.-1.-1: gpr_send_pkt: domain_id[2], Still Dsp is not Up
[    8.484290] i2c_geni 888000.i2c: i2c error :-107
[    8.497186] spf-core-platform soc:spf_core_platform: __spf_core_is_apm_ready: send_command ret
[    8.497214] qcom,gpr 3000000.remoteproc-adsp:glink-edge.adsp_apps.-1.-1: gpr_send_pkt: domain_id[2], Still Dsp is not Up
[    8.547303] spf-core-platform soc:spf_core_platform: __spf_core_is_apm_ready: send_command ret
[    8.547330] qcom,gpr 3000000.remoteproc-adsp:glink-edge.adsp_apps.-1.-1: gpr_send_pkt: domain_id[2], Still Dsp is not Up
[    8.597430] spf-core-platform soc:spf_core_platform: __spf_core_is_apm_ready: send_command ret
[    8.597459] qcom,gpr 3000000.remoteproc-adsp:glink-edge.adsp_apps.-1.-1: gpr_send_pkt: domain_id[2], Still Dsp is not Up
[    8.647568] spf-core-platform soc:spf_core_platform: __spf_core_is_apm_ready: send_command ret
[    8.647595] qcom,gpr 3000000.remoteproc-adsp:glink-edge.adsp_apps.-1.-1: gpr_send_pkt: domain_id[2], Still Dsp is not Up
[    8.668758] msm_vidc:     fw: <VFW_E:HostDr:unkn:--------:--> VenusHostDriver_ParseC2SysPacket(1072): licence unique code is not matched
[    8.692698] PDR: service lookup for msm/adsp/charger_pd:tms/servreg failed: -6
[    8.693382] adsprpc: fastrpc_pdr_cb: msm/adsp/audio_pd (audio_pdr_adsprpc) is up for PDR on lpass
[    8.693530] adsprpc: fastrpc_pdr_cb: msm/adsp/sensor_pd (sensors_pdr_adsprpc) is up for PDR on lpass
[    8.693870] audio_notifier_service_cb: service PDR_ADSP, opcode 0x1
[    8.693878] qcom,gpr 3000000.remoteproc-adsp:glink-edge.adsp_apps.-1.-1: gpr_adsp_up: Q6 is Up
[    8.693882] audio_prm_service_cb: Service opcode 0x1
[    8.695844] Error: adsprpc (4256): sscrpcd: fastrpc_get_info_from_dsp: could not obtain dsp information, err val -2147482112
[    8.698300] spf-core-platform soc:spf_core_platform: __spf_core_is_apm_ready: send_command ret
[    8.698538] qcom-spf_core gprsvc:spf_core:2:3: spf_core_callback: Payload 2001007
[    8.698547] qcom-spf_core gprsvc:spf_core:2:3: spf_core_callback: sucess response received
[    8.699341] spf-core-platform soc:spf_core_platform: spf_core_add_child_devices: apm is up
[    8.700175] msm-audio-ion soc:spf_core_platform:qcom,msm-audio-ion: Adding to iommu group 52
[    8.702335] msm-audio-ion soc:spf_core_platform:qcom,msm-audio-ion: msm_audio_ion_probe: msm_audio_ion_probe
[    8.703650] msm-audio-ion soc:spf_core_platform:qcom,msm-audio-ion-cma: msm_audio_ion_probe: msm_audio_ion_probe
[    8.704378] msm_vidc:     fw: <VFW_E:HostDr:unkn:--------:--> VenusHostDriver_ParseC2SysPacket(1072): licence unique code is not matched
[    8.722595] rmt_storage:INFO:check_support_using_libmdm: Modem subsystem found on target!
[    8.722942] rmt_storage:INFO:main: Done with init now waiting for messages!
[    8.729486] lpass_cdc_va_macro va-macro: lpass_cdc_register_macro: register macro successful:3
[    8.730261] lpass_cdc_tx_macro tx-macro: lpass_cdc_register_macro: register macro successful:0
[    8.731602] lpass_cdc_rx_macro rx-macro: lpass_cdc_register_macro: register macro successful:1
[    8.732453] wcd938x_codec wcd938x-codec: msm_cdc_dt_parse_vreg_info: cdc-vdd-rxtx: vol=[1800000 1800000]uV, curr=[30000]uA, ond 0 lpm 1
[    8.732468] wcd938x_codec wcd938x-codec: msm_cdc_dt_parse_vreg_info: cdc-vddio: vol=[1800000 1800000]uV, curr=[30000]uA, ond 0 lpm 1
[    8.732478] wcd938x_codec wcd938x-codec: msm_cdc_dt_parse_vreg_info: cdc-vdd-mic-bias: vol=[3400000 3960000]uV, curr=[30000]uA, ond 0 lpm 0
[    8.732488] wcd938x_codec wcd938x-codec: msm_cdc_dt_parse_vreg_info: cdc-vdd-buck: vol=[1800000 1800000]uV, curr=[650000]uA, ond 1 lpm 1
[    8.743396] prm_gpr_send_pkt: apm ready check not done
[    8.743413] spf-core-platform soc:spf_core_platform: __spf_core_is_apm_ready: send_command ret
[    8.743618] qcom-spf_core gprsvc:spf_core:2:3: spf_core_callback: Payload 2001007
[    8.743627] qcom-spf_core gprsvc:spf_core:2:3: spf_core_callback: sucess response received
[    8.743658] prm_gpr_send_pkt: apm ready check done
[    8.750927] msm_vidc:     fw: <VFW_E:HostDr:unkn:--------:--> VenusHostDriver_ParseC2SysPacket(1072): licence unique code is not matched
[    8.757136] swr-wcd rx_swr_ctrl: swrm_get_logical_dev_num: devnum 1 assigned for dev d01170224
[    8.757156] wcd938x_codec wcd938x-codec: bound wcd938x-slave.d01170224 (ops wcd938x_slave_comp_ops [wcd938x_slave_dlkm])
[    8.757335] swr-wcd va_swr_ctrl: swrm_get_logical_dev_num: devnum 1 assigned for dev d01170223
[    8.757345] wcd938x_codec wcd938x-codec: bound wcd938x-slave.d01170223 (ops wcd938x_slave_comp_ops [wcd938x_slave_dlkm])
[    8.761528] wcd938x_codec wcd938x-codec: wcd938x_soc_codec_probe()
[    8.773071] msm_vidc:     fw: <VFW_E:HostDr:unkn:--------:--> VenusHostDriver_ParseC2SysPacket(1072): licence unique code is not matched
[    8.790801] input: kalama-qrd-snd-card Headset Jack as /devices/platform/soc/soc:spf_core_platform/soc:spf_core_platform:sound/sound/card0/input5
[    8.791144] input: kalama-qrd-snd-card Button Jack as /devices/platform/soc/soc:spf_core_platform/soc:spf_core_platform:sound/sound/card0/input6
[    8.791554] kalama-asoc-snd soc:spf_core_platform:sound: msm_asoc_machine_probe: Sound card kalama-qrd-snd-card registered
[    8.791938] kalama-asoc-snd soc:spf_core_platform:sound: msm_common_snd_init: No DT match for tdm clk attribute, set to default
[    8.791941] kalama-asoc-snd soc:spf_core_platform:sound: msm_common_snd_init: No DT match for mi2s clk attribute, set to default
[    8.792082] kalama-asoc-snd soc:spf_core_platform:sound: num_links 33 
[    8.792689] msm_vidc:     fw: <VFW_E:HostDr:unkn:--------:--> VenusHostDriver_ParseC2SysPacket(1072): licence unique code is not matched
[    8.793202] audio_prm_callback: Failed response received
[    8.793229] prm_gpr_send_pkt: DSP returned error 2
[    8.793267] msm_set_upd_config: upd cdc duty cycling registration failed
[    8.793748] ------------[ cut here ]------------
[    8.793754] Voluntary context switch within RCU read-side critical section!
[    8.793771] WARNING: CPU: 0 PID: 1957 at kernel/rcu/tree_plugin.h:316 rcu_note_context_switch+0x338/0x6b8
[    8.793785] Modules linked in: sony_camera(OE) slg51000_regulator(OE) lxs_touchscreen(OE) ipa_clientsm(OE) ipanetm(OE) rndisipam(OE) camera(OE) ipam(OE) wlan(OE) coresight_tmc(E) machine_dlkm(OE) msm_drm(OE) rmnet_perf(OE) msm_kgsl(OE) bt_fm_slim(OE) msm_eva(OE) usb_f_gsi(E) qdss_bridge(E) usb_f_qdss(E) swr_dmic_dlkm(OE) gsim(OE) rmnet_shs(OE) rmnet_offload(OE) rmnet_wlan(OE) rmnet_perf_tether(OE) rmnet_aps(OE) wcd938x_dlkm(OE) pt_device_access(OE) pt_i2c(OE) msm_video(OE) rmnet_core(OE) goodix_ts(OE) nxp_nci(OE) msm_hw_fence(OE) synaptics_tcm_ts(OE) memlat_scmi(E) nt36xxx_i2c(OE) msm_mmrm(OE) sync_fence(OE) btpower(OE) radio_i2c_rtc6226_qca(OE) lpass_cdc_va_macro_dlkm(OE) lpass_cdc_rx_macro_dlkm(OE) lpass_cdc_wsa_macro_dlkm(OE) lpass_cdc_tx_macro_dlkm(OE) audio_pkt_dlkm(OE) lpass_cdc_wsa2_macro_dlkm(OE) wcd9xxx_dlkm(OE) pinctrl_lpi_dlkm(OE) swr_ctrl_dlkm(OE) adsp_loader_dlkm(OE) lpass_cdc_dlkm(OE) audio_prm_dlkm(OE) cirrus_cs35l45(OE) dwc3_msm(E) last_logs(OE)
[    8.793893] hdcp_qseecom_dlkm(OE) qcrypto_msm_dlkm(OE) somc_battchg_ext(OE) atmel_mxt_ts(OE) pt_ts(OE) wcd938x_slave_dlkm(OE) cirrus_cs40l2x_codec(OE) rmnet_sch(OE) rmnet_ctl(OE) wsa883x_dlkm(OE) slim_qcom_ngd_ctrl(E) camera_sync(OE) et603_int(OE) qcedev_mod_dlkm(OE) hdmi_dlkm(OE) qce50_dlkm(OE) tz_log_dlkm(OE) cirrus_wm_adsp(OE) qcom_pon(E) mac80211(E) qcom_spmi_adc5_gen3(E) qrtr_mhi(E) audpkt_ion_dlkm(OE) gh_irq_lend(E) coresight_remote_etm(E) qrtr_smd(E) stm_console(E) coresight_tpda(E) cnss2(OE) coresight_stm(E) stm_p_basic(E) stm_p_ost(E) stm_ftrace(E) coresight_funnel(E) policy_engine(E) mhi_cntrl_qcom(E) cnss_nl(OE) coresight_cti(E) nvmem_qfprom(E) icc_test(E) coresight_replicator(E) slimbus(E) cpu_voltage_cooling(E) usb_bam(E) coresight_tpdm(E) bcl_soc(E) snd_soc_hdmi_codec(E) snd_usb_audio_qmi(E) spf_core_dlkm(OE) gpr_dlkm(OE) snd_event_dlkm(OE) q6_notifier_dlkm(OE) cnss_plat_ipc_qmi_svc(OE) spi_msm_geni(E) usb_f_ccid(E) rdtags(OE) spcom(E) synx_driver(E)
[    8.794002] ucsi_glink(E) repeater_i2c_eusb2(E) repeater_qti_pmic_eusb2(E) usb_f_cdev(E) phy_msm_m31_eusb2(E) dmesg_dumper(E) phy_msm_snps_eusb2(E) qcom_edac(E) qti_cpufreq_cdev(E) f_fs_ipc_log(E) mmc_log_probes(E) cnss_prealloc(OE) pm8941_pwrkey(E) i2c_msm_geni(E) usb_f_diag(E) cdsp_loader(E) cnss_utils(OE) cfg80211(E) stm_core(E) qcom_vadc_common(E) qrtr_gunyah(E) msm_lmh_dcvs(E) boot_stats(E) frpc_adsprpc(E) qcom_esoc(E) leds_qti_flash(E) swr_haptics_dlkm(OE) mhi_dev_satellite(E) mhi_dev_uci(E) mhi_dev_netdev(E) smcinvoke_dlkm(OE) mhi_dev_dtr(E) altmode_glink(E) coresight_hwevent(E) pinctrl_spmi_gpio(E) phy_msm_ssusb_qmp(E) spmi_pmic_arb_debug(E) rdbg(E) qti_userspace_cdev(E) msm_performance(E) leds_qti_tri_led(E) sg(E) smsc95xx(E) ddr_cdev(E) ehset(E) microdump_collector(E) r8168(E) adsp_sleepmon(E) lt9611uxc(E) qcom_va_minidump(E) max31760_fan(E) core_hang_detect(E) cdsprm(E) sps_drv(E) hvc_gunyah(E) qcom_iommu_debug(E) memlat(E) rq_stats(E) reboot_mode(E)
[    8.794113] qcom_spmi_temp_alarm(E) smsc75xx(E) usbmon(E) glink_pkt(E) sdpm_clk(E) msm_geni_serial(E) eud(E) qti_qmi_cdev(E) phy_qcom_emu(E) qti_ocp_notifier(E) smsc(E) qcom_ipc_lite(E) realtek(E) spmi_glink_debug(E) msm_sharedmem(E) i3c_master_msm_geni(E) hung_task_enh(E) rimps_log(E) repeater(E) memlat_vendor(E) qti_fixed_regulator(E) cirrus_cs40l2x(OE) q6_dlkm(OE) qti_battery_charger(E) qti_battery_debug(E) ipa_fmwk(E) wlan_firmware_service(OE) qti_qmi_sensor_v2(E) charger_ulog_glink(E) phy_generic(E) wsa884x_dlkm(OE) mhi(E) spss_utils(E) redriver(E) qcom_q6v5_pas(E) qseecom_proxy(E) qcom_pil_info(E) coresight_dummy(E) qcom_q6v5(E) mbhc_dlkm(OE) stub_dlkm(OE) qcom_lpm(E) qcom_ramdump(E) sys_pm_vx(E) coresight_csr(E) coresight_tgu(E) q6_pdr_dlkm(OE) msm_ext_display(OE) qrng_dlkm(OE) swr_dlkm(OE) wcd_core_dlkm(OE) subsystem_sleep_stats(E) qcom_spss(E) glink_probe(E) panel_event_notifier(E) msm_memshare(E) qsee_ipc_irq_bridge(E) qcom_glink_spss(E) qcom_sysmon(E)
[    8.794221] pmic_glink(E) pdr_interface(E) pci_msm_drv(E) coresight(E) gh_tlmm_vm_mem_access(E) qti_devfreq_cdev(E) heap_mem_ext_v01(E) qcom_cpufreq_hw_debug(E) rproc_qcom_common(E) qcom_cpuss_sleep_stats(E) pmic_pon_log(E) qmi_helpers(E) sysmon_subsystem_stats(E) smp2p(E) msm_gpi(E) phy_qcom_ufs_qmp_v4_khaje(E) gh_mem_notifier(E) msm_show_epoch(E) soc_sleep_stats(E) qbt_handler(E) smp2p_sleepstate(E) debugcc_kalama(E) pinctrl_somc_pmic(E) bam_dma(E) pinctrl_spmi_mpp(E) qcom_smd(E) pwm_qti_lpg(E) phy_qcom_ufs_qmp_v4(E) gpucc_kalama(E) phy_qcom_ufs_qmp_v4_waipio(E) qcom_glink_smem(E) qcom_glink(E) msm_sysstats(E) msm_show_resume_irq(E) zram(E) wakeup_irq_debug(E) zsmalloc(E) nvme(E) nvme_core(E) bcl_pmic5(E) c1dcvs_scmi(E) c1dcvs_vendor(E) qcom_rimps(E) sdhci_msm(E) arm_smmu(E) ufs_qcom(E) ufshcd_crypto_qti(E) msm_qmp(E) qcom_aoss(E) stub_regulator(E) socinfo(E) rtc_pm8xxx(E) qrtr(E) qcom_reboot_reason(E) spmi_pmic_arb(E) qcom_spmi_pmic(E) regmap_spmi(E)
[    8.794326] qti_regmap_debugfs(E) pmu_scmi(E) pmu_vendor(E) qcom_pmu_lib(E) qcom_llcc_pmu(E) qcom_iommu_util(E) qcom_logbuf_vh(E) debug_symbol(E) qcom_dload_mode(E) pinctrl_somc(E) phy_qcom_ufs_qrbtc_sdm845(E) phy_qcom_ufs_qmp_v4_kalama(E) phy_qcom_ufs(E) nvmem_qcom_spmi_sdam(E) ns(E) qnoc_kalama(E) qnoc_qos(E) pinctrl_kalama(E) pinctrl_msm(E) memory_dump_v2(E) mem_buf(E) qcom_dma_heaps(E) msm_dma_iommu_mapping(E) mem_buf_msgq(E) mem_buf_dev(E) mem_hooks(E) llcc_qcom(E) iommu_logger(E) gunyah(E) mdt_loader(E) secure_buffer(E) gh_ctrl(E) videocc_kalama(E) tcsrcc_kalama(E) dispcc_kalama(E) dcc_v2(E) crypto_qti_common(E) crypto_qti_hwkm(E) hwkm(E) tmecom_intf(E) cqhci(E) clk_dummy(E) cpu_hotplug(E) thermal_pause(E) sched_walt(E) qcom_cpufreq_hw(E) bwmon(E) qcom_dcvs(E) dcvs_fp(E) rpmh_regulator(E) qcom_tsens(E) thermal_minidump(E) qcom_pdc(E) qcom_ipcc(E) camcc_kalama(E) icc_rpmh(E) icc_debug(E) icc_bcm_voter(E) gcc_kalama(E) clk_qcom(E) gdsc_regulator(E)
[    8.794438] debug_regulator(E) proxy_consumer(E) clk_rpmh(E) qcom_rpmh(E) cmd_db(E) qcom_ipc_logging(E) qcom_cpu_vendor_hooks(E) gh_virt_wdt(E) qcom_wdt_core(E) qcom_scm(E) minidump(E) smem(E) qcom_hwspinlock(E) gh_rm_drv(E) gh_dbl(E) gh_msgq(E) gh_arm_drv(E)
[    8.794473] CPU: 0 PID: 1957 Comm: kworker/0:13 Tainted: G S      W  OE     5.15.189-android13-8-00016-g51bba4309aac-ab14546557 #1
[    8.794479] Hardware name: Sony Corporation. PDX-234 J(Kalama QRD) (DT)
[    8.794484] Workqueue: events power_supply_changed_work.cfi_jt
[    8.794493] pstate: 624000c5 (nZCv daIF +PAN -UAO +TCO -DIT -SSBS BTYPE=--)
[    8.794499] pc : rcu_note_context_switch+0x338/0x6b8
[    8.794506] lr : rcu_note_context_switch+0x338/0x6b8
[    8.794511] sp : ffffffc01c18b9e0
[    8.794514] x29: ffffffc01c18b9f0 x28: 0000000000000000 x27: ffffff8044888000
[    8.794523] x26: ffffffc01c18bb80 x25: ffffff8a7887a340 x24: ffffff80376f5160
[    8.794532] x23: ffffffa47db9e000 x22: ffffffe5facdc340 x21: ffffffe5fa10fd96
[    8.794540] x20: 0000000000000000 x19: ffffff8044888000 x18: ffffffc017c61078
[    8.794549] x17: ffffffffffffffff x16: 0000000000000002 x15: 0000000000000004
[    8.794557] x14: ffffff8a6c720000 x13: 0000000000001fff x12: 0000000000000003
[    8.794565] x11: 00000000ffffdfff x10: ffffffe5fadd81a8 x9 : 34825a5bc8820600
[    8.794574] x8 : 34825a5bc8820600 x7 : 205b5d3435373339 x6 : 372e38202020205b
[    8.794582] x5 : ffffff8030fbdf61 x4 : ffffffc01c18b5ef x3 : 0000000000000000
[    8.794590] x2 : 0000000000000000 x1 : ffffffc01c18b750 x0 : 000000000000003f
[    8.794599] Call trace:
[    8.794602] rcu_note_context_switch+0x338/0x6b8
[    8.794608] __schedule+0xc4/0xb8c
[    8.794615] schedule+0x150/0x254
[    8.794621] schedule_timeout+0x98/0x138
[    8.794626] wait_for_common+0x144/0x308
[    8.794632] wait_for_completion_timeout+0x18/0x28
[    8.794638] battery_chg_write+0x7c/0xc8 [qti_battery_charger]
[    8.794654] wls_psy_get_prop+0xd8/0x120 [qti_battery_charger]
[    8.794667] power_supply_get_property+0x48/0xb8
[    8.794674] somc_bcext_psy_notifier_cb+0x8c/0x18c [somc_battchg_ext]
[    8.794698] atomic_notifier_call_chain+0x8c/0x138
[    8.794704] power_supply_changed_work+0xe8/0x310
[    8.794709] process_one_work+0x248/0x55c
[    8.794715] worker_thread+0x3b0/0x740
[    8.794721] kthread+0x168/0x1dc
[    8.794727] ret_from_fork+0x10/0x20
[    8.794732] ---[ end trace 29ee58f85702243e ]---
[    8.795860] input: SOMC Charger Removal as /devices/platform/soc/soc:qcom,pmic_glink/soc:qcom,pmic_glink:somc,battchg_ext/input/input7
[    8.798315] battchg_ext: idtp9382a_irq_handler: irq_status=1
[    8.809686] msm_vidc:     fw: <VFW_E:HostDr:unkn:--------:--> VenusHostDriver_ParseC2SysPacket(1072): licence unique code is not matched
[    8.825826] msm_vidc:     fw: <VFW_E:HostDr:unkn:--------:--> VenusHostDriver_ParseC2SysPacket(1072): licence unique code is not matched
[    8.856237] msm_vidc:     fw: <VFW_E:HostDr:unkn:--------:--> VenusHostDriver_ParseC2SysPacket(1072): licence unique code is not matched
[    8.871082] logd: logdr: UID=2987 GID=2987 PID=2023 b tail=0 logMask=8b pid=0 start=0ns deadline=0ns
[    8.881072] android.hardware.health-service.qti: opened battery/capacity after 4 retries
[    8.881380] android.hardware.health-service.qti: Read Batt Capacity after 4 retries ret : 1
[    8.881614] healthd: batteryCapacityLevelPath not found
[    8.881642] android.hardware.health-service.qti: Starting health HAL.
[    8.885336] healthd: battery l=100 v=4183 t=31.0 h=2 st=3 c=-2158134 fc=4434000 cc=0 chg=
[    8.886428] msm_vidc:     fw: <VFW_E:HostDr:unkn:--------:--> VenusHostDriver_ParseC2SysPacket(1072): licence unique code is not matched
[    8.910724] msm-dwc3 a600000.ssusb: DWC3 exited from low power mode
[    8.910963] eusb2-repeater c42d000.qcom,spmi:qcom,pm8550b@7:qcom,eusb2-repeater@fd00: eUSB2 repeater status:OK
[    8.913054] healthd: battery l=100 v=4183 t=31.0 h=2 st=3 c=-2158134 fc=4434000 cc=0 chg=
[    8.914490] msm_vidc:     fw: <VFW_E:HostDr:unkn:--------:--> VenusHostDriver_ParseC2SysPacket(1072): licence unique code is not matched
[    8.914865] dwc3 a600000.dwc3: Adding to iommu group 53
[    8.916077] eusb2-repeater c42d000.qcom,spmi:qcom,pm8550b@7:qcom,eusb2-repeater@fd00: eUSB2 repeater status:OK
[    8.925094] healthd: battery l=100 v=4183 t=31.0 h=2 st=3 c=-2158134 fc=4434000 cc=0 chg=
[    8.930003] healthd: battery l=100 v=4183 t=31.0 h=2 st=3 c=-2158134 fc=4434000 cc=0 chg=
[    8.939032] lxs_ts 2-0028: after probe start 
[    8.939040] lxs_ts 2-0028: start init work
[    8.939071] lxs_ts 2-0028: LXS(SW82907) after probe start(0.01b-f1)
[    8.939081] lxs_ts 2-0028: lxs_ts_after_probe_func: change power status to power on
[    8.939088] lxs_ts 2-0028: SW82907 reg quirks: [0] 0022h -> 0020h
[    8.939094] lxs_ts 2-0028: SW82907 reg quirks: [1] 0024h -> 0022h
[    8.939099] lxs_ts 2-0028: SW82907 reg quirks: [2] 0005h -> 0004h
[    8.939104] lxs_ts 2-0028: SW82907 reg quirks: [3] 0047h -> 0045h
[    8.939109] lxs_ts 2-0028: SW82907 reg quirks: [4] 0C6Eh -> FFFFh
[    8.939114] lxs_ts 2-0028: SW82907 reg quirks: [5] 0289h -> FFFFh
[    8.939119] lxs_ts 2-0028: SW82907 reg quirks: t 6, m 0
[    8.939125] lxs_ts 2-0028: [opt summary]
[    8.939129] lxs_ts 2-0028:  f_flex_report   : 1
[    8.939133] lxs_ts 2-0028:  f_grab_en       : 1
[    8.939153] lxs_ts 2-0028:  t_sw_rst        : 5
[    8.939157] lxs_ts 2-0028:  t_clock         : 4
[    8.939162] lxs_ts 2-0028:  t_oled          : 2
[    8.939166] lxs_ts 2-0028:  t_tc_cmd        : 10
[    8.939170] lxs_ts 2-0028:  t_tc_quirk      : 1
[    8.939175] lxs_ts 2-0028:  drv_reset_low   : 5 ms
[    8.939179] lxs_ts 2-0028:  drv_delay       : 30 ms
[    8.939184] lxs_ts 2-0028: [tc cmd set] (mode bit 0007h)
[    8.939188] lxs_ts 2-0028:  0001h [LP  ] 
[    8.939193] lxs_ts 2-0028:  0301h [NP  ] 
[    8.939198] lxs_ts 2-0028:  0004h [STOP] 
[    8.939203] lxs_ts 2-0028: fw upgrade setup
[    8.942530] sps_register_bam_device: sps:BAM 0x000000000a704000 is registered
[    8.944249] lxs_ts 2-0028: gpio_reset: gpio_set_value(325, 1)
[    8.948221] msm_vidc:     fw: <VFW_E:HostDr:unkn:--------:--> VenusHostDriver_ParseC2SysPacket(1072): licence unique code is not matched
[    8.956352] remoteproc remoteproc3: powering up 4080000.remoteproc-mss
[    8.956373] remoteproc remoteproc3: Direct firmware load for modem.mdt failed with error -2
[    8.956376] remoteproc remoteproc3: Falling back to sysfs fallback for: modem.mdt
[    8.972426] msm_vidc:     fw: <VFW_E:HostDr:unkn:--------:--> VenusHostDriver_ParseC2SysPacket(1072): licence unique code is not matched
[    8.999384] msm_cvp: sess: vendor.qti.medi opening cvp instance: 0000000000000000 type 1 cnt 0
[    8.999792] msm_cvp:   fw: <CFW_E:HostDr:--------:-> [16793326]: VenusHostDriver_SetSysProperty(595): QC_IMAGE_VERSION_STRING=EVA.FIRMWARE.3.1-12_06620505_build1
[    8.999797] msm_cvp:   fw: <CFW_E:HostDr:--------:-> [57812286]: VenusHostDriver_SetSysProperty(595): QC_IMAGE_VERSION_STRING=EVA.FIRMWARE.3.1-12_06620505_build1
[    9.001157] kgsl-3d 3d00000.qcom,kgsl-3d0: Direct firmware load for a740_sqe.fw failed with error -2
[    9.001168] kgsl-3d 3d00000.qcom,kgsl-3d0: Falling back to sysfs fallback for: a740_sqe.fw
[    9.053123] lxs_ts 2-0028: ic test done
[    9.053495] lxs_ts 2-0028: rinfo: max_x 1645, max_y 3841
[    9.053856] lxs_ts 2-0028: rinfo: tx 16, rx 37
[    9.054040] lxs_ts 2-0028: threaded irq request done(383, lxs_ts, 0x2002)
[    9.054050] lxs_ts 2-0028: report type  : 1
[    9.054052] lxs_ts 2-0028: status type  : 2
[    9.054054] lxs_ts 2-0028: status mask  : 0050A660h
[    9.054055] lxs_ts 2-0028:  normal      : 00508060h
[    9.054057] lxs_ts 2-0028:  logging     : 0050A000h
[    9.054059] lxs_ts 2-0028:  reset       : 00000660h
[    9.054061] lxs_ts 2-0028:  ic normal   : 000000D6h
[    9.054062] lxs_ts 2-0028:  ic abnormal : 00000001h
[    9.054063] lxs_ts 2-0028:  ic error    : 00000028h
[    9.054065] lxs_ts 2-0028:  ic valid    : 000000FFh
[    9.054067] lxs_ts 2-0028: LXS Touch Probe done
[    9.054068] lxs_ts 2-0028: LXS Touch Auto Start
[    9.054075] lxs_ts 2-0028: watchdog on
[    9.054077] lxs_ts 2-0028: watchdog delay 10000 ms
[    9.054078] lxs_ts 2-0028: lxs_ts_watchdog_init (10000 ms)
[    9.054081] lxs_ts 2-0028: LXS(SW82907) init work start(0.01b-f1)
[    9.060193] lxs_ts 2-0028: ic test done
[    9.064813] lxs_ts 2-0028: [T] chip class 7601, version v1.18 (0x040A0112, 0x01)
[    9.064821] lxs_ts 2-0028: [T] product id S2X65234, flash boot idle(done), crc ok (0x00000004)
[    9.066394] lxs_ts 2-0028: [SW82907] IC info is good: 10, 4
[    9.067173] lxs_ts 2-0028: SW82907 resume touch: lpm 0
[    9.067178] lxs_ts 2-0028: display frame rate: 2
[    9.067432] lxs_ts 2-0028: touch frame rate: 2
[    9.067691] lxs_ts 2-0028: current driving mode is NP
[    9.067972] lxs_ts 2-0028: TC Driving[0C03h] wr 0x301
[    9.101764] lxs_ts 2-0028: command done: mode 1, running_sts 02h
[    9.102088] lxs_ts 2-0028: grab_mode[0D0Bh]: ON(00000001h)
[    9.102094] lxs_ts 2-0028: charger: 0h (0h, 0h)
[    9.102351] lxs_ts 2-0028: state_ime: 0
[    9.102610] lxs_ts 2-0028: state_call: 0(IDLE)
[    9.103132] lxs_ts 2-0028: blend_filter(set): 0
[    9.103396] lxs_ts 2-0028: stop_filter(set): 0
[    9.103399] lxs_ts 2-0028: SW82907 resume touch(0): lcd_mode 1, driving_mode 1
[    9.103415] lxs_ts 2-0028: prd: param: row 16, col 37
[    9.104181] lxs_ts 2-0028: prd:  raw: t 1, rr 0, rt 0, ro 0, s 1, v 0, h 0, fmt 0x20000
[    9.104187] lxs_ts 2-0028: prd:  sys: t 1, rr 0, rt 0, ro 0, s 1, v 0, h 0, fmt 0x20000
[    9.104191] lxs_ts 2-0028: prd:   sd: t 1, rr 0, rt 0, ro 0, s 1, v 0, h 0, fmt 0x20000
[    9.104193] lxs_ts 2-0028: prd: flag: raw 0, sys 0, sd 0, app 1
[    9.104197] lxs_ts 2-0028: prd: prd_sd_cmp_setup: cmp set: LP_OPEN, min 4800, max 8192
[    9.104199] lxs_ts 2-0028: prd: prd_sd_cmp_setup: cmp set: LP_SHORT_GND, min 6500, max 8192
[    9.104201] lxs_ts 2-0028: prd: prd_sd_cmp_setup: cmp set: LP_SHORT_TRX, min 6500, max 8192
[    9.104202] lxs_ts 2-0028: prd: prd_sd_cmp_setup: cmp set: LP_SHORT_VDD, min 0, max 5200
[    9.104204] lxs_ts 2-0028: prd: prd_sd_cmp_setup: cmp set: SYNC(V), min 57, max 63
[    9.104205] lxs_ts 2-0028: prd: SW82907[S2X65234] param init done
[    9.104242] lxs_ts 2-0028: LXS(SW82907) init done
[    9.104259] lxs_ts 2-0028: irq(383) enabled
[    9.104261] lxs_ts 2-0028: irq(383) wake enabled
[    9.104263] lxs_ts 2-0028: Touch F/W upgrade triggered(1h)
[    9.104284] lxs_ts 2-0028: FW upgrade work func
[    9.104286] lxs_ts 2-0028: irq(383) wake disabled
[    9.104298] lxs_ts 2-0028: irq(383) disabled
[    9.104300] lxs_ts 2-0028: FW upgrade: status 1(BUSY)
[    9.104301] lxs_ts 2-0028: fw type: FW_TYPE_OLED
[    9.104303] lxs_ts 2-0028: getting fw from file
[    9.104304] lxs_ts 2-0028: target fw: touch_module_id_0x01.img (rel)
[    9.104322] lxs_ts 2-0028: Direct firmware load for touch_module_id_0x01.img failed with error -2
[    9.104324] lxs_ts 2-0028: Falling back to sysfs fallback for: touch_module_id_0x01.img
[    9.323228] cnss-daemon: NL group_id 10, cnss_nl.family_id 41
[    9.326250] cnss_plat: cnss_plat_ipc_qmi_reg_client_req_handler: QMI Client Connected. QMI Socket Node: 1 Port: 16551 ID: 1
[    9.326262] cnss: CNSS Daemon connected
[    9.328359] cnss-daemon: ro.baseband : [msm]
[    9.328528] cnss_plat: MAC: 1 HW_TRC: 0 CAL: 0
[    9.328763] cnss-daemon: no interop issues ap currently
[    9.349480] remoteproc remoteproc3: Booting fw image modem.mdt, size 6364
[    9.351350] qcom_q6v5_pas 4080000.remoteproc-mss: Direct firmware load for modem_dtb.mdt failed with error -2
[    9.351356] qcom_q6v5_pas 4080000.remoteproc-mss: Falling back to sysfs fallback for: modem_dtb.mdt
[    9.357221] lxs_ts 2-0028: fw size: 131072
[    9.357231] lxs_ts 2-0028: FW compare: bin-ver: 1.18(0) (S2X65234)
[    9.357233] lxs_ts 2-0028: FW compare: dev-ver: 1.18(0) (S2X65234)
[    9.357235] lxs_ts 2-0028: FW compare: up 0x00, fup 0x00
[    9.357237] lxs_ts 2-0028: FW upgrade: status 4(NG_F_CHK)
[    9.357267] lxs_ts 2-0028: (E) FW upgrade skipped
[    9.357273] lxs_ts 2-0028: LXS(SW82907) reset control(0x1)
[    9.357275] lxs_ts 2-0028: HW Reset(Async)
[    9.357283] lxs_ts 2-0028: gpio_reset: gpio_set_value(325, 0)
[    9.361448] adreno-gen7-gmu 3d68000.qcom,gmu: Direct firmware load for gmu_gen70200.bin failed with error -2
[    9.361465] adreno-gen7-gmu 3d68000.qcom,gmu: Falling back to sysfs fallback for: gmu_gen70200.bin
[    9.362390] lxs_ts 2-0028: gpio_reset: gpio_set_value(325, 1)
[    9.395841] synx: [sess: 29441] session created cvp-kernel-client
[    9.399207] msm_vidc:     fw: <VFW_E:HostDr:unkn:--------:--> VenusHostDriver_ParseC2SysPacket(1072): licence unique code is not matched
[    9.399750] msm_vidc: err : e3bd8fc0:  avcE_0: msm_venc_subscribe_event: invalid type 5 id 0
[    9.407444] msm_cvp: warn: msm_cvp_cleanup_instance Unexpected pm_qos off vote 0
[    9.407608] qcom_q6v5_pas 4080000.remoteproc-mss: Direct firmware load for modem_dtb.b02 failed with error -2
[    9.407613] qcom_q6v5_pas 4080000.remoteproc-mss: Falling back to sysfs fallback for: modem_dtb.b02
[    9.407718] synx: [sess: 29441] session destroyed cvp-kernel-client, uid: 29441
[    9.407733] msm_cvp: vendor.qti.medi: closed cvp instance: 0000000000000000 session_id = 0 type 1 0
[    9.432812] msm_vidc: err : e3b46fc0:  avcE_0: msm_venc_subscribe_event: invalid type 5 id 0
[    9.432839] msm_vidc:     fw: <VFW_E:HostDr:unkn:--------:--> VenusHostDriver_ParseC2SysPacket(1072): licence unique code is not matched
[    9.434849] msm_cvp: sess: vendor.qti.medi opening cvp instance: 0000000000000000 type 1 cnt 0
[    9.435200] msm_cvp:   fw: <CFW_E:HostDr:--------:-> [72308250]: VenusHostDriver_SetSysProperty(595): QC_IMAGE_VERSION_STRING=EVA.FIRMWARE.3.1-12_06620505_build1
[    9.438668] synx: [sess: 39937] session created cvp-kernel-client
[    9.446898] msm_vidc: err : e3a22fc0:  avcE_0: msm_venc_subscribe_event: invalid type 5 id 0
[    9.446939] msm_vidc:     fw: <VFW_E:HostDr:unkn:--------:--> VenusHostDriver_ParseC2SysPacket(1072): licence unique code is not matched
[    9.458598] msm_cvp: warn: msm_cvp_cleanup_instance Unexpected pm_qos off vote 0
[    9.459176] msm_cvp: vendor.qti.medi: closed cvp instance: 0000000000000000 session_id = 0 type 1 0
[    9.459182] synx: [sess: 39937] session destroyed cvp-kernel-client, uid: 39937
[    9.465379] lxs_ts 2-0028: LXS(SW82907) init work start(0.01b-f1)
[    9.487831] lxs_ts 2-0028: ic test done
[    9.491346] qcom_q6v5_pas 4080000.remoteproc-mss: Direct firmware load for modem_dtb.b01 failed with error -2
[    9.491353] qcom_q6v5_pas 4080000.remoteproc-mss: Falling back to sysfs fallback for: modem_dtb.b01
[    9.491715] lxs_ts 2-0028: [T] chip class 7601, version v1.18 (0x040A0112, 0x01)
[    9.491720] lxs_ts 2-0028: [T] product id S2X65234, flash boot idle(done), crc ok (0x00000004)
[    9.493160] lxs_ts 2-0028: [SW82907] IC info is good: 10, 4
[    9.493520] gsi soc:qcom,msm_gsi: gsi_stop_channel:3615 chan=14 busy try again
[    9.494981] lxs_ts 2-0028: SW82907 resume touch: lpm 0
[    9.494984] lxs_ts 2-0028: display frame rate: 2
[    9.495259] lxs_ts 2-0028: touch frame rate: 2
[    9.495574] lxs_ts 2-0028: current driving mode is NP
[    9.495870] lxs_ts 2-0028: TC Driving[0C03h] wr 0x301
[    9.502729] msm_vidc: err : e3a12fc0:  avcE_0: msm_venc_subscribe_event: invalid type 5 id 0
[    9.502789] msm_vidc:     fw: <VFW_E:HostDr:unkn:--------:--> VenusHostDriver_ParseC2SysPacket(1072): licence unique code is not matched
[    9.503531] adsprpc: fastrpc_restart_notifier_cb: subsystem mpss is about to start
[    9.503544] ipa-wan ipa3_lcl_mdm_ssr_notifier_cb:4037 IPA received MPSS BEFORE_POWERUP
[    9.505001] ipa-wan ipa3_lcl_mdm_ssr_notifier_cb:4046 IPA BEFORE_POWERUP handling is complete
[    9.507297] kgsl-3d 3d00000.qcom,kgsl-3d0: Direct firmware load for a740_zap.mbn failed with error -2
[    9.507303] kgsl-3d 3d00000.qcom,kgsl-3d0: Falling back to sysfs fallback for: a740_zap.mbn
[    9.507778] msm_cvp: sess: vendor.qti.medi opening cvp instance: 0000000000000000 type 1 cnt 0
[    9.508128] msm_cvp:   fw: <CFW_E:HostDr:--------:-> [74909825]: VenusHostDriver_SetSysProperty(595): QC_IMAGE_VERSION_STRING=EVA.FIRMWARE.3.1-12_06620505_build1
[    9.511176] read descriptors
[    9.511196] read strings
[    9.531556] lxs_ts 2-0028: command done: mode 1, running_sts 02h
[    9.531828] lxs_ts 2-0028: grab_mode[0D0Bh]: ON(00000001h)
[    9.531833] lxs_ts 2-0028: charger: 0h (0h, 0h)
[    9.532096] lxs_ts 2-0028: state_ime: 0
[    9.532570] lxs_ts 2-0028: state_call: 0(IDLE)
[    9.533088] lxs_ts 2-0028: blend_filter(set): 0
[    9.533343] lxs_ts 2-0028: stop_filter(set): 0
[    9.533347] lxs_ts 2-0028: SW82907 resume touch(0): lcd_mode 1, driving_mode 1
[    9.533350] lxs_ts 2-0028: prd: update swap info
[    9.535713] qcom_q6v5_pas 4080000.remoteproc-mss: Direct firmware load for modem.b31 failed with error -2
[    9.535718] qcom_q6v5_pas 4080000.remoteproc-mss: Falling back to sysfs fallback for: modem.b31
[    9.536093] lxs_ts 2-0028: prd:  raw: t 1, rr 0, rt 0, ro 0, s 1, v 0, h 0, fmt 0x20000
[    9.536099] lxs_ts 2-0028: prd:  sys: t 1, rr 0, rt 0, ro 0, s 1, v 0, h 0, fmt 0x20000
[    9.536103] lxs_ts 2-0028: prd:   sd: t 1, rr 0, rt 0, ro 0, s 1, v 0, h 0, fmt 0x20000
[    9.536106] lxs_ts 2-0028: prd: flag: raw 0, sys 0, sd 0, app 1
[    9.536110] lxs_ts 2-0028: prd: prd_sd_cmp_setup: cmp set: LP_OPEN, min 4800, max 8192
[    9.536112] lxs_ts 2-0028: prd: prd_sd_cmp_setup: cmp set: LP_SHORT_GND, min 6500, max 8192
[    9.536113] lxs_ts 2-0028: prd: prd_sd_cmp_setup: cmp set: LP_SHORT_TRX, min 6500, max 8192
[    9.536115] lxs_ts 2-0028: prd: prd_sd_cmp_setup: cmp set: LP_SHORT_VDD, min 0, max 5200
[    9.536116] lxs_ts 2-0028: prd: prd_sd_cmp_setup: cmp set: SYNC(V), min 57, max 63
[    9.536118] lxs_ts 2-0028: LXS(SW82907) init done
[    9.536137] lxs_ts 2-0028: irq(383) enabled
[    9.536139] lxs_ts 2-0028: irq(383) wake enabled
[    9.536143] lxs_ts 2-0028: lxs_ts_watchdog_run: on (10000 ms)
[    9.537073] lxs_ts 2-0028: [1] TC Driving OK
[    9.548445] synx: [sess: 17409] session created cvp-kernel-client
[    9.549598] msm_vidc: err : e2ee2fc0:  avcE_0: msm_venc_subscribe_event: invalid type 5 id 0
[    9.549644] msm_vidc:     fw: <VFW_E:HostDr:unkn:--------:--> VenusHostDriver_ParseC2SysPacket(1072): licence unique code is not matched
[    9.563864] msm_cvp: warn: msm_cvp_cleanup_instance Unexpected pm_qos off vote 0
[    9.564029] msm_cvp: vendor.qti.medi: closed cvp instance: 0000000000000000 session_id = 0 type 1 0
[    9.564035] synx: [sess: 17409] session destroyed cvp-kernel-client, uid: 17409
[    9.566818] qcom_q6v5_pas 4080000.remoteproc-mss: Direct firmware load for modem.b01 failed with error -2
[    9.566824] qcom_q6v5_pas 4080000.remoteproc-mss: Falling back to sysfs fallback for: modem.b01
[    9.570898] msm_vidc: err : e2e6afc0:  avcE_0: msm_venc_subscribe_event: invalid type 5 id 0
[    9.570989] msm_vidc:     fw: <VFW_E:HostDr:unkn:--------:--> VenusHostDriver_ParseC2SysPacket(1072): licence unique code is not matched
[    9.571389] qcom_q6v5_pas 4080000.remoteproc-mss: Direct firmware load for modem.b02 failed with error -2
[    9.571395] qcom_q6v5_pas 4080000.remoteproc-mss: Falling back to sysfs fallback for: modem.b02
[    9.578447] qcom_q6v5_pas 4080000.remoteproc-mss: Direct firmware load for modem.b03 failed with error -2
[    9.578455] qcom_q6v5_pas 4080000.remoteproc-mss: Falling back to sysfs fallback for: modem.b03
[    9.582325] qcom_q6v5_pas 4080000.remoteproc-mss: Direct firmware load for modem.b04 failed with error -2
[    9.582331] qcom_q6v5_pas 4080000.remoteproc-mss: Falling back to sysfs fallback for: modem.b04
[    9.582870] msm_ext_disp_update_audio_ops: Display not found (EXT_DISPLAY_TYPE_DP) ctld (0) stream (0)
[    9.582880] msm_ext_disp_update_audio_ops: Display not found (EXT_DISPLAY_TYPE_HDMI) ctld (0) stream (0)
[    9.582885] msm_ext_disp_update_audio_ops: Display not found (EXT_DISPLAY_TYPE_DP) ctld (0) stream (0)
[    9.582889] msm_ext_disp_update_audio_ops: Display not found (EXT_DISPLAY_TYPE_DP) ctld (0) stream (0)
[    9.582897] msm_ext_disp_update_audio_ops: Display not found (EXT_DISPLAY_TYPE_DP) ctld (0) stream (0)
[    9.582901] msm-ext-disp-audio-codec-rx soc:qcom,msm-ext-disp:qcom,msm-ext-disp-audio-codec-rx: msm_ext_disp_audio_type_get: get_audio_edid_blk() or get_intf_id is NULL
[    9.582912] msm_ext_disp_update_audio_ops: Display not found (EXT_DISPLAY_TYPE_DP) ctld (0) stream (0)
[    9.582916] msm-ext-disp-audio-codec-rx soc:qcom,msm-ext-disp:qcom,msm-ext-disp-audio-codec-rx: msm_ext_disp_audio_type_get: get_audio_edid_blk() or get_intf_id is NULL
[    9.582924] msm_ext_disp_update_audio_ops: Display not found (EXT_DISPLAY_TYPE_DP) ctld (0) stream (0)
[    9.582928] msm-ext-disp-audio-codec-rx soc:qcom,msm-ext-disp:qcom,msm-ext-disp-audio-codec-rx: msm_ext_disp_audio_type_get: get_audio_edid_blk() or get_intf_id is NULL
[    9.582942] msm-ext-disp-audio-codec-rx soc:qcom,msm-ext-disp:qcom,msm-ext-disp-audio-codec-rx: msm_ext_disp_audio_device_get: invalid dai id: 4
[    9.596226] qcom_q6v5_pas 4080000.remoteproc-mss: Direct firmware load for modem.b05 failed with error -2
[    9.596235] qcom_q6v5_pas 4080000.remoteproc-mss: Falling back to sysfs fallback for: modem.b05
[    9.609991] qcom_q6v5_pas 4080000.remoteproc-mss: Direct firmware load for modem.b06 failed with error -2
[    9.609999] qcom_q6v5_pas 4080000.remoteproc-mss: Falling back to sysfs fallback for: modem.b06
[    9.622460] qcom_q6v5_pas 4080000.remoteproc-mss: Direct firmware load for modem.b07 failed with error -2
[    9.622469] qcom_q6v5_pas 4080000.remoteproc-mss: Falling back to sysfs fallback for: modem.b07
[    9.632819] qcom_q6v5_pas 4080000.remoteproc-mss: Direct firmware load for modem.b08 failed with error -2
[    9.632828] qcom_q6v5_pas 4080000.remoteproc-mss: Falling back to sysfs fallback for: modem.b08
[    9.644106] qcom_q6v5_pas 4080000.remoteproc-mss: Direct firmware load for modem.b09 failed with error -2
[    9.644114] qcom_q6v5_pas 4080000.remoteproc-mss: Falling back to sysfs fallback for: modem.b09
[    9.649349] qcom_q6v5_pas 4080000.remoteproc-mss: Direct firmware load for modem.b10 failed with error -2
[    9.649357] qcom_q6v5_pas 4080000.remoteproc-mss: Falling back to sysfs fallback for: modem.b10
[    9.653181] qcom_q6v5_pas 4080000.remoteproc-mss: Direct firmware load for modem.b11 failed with error -2
[    9.653190] qcom_q6v5_pas 4080000.remoteproc-mss: Falling back to sysfs fallback for: modem.b11
[    9.667635] qcom_q6v5_pas 4080000.remoteproc-mss: Direct firmware load for modem.b12 failed with error -2
[    9.667646] qcom_q6v5_pas 4080000.remoteproc-mss: Falling back to sysfs fallback for: modem.b12
[    9.675868] qcom_q6v5_pas 4080000.remoteproc-mss: Direct firmware load for modem.b13 failed with error -2
[    9.675876] qcom_q6v5_pas 4080000.remoteproc-mss: Falling back to sysfs fallback for: modem.b13
[    9.698275] qcom_q6v5_pas 4080000.remoteproc-mss: Direct firmware load for modem.b15 failed with error -2
[    9.698283] qcom_q6v5_pas 4080000.remoteproc-mss: Falling back to sysfs fallback for: modem.b15
[    9.719788] qcom_q6v5_pas 4080000.remoteproc-mss: Direct firmware load for modem.b16 failed with error -2
[    9.719807] qcom_q6v5_pas 4080000.remoteproc-mss: Falling back to sysfs fallback for: modem.b16
[    9.721386] (virq:irq_count)- GICv3:IPI(1):34494 GICv3:ufshcd(35):14399 GICv3:IPI(6):14115 GICv3:IPI(2):13969 GICv3:arch_timer(11):9643 GICv3:ipcc_0(37):3007 ipcc:glink-native-adsp(385):2914 GICv3:apps_rsc-drv-2(20):781 GICv3:i2c_geni(279):688 GICv3:i2c_geni(280):658 
[    9.721402] (cpu:irq_count)- 0:17465 1:3207 2:3277 3:11419 4:11669 5:11986 6:11596 7:25517 
[    9.721408] (ipi:irq_count)- 0:34494 1:13969 2:0 3:0 4:0 5:14115 6:0 
[    9.725862] qcom_q6v5_pas 4080000.remoteproc-mss: Direct firmware load for modem.b17 failed with error -2
[    9.725869] qcom_q6v5_pas 4080000.remoteproc-mss: Falling back to sysfs fallback for: modem.b17
[    9.730972] qcom_q6v5_pas 4080000.remoteproc-mss: Direct firmware load for modem.b18 failed with error -2
[    9.731052] qcom_q6v5_pas 4080000.remoteproc-mss: Falling back to sysfs fallback for: modem.b18
[    9.792065] qcom_q6v5_pas 4080000.remoteproc-mss: Direct firmware load for modem.b19 failed with error -2
[    9.792074] qcom_q6v5_pas 4080000.remoteproc-mss: Falling back to sysfs fallback for: modem.b19
[    9.795775] slg51000-regulator 0-0075: disable LDO6 supply_name:vin7 off_time:2000us
[    9.814096] qcom_q6v5_pas 4080000.remoteproc-mss: Direct firmware load for modem.b20 failed with error -2
[    9.814104] qcom_q6v5_pas 4080000.remoteproc-mss: Falling back to sysfs fallback for: modem.b20
[    9.814378] healthd: battery l=100 v=4160 t=31.0 h=2 st=3 c=-2299129 fc=4434000 cc=0 chg=u
[    9.832399] qcom_q6v5_pas 4080000.remoteproc-mss: Direct firmware load for modem.b22 failed with error -2
[    9.832407] qcom_q6v5_pas 4080000.remoteproc-mss: Falling back to sysfs fallback for: modem.b22
[    9.836714] qcom_q6v5_pas 4080000.remoteproc-mss: Direct firmware load for modem.b23 failed with error -2
[    9.836723] qcom_q6v5_pas 4080000.remoteproc-mss: Falling back to sysfs fallback for: modem.b23
[    9.838742] healthd: battery l=100 v=4160 t=30.0 h=2 st=3 c=-2299129 fc=4434000 cc=17 chg=u
[    9.883901] qcom_q6v5_pas 4080000.remoteproc-mss: Direct firmware load for modem.b24 failed with error -2
[    9.883910] qcom_q6v5_pas 4080000.remoteproc-mss: Falling back to sysfs fallback for: modem.b24
[   10.022534] qcom_q6v5_pas 4080000.remoteproc-mss: Direct firmware load for modem.b25 failed with error -2
[   10.022545] qcom_q6v5_pas 4080000.remoteproc-mss: Falling back to sysfs fallback for: modem.b25
[   10.027427] qcom_q6v5_pas 4080000.remoteproc-mss: Direct firmware load for modem.b26 failed with error -2
[   10.027436] qcom_q6v5_pas 4080000.remoteproc-mss: Falling back to sysfs fallback for: modem.b26
[   10.031063] qcom_q6v5_pas 4080000.remoteproc-mss: Direct firmware load for modem.b27 failed with error -2
[   10.031072] qcom_q6v5_pas 4080000.remoteproc-mss: Falling back to sysfs fallback for: modem.b27
[   10.035870] qcom_q6v5_pas 4080000.remoteproc-mss: Direct firmware load for modem.b28 failed with error -2
[   10.035879] qcom_q6v5_pas 4080000.remoteproc-mss: Falling back to sysfs fallback for: modem.b28
[   10.041543] qcom_q6v5_pas 4080000.remoteproc-mss: Direct firmware load for modem.b29 failed with error -2
[   10.041552] qcom_q6v5_pas 4080000.remoteproc-mss: Falling back to sysfs fallback for: modem.b29
[   10.054340] msm_ext_disp_update_audio_ops: Display not found (EXT_DISPLAY_TYPE_DP) ctld (0) stream (0)
[   10.054354] msm_ext_disp_update_audio_ops: Display not found (EXT_DISPLAY_TYPE_HDMI) ctld (0) stream (0)
[   10.054357] msm_ext_disp_update_audio_ops: Display not found (EXT_DISPLAY_TYPE_DP) ctld (0) stream (0)
[   10.054361] msm_ext_disp_update_audio_ops: Display not found (EXT_DISPLAY_TYPE_DP) ctld (0) stream (0)
[   10.054367] msm_ext_disp_update_audio_ops: Display not found (EXT_DISPLAY_TYPE_DP) ctld (0) stream (0)
[   10.054371] msm-ext-disp-audio-codec-rx soc:qcom,msm-ext-disp:qcom,msm-ext-disp-audio-codec-rx: msm_ext_disp_audio_type_get: get_audio_edid_blk() or get_intf_id is NULL
[   10.054378] msm_ext_disp_update_audio_ops: Display not found (EXT_DISPLAY_TYPE_DP) ctld (0) stream (0)
[   10.054380] msm-ext-disp-audio-codec-rx soc:qcom,msm-ext-disp:qcom,msm-ext-disp-audio-codec-rx: msm_ext_disp_audio_type_get: get_audio_edid_blk() or get_intf_id is NULL
[   10.054386] msm_ext_disp_update_audio_ops: Display not found (EXT_DISPLAY_TYPE_DP) ctld (0) stream (0)
[   10.054389] msm-ext-disp-audio-codec-rx soc:qcom,msm-ext-disp:qcom,msm-ext-disp-audio-codec-rx: msm_ext_disp_audio_type_get: get_audio_edid_blk() or get_intf_id is NULL
[   10.054405] msm-ext-disp-audio-codec-rx soc:qcom,msm-ext-disp:qcom,msm-ext-disp-audio-codec-rx: msm_ext_disp_audio_device_get: invalid dai id: 4
[   10.064117] Config b/1 of g1 needs at least one function.
[   10.064134] udc a600000.dwc3: failed to start g1: -22
[   10.163318] msm-dwc3 a600000.ssusb: DWC3 in low power mode
[   10.166065] msm-dwc3 a600000.ssusb: DWC3 exited from low power mode
[   10.166264] eusb2-repeater c42d000.qcom,spmi:qcom,pm8550b@7:qcom,eusb2-repeater@fd00: eUSB2 repeater status:OK
[   10.171551] cs35l45 4-0030: Preload DSP before boot
[   10.174736] cs35l45 4-0030: Direct firmware load for L-cs35l45-dsp1-spk-prot.wmfw failed with error -2
[   10.174742] cs35l45 4-0030: Falling back to sysfs fallback for: L-cs35l45-dsp1-spk-prot.wmfw
[   10.177502] cs35l45 4-0030: DSP1: Firmware version: 3
[   10.177509] cs35l45 4-0030: DSP1: L-cs35l45-dsp1-spk-prot.wmfw: Fri 24 Jun 2022 13:57:44 W. Europe Daylight Time
[   10.243389] servicemanager: Caller(pid=1853,uid=1041,sid=u:r:audioserver:s0) Could not find android.hardware.audio.effect.IFactory/default in the VINTF manifest. No alternative instances declared in VINTF.
[   10.243788] servicemanager: Caller(pid=1853,uid=1041,sid=u:r:audioserver:s0) Could not find android.hardware.audio.core.IModule/default in the VINTF manifest. No alternative instances declared in VINTF.
[   10.244848] servicemanager: Caller(pid=1853,uid=1041,sid=u:r:audioserver:s0) Since 'activity' could not be found trying to start it as a lazy AIDL service. (if it's not configured to be a lazy service, it may be stuck starting or still starting).
[   10.245323] servicemanager: Caller(pid=1853,uid=1041,sid=u:r:audioserver:s0) Tried to start aidl service activity as a lazy service, but was unable to. Usually this happens when a service is not installed, but if the service is intended to be used as a lazy service, then it may be configured incorrectly.
[   10.508910] cs35l45 4-0030: DSP1: Firmware: 4fa00 vendor: 0x2 v0.61.0, 5 algorithms
[   10.510568] cs35l45 4-0030: DSP1: 0: ID cd v129.78.0 XM@202 YM@27
[   10.510577] cs35l45 4-0030: DSP1: 1: ID f206 v1.0.0 XM@f2 YM@0
[   10.510583] cs35l45 4-0030: DSP1: 2: ID f20b v0.1.0 XM@3c2 YM@0
[   10.510587] cs35l45 4-0030: DSP1: 3: ID f204 v0.0.1 XM@414 YM@0
[   10.510590] cs35l45 4-0030: DSP1: 4: ID f205 v0.2.0 XM@442 YM@0
[   10.510623] cs35l45 4-0030: Direct firmware load for L-cs35l45-dsp1-spk-prot.bin failed with error -2
[   10.510626] cs35l45 4-0030: Falling back to sysfs fallback for: L-cs35l45-dsp1-spk-prot.bin
[   10.561525] read descriptors
[   10.561538] read strings
[   10.659504] cs35l45 4-0030: DSP1: Failed to parse legacy: -19
[   10.693966] dwc3 a600000.dwc3: Set IRQ thread:irq/377-dwc3 pid:3108 to SCHED_NORMAL prio
[   10.759116] binder: 971:971 transaction async to 2310:0 failed 5406/29201/-1, code 1 size 164-8 line 3235
[   10.806756] msm_eusb2_phy 88e3000.hsphy: Avail curr from USB = 2
[   10.854170] [drm:dsi_display_set_mode [msm_drm]] [msm-dsi-info]: mdp_transfer_time=7680, hactive=1096, vactive=2560, fps=60, clk_rate=1191321360
[   10.854868] lxs_ts 2-0028: After: Unblank
[   10.854871] lxs_ts 2-0028: start@10.825632911
[   10.854872] lxs_ts 2-0028: lxs_ts_resume: start
[   10.854874] lxs_ts 2-0028: lxs_hal_touch_mode: state 0(0), lcd 1(1, 1, 1), c 0x0(0)
[   10.854876] lxs_ts 2-0028: lxs_ts_resume: end
[   10.854877] lxs_ts 2-0028: end@10.825639317
[   10.882397] [drm:dsi_display_set_mode [msm_drm]] [msm-dsi-info]: mdp_transfer_time=7680, hactive=1096, vactive=2560, fps=120, clk_rate=1191321360
[   10.884044] lxs_ts 2-0028: After: Unblank
[   10.884049] lxs_ts 2-0028: start@10.854811609
[   10.884052] lxs_ts 2-0028: lxs_ts_resume: start
[   10.884054] lxs_ts 2-0028: lxs_hal_touch_mode: state 0(0), lcd 1(1, 1, 1), c 0x0(0)
[   10.884057] lxs_ts 2-0028: lxs_ts_resume: end
[   10.884058] lxs_ts 2-0028: end@10.854820619
[   10.900647] slg51000-regulator 0-0075: disable LDO6 supply_name:vin7 off_time:2000us
[   10.905395] dsi_panel_set_hmd_mode: set HMD mode=0
[   10.905964] lxs_ts 2-0028: store_enable: value 1
[   10.905970] lxs_ts 2-0028: touch enable device, 1
[   10.905974] lxs_ts 2-0028: lxs_ts_watchdog_stop
[   10.905978] lxs_ts 2-0028: __lxs_hal_enable_work_func: lcd 1(1, 1, 1), c 0x0(0)
[   10.905983] lxs_ts 2-0028: lxs_ts_watchdog_run: on (10000 ms)
[   10.906127] lxs_ts 2-0028: set_lowpower_mode: 0
[   10.906286] lxs_ts 2-0028: store_enable: value 1
[   10.906290] lxs_ts 2-0028: touch enable device, 1
[   10.906293] lxs_ts 2-0028: lxs_ts_watchdog_stop
[   10.906294] lxs_ts 2-0028: __lxs_hal_enable_work_func: lcd 1(1, 1, 1), c 0x0(0)
[   10.906298] lxs_ts 2-0028: lxs_ts_watchdog_run: on (10000 ms)
[   10.951122] slg51000-regulator 0-0075: disable LDO6 supply_name:vin7 off_time:2000us
[   10.955398] android_work: sent uevent USB_STATE=CONNECTED
[   10.959531] msm_eusb2_phy 88e3000.hsphy: Avail curr from USB = 500
[   10.959673] android_work: sent uevent USB_STATE=CONFIGURED
[   10.964799] adsprpc: fastrpc_restart_notifier_cb: mpss subsystem is up
[   10.964808] ipa-wan ipa3_lcl_mdm_ssr_notifier_cb:4056 IPA received MPSS AFTER_POWERUP
[   10.964813] ipa ipa3_odl_pipe_open:371 adpl pipe not configured
[   10.964820] ipa-wan ipa3_lcl_mdm_ssr_notifier_cb:4061 IPA AFTER_POWERUP handling is complete
[   10.964824] remoteproc remoteproc3: remote processor 4080000.remoteproc-mss is now up
[   10.970246] qcom_smd_qrtr_probe:SMD QRTR driver probed
[   10.970310] qrtr: Modem QMI Readiness RX cmd:0x2 node[0x0]
[   11.008977] slg51000-regulator 0-0075: disable LDO6 supply_name:vin7 off_time:2000us
[   11.062613] rmt_storage:INFO:rmt_storage_open_cb: Processing: Open Request (req_h 0x1) for /boot/modem_fs1!
[   11.063163] rmt_storage:INFO:rmt_storage_open_cb: Processing: Open Request (req_h 0x2) for /boot/modem_fs2!
[   11.064373] rmt_storage:INFO:rmt_storage_alloc_buff_cb: Received req_size: 2621440! avail: 2621440
[   11.064746] rmt_storage:INFO:rmt_storage_rw_iovec_cb: Read iovec request (req_h 0x4 wr_count 0) received for /boot/modem_fs1
[   11.065015] rmt_storage:INFO:rmt_storage_client_thread: Calling Read [offset=512, size=512, req_h 0x4, wr_count 0] for /boot/modem_fs1!
[   11.065407] rmt_storage:INFO:rmt_storage_client_thread: Done Read (bytes = 512, req_h 0x4, wr_count 0) for /boot/modem_fs1!
[   11.065700] rmt_storage:INFO:rmt_storage_rw_iovec_cb: Read iovec request (req_h 0x5 wr_count 0) received for /boot/modem_fs2
[   11.066194] rmt_storage:INFO:rmt_storage_client_thread: Calling Read [offset=512, size=512, req_h 0x5, wr_count 0] for /boot/modem_fs2!
[   11.111212] coresight-remote-etm soc:modem2_etm0: Connection established between QMI handle and 11 service
[   11.111326] coresight-remote-etm soc:modem_etm0: Connection established between QMI handle and 2 service
[   11.130555] memshare soc:qcom,memshare: memshare_query: client_id : 1, query_resp.size :5242880, query_resp.resp.result :0
[   11.130675] memshare soc:qcom,memshare: memshare_alloc: memory alloc request received for client id: 1, proc_id: 0, request size: 5242880
[   11.130680] memshare soc:qcom,memshare: memshare_alloc: found client with client_id: 1, index: 2
[   11.138174] memshare soc:qcom,memshare: memshare_alloc: client_id: 1, alloc_resp.num_bytes: 5242880, alloc_resp.resp.result: 0
[   11.180599] Sending QMI_IPA_INIT_MODEM_DRIVER_REQ_V01
[   11.180867] ipa-wan ipa3_handle_indication_req:147 not send indication
[   11.184467] cs35l45 4-0031: Preload DSP before boot
[   11.186869] cs35l45 4-0031: Direct firmware load for R-cs35l45-dsp1-spk-prot.wmfw failed with error -2
[   11.186876] cs35l45 4-0031: Falling back to sysfs fallback for: R-cs35l45-dsp1-spk-prot.wmfw
[   11.188229] ueventd: firmware: loading 'R-cs35l45-dsp1-spk-prot.wmfw' for '/devices/platform/soc/8c0000.qcom,qupv3_2_geni_se/88c000.i2c/i2c-4/4-0031/firmware/R-cs35l45-dsp1-spk-prot.wmfw'
[   11.188433] ueventd: found /vendor/firmware/R-cs35l45-dsp1-spk-prot.wmfw for /devices/platform/soc/8c0000.qcom,qupv3_2_geni_se/88c000.i2c/i2c-4/4-0031/firmware/R-cs35l45-dsp1-spk-prot.wmfw
[   11.188841] ueventd: loading /devices/platform/soc/8c0000.qcom,qupv3_2_geni_se/88c000.i2c/i2c-4/4-0031/firmware/R-cs35l45-dsp1-spk-prot.wmfw took 0ms
[   11.188879] cs35l45 4-0031: DSP1: Firmware version: 3
[   11.188884] cs35l45 4-0031: DSP1: R-cs35l45-dsp1-spk-prot.wmfw: Fri 24 Jun 2022 13:57:44 W. Europe Daylight Time
[   11.195531] ipa ipa3_uc_wdi_event_log_info_handler:371 WDI protocol missing 0x1
[   11.195543] ipa ipa3_uc_ntn_event_log_info_handler:19 NTN protocol missing 0x1
[   11.195572] ipa ipa_pc_qmp_enable:12130 mailbox channel request failed, ret=-2
[   11.195643] ipa ipa3_uc_send_cmd_64b_param:1086 uC cmd(17): Received status 4, Expected status 0
[   11.195646] ipa ipa3_deferred_holb_work:387 Failed to enable HOLB monitoring -14
[   11.203536] QMI_IPA_INIT_MODEM_DRIVER_REQ_V01 response received
[   11.235870] cnss: COEX server arrive: node 0 port 58
[   11.235880] cnss: COEX Server Connected: 0x2e0200f
[   11.245388] servicemanager: Caller(pid=1853,uid=1041,sid=u:r:audioserver:s0) Since 'activity' could not be found trying to start it as a lazy AIDL service. (if it's not configured to be a lazy service, it may be stuck starting or still starting).
[   11.245890] servicemanager: Caller(pid=1853,uid=1041,sid=u:r:audioserver:s0) Tried to start aidl service activity as a lazy service, but was unable to. Usually this happens when a service is not installed, but if the service is intended to be used as a lazy service, then it may be configured incorrectly.
[   11.297534] gsi soc:qcom,msm_gsi: gsi_stop_channel:3615 chan=14 busy try again
[   11.376037] CAM_INFO: CAM-SMMU: cam_smmu_need_force_alloc_cached: 453 force_cache_allocs=1
[   11.376052] CAM_INFO: CAM-MEM: cam_mem_mgr_get_dma_heaps: 662 Heaps : system=0000000000000000, system_uncached=0000000000000000, camera=0000000000000000, camera-uncached=0000000000000000, secure_display=0000000000000000, ubwc_p_heap=0000000000000000
[   11.377959] CAM_INFO: CAM-ICP: cam_icp_v2_download_fw: 790 Loading Secure PIL : Y
[   11.380694] ueventd: firmware: loading 'CAMERA_ICP.mbn' for '/devices/platform/soc/ac01000.qcom,icp/firmware/CAMERA_ICP.mbn'
[   11.380842] ueventd: found /vendor/firmware/CAMERA_ICP.mbn for /devices/platform/soc/ac01000.qcom,icp/firmware/CAMERA_ICP.mbn
[   11.382375] ueventd: loading /devices/platform/soc/ac01000.qcom,icp/firmware/CAMERA_ICP.mbn took 1ms
[   11.410352] CAM_INFO: CAM-ICP: cam_icp_mgr_process_dbg_buf: 2918 FW_DBG:CICP_FW_E : HFI  :QC_IMAGE_VERSION_STRING=CICP.FW.1.0-00137-DOUBLE_EXC_UPDATE_0718,OEM_IMAGE_VERSION_STRING=QCAM-SYS-SW9,BUILD_TIME: Jul 18 2023 02:40:16,CACHE_ENABLED at icphostinterface.c:814
[   11.410361] CAM_INFO: CAM-ICP: cam_icp_mgr_process_dbg_buf: 2918 FW_DBG:CICP_FW_E : HFI  :ELF variant: CACHE-ENABLED:T480:API_V2:USE_CDM_1_1:T780:TCM_ENABLED: , API version: 0x20000d3 at icphostinterface.c:815 QC_IMAGE_VERSION_STRING=CICP.FW.1.0-00137-DOUBLE_EXC_UPDATE_0718 OEM_IMAGE_VERSION_STRING=QCAM-SYS-SW9
[   11.410360] CAM_INFO: CAM-ICP: cam_icp_mgr_hw_open: 4600 FW download done successfully
[   11.410364] CAM_INFO: CAM-ICP: cam_icp_mgr_process_dbg_buf: 2918 FW_DBG:CICP_FW_E : HWDRV_:DMI_STATUS polling timed out at hardwaredriver_ipebps.c:450 QC_IMAGE_VERSION_STRING=CICP.FW.1.0-00137-DOUBLE_EXC_UPDATE_0718 OEM_IMAGE_VERSION_STRING=QCAM-SYS-SW9
[   11.520373] cs35l45 4-0031: DSP1: Firmware: 4fa00 vendor: 0x2 v0.61.0, 5 algorithms
[   11.522058] cs35l45 4-0031: DSP1: 0: ID cd v129.78.0 XM@202 YM@27
[   11.522069] cs35l45 4-0031: DSP1: 1: ID f206 v1.0.0 XM@f2 YM@0
[   11.522074] cs35l45 4-0031: DSP1: 2: ID f20b v0.1.0 XM@3c2 YM@0
[   11.522077] cs35l45 4-0031: DSP1: 3: ID f204 v0.0.1 XM@414 YM@0
[   11.522080] cs35l45 4-0031: DSP1: 4: ID f205 v0.2.0 XM@442 YM@0
[   11.522100] cs35l45 4-0031: Direct firmware load for R-cs35l45-dsp1-spk-prot.bin failed with error -2
[   11.522102] cs35l45 4-0031: Falling back to sysfs fallback for: R-cs35l45-dsp1-spk-prot.bin
[   11.524020] ueventd: firmware: loading 'R-cs35l45-dsp1-spk-prot.bin' for '/devices/platform/soc/8c0000.qcom,qupv3_2_geni_se/88c000.i2c/i2c-4/4-0031/firmware/R-cs35l45-dsp1-spk-prot.bin'
[   11.524172] ueventd: found /vendor/firmware/R-cs35l45-dsp1-spk-prot.bin for /devices/platform/soc/8c0000.qcom,qupv3_2_geni_se/88c000.i2c/i2c-4/4-0031/firmware/R-cs35l45-dsp1-spk-prot.bin
[   11.524481] ueventd: loading /devices/platform/soc/8c0000.qcom,qupv3_2_geni_se/88c000.i2c/i2c-4/4-0031/firmware/R-cs35l45-dsp1-spk-prot.bin took 0ms
[   11.580385] servicemanager: Caller(pid=1680,uid=1000,sid=u:r:hal_sensors_default:s0) Found android.hardware.sensors.ISensors/default in device VINTF manifest.
[   11.671169] cs35l45 4-0031: DSP1: Failed to parse legacy: -19
[   11.989219] servicemanager: Caller(pid=2266,uid=1001,sid=u:r:rild:s0) Found android.hardware.radio.messaging.IRadioMessaging/slot2 in device VINTF manifest.
[   11.989313] servicemanager: Caller(pid=2265,uid=1001,sid=u:r:rild:s0) Found android.hardware.radio.config.IRadioConfig/default in device VINTF manifest.
[   11.989708] servicemanager: Caller(pid=2265,uid=1001,sid=u:r:rild:s0) Found android.hardware.radio.messaging.IRadioMessaging/slot1 in device VINTF manifest.
[   12.110144] cnss: IMS server arrive: node 0 port 104
[   12.110156] cnss: IMS Server Connected: 0x2e0600f
[   12.110159] cnss: Sending ASYNC ims subscribe for indication
[   12.111900] USB cable not connected
[   12.127892] init: processing action (persist.vendor.data.shsusr_load=1) from (/vendor/etc/init/shsusrd.rc:26)
[   12.128027] init: service 'vendor.shsusrd' requested start, but it is already running (flags: 132)
[   12.130213] ip_local_port_range: prefer different parity for start/end values.
[   12.132320] init: processing action (vendor.ims.DATA_DAEMON_STATUS=1) from (/vendor/etc/init/ims_rtp_daemon.rc:12)
[   12.132415] init: Sending signal 9 to service 'vendor.ims_rtp_daemon' (pid 2315) process group...
[   12.133760] libprocessgroup: Removed cgroup /sys/fs/cgroup/uid_1001/pid_2315
[   12.134193] init: Service 'vendor.ims_rtp_daemon' (pid 2315) received signal 9
[   12.134201] init: Sending signal 9 to service 'vendor.ims_rtp_daemon' (pid 2315) process group...
[   12.134224] libprocessgroup: Failed to write 1 to /sys/fs/cgroup/uid_1001/pid_2315/cgroup.kill: No such file or directory
[   12.134237] libprocessgroup: Failed to open /sys/fs/cgroup/uid_1001/pid_2315/cgroup.procs: No such file or directory
[   12.144454] cnss: QMI DMS service connected, state: 0x2f0600f
[   12.193254] adsp_sleepmon: Audio: num_sessions=1,num_lpi_sessions=0,timer_pending=0
[   12.220337] init: Service 'nv_updater' (pid 2258) exited with status 0 oneshot service took 3.157000 seconds in background
[   12.227977] DATARMNET6e31e62d2e(): Initializing on device rmnet_data0
[   12.227988] rmnet_shs initializing rmnet_data0
[   12.227999] rmnet_shs init with 0
[   12.228039] DATARMNET7dec24813e(): Initializing on device rmnet_data0
[   12.232077] cnss: Received IMS subscribe indication response
[   12.247600] ipa ipa3_setup_apps_low_lat_prod_pipe:349 Configuring low lat prod with rmnet config
[   12.248057] ipa ipa3_setup_apps_low_lat_data_prod_pipe:510 Configuring low lat data prod with rmnet config
[   12.248063] ipa ipa3_setup_apps_low_lat_data_prod_pipe:538 Not enabling deaggr on low_lat_prod
[   12.249132] ipa ipa3_set_aggr_limit:5610 set rx_buff_sz config from netmngr 32768
[   12.252189] ipa ipa3_set_aggr_limit:5610 set rx_buff_sz config from netmngr 32768
[   12.253168] rmnet_ctl driver probed
[   12.253715] ipa ipa3_set_aggr_limit:5610 set rx_buff_sz config from netmngr 8192
[   12.288361] ipa-wan ipa3_wwan_ioctl:2910 dev(rmnet_data0) register to IPA
[   12.343459] adsp_sleepmon: Audio: num_sessions=0,num_lpi_sessions=0,timer_pending=1
[   12.376950] kalama-asoc-snd soc:spf_core_platform:sound: check_userspace_service_state: pcm_id 25 state 0
[   12.422422] DFC QMAP init
[   12.423297] Connection established with the WDA Service, DL Marker enabled
[   12.468629] rmnet_shs:  mask: 0x7d maplen: 6
[   12.799420] msm_cvp:  pwr: cvp (eva) power collapsed
[   12.877648] gsi soc:qcom,msm_gsi: gsi_stop_channel:3615 chan=1 busy try again
[   12.879793] gsi soc:qcom,msm_gsi: gsi_stop_channel:3615 chan=14 busy try again
[   13.092113] SELinux:  Context u:object_r:lsposed_file:s0 is not valid (left unmapped).
[   13.409646] gsi soc:qcom,msm_gsi: gsi_stop_channel:3615 chan=1 busy try again
[   13.411776] gsi soc:qcom,msm_gsi: gsi_stop_channel:3615 chan=14 busy try again
[   13.753895] kalama-asoc-snd soc:spf_core_platform:sound: check_userspace_service_state: pcm_id 7 state 0
[   13.771717] read descriptors
[   13.771729] read strings
[   13.771897] read descriptors
[   13.771902] read strings
[   13.892302] [EGISFP] egisfp_ioctl : cmd = 0x5 
[   13.892311] [EGISFP] egisfp_ioctl : FP_POWER_ONOFF 
[   13.892313] [EGISFP] do_egisfp_power_onoff : power_onoff = 2 
[   13.892318] [EGISFP] egisfp_vreg_setup : original voltage = 3400000 
[   13.892319] [EGISFP] egisfp_vreg_setup : enable_3_8V 
[   13.892491] [EGISFP] egisfp_vreg_setup : modified voltage = 3800000, ret = 0 
[   13.892495] [EGISFP] egisfp_vreg_setup : regulator enable, ret = 0 
[   13.897313] [EGISFP] do_egisfp_power_onoff : power_pin value = 1 
[   13.897320] [EGISFP] egisfp_ioctl done 
[   13.898607] [EGISFP] egisfp_ioctl : cmd = 0x4 
[   13.898611] [EGISFP] egisfp_ioctl : FP_SENSOR_RESET 
[   13.911649] [EGISFP] do_egisfp_reset : reset_pin = 1 
[   13.911658] [EGISFP] egisfp_ioctl done 
[   14.063417] apexd: getSessions() received by ApexService
[   14.228328] audit_log_lost: 142 callbacks suppressed
[   14.228333] audit: audit_lost=169 audit_rate_limit=20 audit_backlog_limit=128
[   14.228338] audit: rate limit exceeded
[   14.405510] gsi soc:qcom,msm_gsi: gsi_stop_channel:3615 chan=1 busy try again
[   14.407659] gsi soc:qcom,msm_gsi: gsi_stop_channel:3615 chan=14 busy try again
[   14.527076] [EGISFP] egisfp_ioctl : cmd = 0x7 
[   14.527086] [EGISFP] egisfp_ioctl : FP_RESET_SET 
[   14.527088] [EGISFP] do_egisfp_reset_set : reset_high_low = 0 
[   14.527109] [EGISFP] do_egisfp_reset_set : reset_pin value = 0 
[   14.527111] [EGISFP] egisfp_ioctl done 
[   14.527118] [EGISFP] egisfp_ioctl : cmd = 0x5 
[   14.527120] [EGISFP] egisfp_ioctl : FP_POWER_ONOFF 
[   14.527122] [EGISFP] do_egisfp_power_onoff : power_onoff = 0 
[   14.527314] [EGISFP] egisfp_vreg_setup : regulator disable, ret = 0 
[   14.585297] [EGISFP] do_egisfp_power_onoff : power_pin value = 0 
[   14.585306] [EGISFP] egisfp_ioctl done 
[   15.099851] qcedev_ioctl: info: vaddr = ffa00000
, fd = 17
[   15.101069] bt_ioctl: BT_CMD_PWR_CTRL pwr_cntrl: 0
[   15.101077] bt_ioctl: BT chip state is already: 0 no change
[   15.101094] bt_ioctl: BT_CMD_PWR_CTRL pwr_cntrl: 1
[   15.101501] BTON:Turn Bt OFF asserting BT_EN to low
[   15.101510] bt-reset-gpio(382) value(0)
[   15.118146] qcedev_ioctl: info: vaddr = ff600000
, fd = 19
[   15.130749] qcedev_ioctl: info: vaddr = ff200000
, fd = 21
[   15.161315] BTON:Turn Bt OFF post asserting BT_EN to low
[   15.161332] bt-reset-gpio(382) value(0)
[   15.161335] BTON:Turn Bt OFF bt-sw-ctrl-gpio(383) value(1)
[   15.161338] BTON:Turn Bt ON wl-reset-gpio(381) value(1)
[   15.161340] BTON: WLAN ON Asserting BT_EN to high
[   15.193851] AidlLazyServiceRegistrar: Process has 0 (of 1 available) client(s) in use after notification apexservice has clients: 0
[   15.193864] AidlLazyServiceRegistrar: Shutdown prevented by forcePersist override flag.
[   15.221294] BTON:Turn Bt On bt-reset-gpio(382) value(1)
[   15.221307] BTON: Turn BT ON bt-sw-ctrl-gpio(383) value(1)
[   15.221309] bt_configure_gpios: bt_gpio= 382 on: 1
[   15.248077] bt_ioctl: unified Current SOC Version : 40170200
[   15.261320] SELinux: avc:  denied  { find } for pid=4458 uid=1000 name=vendor.qti.hardware.perf2.IPerf/default scontext=u:r:system_app:s0 tcontext=u:object_r:default_android_service:s0 tclass=service_manager permissive=0
[   15.270148] servicemanager: Caller(pid=4036,uid=10463,sid=u:r:untrusted_app_32:s0:c207,c257,c512,c768) Could not find android.hardware.graphics.allocator.IAllocator/default in the VINTF manifest. No alternative instances declared in VINTF.
[   15.271926] servicemanager: Caller(pid=4036,uid=10463,sid=u:r:untrusted_app_32:s0:c207,c257,c512,c768) Could not find android.hardware.graphics.allocator.IAllocator/default in the VINTF manifest. No alternative instances declared in VINTF.
[   15.285574] servicemanager: Caller(pid=1764,uid=1046,sid=u:r:mediacodec:s0) Could not find android.hardware.graphics.allocator.IAllocator/default in the VINTF manifest. No alternative instances declared in VINTF.
[   15.339727] servicemanager: Caller(pid=4407,uid=1001,sid=u:r:radio:s0) Found android.hardware.radio.data.IRadioData/slot1 in device VINTF manifest.
[   15.344256] servicemanager: Caller(pid=4407,uid=1001,sid=u:r:radio:s0) Found android.hardware.radio.data.IRadioData/slot1 in device VINTF manifest.
[   15.344692] servicemanager: Caller(pid=4407,uid=1001,sid=u:r:radio:s0) Found android.hardware.radio.messaging.IRadioMessaging/slot1 in device VINTF manifest.
[   15.345346] servicemanager: Caller(pid=4407,uid=1001,sid=u:r:radio:s0) Found android.hardware.radio.modem.IRadioModem/slot1 in device VINTF manifest.
[   15.345904] servicemanager: Caller(pid=4407,uid=1001,sid=u:r:radio:s0) Found android.hardware.radio.network.IRadioNetwork/slot1 in device VINTF manifest.
[   15.346411] servicemanager: Caller(pid=4458,uid=1000,sid=u:r:system_app:s0) Could not find android.hardware.graphics.allocator.IAllocator/default in the VINTF manifest. No alternative instances declared in VINTF.
[   15.395748] smcinvoke: prepare_send_scm_msg: Secure side is busy,will retry after 30 ms, retry_count = 0
[   15.693311] cnss: Received QMI WLFW pin connect result indication
[   15.693328] cnss: Pin connect Result: pwr_pin: 0x0 phy_io_pin: 0x0 rf_io_pin: 0x2b
[   15.695430] cnss: Received Cal done indication. File size: 8442616
[   15.695441] cnss: Calibration took 7688 ms
[   15.695444] cnss: Posting event: COLD_BOOT_CAL_DONE(6), state: 0x2f0600f flags: 0x0
[   15.695447] cnss: PM stay awake, state: 0x2f0600f, count: 1
[   15.695462] cnss: PM relax, state: 0x2f0600f, count: 0
[   15.695477] cnss: PM stay awake, state: 0x2f0600f, count: 1
[   15.695485] cnss: Processing driver event: COLD_BOOT_CAL_DONE(6), state: 0x2f0600f
[   15.695488] cnss: Calibration completed successfully
[   15.695490] cnss: Sending mode message, mode: OFF(4), state: 0x2f0600f
[   15.745982] cnss: Sending coex antenna switch_to_mdm
[   15.746189] cnss: Skip driver remove
[   15.746225] cnss: WLFW server exiting
[   15.746228] cnss: Posting event: SERVER_EXIT(1), state: 0x2f8600f flags: 0x0
[   15.746675] cnss: Enable ADSP power collapse
[   15.746681] cnss: Setting MHI state: POWER_OFF(4)
[   15.749788] gsi soc:qcom,msm_gsi: gsi_stop_channel:3615 chan=1 busy try again
[   15.752655] gsi soc:qcom,msm_gsi: gsi_stop_channel:3615 chan=14 busy try again
[   15.797337] cnss: Suspending PCI link
[   15.805379] msm_pcie_disable: PCIe: Assert the reset of endpoint of RC0.
[   15.805957] cnss: Setting MHI state: DEINIT(1)
[   15.806026] cnss: WLAN_EN Value: 0
[   15.806030] cnss: De-assert WLAN_EN GPIO successfully
[   15.806032] cnss: Regulator vdd-wlan-rfa2 is being disabled
[   15.806037] cnss: Regulator vdd-wlan-rfa1 is being disabled
[   15.806040] cnss: Regulator vdd-wlan-dig is being disabled
[   15.806044] cnss: Regulator vdd-wlan-aon is being disabled
[   15.806061] cnss: Regulator vdd-wlan is being disabled
[   15.806073] cnss: Regulator vdd-wlan-io is being disabled
[   15.909296] cnss: CAL DB file not required as per BDF
[   15.909308] cnss: Schedule WLAN driver load
[   15.909319] cnss: Processing driver event: SERVER_EXIT(1), state: 0x2fa6001
[   15.909322] cnss: QMI WLFW service disconnected, state: 0x2fa6000
[   15.909357] cnss: Posting event: REGISTER_DRIVER(7)-sync, state: 0x2fa6000 flags: 0x5
[   15.909452] cnss: Processing driver event: REGISTER_DRIVER-sync(7), state: 0x2f26000
[   15.909460] cnss: FW name added with prefix: kiwi/amss20.bin
[   15.909462] cnss: FW name added with prefix: kiwi/amss20.bin
[   15.909464] cnss: FW name is kiwi/amss20.bin, FW fallback name is kiwi/amss20.bin
[   15.909466] cnss: New driver mode is 0
[   15.909469] cnss: Regulator vdd-wlan-io is being enabled
[   15.909765] cnss: Regulator vdd-wlan is being enabled
[   15.910031] cnss: Regulator vdd-wlan-aon is being enabled
[   15.910181] cnss: Regulator vdd-wlan-dig is being enabled
[   15.910188] cnss: Regulator vdd-wlan-rfa1 is being enabled
[   15.910192] cnss: Regulator vdd-wlan-rfa2 is being enabled
[   15.911213] cnss: WLAN_EN Value: 1
[   15.911215] cnss: Assert WLAN_EN GPIO successfully
[   15.911218] cnss: Resuming PCI link
[   15.911243] msm_pcie_enable: PCIe: Assert the reset of endpoint of RC0.
[   15.914593] msm_pcie_enable: PCIe: RC0: PCIE20_PARF_INT_ALL_MASK: 0x7f80d202
[   15.917006] pcie_phy_init: PCIe RC0 PHY is ready!
[   15.927054] msm_pcie_enable: PCIe: Release the reset of endpoint of RC0.
[   15.943592] msm_pcie_link_train: PCIe RC0 link initialized
[   15.961313] cnss_pci 0000:01:00.0: enabling device (0000 -> 0002)
[   15.961687] cnss: Setting MHI state: INIT(0)
[   15.961746] cnss: Setting MHI state: POWER_ON(2)
[   15.962110] cnss_pci 0000:01:00.0: Direct firmware load for kiwi/amss20.bin failed with error -2
[   15.962116] cnss_pci 0000:01:00.0: Falling back to sysfs fallback for: kiwi/amss20.bin
[   15.963624] ueventd: firmware: loading 'kiwi/amss20.bin' for '/devices/platform/soc/1c00000.qcom,pcie/pci0000:00/0000:00:00.0/0000:01:00.0/firmware/kiwi!amss20.bin'
[   16.074453] [EGISFP] egisfp_ioctl : cmd = 0x5 
[   16.074462] [EGISFP] egisfp_ioctl : FP_POWER_ONOFF 
[   16.074463] [EGISFP] do_egisfp_power_onoff : power_onoff = 2 
[   16.074469] [EGISFP] egisfp_vreg_setup : original voltage = 3400000 
[   16.074470] [EGISFP] egisfp_vreg_setup : enable_3_8V 
[   16.074688] [EGISFP] egisfp_vreg_setup : modified voltage = 3800000, ret = 0 
[   16.074693] [EGISFP] egisfp_vreg_setup : regulator enable, ret = 0 
[   16.081401] [EGISFP] do_egisfp_power_onoff : power_pin value = 1 
[   16.081410] [EGISFP] egisfp_ioctl done 
[   16.082743] [EGISFP] egisfp_ioctl : cmd = 0x4 
[   16.082749] [EGISFP] egisfp_ioctl : FP_SENSOR_RESET 
[   16.097034] [EGISFP] do_egisfp_reset : reset_pin = 1 
[   16.097042] [EGISFP] egisfp_ioctl done 
[   16.222550] [EGISFP] egisfp_ioctl : cmd = 0xA5 
[   16.222559] [EGISFP] egisfp_interrupt_free 
[   16.222562] [EGISFP] egisfp_ioctl : INT_TRIGGER_CLOSE 0  
[   16.222564] [EGISFP] egisfp_ioctl done 
[   16.222571] [EGISFP] egisfp_ioctl : cmd = 0xA4 
[   16.222573] [EGISFP] egisfp_interrupt_init :  mode = 3 period = 0 threshold = 0 
[   16.222575] [EGISFP] egisfp_interrupt_init :  request_irq_done = 0 gpio_irq = 0  pin = 341 
[   16.222618] [EGISFP] egisfp_interrupt_init : fp_irq number 403 
[   16.222619] [EGISFP] egisfp_interrupt_init : current flag : 0 disable: 0 enable: 1 
[   16.222621] [EGISFP] egisfp_interrupt_init : LEVEL_TRIGGER_HIGH 
[   16.222669] [EGISFP] egisfp_interrupt_init : request_irq return 0 
[   16.222671] [EGISFP] egisfp_interrupt_init : current flag : 1 disable: 0 enable: 1 
[   16.222672] [EGISFP] egisfp_interrupt_init : enable irq with mode = 3 
[   16.222673] [EGISFP] egisfp_interrupt_enable : enable 
[   16.222675] [EGISFP] egisfp_ioctl : INT_TRIGGER_INIT 0 
[   16.222676] [EGISFP] egisfp_ioctl done 
[   16.448504] cnss: MHI status cb is called with reason MISSION_MODE(5)
[   16.448525] cnss: Disable ADSP power collapse
[   16.450454] cnss: Completed event: REGISTER_DRIVER(7), state: 0x6f26010, ret: 0/0
[   16.450463] cnss: PM relax, state: 0x6f26010, count: 0
[   16.452476] cnss: Setting link speed:0x2, width:0x1
[   16.544731] bt_ioctl: BT_CMD_PWR_CTRL pwr_cntrl: 2
[   16.577318] qrtr: announce_servers(): Avoiding duplicate announce for NODE ID 7
[   16.577545] cnss: WLFW server arriving: node 7 port 1
[   16.577551] cnss: Posting event: SERVER_ARRIVE(0), state: 0x6f26010 flags: 0x0
[   16.577555] cnss: PM stay awake, state: 0x6f26010, count: 1
[   16.577563] cnss: PM relax, state: 0x6f26010, count: 0
[   16.577619] cnss: PM stay awake, state: 0x6f26010, count: 1
[   16.577627] cnss: Processing driver event: SERVER_ARRIVE(0), state: 0x6f26010
[   16.577631] cnss: QMI WLFW service connected, state: 0x6f26011
[   16.577634] cnss: Sending indication register message, state: 0x6f26011
[   16.579861] cnss: Sending host capability message, state: 0x6f26011
[   16.579872] cnss: Number of clients is 1
[   16.579875] cnss: Assign MSI to user: WAKE, num_vectors: 1, user_base_data: 13, base_vector: 13
[   16.579878] cnss: WAKE MSI base data is 13
[   16.579880] cnss: Calibration done is 1
[   16.579882] cnss: Sending iova starting 0xa0000000 with size 0x10010000
[   16.579884] cnss: Sending feature list 0x6
[   16.582241] cnss: Received QMI WLFW request memory indication
[   16.582251] cnss: FW requests for memory, size: 0x6f0000, type: 1
[   16.582254] cnss: FW requests for memory, size: 0x810000, type: 4
[   16.582253] cnss: PM relax, state: 0x6f26011, count: 0
[   16.582258] cnss: Posting event: REQUEST_MEM(2), state: 0x6f26011 flags: 0x0
[   16.582263] cnss: PM stay awake, state: 0x6f26011, count: 1
[   16.582271] cnss: PM relax, state: 0x6f26011, count: 0
[   16.582277] cnss: PM stay awake, state: 0x6f26011, count: 1
[   16.582280] cnss: Processing driver event: REQUEST_MEM(2), state: 0x6f26011
[   16.582284] cnss: Sending respond memory message, state: 0x6f26011
[   16.582286] cnss: Memory for FW, va: 0x0000000000000000, pa: 0x00000000a1800000, size: 0x6f0000, type: 1
[   16.582290] cnss: Memory for FW, va: 0x0000000000000000, pa: 0x00000000a2000000, size: 0x810000, type: 4
[   16.587640] cnss: PM relax, state: 0x6f26011, count: 0
[   16.590935] cnss: Received QMI WLFW FW memory ready indication
[   16.590947] cnss: Posting event: FW_MEM_READY(3), state: 0x6f26011 flags: 0x0
[   16.590951] cnss: PM stay awake, state: 0x6f26011, count: 1
[   16.590966] cnss: PM relax, state: 0x6f26011, count: 0
[   16.590977] cnss: PM stay awake, state: 0x6f26011, count: 1
[   16.590984] cnss: Processing driver event: FW_MEM_READY(3), state: 0x6f26011
[   16.590987] cnss: Sending target capability message, state: 0x6f26013
[   16.596991] cnss: Device frequency is 19200000 HZ
[   16.597017] cnss: Target capability: chip_id: 0x2, chip_family: 0x4, board_id: 0x31, soc_id: 0x40170200, otp_version: 0x0
[   16.597021] cnss: fw_version: 0x110c8586, fw_build_timestamp: 2025-08-25 13:49, fw_build_id: QC_IMAGE_VERSION_STRING=WLAN.HMT.1.1-01414.6-QCAHMTSWPL_V1.0_V2.0_SILICONZ-1.121323.2.124673.3, hwid_bitmap:0x0
[   16.597023] cnss: Hang event params, Length: 0x180, Offset Address: 0x1ec000
[   16.597027] cnss: Sending BDF download message, state: 0x6f26013, type: 4
[   16.597031] cnss: FW name added with prefix: kiwi/regdb.bin
[   16.600551] ueventd: firmware: loading 'kiwi/regdb.bin' for '/devices/platform/soc/b0000000.qcom,cnss-qca-converged/firmware/kiwi!regdb.bin'
[   16.600682] ueventd: found /vendor/firmware/kiwi/regdb.bin for /devices/platform/soc/b0000000.qcom,cnss-qca-converged/firmware/kiwi!regdb.bin
[   16.600749] ueventd: loading /devices/platform/soc/b0000000.qcom,cnss-qca-converged/firmware/kiwi!regdb.bin took 0ms
[   16.600836] cnss: Downloading BDF: kiwi/regdb.bin, size: 24278
[   16.614765] cnss: INI File 1 download
[   16.618977] ueventd: firmware: loading 'wlan-connection-roaming.ini' for '/devices/platform/soc/b0000000.qcom,cnss-qca-converged/firmware/wlan-connection-roaming.ini'
[   16.619388] ueventd: firmware: could not find firmware for wlan-connection-roaming.ini
[   16.619402] ueventd: firmware: attempted /etc/firmware/wlan-connection-roaming.ini, open failed: No such file or directory
[   16.619406] ueventd: firmware: attempted /odm/firmware/wlan-connection-roaming.ini, open failed: No such file or directory
[   16.619410] ueventd: firmware: attempted /vendor/firmware/wlan-connection-roaming.ini, open failed: No such file or directory
[   16.619413] ueventd: firmware: attempted /firmware/image/wlan-connection-roaming.ini, open failed: No such file or directory
[   16.619417] ueventd: firmware: attempted /vendor/firmware_mnt/image/wlan-connection-roaming.ini, open failed: No such file or directory
[   16.619561] cnss: Failed to get INI file wlan-connection-roaming.ini (-2), Backup file: Supported
[   16.624039] cnss: Failed to get INI file wlan-connection-roaming-backup.ini (-2)
[   16.624073] cnss: Sending BDF download message, state: 0x6f26013, type: 1
[   16.624080] cnss: FW name added with prefix: kiwi/bdwlan.e31
[   16.627825] cnss: Downloading BDF: kiwi/bdwlan.e31, size: 88760
[   16.673496] cnss: Host BDF config: HW_XPA: 1 CalDB: 0
[   16.673510] cnss: Sending M3 information message, state: 0x6f26013
[   16.673513] cnss: M3 memory, va: 0x0000000000000000, pa: 0x00000000a2a00000, size: 0x4926c
[   16.675606] cnss: Sending QDSS config download message, state: 0x6f26013
[   16.675619] cnss: FW name added with prefix: kiwi/qdss_trace_config_v2.cfg
[   16.683054] cnss: Downloading QDSS: kiwi/qdss_trace_config_v2.cfg, size: 4911
[   16.687763] cnss: PM relax, state: 0x6f26013, count: 0
[   16.695313] cnss: Received QMI WLFW FW initialization done indication
[   16.695323] cnss: Posting event: FW_READY(4), state: 0x6f26013 flags: 0x0
[   16.695327] cnss: PM stay awake, state: 0x6f26013, count: 1
[   16.695342] cnss: PM relax, state: 0x6f26013, count: 0
[   16.695354] cnss: PM stay awake, state: 0x6f26013, count: 1
[   16.695362] cnss: Processing driver event: FW_READY(4), state: 0x6f26013
[   16.695366] cnss: Processing FW Init Done..
[   16.695369] cnss: PCIE Gen speed not setup
[   16.695372] cnss: Requesting DMS MAC address
[   16.695629] cnss: QMI_DMS_GET_MAC_ADDRESS_REQ_V01 failed, result: 1, err: 16
[   16.715705] cnss: Sending ini sync request, state: 0x6f26017, fw_log_mode: 1
[   16.719656] [kworke][0x19ed59ea][04:47:09.074572] wlan: [192:I:HIF] hif_pci_enable_bus: con_mode = 0x0, WLAN_SOC_device_id = 0x1107
[   16.719682] [kworke][0x19ed5ac6][04:47:09.074584] wlan: [192:I:HIF] hif_pci_get_soc_info_pld: hif_pci_get_soc_info_pld: fam num 4 dev ver 23 maj ver 2 min ver 0

[   16.719686] [kworke][0x19ed5c29][04:47:09.074602] wlan: [192:I:HIF] hif_pci_enable_bus: hif_enable_pci done
[   16.719833] [kworke][0x19ed6740][04:47:09.074750] wlan: [192:I:HIF] hif_get_device_type:  *********** KIWI *************
[   16.719837] [kworke][0x19ed6783][04:47:09.074754] wlan: [192:I:HIF] hif_pci_enable_bus: hif_type = 0x1a, target_type = 0x1f
[   16.719840] [kworke][0x19ed67ba][04:47:09.074756] wlan: [192:I:HIF] hif_register_tbl_attach: HIF_TYPE_KIWI
[   16.719842] [kworke][0x19ed67eb][04:47:09.074759] wlan: [192:I:HIF] hif_target_register_tbl_attach: TARGET_TYPE_KIWI
[   16.719844] [kworke][0x19ed6812][04:47:09.074761] wlan: [192:I:HIF] hif_pci_enable_bus: Skip tgt_wake up for srng devices
[   16.719886] cnss: Assign MSI to user: CE, num_vectors: 10, user_base_data: 3, base_vector: 3
[   16.719896] [kworke][0x19ed6bf6][04:47:09.074813] wlan: [192:E:HIF] hif_print_hal_shadow_register_cfg: v3: num_config 36
[   16.719904] [kworke][0x19ed6c84][04:47:09.074820] wlan: [192:E:HIF] hif_print_hal_shadow_register_cfg: i 0, val a3b04c
[   16.719907] [kworke][0x19ed6cc6][04:47:09.074824] wlan: [192:E:HIF] hif_print_hal_shadow_register_cfg: i 1, val a3b054
[   16.719910] [kworke][0x19ed6d06][04:47:09.074827] wlan: [192:E:HIF] hif_print_hal_shadow_register_cfg: i 2, val a3b05c
[   16.719914] [kworke][0x19ed6d47][04:47:09.074830] wlan: [192:E:HIF] hif_print_hal_shadow_register_cfg: i 3, val a3b064
[   16.719917] [kworke][0x19ed6d87][04:47:09.074834] wlan: [192:E:HIF] hif_print_hal_shadow_register_cfg: i 4, val a3b06c
[   16.719921] [kworke][0x19ed6dc7][04:47:09.074837] wlan: [192:E:HIF] hif_print_hal_shadow_register_cfg: i 5, val a3b074
[   16.719924] [kworke][0x19ed6e08][04:47:09.074840] wlan: [192:E:HIF] hif_print_hal_shadow_register_cfg: i 6, val a3b07c
[   16.719927] [kworke][0x19ed6e47][04:47:09.074844] wlan: [192:E:HIF] hif_print_hal_shadow_register_cfg: i 7, val a3b084
[   16.719930] [kworke][0x19ed6e8a][04:47:09.074847] wlan: [192:E:HIF] hif_print_hal_shadow_register_cfg: i 8, val a3b08c
[   16.719933] [kworke][0x19ed6ec3][04:47:09.074850] wlan: [192:E:HIF] hif_print_hal_shadow_register_cfg: i 9, val a3b028
[   16.719946] [kworke][0x19ed6f00][04:47:09.074853] wlan: [192:E:HIF] hif_print_hal_shadow_register_cfg: i 10, val a3b020
[   16.719949] [kworke][0x19ed6fee][04:47:09.074866] wlan: [192:E:HIF] hif_print_hal_shadow_register_cfg: i 11, val a3b0ac
[   16.719952] [kworke][0x19ed702d][04:47:09.074869] wlan: [192:E:HIF] hif_print_hal_shadow_register_cfg: i 12, val a46000
[   16.719956] [kworke][0x19ed706d][04:47:09.074872] wlan: [192:E:HIF] hif_print_hal_shadow_register_cfg: i 13, val a46008
[   16.719959] [kworke][0x19ed70a9][04:47:09.074875] wlan: [192:E:HIF] hif_print_hal_shadow_register_cfg: i 14, val a46010
[   16.719962] [kworke][0x19ed70e8][04:47:09.074879] wlan: [192:E:HIF] hif_print_hal_shadow_register_cfg: i 15, val a46018
[   16.719965] [kworke][0x19ed712a][04:47:09.074882] wlan: [192:E:HIF] hif_print_hal_shadow_register_cfg: i 16, val a46020
[   16.719969] [kworke][0x19ed7167][04:47:09.074885] wlan: [192:E:HIF] hif_print_hal_shadow_register_cfg: i 17, val a370b8
[   16.719972] [kworke][0x19ed71a4][04:47:09.074889] wlan: [192:E:HIF] hif_print_hal_shadow_register_cfg: i 18, val a37010
[   16.719975] [kworke][0x19ed71e1][04:47:09.074892] wlan: [192:E:HIF] hif_print_hal_shadow_register_cfg: i 19, val a370cc
[   16.719978] [kworke][0x19ed721f][04:47:09.074895] wlan: [192:E:HIF] hif_print_hal_shadow_register_cfg: i 20, val a370d4
[   16.719982] [kworke][0x19ed725c][04:47:09.074898] wlan: [192:E:HIF] hif_print_hal_shadow_register_cfg: i 21, val a370dc
[   16.719985] [kworke][0x19ed729c][04:47:09.074901] wlan: [192:E:HIF] hif_print_hal_shadow_register_cfg: i 22, val a370e4
[   16.719988] [kworke][0x19ed72da][04:47:09.074905] wlan: [192:E:HIF] hif_print_hal_shadow_register_cfg: i 23, val a370ec
[   16.719991] [kworke][0x19ed7316][04:47:09.074908] wlan: [192:E:HIF] hif_print_hal_shadow_register_cfg: i 24, val a370f4
[   16.719994] [kworke][0x19ed734f][04:47:09.074911] wlan: [192:E:HIF] hif_print_hal_shadow_register_cfg: i 25, val a370fc
[   16.719997] [kworke][0x19ed738b][04:47:09.074914] wlan: [192:E:HIF] hif_print_hal_shadow_register_cfg: i 26, val a37104
[   16.720000] [kworke][0x19ed73c8][04:47:09.074917] wlan: [192:E:HIF] hif_print_hal_shadow_register_cfg: i 27, val 1b80400
[   16.720007] [kworke][0x19ed7406][04:47:09.074920] wlan: [192:E:HIF] hif_print_hal_shadow_register_cfg: i 28, val 1b83400
[   16.720010] [kworke][0x19ed7483][04:47:09.074927] wlan: [192:E:HIF] hif_print_hal_shadow_register_cfg: i 29, val 1b8340c
[   16.720013] [kworke][0x19ed74be][04:47:09.074930] wlan: [192:E:HIF] hif_print_hal_shadow_register_cfg: i 30, val 1b85400
[   16.720017] [kworke][0x19ed74ff][04:47:09.074933] wlan: [192:E:HIF] hif_print_hal_shadow_register_cfg: i 31, val 1b8540c
[   16.720020] [kworke][0x19ed753e][04:47:09.074937] wlan: [192:E:HIF] hif_print_hal_shadow_register_cfg: i 32, val 1b86400
[   16.720023] [kworke][0x19ed757b][04:47:09.074940] wlan: [192:E:HIF] hif_print_hal_shadow_register_cfg: i 33, val 1b88400
[   16.720026] [kworke][0x19ed75b7][04:47:09.074943] wlan: [192:E:HIF] hif_print_hal_shadow_register_cfg: i 34, val 1b8f400
[   16.720029] [kworke][0x19ed75f7][04:47:09.074946] wlan: [192:E:HIF] hif_print_hal_shadow_register_cfg: i 35, val 1b8f40c
[   16.720032] cnss: Mode: 0, config: 0000000000000000, host_version: 5.2.1.45E
[   16.720035] cnss: Sending WLAN config message, state: 0x6f26017
[   16.720038] cnss: Shadow reg v3 len: 36
[   16.723559] cnss: Sending mode message, mode: MISSION(0), state: 0x6f26017
[   16.760156] cnss: Get MSI low addr = 0xa0000040, high addr = 0x0
[   16.760170] [kworke][0x19f93879][04:47:09.115086] wlan: [192:I:HAL] hal_srng_update_high_wm_thresholds: ring_id: 64, wm_thresh- <50:0, 50-60:8, 60-70:9, 70-80:11, 80-90:12, 90-100:14
[   16.760234] [kworke][0x19f93d55][04:47:09.115151] wlan: [192:I:HAL] hal_srng_update_high_wm_thresholds: ring_id: 82, wm_thresh- <50:0, 50-60:256, 60-70:307, 70-80:358, 80-90:409, 90-100:460
[   16.760291] cnss: Received QMI WLFW pin connect result indication
[   16.760297] cnss: Pin connect Result: pwr_pin: 0x1 phy_io_pin: 0x0 rf_io_pin: 0x0
[   16.760337] [kworke][0x19f9450d][04:47:09.115254] wlan: [192:I:HAL] hal_srng_update_high_wm_thresholds: ring_id: 101, wm_thresh- <50:0, 50-60:256, 60-70:307, 70-80:358, 80-90:409, 90-100:460
[   16.760416] [kworke][0x19f94afc][04:47:09.115333] wlan: [192:I:HAL] hal_srng_update_high_wm_thresholds: ring_id: 83, wm_thresh- <50:0, 50-60:128, 60-70:153, 70-80:179, 80-90:204, 90-100:230
[   16.760509] [kworke][0x19f951ec][04:47:09.115426] wlan: [192:I:HAL] hal_srng_update_high_wm_thresholds: ring_id: 102, wm_thresh- <50:0, 50-60:128, 60-70:153, 70-80:179, 80-90:204, 90-100:230
[   16.760575] [kworke][0x19f956dc][04:47:09.115491] wlan: [192:I:HAL] hal_srng_update_high_wm_thresholds: ring_id: 67, wm_thresh- <50:0, 50-60:16, 60-70:19, 70-80:22, 80-90:25, 90-100:28
[   16.760642] [kworke][0x19f95be1][04:47:09.115558] wlan: [192:I:HAL] hal_srng_update_high_wm_thresholds: ring_id: 68, wm_thresh- <50:0, 50-60:128, 60-70:153, 70-80:179, 80-90:204, 90-100:230
[   16.760706] [kworke][0x19f960b2][04:47:09.115623] wlan: [192:I:HAL] hal_srng_update_high_wm_thresholds: ring_id: 88, wm_thresh- <50:0, 50-60:16, 60-70:19, 70-80:22, 80-90:25, 90-100:28
[   16.760801] [kworke][0x19f967d6][04:47:09.115718] wlan: [192:I:HAL] hal_srng_update_high_wm_thresholds: ring_id: 107, wm_thresh- <50:0, 50-60:16, 60-70:19, 70-80:22, 80-90:25, 90-100:28
[   16.760865] [kworke][0x19f96c9e][04:47:09.115782] wlan: [192:I:HIF] hif_configure_irq: E
[   16.760868] cnss: Get IRQ number 326 for vector index 13
[   16.760934] cnss: Get IRQ number 316 for vector index 3
[   16.760968] cnss: Get IRQ number 317 for vector index 4
[   16.760998] cnss: Get IRQ number 318 for vector index 5
[   16.761028] cnss: Get IRQ number 319 for vector index 6
[   16.761059] cnss: Get IRQ number 320 for vector index 7
[   16.761090] cnss: Get IRQ number 321 for vector index 8
[   16.761109] cnss: Get IRQ number 322 for vector index 9
[   16.761127] cnss: Get IRQ number 323 for vector index 10
[   16.761145] cnss: Get IRQ number 324 for vector index 11
[   16.761184] wlan_pld:pld_is_ipa_offload_disabled:3344:: Not supported on type 0
[   16.761235] [kworke][0x19f98859][04:47:09.116151] wlan: [192:E:POLICY_MGR] policy_mgr_init_cfg: max_conc_cxns 4 non-nan
[   16.761269] cnss: Platform cap_flag is 0x4
[   16.761404] [kworke][0x19f99514][04:47:09.116321] wlan: [192:E:QDF] __cds_get_context: Module ID 66 context is Null (via hdd_update_ol_config)
[   16.770985] [kworke][0x19fc632d][04:47:09.125896] wlan: [192:E:QDF] __cds_get_context: Module ID 66 context is Null (via cds_open)
[   16.771458] [kworke][0x19fc8713][04:47:09.126374] wlan: [192:F:WMA] WMA --> wmi_unified_attach - success
[   16.772817] [kworke][0x19fcecf9][04:47:09.127733] wlan: [192:E:QDF] htc_wait_target: Target Ready! TX resource : 1 size:2176, MaxMsgsPerHTCBundle = 1
[   16.772824] [kworke][0x19fced86][04:47:09.127740] wlan: [192:E:QDF] htc_setup_target_buffer_assignments: SVS Index : 1 TX : 0x100 : alloc:1
[   16.773212] [kworke][0x19fd0aa1][04:47:09.128128] wlan: [192:I:DP] dp_soc_tx_desc_sw_pools_alloc Tx Desc Alloc num_pool = 6, descs = 8192
[   16.774176] cnss: Assign MSI to user: DP, num_vectors: 18, user_base_data: 14, base_vector: 14
[   16.775053] [kworke][0x19fd94b7][04:47:09.129970] wlan: [192:I:HAL] hal_srng_update_high_wm_thresholds: ring_id: 120, wm_thresh- <50:0, 50-60:16384, 60-70:19660, 70-80:22937, 80-90:26214, 90-100:29491
[   16.775392] [kworke][0x19fdae28][04:47:09.130309] wlan: [192:I:HAL] hal_srng_update_high_wm_thresholds: ring_id: 121, wm_thresh- <50:0, 50-60:512, 60-70:614, 70-80:716, 80-90:819, 90-100:921
[   16.775435] [kworke][0x19fdb169][04:47:09.130352] wlan: [192:I:HAL] hal_srng_update_high_wm_thresholds: ring_id: 16, wm_thresh- <50:0, 50-60:64, 60-70:76, 70-80:89, 80-90:102, 90-100:115
[   16.775495] [kworke][0x19fdb5e6][04:47:09.130412] wlan: [192:I:HAL] hal_srng_update_high_wm_thresholds: ring_id: 131, wm_thresh- <50:0, 50-60:512, 60-70:614, 70-80:716, 80-90:819, 90-100:921
[   16.775558] [kworke][0x19fdba97][04:47:09.130474] wlan: [192:I:HAL] hal_srng_update_high_wm_thresholds: ring_id: 0, wm_thresh- <50:0, 50-60:128, 60-70:153, 70-80:179, 80-90:204, 90-100:230
[   16.775613] [kworke][0x19fdbec0][04:47:09.130530] wlan: [192:I:HAL] hal_srng_update_high_wm_thresholds: ring_id: 20, wm_thresh- <50:0, 50-60:64, 60-70:76, 70-80:89, 80-90:102, 90-100:115
[   16.775664] [kworke][0x19fdc28b][04:47:09.130581] wlan: [192:I:HAL] hal_srng_update_high_wm_thresholds: ring_id: 21, wm_thresh- <50:0, 50-60:128, 60-70:153, 70-80:179, 80-90:204, 90-100:230
[   16.775723] [kworke][0x19fdc6ff][04:47:09.130640] wlan: [192:I:HAL] hal_srng_update_high_wm_thresholds: ring_id: 24, wm_thresh- <50:0, 50-60:2560, 60-70:3072, 70-80:3584, 80-90:4096, 90-100:4608
[   16.775786] [kworke][0x19fdcbb2][04:47:09.130703] wlan: [192:I:HAL] hal_srng_update_high_wm_thresholds: ring_id: 128, wm_thresh- <50:0, 50-60:4096, 60-70:4915, 70-80:5734, 80-90:6553, 90-100:7372
[   16.775858] [kworke][0x19fdd116][04:47:09.130774] wlan: [192:I:HAL] hal_srng_update_high_wm_thresholds: ring_id: 25, wm_thresh- <50:0, 50-60:2560, 60-70:3072, 70-80:3584, 80-90:4096, 90-100:4608
[   16.775921] [kworke][0x19fdd5cc][04:47:09.130837] wlan: [192:I:HAL] hal_srng_update_high_wm_thresholds: ring_id: 132, wm_thresh- <50:0, 50-60:4096, 60-70:4915, 70-80:5734, 80-90:6553, 90-100:7372
[   16.775992] [kworke][0x19fddb21][04:47:09.130908] wlan: [192:I:HAL] hal_srng_update_high_wm_thresholds: ring_id: 26, wm_thresh- <50:0, 50-60:2560, 60-70:3072, 70-80:3584, 80-90:4096, 90-100:4608
[   16.776055] [kworke][0x19fddfdc][04:47:09.130971] wlan: [192:I:HAL] hal_srng_update_high_wm_thresholds: ring_id: 130, wm_thresh- <50:0, 50-60:4096, 60-70:4915, 70-80:5734, 80-90:6553, 90-100:7372
[   16.776139] [kworke][0x19fde62b][04:47:09.131056] wlan: [192:I:HAL] hal_srng_update_high_wm_thresholds: ring_id: 1, wm_thresh- <50:0, 50-60:3072, 60-70:3686, 70-80:4300, 80-90:4915, 90-100:5529
[   16.776221] [kworke][0x19fdec5b][04:47:09.131138] wlan: [192:I:HAL] hal_srng_update_high_wm_thresholds: ring_id: 2, wm_thresh- <50:0, 50-60:3072, 60-70:3686, 70-80:4300, 80-90:4915, 90-100:5529
[   16.776305] [kworke][0x19fdf2a6][04:47:09.131222] wlan: [192:I:HAL] hal_srng_update_high_wm_thresholds: ring_id: 3, wm_thresh- <50:0, 50-60:3072, 60-70:3686, 70-80:4300, 80-90:4915, 90-100:5529
[   16.776388] [kworke][0x19fdf8d6][04:47:09.131304] wlan: [192:I:HAL] hal_srng_update_high_wm_thresholds: ring_id: 4, wm_thresh- <50:0, 50-60:3072, 60-70:3686, 70-80:4300, 80-90:4915, 90-100:5529
[   16.776468] [kworke][0x19fdfee2][04:47:09.131385] wlan: [192:I:HAL] hal_srng_update_high_wm_thresholds: ring_id: 5, wm_thresh- <50:0, 50-60:3072, 60-70:3686, 70-80:4300, 80-90:4915, 90-100:5529
[   16.776534] [kworke][0x19fe03cf][04:47:09.131451] wlan: [192:I:HAL] hal_srng_update_high_wm_thresholds: ring_id: 6, wm_thresh- <50:0, 50-60:3072, 60-70:3686, 70-80:4300, 80-90:4915, 90-100:5529
[   16.776600] [kworke][0x19fe08c2][04:47:09.131517] wlan: [192:I:HAL] hal_srng_update_high_wm_thresholds: ring_id: 7, wm_thresh- <50:0, 50-60:3072, 60-70:3686, 70-80:4300, 80-90:4915, 90-100:5529
[   16.776666] [kworke][0x19fe0db4][04:47:09.131583] wlan: [192:I:HAL] hal_srng_update_high_wm_thresholds: ring_id: 8, wm_thresh- <50:0, 50-60:3072, 60-70:3686, 70-80:4300, 80-90:4915, 90-100:5529
[   16.778064] [kworke][0x19fe7691][04:47:09.132981] wlan: [192:I:scan] scm_channel_list_db_init: min_freq 5935 max_freq 7115
[   16.778174] [kworke][0x19fe7ed4][04:47:09.133091] wlan: [192:I:HAL] hal_srng_update_high_wm_thresholds: ring_id: 184, wm_thresh- <50:0, 50-60:8192, 60-70:9830, 70-80:11468, 80-90:13107, 90-100:14745
[   16.778192] [kworke][0x19fe8026][04:47:09.133109] wlan: [192:I:HAL] hal_srng_update_high_wm_thresholds: ring_id: 189, wm_thresh- <50:0, 50-60:512, 60-70:614, 70-80:716, 80-90:819, 90-100:921
[   16.778197] [kworke][0x19fe8085][04:47:09.133114] wlan: [192:I:DP] Peer pool init
[   16.778308] [kworke][0x19fe88e0][04:47:09.133225] wlan: [192:I:HAL] hal_srng_update_high_wm_thresholds: ring_id: 185, wm_thresh- <50:0, 50-60:2048, 60-70:2457, 70-80:2867, 80-90:3276, 90-100:3686
[   16.778316] [kworke][0x19fe896d][04:47:09.133232] wlan: [192:I:HAL] hal_srng_update_high_wm_thresholds: ring_id: 198, wm_thresh- <50:0, 50-60:2048, 60-70:2457, 70-80:2867, 80-90:3276, 90-100:3686
[   16.778320] [kworke][0x19fe89bc][04:47:09.133236] wlan: [192:E:DP] dp_rx_fst_attach: FST setup params FT size 256, hash_mask 0xff, skid_length 16
[   16.778339] [kworke][0x19fe8b30][04:47:09.133256] wlan: [192:I:HAL] hal_srng_update_high_wm_thresholds: ring_id: 188, wm_thresh- <50:0, 50-60:512, 60-70:614, 70-80:716, 80-90:819, 90-100:921
[   16.778344] [kworke][0x19fe8b88][04:47:09.133260] wlan: [192:I:HAL] hal_srng_update_high_wm_thresholds: ring_id: 201, wm_thresh- <50:0, 50-60:512, 60-70:614, 70-80:716, 80-90:819, 90-100:921
[   16.779838] [kworke][0x19fefb91][04:47:09.134754] wlan: [192:E:DP] dp_rx_buffer_pool_init: RX buffer pool support is disabled
[   16.786104] cnss: Get IRQ number 327 for vector index 14
[   16.786127] [kworke][0x1a00d2a7][04:47:09.141035] wlan: [192:I:HIF] hif_event_history_init: SRNG events history initialized for group: 0
[   16.786129] cnss: Get IRQ number 328 for vector index 15
[   16.786135] [kworke][0x1a00d3e2][04:47:09.141052] wlan: [192:I:HIF] hif_event_history_init: SRNG events history initialized for group: 1
[   16.786137] cnss: Get IRQ number 329 for vector index 16
[   16.786140] [kworke][0x1a00d443][04:47:09.141057] wlan: [192:I:HIF] hif_event_history_init: SRNG events history initialized for group: 2
[   16.786142] cnss: Get IRQ number 330 for vector index 17
[   16.786145] [kworke][0x1a00d498][04:47:09.141061] wlan: [192:I:HIF] hif_event_history_init: SRNG events history initialized for group: 3
[   16.786146] cnss: Get IRQ number 331 for vector index 18
[   16.786149] [kworke][0x1a00d4ea][04:47:09.141065] wlan: [192:I:HIF] hif_event_history_init: SRNG events history initialized for group: 4
[   16.786150] cnss: Get IRQ number 332 for vector index 19
[   16.786154] [kworke][0x1a00d546][04:47:09.141070] wlan: [192:I:HIF] hif_event_history_init: SRNG events history initialized for group: 5
[   16.786155] cnss: Get IRQ number 333 for vector index 20
[   16.786157] [kworke][0x1a00d58e][04:47:09.141074] wlan: [192:I:HIF] hif_event_history_init: SRNG events history initialized for group: 6
[   16.786159] cnss: Get IRQ number 334 for vector index 21
[   16.786161] [kworke][0x1a00d5d6][04:47:09.141078] wlan: [192:I:HIF] hif_event_history_init: SRNG events history initialized for group: 7
[   16.786162] cnss: Get IRQ number 335 for vector index 22
[   16.786165] [kworke][0x1a00d620][04:47:09.141082] wlan: [192:I:HIF] hif_event_history_init: SRNG events history initialized for group: 8
[   16.786166] cnss: Get IRQ number 336 for vector index 23
[   16.786170] [kworke][0x1a00d67a][04:47:09.141086] wlan: [192:I:HIF] hif_event_history_init: SRNG events history initialized for group: 9
[   16.786171] cnss: Get IRQ number 337 for vector index 24
[   16.786174] [kworke][0x1a00d6c5][04:47:09.141090] wlan: [192:I:HIF] hif_event_history_init: SRNG events history initialized for group: 10
[   16.786175] cnss: Get IRQ number 338 for vector index 25
[   16.786178] [kworke][0x1a00d713][04:47:09.141094] wlan: [192:I:HIF] hif_event_history_init: SRNG events history initialized for group: 11
[   16.786179] cnss: Get IRQ number 339 for vector index 26
[   16.786182] [kworke][0x1a00d75e][04:47:09.141098] wlan: [192:I:HIF] hif_event_history_init: SRNG events history initialized for group: 12
[   16.786183] cnss: Get IRQ number 340 for vector index 27
[   16.786186] [kworke][0x1a00d7b8][04:47:09.141103] wlan: [192:I:HIF] hif_event_history_init: SRNG events history initialized for group: 13
[   16.786187] cnss: Get IRQ number 341 for vector index 28
[   16.786190] [kworke][0x1a00d800][04:47:09.141107] wlan: [192:I:HIF] hif_event_history_init: SRNG events history initialized for group: 14
[   16.786191] cnss: Get IRQ number 342 for vector index 29
[   16.786194] [kworke][0x1a00d84d][04:47:09.141111] wlan: [192:I:HIF] hif_event_history_init: SRNG events history initialized for group: 15
[   16.786195] cnss: Get IRQ number 343 for vector index 30
[   16.786198] [kworke][0x1a00d897][04:47:09.141115] wlan: [192:I:HIF] hif_event_history_init: SRNG events history initialized for group: 16
[   16.786199] cnss: Get IRQ number 344 for vector index 31
[   16.786203] [kworke][0x1a00d8f1][04:47:09.141119] wlan: [192:I:HIF] hif_event_history_init: SRNG events history initialized for group: 17
[   16.798630] [kworke][0x1a047cf5][04:47:09.153546] wlan: [102:I:WMA] wma_rx_service_ready_event: Firmware build version : 110c8586
[   16.798640] [kworke][0x1a047db6][04:47:09.153556] wlan: [102:I:WMA] wma_rx_service_ready_event: Board id: 0, Board version: 8 0 0 0 1
[   16.799896] [kworke][0x1a04dbe7][04:47:09.154812] wlan: [102:E:WMA] wma_update_supported_bands: wrong supported band
[   16.800005] [kworke][0x1a04e422][04:47:09.154922] wlan: [102:E:QDF] copy_fw_abi_version_tlv: copy_fw_abi_version_tlv: INIT_CMD version: 1, 0, 0x5f414351, 0x4c4d, 0x0, 0x0
[   16.899086] [kworke][0x1a21eb0c][04:47:09.254001] wlan: [8:E:QDF] ready_extract_init_status_tlv: ready_extract_init_status_tlv:0
[   16.899351] [kworke][0x1a21ff1a][04:47:09.254268] wlan: [8:E:REGULATORY] reg_is_fcc_regdmn: Failed to get reg domain
[   16.899358] [kworke][0x1a21ffa0][04:47:09.254275] wlan: [8:I:dfs] WLAN_DEBUG_DFS_ALWAYS : wlan_dfs_pdev_obj_create_notification: dfs_offload 1
[   16.899360] [kworke][0x1a21ffc3][04:47:09.254277] wlan: [8:I:dfs] WLAN_DEBUG_DFS_ALWAYS : wlan_dfs_pdev_obj_create_notification: dfs_bangradar_320_support 0
[   16.899365] [kworke][0x1a22001e][04:47:09.254282] wlan: [8:I:SPECTRAL] null_get_capability: SPECTRAL : get_capability not registered

[   16.899367] [kworke][0x1a220042][04:47:09.254283] wlan: [8:I:SPECTRAL] target_if_pdev_spectral_init: HAL_CAP_PHYDIAG : Capable
[   16.899368] [kworke][0x1a22005d][04:47:09.254285] wlan: [8:I:SPECTRAL] null_get_capability: SPECTRAL : get_capability not registered

[   16.899369] [kworke][0x1a220076][04:47:09.254286] wlan: [8:I:SPECTRAL] target_if_pdev_spectral_init: HAL_CAP_RADAR   : Capable
[   16.899371] [kworke][0x1a22008f][04:47:09.254287] wlan: [8:I:SPECTRAL] null_get_capability: SPECTRAL : get_capability not registered

[   16.899372] [kworke][0x1a2200aa][04:47:09.254289] wlan: [8:I:SPECTRAL] target_if_pdev_spectral_init: HAL_CAP_SPECTRAL_SCAN : Capable
[   16.899373] [kworke][0x1a2200c8][04:47:09.254290] wlan: [8:I:SPECTRAL] null_get_tsf64: SPECTRAL : get_tsf64 not registered

[   16.899380] [kworke][0x1a220145][04:47:09.254297] wlan: [8:I:GREEN_AP] wlan_green_ap_pdev_obj_create_notification: Green AP creation successful, green ap ctx: 0000000000000000, pdev: 0000000000000000
[   16.899463] [kworke][0x1a220779][04:47:09.254380] wlan: [8:I:HAL] hal_srng_update_high_wm_thresholds: ring_id: 193, wm_thresh- <50:0, 50-60:24, 60-70:28, 70-80:33, 80-90:38, 90-100:43
[   16.899512] [kworke][0x1a220b29][04:47:09.254429] wlan: [8:I:HAL] hal_srng_update_high_wm_thresholds: ring_id: 206, wm_thresh- <50:0, 50-60:24, 60-70:28, 70-80:33, 80-90:38, 90-100:43
[   16.899557] [kworke][0x1a220e89][04:47:09.254474] wlan: [8:E:CFR] cfr_streamfs_init: Directory create failed
[   16.899561] [kworke][0x1a220ecf][04:47:09.254477] wlan: [8:E:CFR] wlan_cfr_pdev_open: cfr_streamfs_init failed with 16

[   16.899573] [kworke][0x1a220fc5][04:47:09.254490] wlan: [8:I:REGULATORY] reg_set_band: same band 7
[   16.899575] [kworke][0x1a220fee][04:47:09.254492] wlan: [8:I:HDD] hdd_intersect_igmp_offload_setting: fw cap to handle igmp 1 igmp_offload_enable ini 0
[   16.899624] [kworke][0x1a221387][04:47:09.254540] wlan: [8:I:GREEN_AP] target_if_green_ap_register_egap_event_handler: Set the Enhance Green AP event handler
[   16.899650] [kworke][0x1a221569][04:47:09.254565] wlan: [192:I:WMA] wma_wait_for_ready_event: FW ready event received
[   16.899694] [kworke][0x1a2218c3][04:47:09.254610] wlan: [192:I:HAL] hal_srng_update_high_wm_thresholds: ring_id: 192, wm_thresh- <50:0, 50-60:64, 60-70:76, 70-80:89, 80-90:102, 90-100:115
[   16.899772] [kworke][0x1a221e9d][04:47:09.254688] wlan: [192:I:HAL] hal_srng_update_high_wm_thresholds: ring_id: 205, wm_thresh- <50:0, 50-60:64, 60-70:76, 70-80:89, 80-90:102, 90-100:115
[   16.899966] [kworke][0x1a222d2c][04:47:09.254882] wlan: [192:I:SYS] Creating periodic timer for OLBC UPDATE CACHE TIMEOUT

[   16.900010] [kworke][0x1a22307c][04:47:09.254926] wlan: [192:E:DP] dp_rxdma_ring_config: pdev_id 0 max_mac_rings 2
[   16.900016] [kworke][0x1a2230f9][04:47:09.254933] wlan: [192:E:TXRX] dp_rxdma_ring_config: mac_id 0
[   16.900045] [kworke][0x1a223320][04:47:09.254962] wlan: [192:E:TXRX] dp_rxdma_ring_config: mac_id 1
[   16.900190] [kworke][0x1a223e04][04:47:09.255107] wlan: [192:I:HAL] hal_reo_set_err_dst_remap_kiwi: HWIO_REO_R0_ERROR_DESTINATION_MAPPING_IX_0 0x0
[   16.900206] [kworke][0x1a223f31][04:47:09.255123] wlan: [192:I:HAL] hal_reo_set_err_dst_remap_kiwi: HWIO_REO_R0_ERROR_DESTINATION_MAPPING_IX_1 0x0
[   16.900239] [kworke][0x1a2241b0][04:47:09.255156] wlan: [192:I:DIRECT_BUF_RX] target_if_direct_buf_rx_register_events: DBR Handler Context 1
[   16.932347] [kworke][0x1a2ba9c5][04:47:09.287264] wlan: [192:E:fwol] ucfg_fwol_send_get_thermal_stats_cmd: Command Disabled in Ini gThermalStatsTempOffset 5 or not enabled in FW 0
[   16.932357] [kworke][0x1a2baa8b][04:47:09.287274] wlan: [192:E:OSIF] os_if_fwol_get_thermal_stats_req: Failed to send get thermal stats cmd to FW, 4
[   16.932453] [kworke][0x1a2bb1b5][04:47:09.287369] wlan: [192:E:WMI] send_action_oui_cmd_tlv: Invalid action id
[   16.932458] [kworke][0x1a2bb21b][04:47:09.287375] wlan: [192:E:WMI] send_action_oui_cmd_tlv: Invalid action id
[   16.932871] cnss_utils: WLAN MAC address is not set, type 0
[   16.934171] gsi soc:qcom,msm_gsi: gsi_stop_channel:3615 chan=1 busy try again
[   16.935367] [kworke][0x1a2c8c3a][04:47:09.290283] wlan: [192:I:HDD] hdd_initialize_mac_address: using MAC address from wlan_mac.bin
[   16.936365] cnss: Host time = 22872190 us, device time = 1008420 us, offset = 21863770 us
[   16.936387] cnss: Updated time sync regs [0x98c] = 0x14d9d5a, [0x990] = 0x0
[   16.936400] cnss: Removing vote for Regulator vdd-wlan-rfa2
[   16.936420] cnss: Removing vote for Regulator vdd-wlan-rfa1
[   16.936433] cnss: Removing vote for Regulator vdd-wlan-dig
[   16.936445] cnss: Removing vote for Regulator vdd-wlan-aon
[   16.936455] cnss: Removing vote for Regulator vdd-wlan
[   16.936466] cnss: Removing vote for Regulator vdd-wlan-io
[   16.936471] cnss: PM relax, state: 0x6f26107, count: 0
[   16.937389] gsi soc:qcom,msm_gsi: gsi_stop_channel:3615 chan=14 busy try again
[   16.941791] [wifi@1][0x1a2e6dfc][04:47:09.296706] wlan: [1685:I:HDD] wlan_hdd_state_ctrl_param_write: Wifi Turning On from UI

[   16.941799] [wifi@1][0x1a2e6ea5][04:47:09.296715] wlan: [1685:I:HDD] wlan_hdd_state_ctrl_param_write: is_driver_loaded 1 is_driver_recovering 0
[   16.942260] [wifi@1][0x1a2e9146][04:47:09.297177] wlan: [1685:I:DP] 00000000: 53 5e 97 be 8a 84 80 a9 ba fc 39 2a 38 72 2d f7
[   16.942265] [wifi@1][0x1a2e919d][04:47:09.297182] wlan: [1685:I:DP] 00000010: 5f 45 7d fc
[   16.942269] [wifi@1][0x1a2e91e3][04:47:09.297185] wlan: [1685:I:DP] 00000000: 83 c6 e2 d3 93 07 92 c6 9d dd a0 14 79 f4 bd 64
[   16.942271] [wifi@1][0x1a2e9211][04:47:09.297188] wlan: [1685:I:DP] 00000010: 53 c1 e5 4f cd 93 ac c6 d3 c9 19 4a d2 12 67 16
[   16.942273] [wifi@1][0x1a2e923b][04:47:09.297190] wlan: [1685:I:DP] 00000020: 53 1c 28 ed 02 00 41 d3 19 6c 5f 11
[   16.943677] [wifi@1][0x1a2efb7b][04:47:09.298593] wlan: [1685:E:HDD] hdd_sysfs_bmiss_create: could not create bmiss sysfs file
[   16.943686] [wifi@1][0x1a2efc33][04:47:09.298603] wlan: [1685:I:HDD] hdd_sysfs_somcsne_interface_create: Completed to create somcsne sysfs file (wlan0)
[   16.943926] [wifi@1][0x1a2f0e3c][04:47:09.298843] wlan: [1685:E:TWT] wlan_twt_is_setup_done: Peer object not found 00:00:00:00:00:00
[   16.958278] [wifi@1][0x1a334285][04:47:09.313194] wlan: [1685:E:HDD] hdd_convert_nl80211_to_reg_band_mask: band: 2 not supported
[   16.986314] capability: warning: `wpa_supplicant' uses 32-bit capabilities (legacy support in use)
[   17.002330] [wifi@1][0x1a402a67][04:47:09.357245] wlan: [1685:E:HDD] hdd_convert_nl80211_to_reg_band_mask: band: 2 not supported
[   17.019294] [wifi@1][0x1a4522c9][04:47:09.374210] wlan: [1685:E:OSIF] wlan_hdd_set_station_stats_request_pending: peer is null
[   17.074323] [kworke][0x1a5541f2][04:47:09.429239] wlan: [856:I:REGULATORY] reg_set_band: set band bitmap: 3
[   17.074338] [kworke][0x1a554320][04:47:09.429255] wlan: [856:E:HDD] hdd_reg_set_band: Failed to send RSO update to fw on set band
[   17.145723] gsi soc:qcom,msm_gsi: gsi_stop_channel:3615 chan=1 busy try again
[   17.147837] gsi soc:qcom,msm_gsi: gsi_stop_channel:3615 chan=14 busy try again
[   17.401277] adsp_sleepmon: timer_event = 1,suspend_event = 0
[   17.657265] cnss: Runtime suspend start
[   17.657377] [kworke][0x1b00130b][04:47:10.012294] wlan: [741:I:PMO] pmo_core_enable_wow_in_fw: drv wow is enabled
[   17.672946] [kworke][0x1b04a2b8][04:47:10.027863] wlan: [741:I:HIF] hif_try_complete_tasks: waiting for tasklets 1 grp tasklets 0 work 0
[   17.685258] cnss: Setting MHI state: SUSPEND(6)
[   17.685267] cnss: Suspending PCI link
[   17.685270] cnss: Use PCIe DRV suspend
[   17.688965] cnss: Runtime suspend status: 0
[   18.881523] gsi soc:qcom,msm_gsi: gsi_stop_channel:3615 chan=1 busy try again
[   18.883634] gsi soc:qcom,msm_gsi: gsi_stop_channel:3615 chan=14 busy try again
[   19.193435] (virq:irq_count)- GICv3:IPI(1):98485 GICv3:IPI(6):35683 GICv3:ufshcd(35):31266 GICv3:arch_timer(11):26330 GICv3:IPI(2):20450 GICv3:ipcc_0(37):8362 ipcc:glink-native-adsp(385):6357 ipcc:glink-native-modem(402):2258 GICv3:i2c_geni(280):1893 GICv3:apps_rsc-drv-2(20):1670 
[   19.193447] (cpu:irq_count)- 0:43594 1:5531 2:5879 3:31177 4:30841 5:32528 6:32399 7:58688 
[   19.193451] (ipi:irq_count)- 0:98485 1:20450 2:0 3:0 4:0 5:35683 6:0 
[   19.527528] USB cable not connected
[   21.177169] SELinux: avc:  denied  { find } for pid=1823 uid=1000 name=vendor.qti.hardware.servicetrackeraidl.IServicetracker/default scontext=u:r:system_server:s0 tcontext=u:object_r:default_android_service:s0 tclass=service_manager permissive=0
[   21.178347] SELinux: avc:  denied  { find } for pid=1823 uid=1000 name=vendor.qti.hardware.servicetrackeraidl.IServicetracker/default scontext=u:r:system_server:s0 tcontext=u:object_r:default_android_service:s0 tclass=service_manager permissive=0
[   21.237367] SELinux: avc:  denied  { find } for pid=1823 uid=1000 name=vendor.qti.hardware.servicetrackeraidl.IServicetracker/default scontext=u:r:system_server:s0 tcontext=u:object_r:default_android_service:s0 tclass=service_manager permissive=0
[   21.238062] SELinux: avc:  denied  { find } for pid=1823 uid=1000 name=vendor.qti.hardware.servicetrackeraidl.IServicetracker/default scontext=u:r:system_server:s0 tcontext=u:object_r:default_android_service:s0 tclass=service_manager permissive=0
[   21.354762] SELinux: avc:  denied  { find } for pid=1823 uid=1000 name=vendor.qti.hardware.servicetrackeraidl.IServicetracker/default scontext=u:r:system_server:s0 tcontext=u:object_r:default_android_service:s0 tclass=service_manager permissive=0
[   21.355260] SELinux: avc:  denied  { find } for pid=1823 uid=1000 name=vendor.qti.hardware.servicetrackeraidl.IServicetracker/default scontext=u:r:system_server:s0 tcontext=u:object_r:default_android_service:s0 tclass=service_manager permissive=0
[   23.163120] init: Sending signal 9 to service 'idmap2d' (pid 2280) process group...
[   23.164051] libprocessgroup: Removed cgroup /sys/fs/cgroup/uid_1000/pid_2280
[   23.164472] init: Control message: Processed ctl.stop for 'idmap2d' from pid: 1823 (system_server)
[   23.164548] init: Service 'idmap2d' (pid 2280) received signal 9
[   23.164551] init: Sending signal 9 to service 'idmap2d' (pid 2280) process group...
[   23.164572] libprocessgroup: Failed to write 1 to /sys/fs/cgroup/uid_1000/pid_2280/cgroup.kill: No such file or directory
[   23.164583] libprocessgroup: Failed to open /sys/fs/cgroup/uid_1000/pid_2280/cgroup.procs: No such file or directory
[   23.437302] SELinux: avc:  denied  { find } for pid=1823 uid=1000 name=vendor.qti.hardware.servicetrackeraidl.IServicetracker/default scontext=u:r:system_server:s0 tcontext=u:object_r:default_android_service:s0 tclass=service_manager permissive=0
[   23.439932] SELinux: avc:  denied  { find } for pid=1823 uid=1000 name=vendor.qti.hardware.servicetrackeraidl.IServicetracker/default scontext=u:r:system_server:s0 tcontext=u:object_r:default_android_service:s0 tclass=service_manager permissive=0
[   23.444811] SELinux: avc:  denied  { find } for pid=1823 uid=1000 name=vendor.qti.hardware.servicetrackeraidl.IServicetracker/default scontext=u:r:system_server:s0 tcontext=u:object_r:default_android_service:s0 tclass=service_manager permissive=0
[   23.451952] SELinux: avc:  denied  { find } for pid=1823 uid=1000 name=vendor.qti.hardware.servicetrackeraidl.IServicetracker/default scontext=u:r:system_server:s0 tcontext=u:object_r:default_android_service:s0 tclass=service_manager permissive=0
[   23.472815] audit: audit_lost=199 audit_rate_limit=20 audit_backlog_limit=128
[   23.472821] audit: rate limit exceeded
[   24.257682] binder: undelivered transaction 53725, process died.
[   24.257969] init: Service 'bootanim' (pid 2830) exited with status 0 oneshot service took 14.656000 seconds in background
[   24.257978] init: Sending signal 9 to service 'bootanim' (pid 2830) process group...
[   24.258117] libprocessgroup: Removed cgroup /sys/fs/cgroup/uid_1003/pid_2830
[   24.302830] [wifi@1][0x229afbfe][04:47:16.657747] wlan: [1685:E:REGULATORY] reg_get_channel_flags_for_freq: chan freq is not valid
[   24.302845] [wifi@1][0x229afd1d][04:47:16.657761] wlan: [1685:E:REGULATORY] reg_get_channel_flags_for_freq: chan freq is not valid
[   24.302850] [wifi@1][0x229afd83][04:47:16.657767] wlan: [1685:E:REGULATORY] reg_get_channel_flags_for_freq: chan freq is not valid
[   24.302855] [wifi@1][0x229afdd9][04:47:16.657771] wlan: [1685:E:REGULATORY] reg_get_channel_flags_for_freq: chan freq is not valid
[   24.302859] [wifi@1][0x229afe2c][04:47:16.657776] wlan: [1685:E:REGULATORY] reg_get_channel_flags_for_freq: chan freq is not valid
[   24.302863] [wifi@1][0x229afe7d][04:47:16.657780] wlan: [1685:E:REGULATORY] reg_get_channel_flags_for_freq: chan freq is not valid
[   24.302868] [wifi@1][0x229afed2][04:47:16.657784] wlan: [1685:E:REGULATORY] reg_get_channel_flags_for_freq: chan freq is not valid
[   24.302872] [wifi@1][0x229aff21][04:47:16.657788] wlan: [1685:E:REGULATORY] reg_get_channel_flags_for_freq: chan freq is not valid
[   24.302876] [wifi@1][0x229aff6f][04:47:16.657792] wlan: [1685:E:REGULATORY] reg_get_channel_flags_for_freq: chan freq is not valid
[   24.302885] [wifi@1][0x229b0015][04:47:16.657801] wlan: [1685:E:REGULATORY] reg_get_channel_flags_for_freq: chan freq is not valid
[   24.302889] [wifi@1][0x229b0068][04:47:16.657805] wlan: [1685:E:REGULATORY] reg_get_channel_flags_for_freq: chan freq is not valid
[   24.302893] [wifi@1][0x229b00ba][04:47:16.657810] wlan: [1685:E:REGULATORY] reg_get_channel_flags_for_freq: chan freq is not valid
[   24.303709] AidlLazyServiceRegistrar: Process has 1 (of 1 available) client(s) in use after notification apexservice has clients: 1
[   24.303715] AidlLazyServiceRegistrar: Shutdown prevented by forcePersist override flag.
[   24.303845] apexd: markBootCompleted() received by ApexService
[   24.304112] cnss: Resuming PCI link
[   24.308365] cnss: Set PCI link status to: 2
[   24.308382] cnss: Setting MHI state: RESUME(7)
[   24.308698] [wifi@1][0x229cb412][04:47:16.663614] wlan: [1685:E:OSIF] wlan_hdd_set_station_stats_request_pending: peer is null
[   24.316233] cnss: Setting MHI state: SUSPEND(6)
[   24.316643] cnss: Suspending PCI link
[   24.316649] cnss: Use PCIe DRV suspend
[   24.328617] Boot completed 
[   24.333654] cnss: Runtime resume start
[   24.333673] cnss: Resuming PCI link
[   24.335109] Boot completed 
[   24.338246] cnss: Set PCI link status to: 2
[   24.338264] cnss: Setting MHI state: RESUME(7)
[   24.338950] [kworke][0x22a590f7][04:47:16.693866] wlan: [741:I:PMO] pmo_core_psoc_send_host_wakeup_ind_to_fw: Host wakeup indication sent to fw
[   24.345877] cnss: Runtime resume status: 0
[   24.395353] zram0: detected capacity change from 0 to 8388608
[   24.396374] [schedu][0x22b663cf][04:47:16.751291] wlan: [5031:I:OSIF] scan start scan id 40961
[   24.418751] init: wait for '/dev/smcinvoke' took 0ms
[   24.419670] Adding 4194300k swap on /dev/block/zram0.  Priority:32758 extents:1 across:4194300k SS
[   24.431424] lxs_ts 2-0028: orientation_change: landscape 0(0)
[   24.432331] lxs_ts 2-0028: grab_mode[0D0Bh]: ON(00000001h)
[   24.432450] lxs_ts 2-0028: enable_knock: 1
[   24.432511] dsi_panel_pre_sod_mode_store: sod mode setting 1
[   24.447104] healthd: battery l=100 v=4270 t=30.0 h=2 st=2 c=-1013696 fc=4434000 cc=17 chg=u
[   24.578341] Enabling WiFi
[   24.578363] [cnd][0x22ebb3f2][04:47:16.933266] wlan: [5345:I:HDD] wlan_hdd_state_ctrl_param_write: is_driver_loaded 1 is_driver_recovering 0
[   24.578369] [cnd][0x22ebb56a][04:47:16.933285] wlan: [5345:E:HDD] wlan_hdd_state_ctrl_param_write: WiFi is already enabled
[   25.178881] [schedu][0x239ba3bf][04:47:17.533797] wlan: [5031:I:OSIF] vdev 0, scan id 40961 type COMPLETED(1) reason COMPLETED(1) scan found 9 bss
[   25.193501] [wifi@1][0x239fec51][04:47:17.548418] wlan: [1685:E:OSIF] wlan_hdd_set_station_stats_request_pending: peer is null
[   25.218080] [schedu][0x23a71fbf][04:47:17.572997] wlan: [5031:I:OSIF] scan start scan id 40962
[   25.385700] gsi soc:qcom,msm_gsi: gsi_stop_channel:3615 chan=1 busy try again
[   25.387966] gsi soc:qcom,msm_gsi: gsi_stop_channel:3615 chan=14 busy try again
[   25.588327] [schedu][0x2413981a][04:47:17.943241] wlan: [5031:I:OSIF] vdev 0, scan id 40962 type COMPLETED(1) reason CANCELLED(2) scan found 5 bss
[   25.647789] [wifi@1][0x242503cc][04:47:18.002704] wlan: [1685:E:DP] dp_rx_flush_rx_cached: txrx_peer NULL!! peer mac_addr(3c:38:f4:2e:16:56)
[   25.647883] [wifi@1][0x24250ad6][04:47:18.002798] wlan: [1685:E:DP] dp_tx_flow_pool_unmap_handler: flow pool id: 0 is inactive, ignore unmap
[   25.709515] [schedu][0x24371922][04:47:18.064428] wlan: [5031:I:CMN_MLME] vdev 0 cm_id 0xc000001: Connecting to BELL1143 18:fd:74:fe:34:a4 rssi: -53 freq: 5180 akm 0x800 cipher: uc 0x8 mc 0x8, wps 0 osen 0 force RSN 0 CC: CA
[   25.710666] [schedu][0x24376f84][04:47:18.065580] wlan: [5031:I:WMI] send_vdev_start_cmd_tlv: vdev_id 0 freq 5180 chanmode 18 ch_info: 0x12 is_dfs 0 beacon interval 100 dtim 0 center_chan 5210 center_freq2 0 reg_info_1: 0x0 reg_info_2: 0x0, req->max_txpow: 0x0 Tx SS 2, Rx SS 2, ldpc_rx: 0, cac 0, regd 1, HE ops: 0req->dis_hw_ack: 0 
[   25.795353] [schedu][0x24503f13][04:47:18.150268] wlan: [5031:I:PE] Auth TX: success (0)
[   25.837162] [schedu][0x245c7ebd][04:47:18.192077] wlan: [5031:I:PE] Auth RX: vdev 0 sys role 2 lim_state 29 from 18:fd:74:fe:34:a4 rssi -48 auth_alg 3 seq 3120
[   25.837199] [schedu][0x245c8197][04:47:18.192115] wlan: [5031:I:PE] SAE Auth RX type 0 subtype 11 from 18:fd:74:fe:34:a4
[   25.841880] qcedev_ioctl: info: vaddr = ffa00000
, fd = 17
[   25.844199] qcedev_ioctl: info: vaddr = ff600000
, fd = 19
[   25.844439] [schedu][0x245ea07c][04:47:18.199353] wlan: [5031:I:PE] Assoc req TX: vdev 0 to 18:fd:74:fe:34:a4 seq num 2051
[   25.846835] qcedev_ioctl: info: vaddr = ff200000
, fd = 21
[   25.846909] [schedu][0x245f59c3][04:47:18.201824] wlan: [5031:I:PE] Assoc req TX: success (0)
[   25.852652] [schedu][0x24610879][04:47:18.207566] wlan: [5031:I:PE] Assoc rsp RX: subtype 0 vdev 0 sys role 2 lim state 10 rssi -51 from 18:fd:74:fe:34:a4
[   25.862296] [schedu][0x2463dbcf][04:47:18.217211] wlan: [5031:E:WMA] wma_sr_update: Spatial Reuse disabled for vdev_id: 0
[   25.863088] [schedu][0x24641743][04:47:18.218004] wlan: [5031:I:CMN_MLME] cm_roam_switch_to_init: dual_sta_roam_active:1, is_dbs:0, state:0
[   25.863100] [schedu][0x24641824][04:47:18.218015] wlan: [5031:I:CMN_MLME] cm_roam_switch_to_init: STA + STA concurrency with a primary iface, have roaming enabled on both interfaces
[   25.863205] [schedu][0x24642003][04:47:18.218120] wlan: [5031:I:OSIF] wlan0(vdevid-0): 96:ee:47:b4:b6:a4 Connect with 18:fd:74:fe:34:a4 SSID "BELL1143" is SUCCESS cm_id 0xc000001 cm_reason 0 status_code 0 is_reassoc 0 send discon 0
[   25.912918] [kworke][0x2472b080][04:47:18.267833] wlan: [102:E:OSIF] osif_twt_enable_complete_cb: obsolete request
[   25.912981] [kworke][0x2472b53b][04:47:18.267896] wlan: [102:E:OSIF] osif_twt_enable_complete_cb: obsolete request
[   25.955798] [dp_rx_][0x247f4026][04:47:18.310709] wlan: [5048:I:QDF] EAPOL-1 RX: SA:18:fd:74:fe:34:a4 DA:96:ee:47:b4:b6:a4
[   25.959371] [soft_i][0x24804b39][04:47:18.314270] wlan: [0:E:REGULATORY] reg_freq_to_chan_for_chlist: invalid frequency 5945
[   25.959545] [soft_i][0x2480597e][04:47:18.314460] wlan: [0:E:REGULATORY] reg_is_fcc_regdmn: Failed to get reg domain
[   25.965089] [soft_i][0x2481f935][04:47:18.320003] wlan: [0:I:QDF] EAPOL-2 TX: SA:96:ee:47:b4:b6:a4 DA:18:fd:74:fe:34:a4 msdu_id:0 status: succ
[   25.965164] [soft_i][0x2481fef1][04:47:18.320079] wlan: [0:E:DP] dp_tx_update_peer_stats: Release source:3 is not from TQM
[   25.968697] [dp_rx_][0x248307c7][04:47:18.323610] wlan: [5048:I:QDF] EAPOL-3 RX: SA:18:fd:74:fe:34:a4 DA:96:ee:47:b4:b6:a4
[   25.972822] [soft_i][0x24843d23][04:47:18.327735] wlan: [0:I:QDF] EAPOL-4 TX: SA:96:ee:47:b4:b6:a4 DA:18:fd:74:fe:34:a4 msdu_id:0 status: succ
[   26.111930] [soft_i][0x24acfe18][04:47:18.466842] wlan: [0:I:QDF] DHCP-R TX: SA:96:ee:47:b4:b6:a4 DA:ff:ff:ff:ff:ff:ff msdu_id:1 status: succ
[   26.125097] [dp_rx_][0x24b0d991][04:47:18.480008] wlan: [5056:I:QDF] DHCP-A RX: SA:a0:36:9f:1e:5a:84 DA:96:ee:47:b4:b6:a4
[   26.130731] [dp_rx_][0x24b28021][04:47:18.485642] wlan: [5048:I:QDF] DHCP-R RX: SA:96:ee:47:b4:b6:a4 DA:ff:ff:ff:ff:ff:ff
[   26.222963] [kworke][0x24cd85ce][04:47:18.577877] wlan: [102:E:WMA] wma_process_rmf_frame: Rx unprotected unicast mgmt frame
[   26.223071] [schedu][0x24cd8e0d][04:47:18.577987] wlan: [5031:W:PE] lim_process_action_frame: Action category: 22 not handled
[   26.833096] apexd: Deleting unused dm device com.android.apex.cts.shim
[   26.853925] apexd: Deleting unused dm device com.android.btservices
[   26.871010] apexd: Deleting unused dm device com.android.devicelock
[   26.893518] apexd: Deleting unused dm device com.android.i18n
[   26.914321] apexd: Deleting unused dm device com.android.nfcservices
[   26.934733] apexd: Deleting unused dm device com.android.runtime
[   26.949684] apexd: Deleting unused dm device com.android.virt
[   27.121586] cnss-daemon: Invalid mac address
[   27.121625] cnss-daemon: failed to update gateway
[   27.330151] gsi soc:qcom,msm_gsi: gsi_stop_channel:3615 chan=1 busy try again
[   27.332573] gsi soc:qcom,msm_gsi: gsi_stop_channel:3615 chan=14 busy try again
[   27.357615] [dp_rx_][0x2619f026][04:47:19.712522] wlan: [5048:I:QDF] DHCP-R RX: SA:fc:6b:f0:bb:1c:82 DA:ff:ff:ff:ff:ff:ff
[   27.392849] healthd: battery l=100 v=4363 t=30.0 h=2 st=2 c=69215 fc=4434000 cc=17 chg=u
[   28.512239] [soft_i][0x276c357c][04:47:20.867153] wlan: [0:E:DP] dp_tx_update_peer_stats: Release source:3 is not from TQM
[   28.518771] cnss-daemon: Invalid mac address
[   28.518805] cnss-daemon: failed to update gateway
[   28.667312] (virq:irq_count)- GICv3:IPI(1):126575 GICv3:IPI(6):43738 GICv3:arch_timer(11):37437 GICv3:ufshcd(35):36666 GICv3:IPI(2):23251 GICv3:ipcc_0(37):8803 ipcc:glink-native-adsp(385):6666 GICv3:msm_drm(243):2746 GICv3:apps_rsc-drv-2(20):2489 ipcc:glink-native-modem(402):2419 
[   28.667390] (cpu:irq_count)- 0:55259 1:11417 2:11976 3:39075 4:37367 5:39624 6:38504 7:68391 
[   28.667412] (ipi:irq_count)- 0:126579 1:23251 2:0 3:0 4:0 5:43738 6:0 
[   30.299673] SELinux: avc:  denied  { find } for pid=1823 uid=1000 name=vendor.qti.hardware.servicetrackeraidl.IServicetracker/default scontext=u:r:system_server:s0 tcontext=u:object_r:default_android_service:s0 tclass=service_manager permissive=0
[   31.583797] SELinux: avc:  denied  { find } for pid=1823 uid=1000 name=vendor.qti.hardware.servicetrackeraidl.IServicetracker/default scontext=u:r:system_server:s0 tcontext=u:object_r:default_android_service:s0 tclass=service_manager permissive=0
[   31.694745] audit: audit_lost=201 audit_rate_limit=5 audit_backlog_limit=128
[   31.694771] audit: rate limit exceeded
[   31.738584] i2c_geni 988000.i2c: i2c error :-107
[   31.738769] i2c_geni 988000.i2c: i2c error :-107
[   31.738932] i2c_geni 988000.i2c: i2c error :-107
[   31.739095] i2c_geni 988000.i2c: i2c error :-107
[   31.739256] i2c_geni 988000.i2c: i2c error :-107
[   31.739412] i2c_geni 988000.i2c: i2c error :-107
[   31.739564] i2c_geni 988000.i2c: i2c error :-107
[   32.228755] SELinux: avc:  denied  { find } for pid=1823 uid=1000 name=vendor.qti.hardware.servicetrackeraidl.IServicetracker/default scontext=u:r:system_server:s0 tcontext=u:object_r:default_android_service:s0 tclass=service_manager permissive=0
[   35.753199] cnss: Runtime suspend start
[   35.753953] [kworke][0x2fb5cded][04:47:28.108866] wlan: [37:I:PMO] pmo_core_enable_wow_in_fw: drv wow is enabled
[   35.793157] [kworke][0x2fc14a1c][04:47:28.148068] wlan: [37:I:HIF] hif_try_complete_tasks: waiting for tasklets 1 grp tasklets 0 work 0
[   35.805461] cnss: Setting MHI state: SUSPEND(6)
[   35.805510] cnss: Suspending PCI link
[   35.805519] cnss: Use PCIe DRV suspend
[   35.810908] cnss: Runtime suspend status: 0
[   35.821114] ------------[ cut here ]------------
[   35.821125] refcount_t: addition on 0; use-after-free.
[   35.821143] WARNING: CPU: 1 PID: 16376 at lib/refcount.c:25 rt_mutex_adjust_prio_chain+0xe88/0x14c0
[   35.821164] Modules linked in: sony_camera(OE) slg51000_regulator(OE) lxs_touchscreen(OE) ipa_clientsm(OE) ipanetm(OE) rndisipam(OE) camera(OE) ipam(OE) wlan(OE) coresight_tmc(E) machine_dlkm(OE) msm_drm(OE) rmnet_perf(OE) msm_kgsl(OE) bt_fm_slim(OE) msm_eva(OE) usb_f_gsi(E) qdss_bridge(E) usb_f_qdss(E) swr_dmic_dlkm(OE) gsim(OE) rmnet_shs(OE) rmnet_offload(OE) rmnet_wlan(OE) rmnet_perf_tether(OE) rmnet_aps(OE) wcd938x_dlkm(OE) pt_device_access(OE) pt_i2c(OE) msm_video(OE) rmnet_core(OE) goodix_ts(OE) nxp_nci(OE) msm_hw_fence(OE) synaptics_tcm_ts(OE) memlat_scmi(E) nt36xxx_i2c(OE) msm_mmrm(OE) sync_fence(OE) btpower(OE) radio_i2c_rtc6226_qca(OE) lpass_cdc_va_macro_dlkm(OE) lpass_cdc_rx_macro_dlkm(OE) lpass_cdc_wsa_macro_dlkm(OE) lpass_cdc_tx_macro_dlkm(OE) audio_pkt_dlkm(OE) lpass_cdc_wsa2_macro_dlkm(OE) wcd9xxx_dlkm(OE) pinctrl_lpi_dlkm(OE) swr_ctrl_dlkm(OE) adsp_loader_dlkm(OE) lpass_cdc_dlkm(OE) audio_prm_dlkm(OE) cirrus_cs35l45(OE) dwc3_msm(E) last_logs(OE)
[   35.821316] hdcp_qseecom_dlkm(OE) qcrypto_msm_dlkm(OE) somc_battchg_ext(OE) atmel_mxt_ts(OE) pt_ts(OE) wcd938x_slave_dlkm(OE) cirrus_cs40l2x_codec(OE) rmnet_sch(OE) rmnet_ctl(OE) wsa883x_dlkm(OE) slim_qcom_ngd_ctrl(E) camera_sync(OE) et603_int(OE) qcedev_mod_dlkm(OE) hdmi_dlkm(OE) qce50_dlkm(OE) tz_log_dlkm(OE) cirrus_wm_adsp(OE) qcom_pon(E) mac80211(E) qcom_spmi_adc5_gen3(E) qrtr_mhi(E) audpkt_ion_dlkm(OE) gh_irq_lend(E) coresight_remote_etm(E) qrtr_smd(E) stm_console(E) coresight_tpda(E) cnss2(OE) coresight_stm(E) stm_p_basic(E) stm_p_ost(E) stm_ftrace(E) coresight_funnel(E) policy_engine(E) mhi_cntrl_qcom(E) cnss_nl(OE) coresight_cti(E) nvmem_qfprom(E) icc_test(E) coresight_replicator(E) slimbus(E) cpu_voltage_cooling(E) usb_bam(E) coresight_tpdm(E) bcl_soc(E) snd_soc_hdmi_codec(E) snd_usb_audio_qmi(E) spf_core_dlkm(OE) gpr_dlkm(OE) snd_event_dlkm(OE) q6_notifier_dlkm(OE) cnss_plat_ipc_qmi_svc(OE) spi_msm_geni(E) usb_f_ccid(E) rdtags(OE) spcom(E) synx_driver(E)
[   35.821455] ucsi_glink(E) repeater_i2c_eusb2(E) repeater_qti_pmic_eusb2(E) usb_f_cdev(E) phy_msm_m31_eusb2(E) dmesg_dumper(E) phy_msm_snps_eusb2(E) qcom_edac(E) qti_cpufreq_cdev(E) f_fs_ipc_log(E) mmc_log_probes(E) cnss_prealloc(OE) pm8941_pwrkey(E) i2c_msm_geni(E) usb_f_diag(E) cdsp_loader(E) cnss_utils(OE) cfg80211(E) stm_core(E) qcom_vadc_common(E) qrtr_gunyah(E) msm_lmh_dcvs(E) boot_stats(E) frpc_adsprpc(E) qcom_esoc(E) leds_qti_flash(E) swr_haptics_dlkm(OE) mhi_dev_satellite(E) mhi_dev_uci(E) mhi_dev_netdev(E) smcinvoke_dlkm(OE) mhi_dev_dtr(E) altmode_glink(E) coresight_hwevent(E) pinctrl_spmi_gpio(E) phy_msm_ssusb_qmp(E) spmi_pmic_arb_debug(E) rdbg(E) qti_userspace_cdev(E) msm_performance(E) leds_qti_tri_led(E) sg(E) smsc95xx(E) ddr_cdev(E) ehset(E) microdump_collector(E) r8168(E) adsp_sleepmon(E) lt9611uxc(E) qcom_va_minidump(E) max31760_fan(E) core_hang_detect(E) cdsprm(E) sps_drv(E) hvc_gunyah(E) qcom_iommu_debug(E) memlat(E) rq_stats(E) reboot_mode(E)
[   35.821599] qcom_spmi_temp_alarm(E) smsc75xx(E) usbmon(E) glink_pkt(E) sdpm_clk(E) msm_geni_serial(E) eud(E) qti_qmi_cdev(E) phy_qcom_emu(E) qti_ocp_notifier(E) smsc(E) qcom_ipc_lite(E) realtek(E) spmi_glink_debug(E) msm_sharedmem(E) i3c_master_msm_geni(E) hung_task_enh(E) rimps_log(E) repeater(E) memlat_vendor(E) qti_fixed_regulator(E) cirrus_cs40l2x(OE) q6_dlkm(OE) qti_battery_charger(E) qti_battery_debug(E) ipa_fmwk(E) wlan_firmware_service(OE) qti_qmi_sensor_v2(E) charger_ulog_glink(E) phy_generic(E) wsa884x_dlkm(OE) mhi(E) spss_utils(E) redriver(E) qcom_q6v5_pas(E) qseecom_proxy(E) qcom_pil_info(E) coresight_dummy(E) qcom_q6v5(E) mbhc_dlkm(OE) stub_dlkm(OE) qcom_lpm(E) qcom_ramdump(E) sys_pm_vx(E) coresight_csr(E) coresight_tgu(E) q6_pdr_dlkm(OE) msm_ext_display(OE) qrng_dlkm(OE) swr_dlkm(OE) wcd_core_dlkm(OE) subsystem_sleep_stats(E) qcom_spss(E) glink_probe(E) panel_event_notifier(E) msm_memshare(E) qsee_ipc_irq_bridge(E) qcom_glink_spss(E) qcom_sysmon(E)
[   35.821743] pmic_glink(E) pdr_interface(E) pci_msm_drv(E) coresight(E) gh_tlmm_vm_mem_access(E) qti_devfreq_cdev(E) heap_mem_ext_v01(E) qcom_cpufreq_hw_debug(E) rproc_qcom_common(E) qcom_cpuss_sleep_stats(E) pmic_pon_log(E) qmi_helpers(E) sysmon_subsystem_stats(E) smp2p(E) msm_gpi(E) phy_qcom_ufs_qmp_v4_khaje(E) gh_mem_notifier(E) msm_show_epoch(E) soc_sleep_stats(E) qbt_handler(E) smp2p_sleepstate(E) debugcc_kalama(E) pinctrl_somc_pmic(E) bam_dma(E) pinctrl_spmi_mpp(E) qcom_smd(E) pwm_qti_lpg(E) phy_qcom_ufs_qmp_v4(E) gpucc_kalama(E) phy_qcom_ufs_qmp_v4_waipio(E) qcom_glink_smem(E) qcom_glink(E) msm_sysstats(E) msm_show_resume_irq(E) zram(E) wakeup_irq_debug(E) zsmalloc(E) nvme(E) nvme_core(E) bcl_pmic5(E) c1dcvs_scmi(E) c1dcvs_vendor(E) qcom_rimps(E) sdhci_msm(E) arm_smmu(E) ufs_qcom(E) ufshcd_crypto_qti(E) msm_qmp(E) qcom_aoss(E) stub_regulator(E) socinfo(E) rtc_pm8xxx(E) qrtr(E) qcom_reboot_reason(E) spmi_pmic_arb(E) qcom_spmi_pmic(E) regmap_spmi(E)
[   35.821886] qti_regmap_debugfs(E) pmu_scmi(E) pmu_vendor(E) qcom_pmu_lib(E) qcom_llcc_pmu(E) qcom_iommu_util(E) qcom_logbuf_vh(E) debug_symbol(E) qcom_dload_mode(E) pinctrl_somc(E) phy_qcom_ufs_qrbtc_sdm845(E) phy_qcom_ufs_qmp_v4_kalama(E) phy_qcom_ufs(E) nvmem_qcom_spmi_sdam(E) ns(E) qnoc_kalama(E) qnoc_qos(E) pinctrl_kalama(E) pinctrl_msm(E) memory_dump_v2(E) mem_buf(E) qcom_dma_heaps(E) msm_dma_iommu_mapping(E) mem_buf_msgq(E) mem_buf_dev(E) mem_hooks(E) llcc_qcom(E) iommu_logger(E) gunyah(E) mdt_loader(E) secure_buffer(E) gh_ctrl(E) videocc_kalama(E) tcsrcc_kalama(E) dispcc_kalama(E) dcc_v2(E) crypto_qti_common(E) crypto_qti_hwkm(E) hwkm(E) tmecom_intf(E) cqhci(E) clk_dummy(E) cpu_hotplug(E) thermal_pause(E) sched_walt(E) qcom_cpufreq_hw(E) bwmon(E) qcom_dcvs(E) dcvs_fp(E) rpmh_regulator(E) qcom_tsens(E) thermal_minidump(E) qcom_pdc(E) qcom_ipcc(E) camcc_kalama(E) icc_rpmh(E) icc_debug(E) icc_bcm_voter(E) gcc_kalama(E) clk_qcom(E) gdsc_regulator(E)
[   35.822032] debug_regulator(E) proxy_consumer(E) clk_rpmh(E) qcom_rpmh(E) cmd_db(E) qcom_ipc_logging(E) qcom_cpu_vendor_hooks(E) gh_virt_wdt(E) qcom_wdt_core(E) qcom_scm(E) minidump(E) smem(E) qcom_hwspinlock(E) gh_rm_drv(E) gh_dbl(E) gh_msgq(E) gh_arm_drv(E)
[   35.822080] CPU: 1 PID: 16376 Comm: ghostlock Tainted: G S      W  OE     5.15.189-android13-8-00016-g51bba4309aac-ab14546557 #1
[   35.822089] Hardware name: Sony Corporation. PDX-234 J(Kalama QRD) (DT)
[   35.822097] pstate: 624000c5 (nZCv daIF +PAN -UAO +TCO -DIT -SSBS BTYPE=--)
[   35.822105] pc : rt_mutex_adjust_prio_chain+0xe88/0x14c0
[   35.822112] lr : max_tt_usecs+0x6646/0x1fe6b
[   35.822121] sp : ffffffc02e393be0
[   35.822127] x29: ffffffc02e393c20 x28: ffffffc02e28bb18 x27: ffffff897b6f8000
[   35.822138] x26: ffffff89493b3600 x25: 0000000000000000 x24: 0000000000000000
[   35.822146] x23: 0000000000000000 x22: ffffff897d551200 x21: ffffff89493b3610
[   35.822156] x20: 0000000000000001 x19: ffffff897b6f8400 x18: ffffffc035735050
[   35.822165] x17: 0000000000000078 x16: ffffffe5fad0d000 x15: ffffffe5fad28000
[   35.822174] x14: 0000000000000000 x13: 0000000000000000 x12: ffffffe5fad0d000
[   35.822183] x11: 0000000000000001 x10: ffffffe5fadd81a8 x9 : ed88c5a20de83b00
[   35.822193] x8 : ed88c5a20de83b00 x7 : 00000000000000e0 x6 : ffffffe5fa04041d
[   35.822202] x5 : ffffff897d551200 x4 : ffffffe5fad0d000 x3 : 00000000c0000000
[   35.822211] x2 : 0000000000000000 x1 : ffffffc02e393950 x0 : 000000000000002a
[   35.822223] Call trace:
[   35.822227] rt_mutex_adjust_prio_chain+0xe88/0x14c0
[   35.822233] rt_mutex_adjust_pi+0x174/0x318
[   35.822239] __sched_setscheduler+0xdf8/0x1144
[   35.822253] __do_sys_sched_setattr+0x244/0x3c8
[   35.822261] __arm64_sys_sched_setattr+0x24/0x34
[   35.822269] invoke_syscall+0x60/0x150
[   35.822278] el0_svc_common+0xb8/0xf8
[   35.822285] do_el0_svc+0x28/0x98
[   35.822289] el0_svc+0x24/0x84
[   35.822300] el0t_64_sync_handler+0x88/0xec
[   35.822307] el0t_64_sync+0x1b8/0x1bc
[   35.822315] ---[ end trace 29ee58f85702243f ]---
[   35.822370] ------------[ cut here ]------------
[   35.822376] refcount_t: underflow; use-after-free.
[   35.822385] WARNING: CPU: 1 PID: 16376 at lib/refcount.c:28 rt_mutex_adjust_prio_chain+0x13fc/0x14c0
[   35.822393] Modules linked in: sony_camera(OE) slg51000_regulator(OE) lxs_touchscreen(OE) ipa_clientsm(OE) ipanetm(OE) rndisipam(OE) camera(OE) ipam(OE) wlan(OE) coresight_tmc(E) machine_dlkm(OE) msm_drm(OE) rmnet_perf(OE) msm_kgsl(OE) bt_fm_slim(OE) msm_eva(OE) usb_f_gsi(E) qdss_bridge(E) usb_f_qdss(E) swr_dmic_dlkm(OE) gsim(OE) rmnet_shs(OE) rmnet_offload(OE) rmnet_wlan(OE) rmnet_perf_tether(OE) rmnet_aps(OE) wcd938x_dlkm(OE) pt_device_access(OE) pt_i2c(OE) msm_video(OE) rmnet_core(OE) goodix_ts(OE) nxp_nci(OE) msm_hw_fence(OE) synaptics_tcm_ts(OE) memlat_scmi(E) nt36xxx_i2c(OE) msm_mmrm(OE) sync_fence(OE) btpower(OE) radio_i2c_rtc6226_qca(OE) lpass_cdc_va_macro_dlkm(OE) lpass_cdc_rx_macro_dlkm(OE) lpass_cdc_wsa_macro_dlkm(OE) lpass_cdc_tx_macro_dlkm(OE) audio_pkt_dlkm(OE) lpass_cdc_wsa2_macro_dlkm(OE) wcd9xxx_dlkm(OE) pinctrl_lpi_dlkm(OE) swr_ctrl_dlkm(OE) adsp_loader_dlkm(OE) lpass_cdc_dlkm(OE) audio_prm_dlkm(OE) cirrus_cs35l45(OE) dwc3_msm(E) last_logs(OE)
[   35.822493] hdcp_qseecom_dlkm(OE) qcrypto_msm_dlkm(OE) somc_battchg_ext(OE) atmel_mxt_ts(OE) pt_ts(OE) wcd938x_slave_dlkm(OE) cirrus_cs40l2x_codec(OE) rmnet_sch(OE) rmnet_ctl(OE) wsa883x_dlkm(OE) slim_qcom_ngd_ctrl(E) camera_sync(OE) et603_int(OE) qcedev_mod_dlkm(OE) hdmi_dlkm(OE) qce50_dlkm(OE) tz_log_dlkm(OE) cirrus_wm_adsp(OE) qcom_pon(E) mac80211(E) qcom_spmi_adc5_gen3(E) qrtr_mhi(E) audpkt_ion_dlkm(OE) gh_irq_lend(E) coresight_remote_etm(E) qrtr_smd(E) stm_console(E) coresight_tpda(E) cnss2(OE) coresight_stm(E) stm_p_basic(E) stm_p_ost(E) stm_ftrace(E) coresight_funnel(E) policy_engine(E) mhi_cntrl_qcom(E) cnss_nl(OE) coresight_cti(E) nvmem_qfprom(E) icc_test(E) coresight_replicator(E) slimbus(E) cpu_voltage_cooling(E) usb_bam(E) coresight_tpdm(E) bcl_soc(E) snd_soc_hdmi_codec(E) snd_usb_audio_qmi(E) spf_core_dlkm(OE) gpr_dlkm(OE) snd_event_dlkm(OE) q6_notifier_dlkm(OE) cnss_plat_ipc_qmi_svc(OE) spi_msm_geni(E) usb_f_ccid(E) rdtags(OE) spcom(E) synx_driver(E)
[   35.822586] ucsi_glink(E) repeater_i2c_eusb2(E) repeater_qti_pmic_eusb2(E) usb_f_cdev(E) phy_msm_m31_eusb2(E) dmesg_dumper(E) phy_msm_snps_eusb2(E) qcom_edac(E) qti_cpufreq_cdev(E) f_fs_ipc_log(E) mmc_log_probes(E) cnss_prealloc(OE) pm8941_pwrkey(E) i2c_msm_geni(E) usb_f_diag(E) cdsp_loader(E) cnss_utils(OE) cfg80211(E) stm_core(E) qcom_vadc_common(E) qrtr_gunyah(E) msm_lmh_dcvs(E) boot_stats(E) frpc_adsprpc(E) qcom_esoc(E) leds_qti_flash(E) swr_haptics_dlkm(OE) mhi_dev_satellite(E) mhi_dev_uci(E) mhi_dev_netdev(E) smcinvoke_dlkm(OE) mhi_dev_dtr(E) altmode_glink(E) coresight_hwevent(E) pinctrl_spmi_gpio(E) phy_msm_ssusb_qmp(E) spmi_pmic_arb_debug(E) rdbg(E) qti_userspace_cdev(E) msm_performance(E) leds_qti_tri_led(E) sg(E) smsc95xx(E) ddr_cdev(E) ehset(E) microdump_collector(E) r8168(E) adsp_sleepmon(E) lt9611uxc(E) qcom_va_minidump(E) max31760_fan(E) core_hang_detect(E) cdsprm(E) sps_drv(E) hvc_gunyah(E) qcom_iommu_debug(E) memlat(E) rq_stats(E) reboot_mode(E)
[   35.822677] qcom_spmi_temp_alarm(E) smsc75xx(E) usbmon(E) glink_pkt(E) sdpm_clk(E) msm_geni_serial(E) eud(E) qti_qmi_cdev(E) phy_qcom_emu(E) qti_ocp_notifier(E) smsc(E) qcom_ipc_lite(E) realtek(E) spmi_glink_debug(E) msm_sharedmem(E) i3c_master_msm_geni(E) hung_task_enh(E) rimps_log(E) repeater(E) memlat_vendor(E) qti_fixed_regulator(E) cirrus_cs40l2x(OE) q6_dlkm(OE) qti_battery_charger(E) qti_battery_debug(E) ipa_fmwk(E) wlan_firmware_service(OE) qti_qmi_sensor_v2(E) charger_ulog_glink(E) phy_generic(E) wsa884x_dlkm(OE) mhi(E) spss_utils(E) redriver(E) qcom_q6v5_pas(E) qseecom_proxy(E) qcom_pil_info(E) coresight_dummy(E) qcom_q6v5(E) mbhc_dlkm(OE) stub_dlkm(OE) qcom_lpm(E) qcom_ramdump(E) sys_pm_vx(E) coresight_csr(E) coresight_tgu(E) q6_pdr_dlkm(OE) msm_ext_display(OE) qrng_dlkm(OE) swr_dlkm(OE) wcd_core_dlkm(OE) subsystem_sleep_stats(E) qcom_spss(E) glink_probe(E) panel_event_notifier(E) msm_memshare(E) qsee_ipc_irq_bridge(E) qcom_glink_spss(E) qcom_sysmon(E)
[   35.822767] pmic_glink(E) pdr_interface(E) pci_msm_drv(E) coresight(E) gh_tlmm_vm_mem_access(E) qti_devfreq_cdev(E) heap_mem_ext_v01(E) qcom_cpufreq_hw_debug(E) rproc_qcom_common(E) qcom_cpuss_sleep_stats(E) pmic_pon_log(E) qmi_helpers(E) sysmon_subsystem_stats(E) smp2p(E) msm_gpi(E) phy_qcom_ufs_qmp_v4_khaje(E) gh_mem_notifier(E) msm_show_epoch(E) soc_sleep_stats(E) qbt_handler(E) smp2p_sleepstate(E) debugcc_kalama(E) pinctrl_somc_pmic(E) bam_dma(E) pinctrl_spmi_mpp(E) qcom_smd(E) pwm_qti_lpg(E) phy_qcom_ufs_qmp_v4(E) gpucc_kalama(E) phy_qcom_ufs_qmp_v4_waipio(E) qcom_glink_smem(E) qcom_glink(E) msm_sysstats(E) msm_show_resume_irq(E) zram(E) wakeup_irq_debug(E) zsmalloc(E) nvme(E) nvme_core(E) bcl_pmic5(E) c1dcvs_scmi(E) c1dcvs_vendor(E) qcom_rimps(E) sdhci_msm(E) arm_smmu(E) ufs_qcom(E) ufshcd_crypto_qti(E) msm_qmp(E) qcom_aoss(E) stub_regulator(E) socinfo(E) rtc_pm8xxx(E) qrtr(E) qcom_reboot_reason(E) spmi_pmic_arb(E) qcom_spmi_pmic(E) regmap_spmi(E)
[   35.822856] qti_regmap_debugfs(E) pmu_scmi(E) pmu_vendor(E) qcom_pmu_lib(E) qcom_llcc_pmu(E) qcom_iommu_util(E) qcom_logbuf_vh(E) debug_symbol(E) qcom_dload_mode(E) pinctrl_somc(E) phy_qcom_ufs_qrbtc_sdm845(E) phy_qcom_ufs_qmp_v4_kalama(E) phy_qcom_ufs(E) nvmem_qcom_spmi_sdam(E) ns(E) qnoc_kalama(E) qnoc_qos(E) pinctrl_kalama(E) pinctrl_msm(E) memory_dump_v2(E) mem_buf(E) qcom_dma_heaps(E) msm_dma_iommu_mapping(E) mem_buf_msgq(E) mem_buf_dev(E) mem_hooks(E) llcc_qcom(E) iommu_logger(E) gunyah(E) mdt_loader(E) secure_buffer(E) gh_ctrl(E) videocc_kalama(E) tcsrcc_kalama(E) dispcc_kalama(E) dcc_v2(E) crypto_qti_common(E) crypto_qti_hwkm(E) hwkm(E) tmecom_intf(E) cqhci(E) clk_dummy(E) cpu_hotplug(E) thermal_pause(E) sched_walt(E) qcom_cpufreq_hw(E) bwmon(E) qcom_dcvs(E) dcvs_fp(E) rpmh_regulator(E) qcom_tsens(E) thermal_minidump(E) qcom_pdc(E) qcom_ipcc(E) camcc_kalama(E) icc_rpmh(E) icc_debug(E) icc_bcm_voter(E) gcc_kalama(E) clk_qcom(E) gdsc_regulator(E)
[   35.822951] debug_regulator(E) proxy_consumer(E) clk_rpmh(E) qcom_rpmh(E) cmd_db(E) qcom_ipc_logging(E) qcom_cpu_vendor_hooks(E) gh_virt_wdt(E) qcom_wdt_core(E) qcom_scm(E) minidump(E) smem(E) qcom_hwspinlock(E) gh_rm_drv(E) gh_dbl(E) gh_msgq(E) gh_arm_drv(E)
[   35.822981] CPU: 1 PID: 16376 Comm: ghostlock Tainted: G S      W  OE     5.15.189-android13-8-00016-g51bba4309aac-ab14546557 #1
[   35.822987] Hardware name: Sony Corporation. PDX-234 J(Kalama QRD) (DT)
[   35.822990] pstate: 62400005 (nZCv daif +PAN -UAO +TCO -DIT -SSBS BTYPE=--)
[   35.822995] pc : rt_mutex_adjust_prio_chain+0x13fc/0x14c0
[   35.823000] lr : rt_mutex_adjust_prio_chain+0x13fc/0x14c0
[   35.823005] sp : ffffffc02e393be0
[   35.823008] x29: ffffffc02e393c20 x28: ffffffc02e28bb18 x27: ffffff897b6f8000
[   35.823017] x26: ffffff89493b3600 x25: 0000000000000000 x24: ffffff897b6f8c84
[   35.823024] x23: 0000000000000000 x22: ffffffc02e28bb18 x21: ffffff89493b3610
[   35.823032] x20: 0000000000000000 x19: ffffff897b6f8400 x18: ffffffc035735050
[   35.823039] x17: ffffffffffffffff x16: 0000000000000000 x15: 0000000000000004
[   35.823046] x14: ffffff8a6c720000 x13: 0000000000001fff x12: 0000000000000003
[   35.823053] x11: 00000000ffffdfff x10: ffffffe5fadd81a8 x9 : ed88c5a20de83b00
[   35.823061] x8 : ed88c5a20de83b00 x7 : 65646e75203a745f x6 : 746e756f63666572
[   35.823068] x5 : ffffffe5faf7c2ff x4 : ffffff8a78839a3e x3 : 0000000000000000
[   35.823076] x2 : 0000000000000000 x1 : ffffffc02e393950 x0 : 0000000000000026
[   35.823083] Call trace:
[   35.823086] rt_mutex_adjust_prio_chain+0x13fc/0x14c0
[   35.823090] rt_mutex_adjust_pi+0x174/0x318
[   35.823095] __sched_setscheduler+0xdf8/0x1144
[   35.823102] __do_sys_sched_setattr+0x244/0x3c8
[   35.823107] __arm64_sys_sched_setattr+0x24/0x34
[   35.823114] invoke_syscall+0x60/0x150
[   35.823120] el0_svc_common+0xb8/0xf8
[   35.823124] do_el0_svc+0x28/0x98
[   35.823130] el0_svc+0x24/0x84
[   35.823135] el0t_64_sync_handler+0x88/0xec
[   35.823140] el0t_64_sync+0x1b8/0x1bc
[   35.823145] ---[ end trace 29ee58f857022440 ]---
[   35.971940] [irq][0x2ff5a968][04:47:28.326834] wlan: [0:I:HIF] hif_wake_interrupt_handler: wake interrupt received on irq 326
[   35.972400] cnss: Runtime resume start
[   35.972505] cnss: Resuming PCI link
[   35.975921] cnss: Set PCI link status to: 2
[   35.975979] cnss: Setting MHI state: RESUME(7)
[   35.977746] [kworke][0x2ff75e40][04:47:28.332657] wlan: [1948:I:PMO] pmo_core_psoc_send_host_wakeup_ind_to_fw: Host wakeup indication sent to fw
[   35.989508] audit: audit_lost=214 audit_rate_limit=5 audit_backlog_limit=128
[   35.989530] audit: rate limit exceeded
[   35.989996] [soft_i][0x2ffaf4b8][04:47:28.344903] wlan: [0:I:WMA] WLAN triggered wakeup: BPF_ALLOW (39), vdev: 0 (STA)
[   35.990302] [soft_i][0x2ffb0bfd][04:47:28.345213] wlan: [0:I:WMA] wma_wake_event_packet: Wake event packet:
[   35.990332] [soft_i][0x2ffb0e47][04:47:28.345244] wlan: [0:I:WMA] 00000000: 96 ee 47 b4 b6 a4 00 e0 4c 68 03 8b 08 00 45 00
[   35.990353] [soft_i][0x2ffb0fda][04:47:28.345265] wlan: [0:I:WMA] 00000010: 00 28 79 90 00 00 40 06 06 60 0a 00 4e 4c 0a 00
[   35.990375] [soft_i][0x2ffb1180][04:47:28.345287] wlan: [0:I:WMA] 00000020: 98 94 d2 40 9f a1 2e 6f ae 88 1f cd 73 8f 50 10
[   35.990396] [soft_i][0x2ffb1304][04:47:28.345307] wlan: [0:I:WMA] 00000030: 08 00 ca bd 00 00 00 00 00 00 00 00
[   35.990505] [soft_i][0x2ffb1b3e][04:47:28.345417] wlan: [0:I:WMA] wma_log_pkt_ipv4: Pkt_len: 40, src_port: 53824, dst_port: 40865
[   35.991190] cnss: Runtime resume status: 0
[   38.141110] (virq:irq_count)- GICv3:IPI(1):140867 GICv3:arch_timer(11):47121 GICv3:IPI(6):46647 GICv3:ufshcd(35):36738 GICv3:IPI(2):24247 GICv3:ipcc_0(37):8839 ipcc:glink-native-adsp(385):6697 GICv3:msm_drm(243):3502 GICv3:apps_rsc-drv-2(20):3311 ipcc:glink-native-modem(402):2424 
[   38.141235] (cpu:irq_count)- 0:62533 1:19804 2:21143 3:42312 4:38646 5:40299 6:39518 7:68565 
[   38.141405] (ipi:irq_count)- 0:140867 1:24247 2:0 3:0 4:0 5:46648 6:0 
[   38.516645] SELinux: avc:  denied  { find } for pid=1823 uid=1000 name=vendor.qti.hardware.servicetrackeraidl.IServicetracker/default scontext=u:r:system_server:s0 tcontext=u:object_r:default_android_service:s0 tclass=service_manager permissive=0
[   39.836010] SELinux: avc:  denied  { find } for pid=1823 uid=1000 name=vendor.qti.hardware.servicetrackeraidl.IServicetracker/default scontext=u:r:system_server:s0 tcontext=u:object_r:default_android_service:s0 tclass=service_manager permissive=0
[   39.839483] SELinux: avc:  denied  { find } for pid=1823 uid=1000 name=vendor.qti.hardware.servicetrackeraidl.IServicetracker/default scontext=u:r:system_server:s0 tcontext=u:object_r:default_android_service:s0 tclass=service_manager permissive=0
[   39.844800] SELinux: avc:  denied  { find } for pid=1823 uid=1000 name=vendor.qti.hardware.servicetrackeraidl.IServicetracker/default scontext=u:r:system_server:s0 tcontext=u:object_r:default_android_service:s0 tclass=service_manager permissive=0
[   39.867774] SELinux: avc:  denied  { find } for pid=1823 uid=1000 name=vendor.qti.hardware.servicetrackeraidl.IServicetracker/default scontext=u:r:system_server:s0 tcontext=u:object_r:default_android_service:s0 tclass=service_manager permissive=0
[   39.869886] SELinux: avc:  denied  { find } for pid=1823 uid=1000 name=vendor.qti.hardware.servicetrackeraidl.IServicetracker/default scontext=u:r:system_server:s0 tcontext=u:object_r:default_android_service:s0 tclass=service_manager permissive=0
[   39.871488] SELinux: avc:  denied  { find } for pid=1823 uid=1000 name=vendor.qti.hardware.servicetrackeraidl.IServicetracker/default scontext=u:r:system_server:s0 tcontext=u:object_r:default_android_service:s0 tclass=service_manager permissive=0
[   39.874720] SELinux: avc:  denied  { find } for pid=1823 uid=1000 name=vendor.qti.hardware.servicetrackeraidl.IServicetracker/default scontext=u:r:system_server:s0 tcontext=u:object_r:default_android_service:s0 tclass=service_manager permissive=0
[   40.007845] cnss: Runtime suspend start
[   40.010333] [kworke][0x3494ca40][04:47:32.365243] wlan: [1948:I:PMO] pmo_core_enable_wow_in_fw: drv wow is enabled
[   40.046648] cnss: Setting MHI state: SUSPEND(6)
[   40.046748] cnss: Suspending PCI link
[   40.046769] cnss: Use PCIe DRV suspend
[   40.053651] cnss: Runtime suspend status: 0
[   40.475945] [irq][0x351d31ab][04:47:32.830838] wlan: [0:I:HIF] hif_wake_interrupt_handler: wake interrupt received on irq 326
[   40.476177] cnss: Runtime resume start
[   40.476287] cnss: Resuming PCI link
[   40.480773] cnss: Set PCI link status to: 2
[   40.480826] cnss: Setting MHI state: RESUME(7)
[   40.483177] [kworke][0x351f518e][04:47:32.838088] wlan: [1948:I:PMO] pmo_core_psoc_send_host_wakeup_ind_to_fw: Host wakeup indication sent to fw
[   40.494582] [soft_i][0x3522a8a0][04:47:32.849489] wlan: [0:I:WMA] WLAN triggered wakeup: BPF_ALLOW (39), vdev: 0 (STA)
[   40.494869] [soft_i][0x3522be86][04:47:32.849780] wlan: [0:I:WMA] wma_wake_event_packet: Wake event packet:
[   40.494900] [soft_i][0x3522c0eb][04:47:32.849812] wlan: [0:I:WMA] 00000000: 96 ee 47 b4 b6 a4 00 e0 4c 68 03 8b 08 00 45 00
[   40.494922] [soft_i][0x3522c28a][04:47:32.849834] wlan: [0:I:WMA] 00000010: 00 28 1c b9 00 00 40 06 63 37 0a 00 4e 4c 0a 00
[   40.494942] [soft_i][0x3522c40f][04:47:32.849854] wlan: [0:I:WMA] 00000020: 98 94 d2 40 9f a1 2e 6f ae 88 1f cd 73 8f 50 10
[   40.494962] [soft_i][0x3522c593][04:47:32.849874] wlan: [0:I:WMA] 00000030: 08 00 ca bd 00 00 00 00 00 00 00 00
[   40.495132] [soft_i][0x3522d249][04:47:32.850044] wlan: [0:I:WMA] wma_log_pkt_ipv4: Pkt_len: 40, src_port: 53824, dst_port: 40865
[   40.496290] cnss: Runtime resume status: 0
[   40.849417] hrtimer: interrupt took 36562 ns
[   41.388465] SELinux: avc:  denied  { find } for pid=1823 uid=1000 name=vendor.qti.hardware.servicetrackeraidl.IServicetracker/default scontext=u:r:system_server:s0 tcontext=u:object_r:default_android_service:s0 tclass=service_manager permissive=0
[   42.281727] gsi soc:qcom,msm_gsi: gsi_stop_channel:3615 chan=1 busy try again
[   42.283959] gsi soc:qcom,msm_gsi: gsi_stop_channel:3615 chan=14 busy try again
[   44.230406] gsi soc:qcom,msm_gsi: gsi_stop_channel:3615 chan=1 busy try again
[   44.232937] gsi soc:qcom,msm_gsi: gsi_stop_channel:3615 chan=14 busy try again
[   44.259531] nf_conntrack: default automatic helper assignment has been turned off for security reasons and CT-based firewall rule not found. Use the iptables CT target to attach helpers instead.
[   45.597224] cnss: Runtime suspend start
[   45.597696] [kworke][0x3af9b6b4][04:47:37.952609] wlan: [1948:I:PMO] pmo_core_enable_wow_in_fw: drv wow is enabled
[   45.638965] cnss: Setting MHI state: SUSPEND(6)
[   45.639012] cnss: Suspending PCI link
[   45.639022] cnss: Use PCIe DRV suspend
[   45.643789] cnss: Runtime suspend status: 0
[   45.799756] [irq][0x3b34e8a5][04:47:38.154663] wlan: [0:I:HIF] hif_wake_interrupt_handler: wake interrupt received on irq 326
[   45.799895] cnss: Runtime resume start
[   45.799997] cnss: Resuming PCI link
[   45.802805] cnss: Set PCI link status to: 2
[   45.802847] cnss: Setting MHI state: RESUME(7)
[   45.803605] [kworke][0x3b3609f5][04:47:38.158519] wlan: [1948:I:PMO] pmo_core_psoc_send_host_wakeup_ind_to_fw: Host wakeup indication sent to fw
[   45.813870] [soft_i][0x3b390bad][04:47:38.168783] wlan: [0:I:WMA] WLAN triggered wakeup: BPF_ALLOW (39), vdev: 0 (STA)
[   45.814029] [soft_i][0x3b3917b4][04:47:38.168943] wlan: [0:I:WMA] wma_wake_event_packet: Wake event packet:
[   45.814042] [soft_i][0x3b3918ce][04:47:38.168957] wlan: [0:I:WMA] 00000000: 96 ee 47 b4 b6 a4 00 e0 4c 68 03 8b 08 00 45 00
[   45.814051] [soft_i][0x3b391973][04:47:38.168966] wlan: [0:I:WMA] 00000010: 00 28 4e 51 00 00 40 06 31 9f 0a 00 4e 4c 0a 00
[   45.814060] [soft_i][0x3b391a23][04:47:38.168975] wlan: [0:I:WMA] 00000020: 98 94 d2 40 9f a1 2e 6f ae 88 1f cd 73 8f 50 10
[   45.814068] [soft_i][0x3b391ac4][04:47:38.168984] wlan: [0:I:WMA] 00000030: 08 00 ca bd 00 00 00 00 00 00 00 00
[   45.814132] [soft_i][0x3b391f91][04:47:38.169048] wlan: [0:I:WMA] wma_log_pkt_ipv4: Pkt_len: 40, src_port: 53824, dst_port: 40865
[   45.814730] cnss: Runtime resume status: 0
[   46.742697] SELinux: avc:  denied  { find } for pid=1823 uid=1000 name=vendor.qti.hardware.servicetrackeraidl.IServicetracker/default scontext=u:r:system_server:s0 tcontext=u:object_r:default_android_service:s0 tclass=service_manager permissive=0
[   47.610699] (virq:irq_count)- GICv3:IPI(1):150507 GICv3:arch_timer(11):122025 GICv3:IPI(6):48757 GICv3:ufshcd(35):36801 GICv3:IPI(2):25009 GICv3:ipcc_0(37):8882 ipcc:glink-native-adsp(385):6734 GICv3:apps_rsc-drv-2(20):4106 GICv3:msm_drm(243):4015 ipcc:glink-native-modem(402):2430 
[   47.610839] (cpu:irq_count)- 0:136111 1:25802 2:27946 3:44247 4:39416 5:40963 6:39737 7:68656 
[   47.610891] (ipi:irq_count)- 0:150507 1:25009 2:0 3:0 4:0 5:48757 6:0 
[   49.991398] audit: audit_lost=218 audit_rate_limit=5 audit_backlog_limit=128
[   49.991436] audit: rate limit exceeded
[   51.024386] SELinux:  Converting 2383 SID table entries...
[   51.043876] SELinux:  policy capability network_peer_controls=1
[   51.043895] SELinux:  policy capability open_perms=1
[   51.043900] SELinux:  policy capability extended_socket_class=1
[   51.043906] SELinux:  policy capability always_check_network=0
[   51.043910] SELinux:  policy capability cgroup_seclabel=0
[   51.043915] SELinux:  policy capability nnp_nosuid_transition=1
[   51.043920] SELinux:  policy capability genfs_seclabel_symlinks=0
[   51.043925] SELinux:  policy capability ioctl_skip_cloexec=0
[   51.078724] audit: audit_lost=271 audit_rate_limit=5 audit_backlog_limit=128
[   51.078745] audit: rate limit exceeded
[   51.839097] KernelSU: shell is allowed at init!
[   51.944674] found variant: sys_call_table
[   51.988011] KernelSU: sys_call_table=0xffffffe5fa156a08
[   52.016331] KernelSU: sys_ni_syscall: 0xffffffe5f9950ae8
[   52.016346] KernelSU: ni_syscall 1: 42
[   52.016353] KernelSU: patch syscall 42, 0xffffffe5f9950ae8 -> 0xffffffe5f3fbab98
[   52.023405] KernelSU: dispatcher installed at slot 42
[   52.023429] KernelSU: feature: feature management initialized
[   52.023438] KernelSU: feature: registered handler for sulog (id=2)
[   52.023449] KernelSU: feature: registered handler for adb_root (id=3)
[   52.023455] KernelSU: lsm_hook: init, tracked hooks=0
[   52.023459] KernelSU: feature: registered handler for selinux_hide (id=4)
[   52.023474] KernelSU: initialize_fake_status initialized: sequence=0, policyload=0, enforcing=1
[   52.069896] KernelSU: KernelSU IOCTL Commands:
[   52.069911] KernelSU:   GRANT_ROOT         = 0x00004b01
[   52.069916] KernelSU:   GET_INFO           = 0x80104b02
[   52.069920] KernelSU:   GET_INFO_LEGACY    = 0x80004b02
[   52.069924] KernelSU:   REPORT_EVENT       = 0x40004b03
[   52.069928] KernelSU:   SET_SEPOLICY       = 0xc0004b04
[   52.069931] KernelSU:   CHECK_SAFEMODE     = 0x80004b05
[   52.069935] KernelSU:   GET_ALLOW_LIST     = 0xc0004b06
[   52.069939] KernelSU:   GET_DENY_LIST      = 0xc0004b07
[   52.069943] KernelSU:   NEW_GET_ALLOW_LIST = 0xc0044b06
[   52.069946] KernelSU:   NEW_GET_DENY_LIST  = 0xc0044b07
[   52.069949] KernelSU:   UID_GRANTED_ROOT   = 0xc0004b08
[   52.069952] KernelSU:   UID_SHOULD_UMOUNT  = 0xc0004b09
[   52.069956] KernelSU:   GET_MANAGER_APPID  = 0x80004b0a
[   52.069959] KernelSU:   GET_APP_PROFILE    = 0xc0004b0b
[   52.069962] KernelSU:   SET_APP_PROFILE    = 0x40004b0c
[   52.069966] KernelSU:   GET_FEATURE        = 0xc0004b0d
[   52.069969] KernelSU:   SET_FEATURE        = 0x40004b0e
[   52.069972] KernelSU:   GET_WRAPPER_FD     = 0x40004b0f
[   52.069975] KernelSU:   MANAGE_MARK        = 0xc0004b10
[   52.069979] KernelSU:   NUKE_EXT4_SYSFS    = 0x40004b11
[   52.069982] KernelSU:   ADD_TRY_UMOUNT     = 0x40004b12
[   52.069985] KernelSU:   SET_INIT_PGRP      = 0x00004b13
[   52.069990] KernelSU:   GET_SULOG_FD       = 0x40044b14
[   52.069992] KernelSU:   DISABLE_ESCAPE_TO_ROOT = 0x00004b15
[   52.071341] KernelSU: reboot kprobe registered successfully
[   52.071348] KernelSU: late load mode, skipping kprobe hooks
[   52.071352] KernelSU: SELinux permissive or disabled, apply rules!
[   52.081433] KernelSU: old config: 1
[   52.081445] KernelSU: adding POLICYDB_CONFIG_ANDROID_NETLINK_ROUTE
[   52.081449] KernelSU: adding POLICYDB_CONFIG_ANDROID_NETLINK_GETNEIGH
[   52.081453] KernelSU: new config: 3221225473
[   52.168022] KernelSU: backup sepolicy success! latest_granting=2
