[    1.565587] Failed to create system directory mac80211
[    1.565614] Failed to create system directory mac80211
[    1.565640] Failed to create system directory mac80211
[    1.565666] Failed to create system directory mac80211
[    1.565682] msm_vidc_v4l2 aa00000.qcom,vidc:secure_bitstream_cb: Adding to iommu group 30
[    1.565695] Failed to create system directory mac80211
[    1.565722] Failed to create system directory mac80211
[    1.565748] Failed to create system directory mac80211
[    1.565782] Failed to create system directory mac80211
[    1.565809] Failed to create system directory mac80211
[    1.565835] Failed to create system directory mac80211
[    1.565862] Failed to create system directory mac80211
[    1.565887] Failed to create system directory mac80211
[    1.565913] Failed to create system directory mac80211
[    1.565929] msm_vidc_v4l2 aa00000.qcom,vidc:secure_pixel_cb: Adding to iommu group 31
[    1.565941] Failed to create system directory mac80211
[    1.565971] Failed to create system directory mac80211
[    1.566003] cnss: Sending AOP Mbox msg: {class: wlan_pdc, ss: bb, res: s5g.v, dwnval: 420}
[    1.566005] Failed to create system directory mac80211
[    1.566036] Failed to create system directory mac80211
[    1.566068] Failed to create system directory mac80211
[    1.566103] Failed to create system directory mac80211
[    1.566133] Failed to create system directory mac80211
[    1.566161] Failed to create system directory mac80211
[    1.566188] Failed to create system directory mac80211
[    1.566215] Failed to create system directory mac80211
[    1.566243] Failed to create system directory mac80211
[    1.566270] Failed to create system directory mac80211
[    1.566297] Failed to create system directory mac80211
[    1.566334] Failed to create system directory mac80211
[    1.566361] Failed to create system directory mac80211
[    1.566398] Failed to create system directory mac80211
[    1.566424] Failed to create system directory mac80211
[    1.566451] Failed to create system directory mac80211
[    1.566478] Failed to create system directory mac80211
[    1.566502] Failed to create system directory mac80211
[    1.566528] Failed to create system directory mac80211
[    1.566570] Failed to create system directory mac80211
[    1.566601] Failed to create system directory mac80211
[    1.566627] Failed to create system directory mac80211
[    1.566656] Failed to create system directory mac80211
[    1.566681] Failed to create system directory mac80211
[    1.566707] Failed to create system directory mac80211
[    1.566727] cnss: Got regulator: vdd-wlan-io, min_uv: 1800000, max_uv: 1800000, load_ua: 0, delay_us: 0, need_unvote: 1
[    1.566735] Failed to create system directory mac80211
[    1.566762] Failed to create system directory mac80211
[    1.566783] cnss: Got regulator: vdd-wlan, min_uv: 1000000, max_uv: 1000000, load_ua: 0, delay_us: 0, need_unvote: 1
[    1.566786] Failed to create system directory mac80211
[    1.566814] Failed to create system directory mac80211
[    1.566841] Failed to create system directory mac80211
[    1.566845] cnss: Got regulator: vdd-wlan-aon, min_uv: 980000, max_uv: 980000, load_ua: 0, delay_us: 0, need_unvote: 1
[    1.566867] Failed to create system directory mac80211
[    1.566874] cnss: Got regulator: vdd-wlan-dig, min_uv: 950000, max_uv: 950000, load_ua: 0, delay_us: 0, need_unvote: 1
[    1.566897] Failed to create system directory mac80211
[    1.566907] cnss: Got regulator: vdd-wlan-rfa1, min_uv: 1900000, max_uv: 1900000, load_ua: 0, delay_us: 0, need_unvote: 1
[    1.566921] Failed to create system directory mac80211
[    1.566938] cnss: Got regulator: vdd-wlan-rfa2, min_uv: 1350000, max_uv: 1350000, load_ua: 0, delay_us: 0, need_unvote: 1
[    1.566946] Failed to create system directory mac80211
[    1.566957] cnss: Failed to get optional clock rf_clk, err = -2
[    1.566973] Failed to create system directory mac80211
[    1.566997] Failed to create system directory mac80211
[    1.567024] Failed to create system directory mac80211
[    1.567121] cnss: WLAN_EN GPIO: 381
[    1.567126] cnss: BT GPIO: 382
[    1.567130] cnss: Switch control GPIO: 383
[    1.567133] cnss: ICC Path_Count: 2 BW_CFG_Count: 9
[    1.567147] cnss: ICC Vote CFG for path: pcie_to_memnoc
[    1.567149] cnss: ICC Vote BW: 0 avg: 0 peak: 0
[    1.567151] cnss: ICC Vote BW: 1 avg: 2250 peak: 1600000
[    1.567153] cnss: ICC Vote BW: 2 avg: 7500 peak: 1600000
[    1.567155] cnss: ICC Vote BW: 3 avg: 30000 peak: 1600000
[    1.567157] cnss: ICC Vote BW: 4 avg: 100000 peak: 1600000
[    1.567159] cnss: ICC Vote BW: 5 avg: 175000 peak: 6448000
[    1.567160] cnss: ICC Vote BW: 6 avg: 312500 peak: 6448000
[    1.567162] cnss: ICC Vote BW: 7 avg: 587500 peak: 8528000
[    1.567164] cnss: ICC Vote BW: 8 avg: 7500 peak: 3200000
[    1.567176] cnss: ICC Vote CFG for path: memnoc_to_ddr
[    1.567178] cnss: ICC Vote BW: 0 avg: 0 peak: 0
[    1.567179] cnss: ICC Vote BW: 1 avg: 2250 peak: 2188800
[    1.567181] cnss: ICC Vote BW: 2 avg: 7500 peak: 2188800
[    1.567184] cnss: ICC Vote BW: 3 avg: 30000 peak: 2188800
[    1.567185] cnss: ICC Vote BW: 4 avg: 100000 peak: 2188800
[    1.567187] cnss: ICC Vote BW: 5 avg: 175000 peak: 6220800
[    1.567189] cnss: ICC Vote BW: 6 avg: 312500 peak: 8368000
[    1.567190] cnss: ICC Vote BW: 7 avg: 587500 peak: 12800000
[    1.567192] cnss: ICC Vote BW: 8 avg: 7500 peak: 2188800
[    1.567387] adsprpc: fastrpc_device_init: SSR notifier registered for cdsp
[    1.567586] tzobject_delete: me->fd = 4, me->refs = 0, files = 000000007f0cc265
[    1.567607] register_kretprobe failed for trace_dwc3_prepare_trb, returned -2
[    1.567705] cnss: SMC invoke ret: 10 state: 0
[    1.567708] cnss: Secure HW mode is not updated. Peripheral not found
[    1.567710] tzobject_delete: me->fd = 4, me->refs = 0, files = 000000007f0cc265
[    1.567760] tzobject_delete: me->fd = 5, me->refs = 0, files = 000000007f0cc265
[    1.567812] cnss: Regulator vdd-wlan-io is being enabled
[    1.567819] cnss: Regulator vdd-wlan is being enabled
[    1.567982] cnss: Regulator vdd-wlan-aon is being enabled
[    1.568019] msm_vidc_v4l2 aa00000.qcom,vidc: bound aa00000.qcom,vidc:non_secure_pixel_cb (ops msm_vidc_component_cb_ops [msm_video])
[    1.568066] msm_vidc_v4l2 aa00000.qcom,vidc: bound aa00000.qcom,vidc:non_secure_cb (ops msm_vidc_component_cb_ops [msm_video])
[    1.568096] msm_vidc_v4l2 aa00000.qcom,vidc: bound aa00000.qcom,vidc:secure_non_pixel_cb (ops msm_vidc_component_cb_ops [msm_video])
[    1.568122] msm_vidc_v4l2 aa00000.qcom,vidc: bound aa00000.qcom,vidc:secure_bitstream_cb (ops msm_vidc_component_cb_ops [msm_video])
[    1.568148] msm_vidc_v4l2 aa00000.qcom,vidc: bound aa00000.qcom,vidc:secure_pixel_cb (ops msm_vidc_component_cb_ops [msm_video])
[    1.568204] Failed to create system directory mac80211
[    1.568254] Failed to create system directory mac80211
[    1.568282] Failed to create system directory mac80211
[    1.568308] Failed to create system directory mac80211
[    1.568336] Failed to create system directory mac80211
[    1.568362] Failed to create system directory mac80211
[    1.568387] Failed to create system directory mac80211
[    1.568414] Failed to create system directory mac80211
[    1.568438] Failed to create system directory mac80211
[    1.568463] Failed to create system directory mac80211
[    1.568492] Failed to create system directory mac80211
[    1.568518] Failed to create system directory mac80211
[    1.568619] Failed to create system directory mac80211
[    1.568849] cnss: Regulator vdd-wlan-dig is being enabled
[    1.569007] cnss: Regulator vdd-wlan-rfa1 is being enabled
[    1.569033] Failed to create system directory mac80211
[    1.569103] cnss: Regulator vdd-wlan-rfa2 is being enabled
[    1.570181] cnss: WLAN_EN Value: 1
[    1.570183] cnss: Assert WLAN_EN GPIO successfully
[    1.570187] cnss: Trying to enumerate with PCIe RC0
[    1.570193] msm_pcie_enable: PCIe: Assert the reset of endpoint of RC0.
[    1.570222] Failed to create system directory mac80211
[    1.570264] Failed to create system directory mac80211
[    1.570298] Failed to create system directory mac80211
[    1.570330] Failed to create system directory mac80211
[    1.570385] Failed to create system directory mac80211
[    1.570391] msm_vidc_v4l2 aa00000.qcom,vidc: Direct firmware load for vpu30_4v.mbn failed with error -2
[    1.570396] msm_vidc_v4l2 aa00000.qcom,vidc: Falling back to sysfs fallback for: vpu30_4v.mbn
[    1.570420] Failed to create system directory mac80211
[    1.570450] Failed to create system directory mac80211
[    1.570481] Failed to create system directory mac80211
[    1.570546] Failed to create system directory mac80211
[    1.570580] Failed to create system directory mac80211
[    1.570612] Failed to create system directory mac80211
[    1.570646] Failed to create system directory mac80211
[    1.570674] cs40l2x 3-0040: Cirrus Logic CS40L25A revision B1
[    1.570679] Failed to create system directory mac80211
[    1.570732] Failed to create system directory mac80211
[    1.570766] Failed to create system directory mac80211
[    1.570795] Failed to create system directory mac80211
[    1.570824] Failed to create system directory mac80211
[    1.570857] Failed to create system directory mac80211
[    1.570889] Failed to create system directory mac80211
[    1.573536] msm_pcie_enable: PCIe: RC0: PCIE20_PARF_INT_ALL_MASK: 0x7f80d202
[    1.575834] pcie_phy_init: PCIe RC0 PHY is ready!
[    1.579664] register_kretprobe failed for trace_dwc3_event, returned -2
[    1.585871] msm_pcie_enable: PCIe: Release the reset of endpoint of RC0.
[    1.587562] cs40l2x 3-0040: Direct firmware load for cs40l25a_a2h.wmfw failed with error -2
[    1.587567] cs40l2x 3-0040: Falling back to sysfs fallback for: cs40l25a_a2h.wmfw
[    1.587747] i2c_geni 888000.i2c: I2C probed
[    1.588005] i2c_geni 88c000.i2c: Bus frequency is set to 1000000Hz.
[    1.588870] cs35l45 4-0030: supply VA not found, using dummy regulator
[    1.588908] cs35l45 4-0030: supply VP not found, using dummy regulator
[    1.590219] msm-dwc3 a600000.ssusb: IRQ hs_phy_irq not found
[    1.594414] nfc_post_init success
[    1.594419] nfc_i2c_dev_probe:nfc secure_zone = false
[    1.594455] nfc_i2c_dev_probe: probing nfc i2c success
[    1.597017] cs35l45 4-0030: Cirrus Logic CS35L45: DEVID 35A450 REVID 0xA0 RELID 0x00 OTPID 0x0B.
[    1.602327] msm_pcie_link_train: PCIe RC0 link initialized
[    1.602469] pci-msm 1c00000.qcom,pcie: host bridge /soc/qcom,pcie@1c00000 ranges:
[    1.602477] pci-msm 1c00000.qcom,pcie:   No bus range found for /soc/qcom,pcie@1c00000, using [bus 00-ff]
[    1.602489] pci-msm 1c00000.qcom,pcie:       IO 0x0060200000..0x00602fffff -> 0x0060200000
[    1.602496] pci-msm 1c00000.qcom,pcie:      MEM 0x0060300000..0x0063ffffff -> 0x0060300000
[    1.602841] pci-msm 1c00000.qcom,pcie: PCI host bridge to bus 0000:00
[    1.602845] pci_bus 0000:00: root bus resource [bus 00-ff]
[    1.602848] pci_bus 0000:00: root bus resource [io  0x0000-0xfffff] (bus address [0x60200000-0x602fffff])
[    1.602850] pci_bus 0000:00: root bus resource [mem 0x60300000-0x63ffffff]
[    1.602884] pci 0000:00:00.0: [17cb:0113] type 01 class 0x060400
[    1.602914] pci 0000:00:00.0: reg 0x10: [mem 0x00000000-0x00000fff 64bit]
[    1.603029] pci 0000:00:00.0: PME# supported from D0 D3hot D3cold
[    1.608043] pci 0000:00:00.0: bridge configuration invalid ([bus 00-00]), reconfiguring
[    1.608177] pci 0000:01:00.0: [17cb:1107] type 00 class 0x028000
[    1.608245] pci 0000:01:00.0: reg 0x10: [mem 0x00000000-0x001fffff 64bit]
[    1.608561] pci 0000:01:00.0: PME# supported from D0 D3hot D3cold
[    1.615917] cs35l45 4-0031: supply VA not found, using dummy regulator
[    1.615962] cs35l45 4-0031: supply VP not found, using dummy regulator
[    1.616179] cs35l45 4-0031: Reset line busy, assuming shared reset
[    1.624116] cs35l45 4-0031: Cirrus Logic CS35L45: DEVID 35A450 REVID 0xA0 RELID 0x00 OTPID 0x0B.
[    1.624415] pci_bus 0000:01: busn_res: [bus 01-ff] end is updated to 01
[    1.624434] pci 0000:00:00.0: BAR 14: assigned [mem 0x60400000-0x605fffff]
[    1.624437] pci 0000:00:00.0: BAR 15: assigned [mem 0x60600000-0x607fffff 64bit pref]
[    1.624440] pci 0000:00:00.0: BAR 0: assigned [mem 0x60300000-0x60300fff 64bit]
[    1.624457] pci 0000:00:00.0: BAR 13: assigned [io  0x1000-0x1fff]
[    1.624460] pci 0000:01:00.0: BAR 0: assigned [mem 0x60400000-0x605fffff 64bit]
[    1.624496] pci 0000:00:00.0: PCI bridge to [bus 01]
[    1.624500] pci 0000:00:00.0:   bridge window [io  0x1000-0x1fff]
[    1.624508] pci 0000:00:00.0:   bridge window [mem 0x60400000-0x605fffff]
[    1.624514] pci 0000:00:00.0:   bridge window [mem 0x60600000-0x607fffff 64bit pref]
[    1.624807] msm_pcie_enumerate: PCIe: RC0: has already been enumerated.
[    1.625061] cnss_pci 0000:01:00.0: Adding to iommu group 32
[    1.626565] cnss: PCI is probing, vendor ID: 0x17cb, device ID: 0x1107
[    1.626579] cnss_pci 0000:01:00.0: assigned reserved memory node cnss_wlan_region
[    1.626581] cnss: CMA area is cnss_wlan_region
[    1.626604] cnss: Ramdump size 0x780000
[    1.626608] cnss: Initializing SMMU
[    1.626611] cnss: Enabling SMMU S1 stage
[    1.626613] cnss: smmu_iova_start: 0x00000000a0000000, smmu_iova_len: 0x10000000
[    1.626616] cnss: smmu_iova_ipa_start: 0x00000000b0000000, smmu_iova_ipa_len: 0x10000
[    1.626618] cnss: iommu_geometry: 0
[    1.626622] cnss: PCIe DRV is supported
[    1.626642] cnss_pci 0000:01:00.0: BAR 0: assigned [mem 0x60400000-0x605fffff 64bit]
[    1.626691] pci 0000:00:00.0: enabling device (0006 -> 0007)
[    1.626702] cnss_pci 0000:01:00.0: enabling device (0000 -> 0002)
[    1.626739] cnss: Set PCI DMA MASK (0xfffffffff)
[    1.627619] cnss: MSI base data is 0
[    1.627622] cnss: BAR starts at 0x0000000060400000, length is 200000
[    1.627625] cnss: Assign MSI to user: MHI, num_vectors: 3, user_base_data: 0, base_vector: 0
[    1.627627] cnss: Number of assigned MSI for MHI is 3, base vector is 0
[    1.627629] cnss: Get IRQ number 334 for vector index 0
[    1.627631] cnss: Get IRQ number 335 for vector index 1
[    1.627633] cnss: Get IRQ number 336 for vector index 2
[    1.627637] cnss: Get device version info, family number: 0x4, device number: 0x17, major version: 0x2, minor version: 0x0
[    1.627765] cnss: PCIe DRV is supported
[    1.627768] cnss: FW name added with prefix: kiwi/amss20.bin
[    1.627770] cnss: FW name is kiwi/amss20.bin, FW fallback name is amss20.bin
[    1.627776] cnss: Get PCI link status register: 4130
[    1.627778] cnss: Default PCI link speed is 0x2, link width is 0x2
[    1.639078] rtc6226: rtc6226_i2c_probe: rtc6226,vdd-load val 15000
[    1.639091] rtc6226: rtc6226_pinctrl_init: target does not use pinctrl
[    1.639094] rtc6226: rtc6226_i2c_probe: rtc6226_pinctrl_init returned -19
[    1.639324] rtc6226: rtc6226_i2c_probe exit
[    1.642653] i2c_geni 88c000.i2c: I2C probed
[    1.643061] cnss: Suspending PCI link
[    1.749078] msm_pcie_disable: PCIe: Assert the reset of endpoint of RC0.
[    1.749508] cnss: WLAN_EN Value: 0
[    1.749511] cnss: De-assert WLAN_EN GPIO successfully
[    1.749513] cnss: Regulator vdd-wlan-rfa2 is being disabled
[    1.749527] cnss: Regulator vdd-wlan-rfa1 is being disabled
[    1.749549] cnss: Regulator vdd-wlan-dig is being disabled
[    1.749570] cnss: Regulator vdd-wlan-aon is being disabled
[    1.749590] cnss: Regulator vdd-wlan is being disabled
[    1.749609] cnss: Regulator vdd-wlan-io is being disabled
[    1.749687] cnss: Platform driver probed successfully.
[    5.429482] pt_device_access_init: Parade TTSP Device Access Driver (Built TTDL.04.11.977092) rc = 0
[    5.431060] kauditd_printk_skb: 439 callbacks suppressed
[    5.431070] audit: type=1400 audit(3583192.495:450): avc:  denied  { search } for  pid=720 comm="modprobe" name="events" dev="tracefs" ino=28050 scontext=u:r:vendor_modprobe:s0 tcontext=u:object_r:debugfs_libselinux_tracing:s0 tclass=dir permissive=0
[    5.431074] Failed to create system directory gsi
[    5.431676] (NULL device *): msm_gsi_probe:5880 No MSIs configured
[    5.432186] spf_core_platform_driver_probe
[    5.465082] msm_cvp ab00000.qcom,cvp:cvp_non_secure_cb: Adding to iommu group 33
[    5.465555] Could not create tracefs 'gpu_work_period' directory
[    5.465760] Failed to create system directory kgsl
[    5.465888] Failed to create system directory kgsl
[    5.465971] Failed to create system directory kgsl
[    5.465991] msm_cvp ab00000.qcom,cvp:cvp_secure_nonpixel_cb: Adding to iommu group 34
[    5.466061] Failed to create system directory kgsl
[    5.466152] Failed to create system directory kgsl
[    5.466241] Failed to create system directory kgsl
[    5.466327] Failed to create system directory kgsl
[    5.466409] Failed to create system directory kgsl
[    5.466492] Failed to create system directory kgsl
[    5.466580] Failed to create system directory kgsl
[    5.466659] Failed to create system directory kgsl
[    5.466737] Failed to create system directory kgsl
[    5.466823] Failed to create system directory kgsl
[    5.466902] Failed to create system directory kgsl
[    5.466981] Failed to create system directory kgsl
[    5.467103] Failed to create system directory kgsl
[    5.467184] Failed to create system directory kgsl
[    5.467272] Failed to create system directory kgsl
[    5.467357] Failed to create system directory kgsl
[    5.467437] Failed to create system directory kgsl
[    5.467518] Failed to create system directory kgsl
[    5.467600] Failed to create system directory kgsl
[    5.467684] Failed to create system directory kgsl
[    5.467774] Failed to create system directory kgsl
[    5.467855] Failed to create system directory kgsl
[    5.467937] Failed to create system directory kgsl
[    5.468021] Failed to create system directory kgsl
[    5.468110] Failed to create system directory kgsl
[    5.468189] Failed to create system directory kgsl
[    5.468267] Failed to create system directory kgsl
[    5.468354] Failed to create system directory kgsl
[    5.468434] Failed to create system directory kgsl
[    5.468510] Failed to create system directory kgsl
[    5.468598] Failed to create system directory kgsl
[    5.468676] Failed to create system directory kgsl
[    5.468756] Failed to create system directory kgsl
[    5.468839] Failed to create system directory kgsl
[    5.468917] Failed to create system directory kgsl
[    5.468993] Failed to create system directory kgsl
[    5.469074] Failed to create system directory kgsl
[    5.469149] Failed to create system directory kgsl
[    5.469226] Failed to create system directory kgsl
[    5.469311] Failed to create system directory kgsl
[    5.469390] Failed to create system directory kgsl
[    5.469471] Failed to create system directory kgsl
[    5.469565] Failed to create system directory kgsl
[    5.469647] Failed to create system directory kgsl
[    5.469723] Failed to create system directory kgsl
[    5.469762] audit: type=1400 audit(3583192.531:451): avc:  denied  { search } for  pid=766 comm="modprobe" name="power" dev="tracefs" ino=35324 scontext=u:r:vendor_modprobe:s0 tcontext=u:object_r:debugfs_libselinux_tracing:s0 tclass=dir permissive=0
[    5.469770] audit: type=1400 audit(3583192.531:452): avc:  denied  { search } for  pid=766 comm="modprobe" name="events" dev="tracefs" ino=28050 scontext=u:r:vendor_modprobe:s0 tcontext=u:object_r:debugfs_libselinux_tracing:s0 tclass=dir permissive=0
[    5.469773] audit: type=1400 audit(3583192.531:453): avc:  denied  { search } for  pid=766 comm="modprobe" name="events" dev="tracefs" ino=28050 scontext=u:r:vendor_modprobe:s0 tcontext=u:object_r:debugfs_libselinux_tracing:s0 tclass=dir permissive=0
[    5.469776] audit: type=1400 audit(3583192.531:454): avc:  denied  { search } for  pid=766 comm="modprobe" name="events" dev="tracefs" ino=28050 scontext=u:r:vendor_modprobe:s0 tcontext=u:object_r:debugfs_libselinux_tracing:s0 tclass=dir permissive=0
[    5.469778] audit: type=1400 audit(3583192.531:455): avc:  denied  { search } for  pid=766 comm="modprobe" name="events" dev="tracefs" ino=28050 scontext=u:r:vendor_modprobe:s0 tcontext=u:object_r:debugfs_libselinux_tracing:s0 tclass=dir permissive=0
[    5.469781] audit: type=1400 audit(3583192.531:456): avc:  denied  { search } for  pid=766 comm="modprobe" name="events" dev="tracefs" ino=28050 scontext=u:r:vendor_modprobe:s0 tcontext=u:object_r:debugfs_libselinux_tracing:s0 tclass=dir permissive=0
[    5.469783] audit: type=1400 audit(3583192.531:457): avc:  denied  { search } for  pid=766 comm="modprobe" name="events" dev="tracefs" ino=28050 scontext=u:r:vendor_modprobe:s0 tcontext=u:object_r:debugfs_libselinux_tracing:s0 tclass=dir permissive=0
[    5.469786] audit: type=1400 audit(3583192.531:458): avc:  denied  { search } for  pid=766 comm="modprobe" name="events" dev="tracefs" ino=28050 scontext=u:r:vendor_modprobe:s0 tcontext=u:object_r:debugfs_libselinux_tracing:s0 tclass=dir permissive=0
[    5.469789] audit: type=1400 audit(3583192.531:459): avc:  denied  { search } for  pid=766 comm="modprobe" name="events" dev="tracefs" ino=28050 scontext=u:r:vendor_modprobe:s0 tcontext=u:object_r:debugfs_libselinux_tracing:s0 tclass=dir permissive=0
[    5.469809] Failed to create system directory kgsl
[    5.469981] Failed to create system directory kgsl
[    5.470091] Failed to create system directory kgsl
[    5.470187] Failed to create system directory kgsl
[    5.470281] Failed to create system directory kgsl
[    5.470375] Failed to create system directory kgsl
[    5.470477] Failed to create system directory kgsl
[    5.470574] Failed to create system directory kgsl
[    5.470659] msm_cvp ab00000.qcom,cvp:cvp_secure_pixel_cb: Adding to iommu group 35
[    5.470661] Failed to create system directory kgsl
[    5.470769] Failed to create system directory kgsl
[    5.470870] Failed to create system directory kgsl
[    5.470962] Failed to create system directory kgsl
[    5.471097] Failed to create system directory kgsl
[    5.471180] Failed to create system directory kgsl
[    5.471541] Failed to create system directory kgsl
[    5.471617] msm_cvp ab00000.qcom,cvp:qcom,msm-cvp,mem_cdsp: assigned reserved memory node cdsp_eva_region
[    5.471713] video_cc-kalama aaf0000.clock-controller: sync-state
[    5.471873] Failed to create system directory kgsl
[    5.471985] Failed to create system directory kgsl
[    5.472080] Failed to create system directory kgsl
[    5.472193] Failed to create system directory kgsl
[    5.472288] Failed to create system directory kgsl
[    5.472379] Failed to create system directory kgsl
[    5.472473] Failed to create system directory kgsl
[    5.472560] Failed to create system directory kgsl
[    5.472646] Failed to create system directory kgsl
[    5.472743] Failed to create system directory kgsl
[    5.472836] Failed to create system directory kgsl
[    5.472957] Failed to create system directory kgsl
[    5.473112] Failed to create system directory kgsl
[    5.473248] Failed to create system directory kgsl
[    5.473383] Failed to create system directory kgsl
[    5.473561] Failed to create system directory kgsl
[    5.473721] Failed to create system directory kgsl
[    5.473824] Failed to create system directory kgsl
[    5.473934] Failed to create system directory kgsl
[    5.474026] Failed to create system directory kgsl
[    5.474116] Failed to create system directory kgsl
[    5.474222] Failed to create system directory kgsl
[    5.474327] Failed to create system directory kgsl
[    5.474423] Failed to create system directory kgsl
[    5.474531] Failed to create system directory kgsl
[    5.474610] Failed to create system directory kgsl
[    5.474687] Failed to create system directory kgsl
[    5.474771] Failed to create system directory kgsl
[    5.474853] Failed to create system directory kgsl
[    5.474936] Failed to create system directory kgsl
[    5.475027] Failed to create system directory kgsl
[    5.475141] Failed to create system directory kgsl
[    5.475787] Failed to create system directory camera
[    5.475949] Failed to create system directory camera
[    5.475981] Failed to create system directory camera
[    5.476012] Failed to create system directory camera
[    5.476040] Failed to create system directory camera
[    5.476068] Failed to create system directory camera
[    5.476099] Failed to create system directory camera
[    5.476129] Failed to create system directory camera
[    5.476159] Failed to create system directory camera
[    5.476184] Failed to create system directory camera
[    5.476213] Failed to create system directory camera
[    5.476241] Failed to create system directory camera
[    5.476270] Failed to create system directory camera
[    5.476299] Failed to create system directory camera
[    5.476327] Failed to create system directory camera
[    5.476353] Failed to create system directory camera
[    5.476382] Failed to create system directory camera
[    5.479339] CAM_INFO: CAM-UTIL: camera_init: 293 Camera-Banner: (hudsonslave@ip-10-26-39-18) (Mon May 18 06:17:38 UTC 2026)
[    5.486612] coresight-tmc 10048000.tmc: Adding to iommu group 36
[    5.487924] msm_cam_smmu soc:qcom,cam_smmu:msm_cam_smmu_ife: Adding to iommu group 37
[    5.489363] msm_cam_smmu soc:qcom,cam_smmu:msm_cam_smmu_jpeg: Adding to iommu group 38
[    5.489690] msm_cam_smmu soc:qcom,cam_smmu:msm_cam_smmu_icp: Adding to iommu group 39
[    5.491529] adreno-gen7-gmu 3d68000.qcom,gmu: Adding to iommu group 40
[    5.491597] msm_cam_smmu soc:qcom,cam_smmu:msm_cam_smmu_cdm: Adding to iommu group 41
[    5.492150] Failed to create system directory sde
[    5.492261] Failed to create system directory sde
[    5.492295] Failed to create system directory sde
[    5.492326] Failed to create system directory sde
[    5.492360] Failed to create system directory sde
[    5.492395] Failed to create system directory sde
[    5.492431] Failed to create system directory sde
[    5.492466] Failed to create system directory sde
[    5.492498] Failed to create system directory sde
[    5.492530] Failed to create system directory sde
[    5.492564] Failed to create system directory sde
[    5.492601] Failed to create system directory sde
[    5.493475] Failed to create system directory ipa
[    5.493544] Failed to create system directory ipa
[    5.493576] Failed to create system directory ipa
[    5.493607] Failed to create system directory ipa
[    5.493638] Failed to create system directory ipa
[    5.493666] Failed to create system directory ipa
[    5.493696] Failed to create system directory ipa
[    5.493729] Failed to create system directory ipa
[    5.493756] Failed to create system directory ipa
[    5.493784] Failed to create system directory ipa
[    5.493814] Failed to create system directory ipa
[    5.493843] Failed to create system directory ipa
[    5.493872] Failed to create system directory ipa
[    5.493903] Failed to create system directory ipa
[    5.493937] Failed to create system directory ipa
[    5.493969] Failed to create system directory ipa
[    5.494001] Failed to create system directory ipa
[    5.495761] [sde_rsc_hw:rsc_hw_init_v3:545]: sde rsc init successfully done
[    5.495777] [sde_rsc:sde_rsc_probe:1830]: sde rsc index:0 probed successfully
[    5.495885] coresight-tmc 1004f000.tmc: Adding to iommu group 42
[    5.496711] tmc_etr_usb_init: ETR usb property is not configured!
[    5.496951] kgsl-3d 3d00000.qcom,kgsl-3d0: bound 3d68000.qcom,gmu (ops gen7_gmu_component_ops [msm_kgsl])
[    5.498260] ipa 3e00000.qcom,ipa:ipa_smmu_ap: Adding to iommu group 43
[    5.498872] platform 3da0000.qcom,kgsl-iommu:gfx3d_user: Adding to iommu group 44
[    5.499191] ipa 3e00000.qcom,ipa:ipa_smmu_wlan: Adding to iommu group 45
[    5.499334] platform 3da0000.qcom,kgsl-iommu:gfx3d_lpac: Adding to iommu group 46
[    5.499567] ipa 3e00000.qcom,ipa:ipa_smmu_uc: Adding to iommu group 47
[    5.499973] platform 3da0000.qcom,kgsl-iommu:gfx3d_secure: Adding to iommu group 48
[    5.500024] ipa 3e00000.qcom,ipa:ipa_smmu_11ad: Adding to iommu group 49
[    5.504286] Failed to create system directory rndis_ipa
[    5.504376] Failed to create system directory rndis_ipa
[    5.504411] Failed to create system directory rndis_ipa
[    5.504591] RNDIS_IPA module is loaded.
[    5.504769] rmnet_ipa3 started initialization
[    5.505701] ipa ipa_smmu_perph_cb_probe:10939 cb 2 is disabled
[    5.505717] ipa ipa_smmu_perph_cb_probe:10939 cb 5 is disabled
[    5.505721] ipa ipa_smmu_perph_cb_probe:10939 cb 6 is disabled
[    5.505747] ipa 3e00000.qcom,ipa: Direct firmware load for ipa_fws.mdt failed with error -2
[    5.505749] ipa 3e00000.qcom,ipa: Falling back to sysfs fallback for: ipa_fws.mdt
[    5.508243] IPA clients manager init
[    5.508247] ipa_usb driver init
[    5.508336] ipa_usb registered successfully
[    5.508340] exit: IPA_USB init success!
[    5.508341] ipa_wdi3 registered successfully
[    5.508342] ipa_gsb registered successfully
[    5.508343] ipa_uc_offload registered successfully
[    5.508345] ipa_mhi registered successfully
[    5.508346] ipa_wigig registered successfully
[    5.508346] ipa_eth registered successfully
[    5.508348] ipa_qdss registered successfully
[    5.519304] ------------[ cut here ]------------
[    5.519313] WARNING: CPU: 3 PID: 766 at drivers/base/core.c:1318 device_links_driver_bound+0x258/0x54c
[    5.519325] Modules linked in: ipa_clientsm(OE) ipanetm(OE) rndisipam(OE) ipam(OE) coresight_tmc(E) msm_drm(OE+) camera(OE+) qdss_bridge(E) machine_dlkm(OE) lpass_cdc_wsa_macro_dlkm(OE) usb_f_qdss(E) usb_f_gsi(E) swr_dmic_dlkm(OE) lpass_cdc_wsa2_macro_dlkm(OE) lpass_cdc_va_macro_dlkm(OE) lpass_cdc_tx_macro_dlkm(OE) msm_eva(OE) lpass_cdc_rx_macro_dlkm(OE) wcd938x_dlkm(OE) msm_kgsl(OE+) pinctrl_lpi_dlkm(OE) adsp_loader_dlkm(OE) wcd9xxx_dlkm(OE) swr_ctrl_dlkm(OE) audio_pkt_dlkm(OE) lpass_cdc_dlkm(OE) audio_prm_dlkm(OE) mhi_cntrl_qcom(E) spf_core_dlkm(OE) gsim(OE) pt_device_access(OE) gpr_dlkm(OE) rmnet_aps(OE) mac80211(E) leds_qti_tri_led(E) msm_hw_fence(OE) rmnet_perf_tether(OE) msm_video(OE) rmnet_shs(OE) rmnet_offload(OE) pt_i2c(OE) rmnet_sch(OE) rmnet_wlan(OE) qcedev_mod_dlkm(OE) coresight_remote_etm(E) msm_performance(E) qcom_esoc(E) nt36xxx_i2c(OE) rmnet_perf(OE) rmnet_core(OE) cirrus_cs40l2x_codec(OE) q6_notifier_dlkm(OE) nxp_nci(OE) coresight_cti(E)
[    5.519364] qcrypto_msm_dlkm(OE) coresight_replicator(E) qrtr_smd(E) stm_ftrace(E) pm8941_pwrkey(E) bt_fm_slim(OE) stm_p_ost(E) slim_qcom_ngd_ctrl(E) stm_p_basic(E) cpu_voltage_cooling(E) qti_cpufreq_cdev(E) sdpm_clk(E) i2c_msm_geni(E) stm_console(E) slimbus(E) memlat_scmi(E) gh_tlmm_vm_mem_access(E) usb_bam(E) qrtr_mhi(E) cnss2(OE) wsa883x_dlkm(OE) pt_ts(OE) hdcp_qseecom_dlkm(OE) camera_sync(OE) wlan_firmware_service(OE) qcom_pon(E) synaptics_tcm_ts(OE) sync_fence(OE) last_logs(OE) qcom_spmi_adc5_gen3(E) spcom(E) coresight_stm(E) leds_qti_flash(E) radio_i2c_rtc6226_qca(OE) coresight_hwevent(E) hdmi_dlkm(OE) tz_log_dlkm(OE) cirrus_cs35l45(OE) btpower(OE) atmel_mxt_ts(OE) stub_dlkm(OE) rmnet_ctl(OE) cnss_nl(OE) msm_mmrm(OE) coresight_tgu(E) et603_int(OE) spss_utils(E) swr_haptics_dlkm(OE) cnss_prealloc(OE) snd_event_dlkm(OE) qrng_dlkm(OE) nvmem_qfprom(E) wsa884x_dlkm(OE) goodix_ts(OE) cirrus_cs40l2x(OE) qce50_dlkm(OE) snd_usb_audio_qmi(E) coresight_tpdm(E)
[    5.519400] cnss_plat_ipc_qmi_svc(OE) icc_test(E) f_fs_ipc_log(E) qcom_edac(E) cnss_utils(OE) coresight_dummy(E) dwc3_msm(E) audpkt_ion_dlkm(OE) qti_qmi_sensor_v2(E) qti_qmi_cdev(E) coresight_tpda(E) wcd938x_slave_dlkm(OE) repeater_qti_pmic_eusb2(E) qcom_q6v5_pas(E) msm_ext_display(OE) ipa_fmwk(E) swr_dlkm(OE) ehset(E) qcom_pil_info(E) hung_task_enh(E) rdtags(OE) somc_battchg_ext(OE) cirrus_wm_adsp(OE) smcinvoke_dlkm(OE) q6_dlkm(OE) wcd_core_dlkm(OE) memlat_vendor(E) mbhc_dlkm(OE) mhi_dev_uci(E) qti_battery_charger(E) ddr_cdev(E) msm_show_epoch(E) phy_msm_ssusb_qmp(E) lt9611uxc(E) rq_stats(E) glink_probe(E) cfg80211(E) qrtr_gunyah(E) coresight_funnel(E) snd_soc_hdmi_codec(E) realtek(E) q6_pdr_dlkm(OE) smsc(E) qti_fixed_regulator(E) max31760_fan(E) coresight_csr(E) rdbg(E) frpc_adsprpc(E) qcom_q6v5(E) panel_event_notifier(E) stm_core(E) qcom_cpufreq_hw_debug(E) coresight(E) microdump_collector(E) repeater_i2c_eusb2(E) mmc_log_probes(E) boot_stats(E) qcom_vadc_common(E)
[    5.519436] gh_mem_notifier(E) qti_userspace_cdev(E) qcom_lpm(E) bcl_soc(E) msm_geni_serial(E) spmi_pmic_arb_debug(E) gh_irq_lend(E) usb_f_diag(E) qcom_iommu_debug(E) phy_msm_m31_eusb2(E) qcom_va_minidump(E) smp2p_sleepstate(E) altmode_glink(E) spi_msm_geni(E) pmic_pon_log(E) core_hang_detect(E) qcom_cpuss_sleep_stats(E) msm_lmh_dcvs(E) i3c_master_msm_geni(E) qsee_ipc_irq_bridge(E) qti_battery_debug(E) glink_pkt(E) qti_devfreq_cdev(E) qcom_spss(E) qcom_glink_spss(E) ucsi_glink(E) qcom_sysmon(E) msm_memshare(E) spmi_glink_debug(E) heap_mem_ext_v01(E) charger_ulog_glink(E) smsc95xx(E) mhi_dev_satellite(E) sys_pm_vx(E) mhi_dev_netdev(E) mhi_dev_dtr(E) mhi(E) sps_drv(E) pinctrl_somc_pmic(E) gpucc_kalama(E) phy_qcom_ufs_qmp_v4_waipio(E) qcom_spmi_temp_alarm(E) rimps_log(E) phy_msm_snps_eusb2(E) memlat(E) reboot_mode(E) phy_qcom_emu(E) cdsprm(E) r8168(E) policy_engine(E) eud(E) phy_generic(E) pinctrl_spmi_gpio(E) sg(E) smp2p(E) dmesg_dumper(E) hvc_gunyah(E) qbt_handler(E)
[    5.519471] qcom_ramdump(E) sysmon_subsystem_stats(E) subsystem_sleep_stats(E) soc_sleep_stats(E) debugcc_kalama(E) pwm_qti_lpg(E) msm_gpi(E) pinctrl_spmi_mpp(E) synx_driver(E) phy_qcom_ufs_qmp_v4(E) usb_f_cdev(E) phy_qcom_ufs_qmp_v4_khaje(E) pmic_glink(E) cdsp_loader(E) adsp_sleepmon(E) qseecom_proxy(E) pci_msm_drv(E) redriver(E) pdr_interface(E) repeater(E) qmi_helpers(E) qcom_ipc_lite(E) msm_sharedmem(E) usbmon(E) usb_f_ccid(E) smsc75xx(E) qti_ocp_notifier(E) bam_dma(E) rproc_qcom_common(E) msm_sysstats(E) qcom_smd(E) qcom_glink_smem(E) qcom_glink(E) msm_show_resume_irq(E) zram(E) wakeup_irq_debug(E) zsmalloc(E) nvme(E) nvme_core(E) bcl_pmic5(E) c1dcvs_scmi(E) c1dcvs_vendor(E) qcom_rimps(E) sdhci_msm(E) arm_smmu(E) ufs_qcom(E) ufshcd_crypto_qti(E) msm_qmp(E) qcom_aoss(E) stub_regulator(E) socinfo(E) rtc_pm8xxx(E) qrtr(E) qcom_reboot_reason(E) spmi_pmic_arb(E) qcom_spmi_pmic(E) regmap_spmi(E) qti_regmap_debugfs(E) pmu_scmi(E) pmu_vendor(E) qcom_pmu_lib(E)
[    5.519509] qcom_llcc_pmu(E) qcom_iommu_util(E) qcom_logbuf_vh(E) debug_symbol(E) qcom_dload_mode(E) pinctrl_somc(E) phy_qcom_ufs_qrbtc_sdm845(E) phy_qcom_ufs_qmp_v4_kalama(E) phy_qcom_ufs(E) nvmem_qcom_spmi_sdam(E) ns(E) qnoc_kalama(E) qnoc_qos(E) pinctrl_kalama(E) pinctrl_msm(E) memory_dump_v2(E) mem_buf(E) qcom_dma_heaps(E) msm_dma_iommu_mapping(E) mem_buf_msgq(E) mem_buf_dev(E) mem_hooks(E) llcc_qcom(E) iommu_logger(E) gunyah(E) mdt_loader(E) secure_buffer(E) gh_ctrl(E) videocc_kalama(E) tcsrcc_kalama(E) dispcc_kalama(E) dcc_v2(E) crypto_qti_common(E) crypto_qti_hwkm(E) hwkm(E) tmecom_intf(E) cqhci(E) clk_dummy(E) cpu_hotplug(E) thermal_pause(E) sched_walt(E) qcom_cpufreq_hw(E) bwmon(E) qcom_dcvs(E) dcvs_fp(E) rpmh_regulator(E) qcom_tsens(E) thermal_minidump(E) qcom_pdc(E) qcom_ipcc(E) camcc_kalama(E) icc_rpmh(E) icc_debug(E) icc_bcm_voter(E) gcc_kalama(E) clk_qcom(E) gdsc_regulator(E) debug_regulator(E) proxy_consumer(E) clk_rpmh(E) qcom_rpmh(E) cmd_db(E)
[    5.519548] qcom_ipc_logging(E) qcom_cpu_vendor_hooks(E) gh_virt_wdt(E) qcom_wdt_core(E) qcom_scm(E) minidump(E) smem(E) qcom_hwspinlock(E) gh_rm_drv(E) gh_dbl(E) gh_msgq(E) gh_arm_drv(E)
[    5.519557] CPU: 3 PID: 766 Comm: modprobe Tainted: G S         OE     5.15.189-android13-8-00016-g51bba4309aac-ab14546557 #1
[    5.519560] Hardware name: Sony Corporation. PDX-234 J(Kalama QRD) (DT)
[    5.519561] pstate: 82400005 (Nzcv daif +PAN -UAO +TCO -DIT -SSBS BTYPE=--)
[    5.519564] pc : device_links_driver_bound+0x258/0x54c
[    5.519566] lr : device_links_driver_bound+0x198/0x54c
[    5.519568] sp : ffffffc00fd2b770
[    5.519569] x29: ffffffc00fd2b790 x28: 0000000000047a8c x27: ffffff80039cace0
[    5.519573] x26: ffffffed6ee3c978 x25: 00000000ffffffff x24: ffffffed6ee3c000
[    5.519575] x23: 0000000000000003 x22: ffffff80039cace0 x21: ffffffed6ee3c000
[    5.519577] x20: ffffff803462e010 x19: ffffff80039cac10 x18: ffffffc00f10f0a0
[    5.519579] x17: 0000000000000010 x16: 0000000000040001 x15: 0000000000040001
[    5.519581] x14: ffffff80039acd68 x13: ffffff80039ac128 x12: ffffff80039acd61
[    5.519583] x11: 0000000000000002 x10: ffffff8003ca3808 x9 : 0000000000000000
[    5.519586] x8 : ffffff80434ef820 x7 : 7f7f7f7f7f7f7f7f x6 : 1f736e4cff716468
[    5.519588] x5 : 0000000000000011 x4 : 0000000000000018 x3 : ffffffc00fd2b778
[    5.519590] x2 : ffffffc00fd2b778 x1 : ffffffc00fd2b778 x0 : ffffff80037c6410
[    5.519592] Call trace:
[    5.519593] device_links_driver_bound+0x258/0x54c
[    5.519595] driver_bound+0x48/0x11c
[    5.519600] really_probe+0x200/0x500
[    5.519602] __driver_probe_device+0xa8/0x130
[    5.519605] driver_probe_device+0x48/0x1e8
[    5.519607] __driver_attach+0x1cc/0x2c0
[    5.519609] driver_attach+0x5c/0xc0
[    5.519611] bus_add_driver+0x114/0x26c
[    5.519613] driver_register+0x84/0x17c
[    5.519616] __platform_driver_register+0x28/0x38
[    5.519619] init_module+0x50/0xbd8 [msm_kgsl]
[    5.519935] do_one_initcall+0xe0/0x358
[    5.519944] do_init_module+0x60/0x64c
[    5.519952] load_module+0x155c/0x1830
[    5.519955] __arm64_sys_finit_module+0x18c/0x1a0
[    5.519958] invoke_syscall+0x60/0x150
[    5.519963] el0_svc_common+0xb8/0xf8
[    5.519965] do_el0_svc+0x28/0x98
[    5.519967] el0_svc+0x24/0x84
[    5.519976] el0t_64_sync_handler+0x88/0xec
[    5.519978] el0t_64_sync+0x1b8/0x1bc
[    5.519980] ---[ end trace fb873a16433e8276 ]---
[    5.519985] gpu_cc-kalama 3d90000.clock-controller: sync-state
[    5.520735] msmdrm_smmu soc:qcom,smmu_sde_unsec_cb: Adding to iommu group 50
[    5.520974] [drm] probing device qcom,smmu_sde_unsec
[    5.520977] [drm] Created domain mdp_ns, secure=0
[    5.521045] msmdrm_smmu soc:qcom,smmu_sde_sec_cb: Adding to iommu group 51
[    5.521394] [drm] probing device qcom,smmu_sde_sec
[    5.521397] [drm] Created domain mdp_s, secure=1
[    5.522919] [drm:sde_dbg_init:2672] evtlog_status: enable:11, panic:1, dump:2
[    5.524397] dsi_phy ae95000.qcom,mdss_dsi_phy0: supply gdsc not found, using dummy regulator
[    5.524477] [drm:dsi_pll_init [msm_drm]] [msm-dsi-info]: DSI_PLL_0: DSI pll label = dsi_pll_4nm
[    5.524845] dsi_pll_init: PLL base=0000000015903c8a
[    5.525031] [drm:dsi_pll_clock_register_4nm [msm_drm]] [msm-dsi-info]: DSI_PLL_0: Registered clocks successfully
[    5.525171] SPI driver qcom_eeprom has no spi_device_id for qcom,eeprom
[    5.525232] [drm:dsi_phy_driver_probe [msm_drm]] [msm-dsi-info]: DSI_0: Probe successful
[    5.525470] dsi_phy ae97000.qcom,mdss_dsi_phy1: supply gdsc not found, using dummy regulator
[    5.525548] [drm:dsi_pll_init [msm_drm]] [msm-dsi-info]: DSI_PLL_0: DSI pll label = dsi_pll_4nm
[    5.525746] dsi_pll_init: PLL base=000000007b6d665c
[    5.525839] [drm:dsi_pll_clock_register_4nm [msm_drm]] [msm-dsi-info]: DSI_PLL_1: Registered clocks successfully
[    5.526027] [drm:dsi_phy_driver_probe [msm_drm]] [msm-dsi-info]: DSI_1: Probe successful
[    5.526600] [drm:dsi_ctrl_dev_probe [msm_drm]] [msm-dsi-info]: dsi-ctrl-0: Probe successful
[    5.526745] synx: registered bind ops type 0 for cam_sync
[    5.526748] cam_req_mgr soc:qcom,cam-req-mgr: bound soc:qcom,cam-sync (ops cam_sync_component_ops [camera])
[    5.526863] [drm:dsi_ctrl_dev_probe [msm_drm]] [msm-dsi-info]: dsi-ctrl-1: Probe successful
[    5.527013] cam_req_mgr soc:qcom,cam-req-mgr: bound soc:qcom,cam_smmu (ops cam_smmu_component_ops [camera])
[    5.527200] cam_req_mgr soc:qcom,cam-req-mgr: bound soc:qcom,cam_smmu:msm_cam_smmu_ife (ops cam_smmu_cb_component_ops [camera])
[    5.527361] cam_req_mgr soc:qcom,cam-req-mgr: bound soc:qcom,cam_smmu:msm_cam_smmu_jpeg (ops cam_smmu_cb_component_ops [camera])
[    5.527776] OF: graph: no port node found in /soc/qcom,dsi-display-primary
[    5.527773] cam_req_mgr soc:qcom,cam-req-mgr: bound soc:qcom,cam_smmu:msm_cam_smmu_icp (ops cam_smmu_cb_component_ops [camera])
[    5.527848] RESET SEQ LENGTH = 8
[    5.527931] cam_req_mgr soc:qcom,cam-req-mgr: bound soc:qcom,cam_smmu:msm_cam_smmu_cdm (ops cam_smmu_cb_component_ops [camera])
[    5.528110] dsi_display_res_init: Panel Name = 1
[    5.528071] cam_req_mgr soc:qcom,cam-req-mgr: bound soc:qcom,cam_smmu:msm_cam_smmu_secure (ops cam_smmu_cb_component_ops [camera])
[    5.528541] CAM_INFO: CAM-CPAS: cam_cpas_get_hw_features: 634 No or invalid fuse entries count: -22
[    5.530095] CAM_INFO: CAM-CPAS: cam_cpas_hw_get_hw_info: 2407 fuse info->num_fuses 0
[    5.530129] cam_req_mgr soc:qcom,cam-req-mgr: bound ac13000.qcom,cam-cpas (ops cam_cpas_dev_component_ops [camera])
[    5.530482] cam_req_mgr soc:qcom,cam-req-mgr: bound soc:qcom,cam-cdm-intf (ops cam_cdm_intf_component_ops [camera])
[    5.531589] CAM_WARN: CAM-CPAS: cam_cpas_hw_stop: 2199 Client=[26][rt-cdm][0] qchannel shut down while top gdsc is still on 1
[    5.531820] cam_req_mgr soc:qcom,cam-req-mgr: bound ac25000.qcom,rt-cdm0 (ops cam_hw_cdm_component_ops [camera])
[    5.539329] Failed to create system directory wlan
[    5.539419] Failed to create system directory wlan
[    5.539450] Failed to create system directory wlan
[    5.539481] Failed to create system directory wlan
[    5.539510] Failed to create system directory wlan
[    5.539538] Failed to create system directory wlan
[    5.539570] Failed to create system directory wlan
[    5.539599] Failed to create system directory wlan
[    5.539628] Failed to create system directory wlan
[    5.539663] Failed to create system directory wlan
[    5.540321] wlan: Loading driver v5.2.1.45E +PANIC_ON_BUG; cld:I1f3a564864; cmn:Ic393d699a2; dev:kiwi_v2
[    5.540777] cnss: WLAN register driver deferred for Calibration
[    5.540805] wlan_hdd_state wlan major(470) initialized
[    5.545637] CAM_ERR: CAM-CPAS: cam_cpastop_qchannel_handshake: 998 CPAS_START camnoc idle sequence failed, qstat 0x0
[    5.545658] CAM_WARN: CAM-CPAS: cam_cpas_hw_start: 2003 failed in qchannel_handshake rc=-22
[    5.545843] CAM_WARN: CAM-CPAS: cam_cpas_hw_stop: 2199 Client=[27][rt-cdm][1] qchannel shut down while top gdsc is still on 1
[    5.546146] cam_req_mgr soc:qcom,cam-req-mgr: bound ac26000.qcom,rt-cdm1 (ops cam_hw_cdm_component_ops [camera])
[    5.559899] CAM_ERR: CAM-CPAS: cam_cpastop_qchannel_handshake: 998 CPAS_START camnoc idle sequence failed, qstat 0x0
[    5.559922] CAM_WARN: CAM-CPAS: cam_cpas_hw_start: 2003 failed in qchannel_handshake rc=-22
[    5.560113] CAM_WARN: CAM-CPAS: cam_cpas_hw_stop: 2199 Client=[28][rt-cdm][2] qchannel shut down while top gdsc is still on 1
[    5.560359] cam_req_mgr soc:qcom,cam-req-mgr: bound ac27000.qcom,rt-cdm2 (ops cam_hw_cdm_component_ops [camera])
[    5.574018] CAM_ERR: CAM-CPAS: cam_cpastop_qchannel_handshake: 998 CPAS_START camnoc idle sequence failed, qstat 0x0
[    5.574036] CAM_WARN: CAM-CPAS: cam_cpas_hw_start: 2003 failed in qchannel_handshake rc=-22
[    5.574215] CAM_WARN: CAM-CPAS: cam_cpas_hw_stop: 2199 Client=[29][rt-cdm][3] qchannel shut down while top gdsc is still on 1
[    5.574447] cam_req_mgr soc:qcom,cam-req-mgr: bound ac28000.qcom,rt-cdm3 (ops cam_hw_cdm_component_ops [camera])
[    5.588082] CAM_ERR: CAM-CPAS: cam_cpastop_qchannel_handshake: 998 CPAS_START camnoc idle sequence failed, qstat 0x0
[    5.588100] CAM_WARN: CAM-CPAS: cam_cpas_hw_start: 2003 failed in qchannel_handshake rc=-22
[    5.588278] CAM_WARN: CAM-CPAS: cam_cpas_hw_stop: 2199 Client=[30][rt-cdm][4] qchannel shut down while top gdsc is still on 1
[    5.588508] cam_req_mgr soc:qcom,cam-req-mgr: bound ac29000.qcom,rt-cdm4 (ops cam_hw_cdm_component_ops [camera])
[    5.588827] cam_req_mgr soc:qcom,cam-req-mgr: bound acb7000.qcom,csid0 (ops cam_ife_csid_component_ops [camera])
[    5.589095] cam_req_mgr soc:qcom,cam-req-mgr: bound acb9000.qcom,csid1 (ops cam_ife_csid_component_ops [camera])
[    5.589350] cam_req_mgr soc:qcom,cam-req-mgr: bound acbb000.qcom,csid2 (ops cam_ife_csid_component_ops [camera])
[    5.589631] cam_req_mgr soc:qcom,cam-req-mgr: bound acca000.qcom,csid-lite0 (ops cam_ife_csid_component_ops [camera])
[    5.589896] cam_req_mgr soc:qcom,cam-req-mgr: bound acce000.qcom,csid-lite1 (ops cam_ife_csid_component_ops [camera])
[    5.590436] cam_req_mgr soc:qcom,cam-req-mgr: bound ac62000.qcom,ife0 (ops cam_vfe_component_ops [camera])
[    5.590878] cam_req_mgr soc:qcom,cam-req-mgr: bound ac71000.qcom,ife1 (ops cam_vfe_component_ops [camera])
[    5.591268] cam_req_mgr soc:qcom,cam-req-mgr: bound ac80000.qcom,ife2 (ops cam_vfe_component_ops [camera])
[    5.591571] cam_req_mgr soc:qcom,cam-req-mgr: bound acca000.qcom,ife-lite0 (ops cam_vfe_component_ops [camera])
[    5.591844] cam_req_mgr soc:qcom,cam-req-mgr: bound acce000.qcom,ife-lite1 (ops cam_vfe_component_ops [camera])
[    5.592217] cam_req_mgr soc:qcom,cam-req-mgr: bound ac9e000.qcom,sfe0 (ops cam_sfe_component_ops [camera])
[    5.592585] cam_req_mgr soc:qcom,cam-req-mgr: bound aca6000.qcom,sfe1 (ops cam_sfe_component_ops [camera])
[    5.592788] CAM_ERR: CAM-ISP: cam_vfe_hw_init: 229 inval param
[    5.592791] CAM_ERR: CAM-ISP: cam_vfe_hw_init: 229 inval param
[    5.592792] CAM_ERR: CAM-ISP: cam_vfe_hw_init: 229 inval param
[    5.592870] cam_req_mgr soc:qcom,cam-req-mgr: bound soc:qcom,cam-isp (ops cam_isp_dev_component_ops [camera])
[    5.593354] cam_req_mgr soc:qcom,cam-req-mgr: bound ac15000.qcom,cci0 (ops cam_cci_component_ops [camera])
[    5.593883] cam_req_mgr soc:qcom,cam-req-mgr: bound ac16000.qcom,cci1 (ops cam_cci_component_ops [camera])
[    5.594323] cam_req_mgr soc:qcom,cam-req-mgr: bound ac17000.qcom,cci2 (ops cam_cci_component_ops [camera])
[    5.594718] cam_req_mgr soc:qcom,cam-req-mgr: bound ace4000.qcom,csiphy0 (ops cam_csiphy_component_ops [camera])
[    5.595109] cam_req_mgr soc:qcom,cam-req-mgr: bound ace6000.qcom,csiphy1 (ops cam_csiphy_component_ops [camera])
[    5.595480] cam_req_mgr soc:qcom,cam-req-mgr: bound ace8000.qcom,csiphy2 (ops cam_csiphy_component_ops [camera])
[    5.595817] cam_req_mgr soc:qcom,cam-req-mgr: bound acea000.qcom,csiphy3 (ops cam_csiphy_component_ops [camera])
[    5.596185] cam_req_mgr soc:qcom,cam-req-mgr: bound acec000.qcom,csiphy4 (ops cam_csiphy_component_ops [camera])
[    5.596521] cam_req_mgr soc:qcom,cam-req-mgr: bound acee000.qcom,csiphy5 (ops cam_csiphy_component_ops [camera])
[    5.596846] cam_req_mgr soc:qcom,cam-req-mgr: bound acf0000.qcom,csiphy6 (ops cam_csiphy_component_ops [camera])
[    5.597172] cam_req_mgr soc:qcom,cam-req-mgr: bound acf2000.qcom,csiphy7 (ops cam_csiphy_component_ops [camera])
[    5.597481] cam_req_mgr soc:qcom,cam-req-mgr: bound ac01000.qcom,icp (ops cam_icp_v2_component_ops [camera])
[    5.597770] cam_req_mgr soc:qcom,cam-req-mgr: bound ac42000.qcom,ipe0 (ops cam_ipe_component_ops [camera])
[    5.598089] cam_req_mgr soc:qcom,cam-req-mgr: bound ac2c000.qcom,bps (ops cam_bps_component_ops [camera])
[    5.598941] cam_req_mgr soc:qcom,cam-req-mgr: bound soc:qcom,cam-icp (ops cam_icp_component_ops [camera])
[    5.599279] cam_req_mgr soc:qcom,cam-req-mgr: bound ac2a000.qcom,jpegenc0 (ops cam_jpeg_enc_component_ops [camera])
[    5.599516] cam_req_mgr soc:qcom,cam-req-mgr: bound ac2b000.qcom,jpegdma0 (ops cam_jpeg_dma_component_ops [camera])
[    5.600006] cam_req_mgr soc:qcom,cam-req-mgr: bound soc:qcom,cam-jpeg (ops cam_jpeg_dev_component_ops [camera])
[    5.600154] CAM_INFO: CAM-CRM: cam_req_mgr_component_master_bind: 1028 All components bound successfully, Spectra camera driver initialized
[    5.601057] msm_drm ae00000.qcom,mdss_mdp: bound af20000.qcom,sde_rscc (ops sde_rsc_comp_ops [msm_drm])
[    5.601423] msm_drm ae00000.qcom,mdss_mdp: bound soc:qcom,wb-display@1 (ops sde_wb_comp_ops [msm_drm])
[    5.601671] msm_drm ae00000.qcom,mdss_mdp: bound soc:qcom,wb-display@2 (ops sde_wb_comp_ops [msm_drm])
[    5.601943] msm_drm ae00000.qcom,mdss_mdp: bound ae90000.qcom,dp_display (ops dp_display_comp_ops [msm_drm])
[    5.602476] [drm:dsi_display_bind [msm_drm]] [msm-dsi-info]: Successfully bind display panel 'somc,1_panel '
[    5.602742] msm_drm ae00000.qcom,mdss_mdp: bound soc:qcom,dsi-display-primary (ops dsi_display_comp_ops [msm_drm])
[    5.602999] [drm] mapped mdp address space @0000000000000000
[    5.603836] [drm:_sde_kms_hw_init_blocks:4934] sde hardware revision:0x90000001
[    5.604583] [drm:dsi_panel_get_mode [msm_drm]] [msm-dsi-info]: default topology: lm: 2 comp_enc:2 intf: 2
[    5.604846] [drm:dsi_panel_get_mode [msm_drm]] [msm-dsi-info]: default topology: lm: 2 comp_enc:2 intf: 2
[    5.605081] [drm:dsi_panel_get_mode [msm_drm]] [msm-dsi-info]: default topology: lm: 2 comp_enc:2 intf: 2
[    5.605306] [drm:dsi_panel_get_mode [msm_drm]] [msm-dsi-info]: default topology: lm: 2 comp_enc:2 intf: 2
[    5.606282] [drm:dp_pll_get][msm-dp-info][730 ]revision=DP_PLL_4NM_V1_1, ssc_en=0, bonding_en=0
[    5.606817] [drm:dp_display_initialize_hdcp][msm-dp-info][730 ]HDCP 1.3 initialized
[    5.606932] [drm:dp_display_initialize_hdcp][msm-dp-info][730 ]HDCP 2.2 initialized
[    5.607092] [drm:dp_mst_init][msm-dp-info][730 ]dp drm mst topology manager init completed
[    5.607974] gh_msgq: Registered client for label: 2
[    5.609463] [drm] Initialized msm_drm 1.4.0 20130625 for ae00000.qcom,mdss_mdp on minor 0
[    5.609467] [drm] cont_splash enabled in 1 of 1 display(s)
[    5.609518] [drm:dsi_ctrl_isr_configure [msm_drm]] [msm-dsi-info]: dsi-ctrl-0: IRQ 381 registered
[    5.609741] [drm:dsi_ctrl_isr_configure [msm_drm]] [msm-dsi-info]: dsi-ctrl-1: IRQ 382 registered
[    5.610206] gcc-kalama 100000.clock-controller: sync-state
[    5.610318] tcsr_cc-kalama 1fc0000.clock-controller: sync-state
[    5.610325] disp_cc-kalama af00000.clock-controller: sync-state
[    5.614220] lxs_ts: SW82907 driver init - 0.01b-f1
[    5.614608] lxs_ts 2-0028: i2c: bus probe : a90000.i2c/i2c-2/2-0028
[    5.614620] lxs_ts 2-0028: pinctrl: not found
[    5.614658] lxs_ts 2-0028: build opt  : __LXS_SUPPORT_PINCTRL
[    5.614660] lxs_ts 2-0028: build opt  : __LXS_SUPPORT_OLED
[    5.614661] lxs_ts 2-0028: build opt  : __LXS_SUPPORT_LPWG
[    5.614662] lxs_ts 2-0028: build opt  : __LXS_SUPPORT_WATCHDOG
[    5.614663] lxs_ts 2-0028: chip type  : 0x0897
[    5.614665] lxs_ts 2-0028: chip class : 7601
[    5.614666] lxs_ts 2-0028: chip name  : SW82907
[    5.614667] lxs_ts 2-0028: drv name   : lxs_ts
[    5.614668] lxs_ts 2-0028: input name : lxs_ts_input
[    5.614669] lxs_ts 2-0028: max finger : 10
[    5.614670] lxs_ts 2-0028: mode bit   : 0x00000007
[    5.614671] lxs_ts 2-0028: tx_hdr     : 2
[    5.614672] lxs_ts 2-0028: rx_hdr     : 0
[    5.614673] lxs_ts 2-0028: tx_dummy   : 0
[    5.614674] lxs_ts 2-0028: rx_dummy   : 0
[    5.614675] lxs_ts 2-0028: LXS Touch Probe
[    5.614676] lxs_ts 2-0028: DTS parsing
[    5.614681] lxs_ts 2-0028: of gpio  : reset-gpio 325
[    5.614684] lxs_ts 2-0028: of gpio  : irq-gpio 326
[    5.614685] lxs_ts 2-0028: coord(dt): max_x 1644, max_y 3840
[    5.614686] lxs_ts 2-0028: coord(dt): zone's size not found
[    5.614687] lxs_ts 2-0028: coord(dt): zone's size - indicator:48, navigation:96, edge:60
[    5.614691] lxs_ts 2-0028: of_string : panel_spec sw82907_test_spec_v0.1.txt
[    5.614692] lxs_ts 2-0028: of_string : self_test sw82907_self_test.txt
[    5.614694] lxs_ts 2-0028: pt(dt): pt_open_cmp 4800 8192
[    5.614695] lxs_ts 2-0028: pt(dt): pt_short_gnd_cmp 6500 8192
[    5.614697] lxs_ts 2-0028: pt(dt): pt_short_trx_cmp 6500 8192
[    5.614698] lxs_ts 2-0028: pt(dt): pt_short_vdd_cmp 0 5200
[    5.614699] lxs_ts 2-0028: pt(dt): pt_sync_v_cmp 57 63
[    5.614700] lxs_ts 2-0028: DTS parsing done
[    5.614701] lxs_ts 2-0028:  max_x           = 1644
[    5.614702] lxs_ts 2-0028:  max_y           = 3840
[    5.614703] lxs_ts 2-0028:  use_lpwg        = 1
[    5.614704] lxs_ts 2-0028:  use_firmware    = 1
[    5.614705] lxs_ts 2-0028:  use_fw_upgrade  = 1
[    5.614706] lxs_ts 2-0028:  use_fw_ver_diff = 1
[    5.614788] lxs_ts 2-0028: gpio_irq: gpio_request_one(326, 1, lxs_gpio_irq)
[    5.614790] lxs_ts 2-0028: input cfg status : __LXS_CONFIG_INPUT_ANDROID
[    5.614818] input: lxs_ts_input as /devices/virtual/input/input4
[    5.614836] lxs_ts 2-0028: input device[input4, i2c-2/2-0028/lxs_ts_input] registered
[    5.614838] lxs_ts 2-0028: input finger: x 1644, y 3840, press 255, width 15, orient 90, t 0
[    5.614854] lxs_ts 2-0028: sysfs initialized
[    5.649025] servicemanager: Starting sm instance on /dev/binder
[    5.650026] logd: libprocessgroup: JoinCgroup: controller schedtune is not found
[    5.652280] SELinux: Multiple same specifications for vendor.qti.gnss.ILocAidlGnss/default.
[    5.652835] SELinux: SELinux: Loaded service context from:
[    5.652841] SELinux: 		/system/etc/selinux/plat_service_contexts
[    5.652845] SELinux: 		/system_ext/etc/selinux/system_ext_service_contexts
[    5.652849] SELinux: 		/product/etc/selinux/product_service_contexts
[    5.652863] SELinux: 		/vendor/etc/selinux/vendor_service_contexts
[    5.658230] init: wait for '/dev/block/platform/soc/1d84000.ufshc' took 0ms
[    5.675706] cutils-trace: Error opening trace file: No such file or directory (2)
[    5.675840] SELinux: avc:  denied  { find } for pid=986 uid=1069 name=vendor.qti.hardware.perf2.IPerf/default scontext=u:r:lmkd:s0 tcontext=u:object_r:default_android_service:s0 tclass=service_manager permissive=0
[    5.679684] SELinux: avc:  denied  { find } for pid=986 uid=1069 name=vendor.qti.hardware.perf2.IPerf/default scontext=u:r:lmkd:s0 tcontext=u:object_r:default_android_service:s0 tclass=service_manager permissive=0
[    5.679818] init: Control message: Could not find 'vendor.qti.hardware.perf@2.2::IPerf/default' for ctl.interface_start from pid: 988 (/system/system_ext/bin/hwservicemanager)
[    5.680071] init: Control message: Could not find 'vendor.qti.hardware.perf@2.2::IPerf/default' for ctl.interface_start from pid: 988 (/system/system_ext/bin/hwservicemanager)
[    5.680414] init: Control message: Could not find 'vendor.qti.hardware.perf@2.2::IPerf/default' for ctl.interface_start from pid: 988 (/system/system_ext/bin/hwservicemanager)
[    5.680738] init: Control message: Could not find 'vendor.qti.hardware.perf@2.2::IPerf/default' for ctl.interface_start from pid: 988 (/system/system_ext/bin/hwservicemanager)
[    5.681093] init: Control message: Could not find 'vendor.qti.hardware.perf@2.2::IPerf/default' for ctl.interface_start from pid: 988 (/system/system_ext/bin/hwservicemanager)
[    5.681426] init: Control message: Could not find 'vendor.qti.hardware.perf@2.2::IPerf/default' for ctl.interface_start from pid: 988 (/system/system_ext/bin/hwservicemanager)
[    5.681762] init: Control message: Could not find 'vendor.qti.hardware.perf@2.2::IPerf/default' for ctl.interface_start from pid: 988 (/system/system_ext/bin/hwservicemanager)
[    5.682097] init: Control message: Could not find 'vendor.qti.hardware.perf@2.2::IPerf/default' for ctl.interface_start from pid: 988 (/system/system_ext/bin/hwservicemanager)
[    5.682413] init: Control message: Could not find 'vendor.qti.hardware.perf@2.2::IPerf/default' for ctl.interface_start from pid: 988 (/system/system_ext/bin/hwservicemanager)
[    5.682749] init: Control message: Could not find 'vendor.qti.hardware.perf@2.2::IPerf/default' for ctl.interface_start from pid: 988 (/system/system_ext/bin/hwservicemanager)
[    5.700888] cs40l2x 3-0040: Direct firmware load for cs40l20.bin failed with error -2
[    5.700893] cs40l2x 3-0040: Falling back to sysfs fallback for: cs40l20.bin
[    5.700934] cs40l2x 3-0040: Direct firmware load for cs40l25a_a2h.bin failed with error -2
[    5.700936] cs40l2x 3-0040: Falling back to sysfs fallback for: cs40l25a_a2h.bin
[    5.700958] cs40l2x 3-0040: Direct firmware load for cs40l25a_f0.bin failed with error -2
[    5.700960] cs40l2x 3-0040: Falling back to sysfs fallback for: cs40l25a_f0.bin
[    5.714328] modprobe: Loading module /vendor/lib/modules/slg51000-regulator.ko with args ''
[    5.715555] slg51000-regulator 0-0075: supply vdd not found, using dummy regulator
[    5.728770] slg51000_a_ldo3: supplied by regulator-dummy
[    5.729623] slg51000_a_ldo4: supplied by regulator-dummy
[    5.730672] slg51000_a_ldo5: supplied by regulator-dummy
[    5.731749] slg51000_a_ldo6: supplied by regulator-dummy
[    5.732849] slg51000_a_ldo7: supplied by cam_pmic0_vin7_supply
[    5.733107] slg51000-regulator 0-0075: No IRQ configured
[    5.733386] modprobe: Loaded kernel module /vendor/lib/modules/slg51000-regulator.ko
[    5.733488] modprobe: Loading module /vendor/lib/modules/qcom_glink.ko with args ''
[    5.733702] modprobe: Loading module /vendor/lib/modules/qcom_glink_smem.ko with args ''
[    5.733775] modprobe: Loading module /vendor/lib/modules/qcom_smd.ko with args ''
[    5.734187] modprobe: Loading module /vendor/lib/modules/rproc_qcom_common.ko with args ''
[    5.734310] modprobe: Loading module /vendor/lib/modules/qmi_helpers.ko with args ''
[    5.734405] modprobe: Loading module /vendor/lib/modules/pdr_interface.ko with args ''
[    5.734809] modprobe: Loading module /vendor/lib/modules/panel_event_notifier.ko with args ''
[    5.734869] modprobe: Loading module /vendor/lib/modules/qcom_va_minidump.ko with args ''
[    5.743422] SPI driver sony_camera_spi_subdev has no spi_device_id for sony,camera_subdev
[    5.799367] cam_cc-kalama ade0000.clock-controller: sync-state
[    5.815879] printk: modprobe: 9 output lines suppressed due to ratelimiting
[    5.817177] init: wait for '/dev/block/bootdevice/by-name/TA' took 0ms
[    5.838661] EXT4-fs (sda3): Ignoring removed nomblk_io_submit option
[    5.839994] EXT4-fs (sda3): mounted filesystem with ordered data mode. Opts: errors=remount-ro,nomblk_io_submit. Quota mode: none.
[    5.849760] e2fsck: e2fsck 1.46.6 (1-Feb-2023)
[    5.850894] e2fsck: /dev/block/bootdevice/by-name/persist: clean, 422/8192 files, 1830/8192 blocks
[    5.852510] EXT4-fs (sda3): mounted filesystem with ordered data mode. Opts: barrier=1,discard. Quota mode: none.
[    5.854528] EXT4-fs (sda67): mounted filesystem with ordered data mode. Opts: barrier=1. Quota mode: none.
[    5.857814] ueventd: found /vendor/firmware_mnt/image/ipa_fws.mdt for /devices/platform/soc/3e00000.qcom,ipa/firmware/ipa_fws.mdt
[    5.858078] ueventd: loading /devices/platform/soc/3e00000.qcom,ipa/firmware/ipa_fws.mdt took 201ms
[    5.858615] ipa 3e00000.qcom,ipa: Direct firmware load for ipa_fws.b04 failed with error -2
[    5.858619] ipa 3e00000.qcom,ipa: Falling back to sysfs fallback for: ipa_fws.b04
[    5.862921] EXT4-fs (sda54): Ignoring removed nomblk_io_submit option
[    5.864227] EXT4-fs (sda54): mounted filesystem with ordered data mode. Opts: errors=remount-ro,nomblk_io_submit. Quota mode: none.
[    5.868735] e2fsck: e2fsck 1.46.6 (1-Feb-2023)
[    5.870125] e2fsck: /dev/block/bootdevice/by-name/appslog: clean, 669/4096 files, 3454/4096 blocks
[    5.872306] EXT4-fs (sda54): mounted filesystem with ordered data mode. Opts: barrier=1,discard. Quota mode: none.
[    5.872824] EXT4-fs (sda55): Ignoring removed nomblk_io_submit option
[    5.873603] EXT4-fs (sda55): mounted filesystem with ordered data mode. Opts: errors=remount-ro,nomblk_io_submit. Quota mode: none.
[    5.877750] e2fsck: e2fsck 1.46.6 (1-Feb-2023)
[    5.878507] e2fsck: /dev/block/bootdevice/by-name/diag: clean, 35/8192 files, 2077/8192 blocks
[    5.879726] EXT4-fs (sda55): mounted filesystem with ordered data mode. Opts: barrier=1,discard. Quota mode: none.
[    5.888737] vdc: Waited 0ms for vold
[    5.920167] ueventd: firmware: loading 'cs40l20.bin' for '/devices/platform/soc/8c0000.qcom,qupv3_2_geni_se/888000.i2c/i2c-3/3-0040/firmware/cs40l20.bin'
[    5.920446] ueventd: found /vendor/firmware/cs40l20.bin for /devices/platform/soc/8c0000.qcom,qupv3_2_geni_se/888000.i2c/i2c-3/3-0040/firmware/cs40l20.bin
[    5.921016] ueventd: firmware: loading 'cs40l25a_a2h.bin' for '/devices/platform/soc/8c0000.qcom,qupv3_2_geni_se/888000.i2c/i2c-3/3-0040/firmware/cs40l25a_a2h.bin'
[    5.921134] ueventd: found /vendor/firmware/cs40l25a_a2h.bin for /devices/platform/soc/8c0000.qcom,qupv3_2_geni_se/888000.i2c/i2c-3/3-0040/firmware/cs40l25a_a2h.bin
[    5.921237] cs40l2x 3-0040: Wave 000 (Type: 0x0c, Flags: 0x0000, Index:     61, Size:    7, Data: 0xc00000)
[    5.921243] cs40l2x 3-0040: Wave 001 (Type: 0x08, Flags: 0x0000, Index:     68, Size:   24, Data: 0x800042)
[    5.921246] cs40l2x 3-0040: Wave 002 (Type: 0x0a, Flags: 0x0000, Index:     92, Size:    6, Data: 0x8000e2)
[    5.921248] cs40l2x 3-0040: Wave 003 (Type: 0x08, Flags: 0x0000, Index:     98, Size:   27, Data: 0x80004b)
[    5.921250] cs40l2x 3-0040: Wave 004 (Type: 0x08, Flags: 0x0000, Index:    125, Size:   24, Data: 0x800042)
[    5.921252] cs40l2x 3-0040: Wave 005 (Type: 0x08, Flags: 0x0000, Index:    149, Size:   25, Data: 0x800045)
[    5.921253] cs40l2x 3-0040: Wave 006 (Type: 0x08, Flags: 0x0000, Index:    174, Size:   25, Data: 0x800045)
[    5.921255] cs40l2x 3-0040: Wave 007 (Type: 0x0c, Flags: 0x0000, Index:    199, Size:    9, Data: 0x800038)
[    5.921256] cs40l2x 3-0040: Wave 008 (Type: 0x0c, Flags: 0x0000, Index:    208, Size:    9, Data: 0x800048)
[    5.921258] cs40l2x 3-0040: Wave 009 (Type: 0x0a, Flags: 0x0000, Index:    217, Size:    6, Data: 0x8000e2)
[    5.921259] cs40l2x 3-0040: Wave 010 (Type: 0x0a, Flags: 0x0000, Index:    223, Size:    6, Data: 0x8000e2)
[    5.921261] cs40l2x 3-0040: Wave 011 (Type: 0x0c, Flags: 0x0000, Index:    229, Size:   13, Data: 0x8000c0)
[    5.921263] cs40l2x 3-0040: Wave 012 (Type: 0x0a, Flags: 0x0000, Index:    242, Size:    4, Data: 0x800042)
[    5.921264] cs40l2x 3-0040: Wave 013 (Type: 0x0a, Flags: 0x0000, Index:    246, Size:    6, Data: 0x800100)
[    5.921266] cs40l2x 3-0040: Wave 014 (Type: 0x0c, Flags: 0x0000, Index:    252, Size:   11, Data: 0x80016e)
[    5.921268] cs40l2x 3-0040: Wave 015 (Type: 0x0c, Flags: 0x0000, Index:    263, Size:   11, Data: 0x800160)
[    5.921269] cs40l2x 3-0040: Wave 016 (Type: 0x0c, Flags: 0x0000, Index:    274, Size:   13, Data: 0x800098)
[    5.921271] cs40l2x 3-0040: Wave 017 (Type: 0x0c, Flags: 0x0000, Index:    287, Size:    7, Data: 0x800060)
[    5.921272] cs40l2x 3-0040: Wave 018 (Type: 0x0a, Flags: 0x0000, Index:    294, Size:   10, Data: 0x82c400)
[    5.921274] cs40l2x 3-0040: Wave 019 (Type: 0x0a, Flags: 0x0000, Index:    304, Size:    8, Data: 0x800462)
[    5.921370] ueventd: loading /devices/platform/soc/8c0000.qcom,qupv3_2_geni_se/888000.i2c/i2c-3/3-0040/firmware/cs40l25a_a2h.bin took 0ms
[    5.921420] ueventd: loading /devices/platform/soc/8c0000.qcom,qupv3_2_geni_se/888000.i2c/i2c-3/3-0040/firmware/cs40l20.bin took 1ms
[    5.924746] ipa ipa3_ioctl:2858 IPA not ready, waiting for init completion
[    5.925325] ueventd: firmware: loading 'cs40l25a_f0.bin' for '/devices/platform/soc/8c0000.qcom,qupv3_2_geni_se/888000.i2c/i2c-3/3-0040/firmware/cs40l25a_f0.bin'
[    5.946719] vdc: Waited 0ms for vold
[    5.955282] ueventd: firmware: loading 'ipa_fws.b04' for '/devices/platform/soc/3e00000.qcom,ipa/firmware/ipa_fws.b04'
[    5.966377] vdc: Waited 0ms for vold
[    5.972466] ipa 3e00000.qcom,ipa: Direct firmware load for ipa_fws.b01 failed with error -2
[    5.972474] ipa 3e00000.qcom,ipa: Falling back to sysfs fallback for: ipa_fws.b01
[    6.013186] tmecom-qmp-client soc:qcom,tmecom-qmp-client: response received
[    6.031696] fsck.f2fs: Info: Automatic fix mode enabled.
[    6.032088] fsck.f2fs: Info: not exist /proc/version!
[    6.032270] fsck.f2fs: Info: MKFS version
[    6.032276] fsck.f2fs:   "6.1.163-186.299.amzn2023.x86_64"
[    6.032278] fsck.f2fs: Info: FSCK version
[    6.032280] fsck.f2fs:   from "5.15.189-android13-8-00016-g51bba4309aac-ab14546557"
[    6.032282] fsck.f2fs:     to "5.15.189-android13-8-00016-g51bba4309aac-ab14546557"
[    6.032284] fsck.f2fs: Info: superblock features = 1499 :  encrypt extra_attr project_quota quota verity casefold
[    6.032286] fsck.f2fs: Info: superblock encrypt level = 0, salt = 00000000000000000000000000000000
[    6.032288] fsck.f2fs: Info: checkpoint stop reason: shutdown(174) 
[    6.140566] ipa 3e00000.qcom,ipa: Direct firmware load for ipa_fws.b02 failed with error -2
[    6.140573] ipa 3e00000.qcom,ipa: Falling back to sysfs fallback for: ipa_fws.b02
[    6.144331] ipa 3e00000.qcom,ipa: Direct firmware load for ipa_fws.b03 failed with error -2
[    6.144336] ipa 3e00000.qcom,ipa: Falling back to sysfs fallback for: ipa_fws.b03
[    6.149217] IPA FW loaded successfully
[    6.149777] gsi soc:qcom,msm_gsi: gsi_register_device:1548 GSI irq is wake enabled 242
[    6.152304] ipa ipa3_rmnet_ctl_register_pm_client:739 rmnet_ctl register done
[    6.152326] ipa ipa3_rmnet_ll_register_pm_client:964 rmnet_ll register done
[    6.152342] rmnet_ipa3 started initialization
[    6.152346] IPA SSR support = True
[    6.152347] IPA SG support = True
[    6.152348] IPA Napi Enable = True
[    6.152350] using default for wan-rx-desc-size = 256
[    6.152361] IPA driver is now in ready state
[    6.152431] ipa-lnx-stats ipa_spearhead_stats_ioctl_init:1921 IPA ipa_lnx_stats_ioctl major(464) initial ok :>>>>
[    6.152447] ipa-lnx-stats ipa_spearhead_stats_init:1949 IPA_LNX_STATS_IOCTL init success
[    6.152450] IPA driver initialization was successful.
[    6.152526] ipa-wan ipa3_wwan_register_netdev_pm_client:3497 rmnet_ipa%d register done
[    6.152689] ipa-wan ipa3_wwan_probe:3692 rmnet_ipa completed initialization
[    6.160644] F2FS-fs (dm-54): Using encoding defined by superblock: utf8-12.1.0 with flags 0x0
[    6.207876] gh_secure_vm_loader soc:gh-secure-vm-loader@2: Direct firmware load for cpusys_vm.mdt failed with error -2
[    6.207883] gh_secure_vm_loader soc:gh-secure-vm-loader@2: Falling back to sysfs fallback for: cpusys_vm.mdt
[    6.212731] gh_secure_vm_loader soc:gh-secure-vm-loader@2: Direct firmware load for cpusys_vm.b03 failed with error -2
[    6.212738] gh_secure_vm_loader soc:gh-secure-vm-loader@2: Falling back to sysfs fallback for: cpusys_vm.b03
[    6.215996] gh_secure_vm_loader soc:gh-secure-vm-loader@2: Direct firmware load for cpusys_vm.b01 failed with error -2
[    6.215998] gh_secure_vm_loader soc:gh-secure-vm-loader@2: Falling back to sysfs fallback for: cpusys_vm.b01
[    6.220861] gh_secure_vm_loader soc:gh-secure-vm-loader@2: Direct firmware load for cpusys_vm.b02 failed with error -2
[    6.220865] gh_secure_vm_loader soc:gh-secure-vm-loader@2: Falling back to sysfs fallback for: cpusys_vm.b02
[    6.251139] F2FS-fs (dm-54): Mounted with checkpoint version = 77c42145
[    6.256460] gsi soc:qcom,msm_gsi: gsi_stop_channel:3615 chan=14 busy try again
[    6.264881] gunyah: VM: 50 status 2 complete
[    6.264983] gh_proxy_sched: Skip populating VCPU affinity info for VM=50
[    6.264986] gh_proxy_sched: Skip populating VCPU affinity info for VM=50
[    6.264987] gh_proxy_sched: Skip populating VCPU affinity info for VM=50
[    6.264988] gh_proxy_sched: Skip populating VCPU affinity info for VM=50
[    6.264988] gh_proxy_sched: Skip populating VCPU affinity info for VM=50
[    6.264989] gh_proxy_sched: Skip populating VCPU affinity info for VM=50
[    6.264990] gh_proxy_sched: Skip populating VCPU affinity info for VM=50
[    6.264990] gh_proxy_sched: Skip populating VCPU affinity info for VM=50
[    6.264991] gh_proxy_sched: Proxy Scheduling isn't supported for VM=50
[    6.268428] vdc: Waited 0ms for vold
[    6.268904] gunyah: VM:50 started running
[    6.273234] vdc: Waited 0ms for vold
[    6.387110] fscrypt: AES-256-CTS-CBC using implementation "cts-cbc-aes-ce"
[    6.410237] vdc: Waited 0ms for vold
[    6.438728] vold: keystore2 Keystore earlyBootEnded returned service specific error: -68
[    6.447823] logd: logd reinit
[    6.448097] logd: FrameworkListener: read() failed (Connection reset by peer)
[    6.458690] apexd: Started. subcommand = (null)
[    6.459250] apexd: Scanning /system/apex for pre-installed ApexFiles
[    6.459331] apexd: Found pre-installed APEX /system/apex/com.android.profiling.capex
[    6.460096] apexd: Found pre-installed APEX /system/apex/com.android.nfcservices.apex
[    6.461316] apexd: Found pre-installed APEX /system/apex/com.google.android.scheduling_compressed.apex
[    6.461925] apexd: Found pre-installed APEX /system/apex/com.google.android.extservices_tplus_compressed.apex
[    6.463359] apexd: Found pre-installed APEX /system/apex/com.android.devicelock.apex
[    6.464570] apexd: Found pre-installed APEX /system/apex/com.android.btservices.apex
[    6.465816] apexd: Found pre-installed APEX /system/apex/com.google.android.healthfitness_compressed.apex
[    6.466539] apexd: Found pre-installed APEX /system/apex/com.google.android.sdkext_compressed.apex
[    6.521622] loop4: detected capacity change from 0 to 12208
[    6.521872] loop5: detected capacity change from 0 to 84008
[    6.522087] loop6: detected capacity change from 0 to 16136
[    6.522845] loop7: detected capacity change from 0 to 44024
[    6.523355] loop8: detected capacity change from 0 to 704
[    6.523789] loop9: detected capacity change from 0 to 23784
[    6.524343] loop10: detected capacity change from 0 to 688
[    6.524625] loop11: detected capacity change from 0 to 81584
[    6.525371] loop12: detected capacity change from 0 to 16288
[    6.526043] loop13: detected capacity change from 0 to 47368
[    6.526546] loop14: detected capacity change from 0 to 34104
[    6.527319] loop15: detected capacity change from 0 to 2360
[    6.528946] loop16: detected capacity change from 0 to 21824
[    6.529191] loop17: detected capacity change from 0 to 223928
[    6.529464] loop18: detected capacity change from 0 to 1688
[    6.531086] loop19: detected capacity change from 0 to 12520
[    6.533557] loop20: detected capacity change from 0 to 59640
[    6.533794] loop21: detected capacity change from 0 to 89280
[    6.534079] loop22: detected capacity change from 0 to 11552
[    6.534315] loop23: detected capacity change from 0 to 37944
[    6.534634] loop24: detected capacity change from 0 to 1760
[    6.536136] loop25: detected capacity change from 0 to 3008
[    6.537766] loop26: detected capacity change from 0 to 43656
[    6.538041] loop27: detected capacity change from 0 to 536
[    6.538384] loop28: detected capacity change from 0 to 28952
[    6.538666] loop29: detected capacity change from 0 to 7128
[    6.538922] loop30: detected capacity change from 0 to 536
[    6.541100] loop31: detected capacity change from 0 to 15040
[    6.541363] loop32: detected capacity change from 0 to 9112
[    6.541587] loop33: detected capacity change from 0 to 72248
[    6.541927] loop34: detected capacity change from 0 to 528
[    6.544280] device-mapper: verity: sha256 using implementation "sha256-ce"
[    6.544800] EXT4-fs (loop10): mounted filesystem without journal. Opts: (null). Quota mode: none.
[    6.544804] EXT4-fs (loop4): mounted filesystem without journal. Opts: (null). Quota mode: none.
[    6.545010] device-mapper: verity: sha256 using implementation "sha256-ce"
[    6.545184] loop35: detected capacity change from 0 to 4440
[    6.545927] EXT4-fs (loop8): mounted filesystem without journal. Opts: (null). Quota mode: none.
[    6.545957] loop36: detected capacity change from 0 to 81784
[    6.546276] loop37: detected capacity change from 0 to 68632
[    6.546490] loop38: detected capacity change from 0 to 92824
[    6.548746] EXT4-fs (dm-38): mounted filesystem without journal. Opts: (null). Quota mode: none.
[    6.548747] EXT4-fs (dm-50): mounted filesystem without journal. Opts: (null). Quota mode: none.
[    6.549315] loop39: detected capacity change from 0 to 77872
[    6.550522] loop40: detected capacity change from 0 to 9104
[    6.550808] loop41: detected capacity change from 0 to 1280
[    6.552026] device-mapper: verity: sha256 using implementation "sha256-ce"
[    6.552144] device-mapper: verity: sha256 using implementation "sha256-ce"
[    6.552221] device-mapper: verity: sha256 using implementation "sha256-ce"
[    6.553107] device-mapper: verity: sha256 using implementation "sha256-ce"
[    6.553229] device-mapper: verity: sha256 using implementation "sha256-ce"
[    6.553569] device-mapper: verity: sha256 using implementation "sha256-ce"
[    6.553640] EXT4-fs (loop11): mounted filesystem without journal. Opts: (null). Quota mode: none.
[    6.554185] EXT4-fs (loop17): mounted filesystem without journal. Opts: (null). Quota mode: none.
[    6.554203] device-mapper: verity: sha256 using implementation "sha256-ce"
[    6.554387] EXT4-fs (dm-39): mounted filesystem without journal. Opts: (null). Quota mode: none.
[    6.555622] EXT4-fs (dm-42): mounted filesystem without journal. Opts: (null). Quota mode: none.
[    6.555987] EXT4-fs (loop16): mounted filesystem without journal. Opts: (null). Quota mode: none.
[    6.556007] EXT4-fs (dm-44): mounted filesystem without journal. Opts: (null). Quota mode: none.
[    6.556267] EXT4-fs (dm-37): mounted filesystem without journal. Opts: (null). Quota mode: none.
[    6.556360] EXT4-fs (dm-45): mounted filesystem without journal. Opts: (null). Quota mode: none.
[    6.556492] EXT4-fs (dm-43): mounted filesystem without journal. Opts: (null). Quota mode: none.
[    6.556593] EXT4-fs (dm-51): mounted filesystem without journal. Opts: (null). Quota mode: none.
[    6.560097] device-mapper: verity: sha256 using implementation "sha256-ce"
[    6.560135] device-mapper: verity: sha256 using implementation "sha256-ce"
[    6.560579] device-mapper: verity: sha256 using implementation "sha256-ce"
[    6.560791] device-mapper: verity: sha256 using implementation "sha256-ce"
[    6.560820] device-mapper: verity: sha256 using implementation "sha256-ce"
[    6.561608] device-mapper: verity: sha256 using implementation "sha256-ce"
[    6.562055] device-mapper: verity: sha256 using implementation "sha256-ce"
[    6.562319] EXT4-fs (dm-34): mounted filesystem without journal. Opts: (null). Quota mode: none.
[    6.562560] device-mapper: verity: sha256 using implementation "sha256-ce"
[    6.562599] EXT4-fs (loop26): mounted filesystem without journal. Opts: (null). Quota mode: none.
[    6.562761] EXT4-fs (dm-31): mounted filesystem without journal. Opts: (null). Quota mode: none.
[    6.562767] EXT4-fs (dm-27): mounted filesystem without journal. Opts: (null). Quota mode: none.
[    6.562797] device-mapper: verity: sha256 using implementation "sha256-ce"
[    6.562842] EXT4-fs (loop27): mounted filesystem without journal. Opts: (null). Quota mode: none.
[    6.562975] EXT4-fs (dm-24): mounted filesystem without journal. Opts: (null). Quota mode: none.
[    6.563382] EXT4-fs (dm-28): mounted filesystem without journal. Opts: (null). Quota mode: none.
[    6.563977] EXT4-fs (dm-53): mounted filesystem without journal. Opts: (null). Quota mode: none.
[    6.564488] EXT4-fs (dm-48): mounted filesystem without journal. Opts: (null). Quota mode: none.
[    6.564667] EXT4-fs (dm-33): mounted filesystem without journal. Opts: (null). Quota mode: none.
[    6.564784] EXT4-fs (dm-35): mounted filesystem without journal. Opts: (null). Quota mode: none.
[    6.567895] device-mapper: verity: sha256 using implementation "sha256-ce"
[    6.568495] device-mapper: verity: sha256 using implementation "sha256-ce"
[    6.568766] device-mapper: verity: sha256 using implementation "sha256-ce"
[    6.569007] device-mapper: verity: sha256 using implementation "sha256-ce"
[    6.569515] device-mapper: verity: sha256 using implementation "sha256-ce"
[    6.569679] EXT4-fs (loop39): mounted filesystem without journal. Opts: (null). Quota mode: none.
[    6.569719] device-mapper: verity: sha256 using implementation "sha256-ce"
[    6.569870] EXT4-fs (loop35): mounted filesystem without journal. Opts: (null). Quota mode: none.
[    6.571109] EXT4-fs (dm-18): mounted filesystem without journal. Opts: (null). Quota mode: none.
[    6.571665] EXT4-fs (loop36): mounted filesystem without journal. Opts: (null). Quota mode: none.
[    6.572115] EXT4-fs (loop38): mounted filesystem without journal. Opts: (null). Quota mode: none.
[    6.572196] EXT4-fs (dm-17): mounted filesystem without journal. Opts: (null). Quota mode: none.
[    6.572295] EXT4-fs (dm-22): mounted filesystem without journal. Opts: (null). Quota mode: none.
[    6.572302] EXT4-fs (dm-21): mounted filesystem without journal. Opts: (null). Quota mode: none.
[    6.572570] EXT4-fs (dm-25): mounted filesystem without journal. Opts: (null). Quota mode: none.
[    6.572754] EXT4-fs (dm-26): mounted filesystem without journal. Opts: (null). Quota mode: none.
[    6.575767] device-mapper: verity: sha256 using implementation "sha256-ce"
[    6.575828] device-mapper: verity: sha256 using implementation "sha256-ce"
[    6.576620] EXT4-fs (dm-36): mounted filesystem without journal. Opts: (null). Quota mode: none.
[    6.576887] EXT4-fs (dm-29): mounted filesystem without journal. Opts: (null). Quota mode: none.
[    6.609658] linkerconfig: Failed to open file /system/etc/vndkcorevariant.libraries.txt: No such file or directory
[    6.638651] vdc: Waited 0ms for vold
[    6.785618] fs-verity: sha256 using implementation "sha256-ce"
[    6.926295] apexd: Started. subcommand = --snapshotde
[    6.926704] apexd-snapshotde: Marking APEXd as ready
[    6.944931] Mass Storage Function, version: 2009/09/11
[    6.944934] LUN: removable file: (no medium)
[    6.946437] file system registered
[    6.947517] f_cdev_alloc: port_name:at_usb0 (0000000000000000) portno:(0)
[    6.948055] f_cdev_alloc: port_name:at_usb1 (0000000000000000) portno:(1)
[    6.948546] f_cdev_alloc: port_name:at_usb2 (0000000000000000) portno:(2)
[    6.950862] using random self ethernet address
[    6.950865] using random host ethernet address
[    7.076656] cnss: File system is ready, fs_ready is 1, count is 1
[    7.076664] cnss: Posting event: COLD_BOOT_CAL_START(5), state: 0x2c00000 flags: 0x0
[    7.076667] cnss: PM stay awake, state: 0x2c00000, count: 1
[    7.076684] cnss: PM relax, state: 0x2c00000, count: 0
[    7.076698] cnss: PM stay awake, state: 0x2c00000, count: 1
[    7.076700] cnss: Processing driver event: COLD_BOOT_CAL_START(5), state: 0x2c00000
[    7.076702] cnss: Restarting calibration 130s timeout
[    7.076711] cnss: FW name added with prefix: kiwi/amss20.bin
[    7.076712] cnss: FW name added with prefix: kiwi/amss20.bin
[    7.076713] cnss: FW name is kiwi/amss20.bin, FW fallback name is kiwi/amss20.bin
[    7.076715] cnss: New driver mode is 0
[    7.076718] cnss: Regulator vdd-wlan-io is being enabled
[    7.076721] cnss: Regulator vdd-wlan is being enabled
[    7.076901] cnss: Regulator vdd-wlan-aon is being enabled
[    7.077075] cnss: Regulator vdd-wlan-dig is being enabled
[    7.077159] cnss: Regulator vdd-wlan-rfa1 is being enabled
[    7.077244] cnss: Regulator vdd-wlan-rfa2 is being enabled
[    7.078308] cnss: WLAN_EN Value: 1
[    7.078309] cnss: Assert WLAN_EN GPIO successfully
[    7.078312] cnss: Resuming PCI link
[    7.078333] msm_pcie_enable: PCIe: Assert the reset of endpoint of RC0.
[    7.081630] msm_pcie_enable: PCIe: RC0: PCIE20_PARF_INT_ALL_MASK: 0x7f80d202
[    7.083907] pcie_phy_init: PCIe RC0 PHY is ready!
[    7.093939] msm_pcie_enable: PCIe: Release the reset of endpoint of RC0.
[    7.098268] EXT4-fs (sda2): barriers disabled
[    7.098526] EXT4-fs (sda2): mounted filesystem with ordered data mode. Opts: barrier=0. Quota mode: none.
[    7.110392] msm_pcie_link_train: PCIe RC0 link initialized
[    7.123098] cnss_pci 0000:01:00.0: enabling device (0000 -> 0002)
[    7.123660] cnss: Setting MHI state: INIT(0)
[    7.127398] cnss: Setting MHI state: POWER_ON(2)
[    7.127890] cnss_pci 0000:01:00.0: Direct firmware load for kiwi/amss20.bin failed with error -2
[    7.127895] cnss_pci 0000:01:00.0: Falling back to sysfs fallback for: kiwi/amss20.bin
[    7.150867] [EGISFP] egisfp_open 
[    7.150874] [EGISFP] egisfp_parse_dt : start 
[    7.150982] [EGISFP] egisfp_parse_dt : vcc_33v_pin gpio num is 297 
[    7.150984] [EGISFP] egisfp_parse_dt : Config Regulator for ext_ldo_source 
[    7.150986] [EGISFP] egisfp_parse_dt : vcc regulator voltage get Max = 3800000, Min = 3400000 
[    7.150987] [EGISFP] egisfp_parse_dt : vcc regulator current get 1000000 
[    7.150988] [EGISFP] egisfp_parse_dt : regulator max voltage get = 3960000 
[    7.150992] [EGISFP] egisfp_parse_dt : rst pin gpio num is 343 
[    7.150993] [EGISFP] egisfp_parse_dt : irq pin gpio num is 341 
[    7.150994] [EGISFP] egisfp_parse_dt : successful 
[    7.150995] [EGISFP] egisfp_open : open ioctl user count = 1 
[    7.151007] [EGISFP] egisfp_ioctl : cmd = 0x11 
[    7.151008] [EGISFP] egisfp_ioctl : FP_GET_RESOURCE 
[    7.151009] [EGISFP] egisfp_platforminit : Version 20220922 
[    7.151845] [EGISFP] egisfp_platforminit : find node enter 
[    7.152242] [EGISFP] egisfp_platforminit : successful status = 0 gpio num -> vcc = 297 rst = 343 Irq = 341 
[    7.152246] [EGISFP] egisfp_ioctl done 
[    7.152292] [EGISFP] egisfp_ioctl : cmd = 0x5 
[    7.152294] [EGISFP] egisfp_ioctl : FP_POWER_ONOFF 
[    7.152311] [EGISFP] do_egisfp_power_onoff : power_onoff = 2 
[    7.152313] [EGISFP] egisfp_vreg_setup : original voltage = 3400000 
[    7.152314] [EGISFP] egisfp_vreg_setup : enable_3_8V 
[    7.152468] [EGISFP] egisfp_vreg_setup : modified voltage = 3800000, ret = 0 
[    7.152512] [EGISFP] egisfp_vreg_setup : regulator enable, ret = 0 
[    7.153185] NetBpfLoad: /apex/com.android.tethering/bin/netbpfload api:35///3500 kver:50f00bd (64-on-aarch64:4k) libbpf: v1.4 uid:0 rc:01 user:100
[    7.153446] NetBpfLoad: Tethering APEX version 372038420
[    7.153495] WARNING: Unprivileged eBPF is enabled, data leaks possible via Spectre v2 BHB attacks!
[    7.156994] NetBpfLoad: skipping prog schedcls_tether_downstream6_ether: kernel version 0x50f00bd is outside required range [0x4090000, 0x5040000)
[    7.157001] NetBpfLoad: skipping prog schedcls_tether_upstream6_ether: kernel version 0x50f00bd is outside required range [0x4090000, 0x5040000)
[    7.157004] NetBpfLoad: skipping prog schedcls_tether_downstream6_rawip: kernel version 0x50f00bd is outside required range [0x40e0000, 0x5040000)
[    7.157007] NetBpfLoad: skipping prog schedcls_tether_upstream6_rawip: kernel version 0x50f00bd is outside required range [0x40e0000, 0x5040000)
[    7.157010] NetBpfLoad: skipping prog schedcls_tether_downstream6_rawip: kernel version 0x50f00bd is outside required range [0x4090000, 0x40e0000)
[    7.157012] NetBpfLoad: skipping prog schedcls_tether_upstream6_rawip: kernel version 0x50f00bd is outside required range [0x4090000, 0x40e0000)
[    7.157016] NetBpfLoad: skipping prog schedcls_tether_downstream4_rawip: kernel version 0x50f00bd is outside required range [0x5040000, 0x50a0000)
[    7.157019] NetBpfLoad: skipping prog schedcls_tether_upstream4_rawip: kernel version 0x50f00bd is outside required range [0x5040000, 0x50a0000)
[    7.159085] [EGISFP] do_egisfp_power_onoff : power_pin value = 1 
[    7.159089] [EGISFP] egisfp_ioctl done 
[    7.159151] [EGISFP] egisfp_ioctl : cmd = 0xAD 
[    7.159154] [EGISFP] egisfp_ioctl done 
[    7.200945] printk: netbpfload: 107 output lines suppressed due to ratelimiting
[    7.202310] [EGISFP] egisfp_ioctl : cmd = 0x4 
[    7.202315] [EGISFP] egisfp_ioctl : FP_SENSOR_RESET 
[    7.212796] update_verifier: AIDL IBootControl not available, falling back to HIDL.
[    7.215342] [EGISFP] do_egisfp_reset : reset_pin = 1 
[    7.215344] [EGISFP] egisfp_ioctl done 
[    7.216236] update_verifier: Using HIDL version 1.2 of IBootControl
[    7.216452] update_verifier: Booting slot 0: isSlotMarkedSuccessful=1
[    7.216458] update_verifier: Leaving update_verifier.
[    7.234637] cfg80211: failed to load regulatory.db
[    7.258270] cs40l2x 3-0040: Loaded 20 waveforms from cs40l20.bin, last modified on 2022-10-18
[    7.259755] cs40l2x 3-0040: Firmware revision 10.7.13
[    7.259759] cs40l2x 3-0040: Firmware ID 0x1400D0
[    7.259761] cs40l2x 3-0040: Max. wavetable size: 1860 bytes (XM), 5250 bytes (YM)
[    7.366060] [EGISFP] egisfp_ioctl : cmd = 0x11 
[    7.366069] [EGISFP] egisfp_ioctl : FP_GET_RESOURCE 
[    7.366071] [EGISFP] egisfp_platforminit : Version 20220922 
[    7.366073] [EGISFP] egisfp_platforminit : platform already init 
[    7.366074] [EGISFP] egisfp_ioctl done 
[    7.366097] [EGISFP] egisfp_ioctl : cmd = 0xAD 
[    7.366099] [EGISFP] egisfp_ioctl done 
[    7.366405] [EGISFP] egisfp_ioctl : cmd = 0x4 
[    7.366408] [EGISFP] egisfp_ioctl : FP_SENSOR_RESET 
[    7.379434] [EGISFP] do_egisfp_reset : reset_pin = 1 
[    7.379436] [EGISFP] egisfp_ioctl done 
[    7.379861] [EGISFP] egisfp_ioctl : cmd = 0x4 
[    7.379863] [EGISFP] egisfp_ioctl : FP_SENSOR_RESET 
[    7.392882] [EGISFP] do_egisfp_reset : reset_pin = 1 
[    7.392884] [EGISFP] egisfp_ioctl done 
[    7.394557] remoteproc remoteproc1: powering up 3000000.remoteproc-adsp
[    7.394577] remoteproc remoteproc1: Direct firmware load for adsp.mdt failed with error -2
[    7.394579] remoteproc remoteproc1: Falling back to sysfs fallback for: adsp.mdt
[    7.394808] msm_cvp: sess: init.qti.write. opening cvp instance: 0000000000000000 type 3 cnt 0
[    7.396645] remoteproc remoteproc2: powering up 32300000.remoteproc-cdsp
[    7.396661] remoteproc remoteproc2: Direct firmware load for cdsp.mdt failed with error -2
[    7.396663] remoteproc remoteproc2: Falling back to sysfs fallback for: cdsp.mdt
[    7.396949] msm_cvp:  pwr: cvp (eva) powered on
[    7.396998] msm_cvp ab00000.qcom,cvp: Direct firmware load for evass.mbn failed with error -2
[    7.397001] msm_cvp ab00000.qcom,cvp: Falling back to sysfs fallback for: evass.mbn
[    7.401175] remoteproc remoteproc2: Booting fw image cdsp.mdt, size 5084
[    7.401298] qcom_q6v5_pas 32300000.remoteproc-cdsp: Direct firmware load for cdsp_dtb.mdt failed with error -2
[    7.401304] qcom_q6v5_pas 32300000.remoteproc-cdsp: Falling back to sysfs fallback for: cdsp_dtb.mdt
[    7.406756] qcom_q6v5_pas 32300000.remoteproc-cdsp: Direct firmware load for cdsp_dtb.b02 failed with error -2
[    7.406761] qcom_q6v5_pas 32300000.remoteproc-cdsp: Falling back to sysfs fallback for: cdsp_dtb.b02
[    7.413737] remoteproc remoteproc1: Booting fw image adsp.mdt, size 8364
[    7.413759] qcom_q6v5_pas 3000000.remoteproc-adsp: Direct firmware load for adsp_dtb.mdt failed with error -2
[    7.413761] qcom_q6v5_pas 3000000.remoteproc-adsp: Falling back to sysfs fallback for: adsp_dtb.mdt
[    7.431145] qcom_q6v5_pas 3000000.remoteproc-adsp: Direct firmware load for adsp_dtb.b02 failed with error -2
[    7.431153] qcom_q6v5_pas 3000000.remoteproc-adsp: Falling back to sysfs fallback for: adsp_dtb.b02
[    7.436810] qcom rproc: 188101c.remoteproc-spss: recovery disabled
[    7.436851] qcom rproc: 188101c.remoteproc-spss: recovery disabled
[    7.436878] qcom rproc: 188101c.remoteproc-spss: recovery disabled
[    7.436903] qcom rproc: 188101c.remoteproc-spss: recovery disabled
[    7.436928] qcom rproc: 188101c.remoteproc-spss: recovery disabled
[    7.436961] qcom rproc: 188101c.remoteproc-spss: recovery disabled
[    7.441446] qcom_q6v5_pas 32300000.remoteproc-cdsp: Direct firmware load for cdsp_dtb.b01 failed with error -2
[    7.441453] qcom_q6v5_pas 32300000.remoteproc-cdsp: Falling back to sysfs fallback for: cdsp_dtb.b01
[    7.450117] qcom rproc: 3000000.remoteproc-adsp: recovery enabled
[    7.451422] adsprpc: fastrpc_restart_notifier_cb: subsystem cdsp is about to start
[    7.456923] qcom_q6v5_pas 3000000.remoteproc-adsp: Direct firmware load for adsp_dtb.b01 failed with error -2
[    7.456930] qcom_q6v5_pas 3000000.remoteproc-adsp: Falling back to sysfs fallback for: adsp_dtb.b01
[    7.463572] adsprpc: fastrpc_restart_notifier_cb: subsystem lpass is about to start
[    7.466935] qcom_q6v5_pas 32300000.remoteproc-cdsp: Direct firmware load for cdsp.b15 failed with error -2
[    7.466942] qcom_q6v5_pas 32300000.remoteproc-cdsp: Falling back to sysfs fallback for: cdsp.b15
[    7.481863] synx: session 0 not available, pid: 1453
[    7.481872] synx: synx_uninitialize: invalid session id 0
[    7.481874] msm_cvp: init.qti.write.: closed cvp instance: 0000000000000000 session_id = 0 type 3 0
[    7.482293] qcom_q6v5_pas 3000000.remoteproc-adsp: Direct firmware load for adsp.b56 failed with error -2
[    7.482297] qcom_q6v5_pas 3000000.remoteproc-adsp: Falling back to sysfs fallback for: adsp.b56
[    7.514176] qcom_q6v5_pas 32300000.remoteproc-cdsp: Direct firmware load for cdsp.b01 failed with error -2
[    7.514185] qcom_q6v5_pas 32300000.remoteproc-cdsp: Falling back to sysfs fallback for: cdsp.b01
[    7.514777] qcom_q6v5_pas 3000000.remoteproc-adsp: Direct firmware load for adsp.b01 failed with error -2
[    7.514781] qcom_q6v5_pas 3000000.remoteproc-adsp: Falling back to sysfs fallback for: adsp.b01
[    7.519831] qcom_q6v5_pas 32300000.remoteproc-cdsp: Direct firmware load for cdsp.b02 failed with error -2
[    7.519836] qcom_q6v5_pas 32300000.remoteproc-cdsp: Falling back to sysfs fallback for: cdsp.b02
[    7.521887] qcom_q6v5_pas 3000000.remoteproc-adsp: Direct firmware load for adsp.b02 failed with error -2
[    7.521891] qcom_q6v5_pas 3000000.remoteproc-adsp: Falling back to sysfs fallback for: adsp.b02
[    7.528483] qcom_q6v5_pas 32300000.remoteproc-cdsp: Direct firmware load for cdsp.b03 failed with error -2
[    7.528487] qcom_q6v5_pas 32300000.remoteproc-cdsp: Falling back to sysfs fallback for: cdsp.b03
[    7.530686] qcom_q6v5_pas 32300000.remoteproc-cdsp: Direct firmware load for cdsp.b04 failed with error -2
[    7.530690] qcom_q6v5_pas 32300000.remoteproc-cdsp: Falling back to sysfs fallback for: cdsp.b04
[    7.555778] qcom_q6v5_pas 32300000.remoteproc-cdsp: Direct firmware load for cdsp.b05 failed with error -2
[    7.555785] qcom_q6v5_pas 32300000.remoteproc-cdsp: Falling back to sysfs fallback for: cdsp.b05
[    7.556808] qcom_q6v5_pas 3000000.remoteproc-adsp: Direct firmware load for adsp.b03 failed with error -2
[    7.556813] qcom_q6v5_pas 3000000.remoteproc-adsp: Falling back to sysfs fallback for: adsp.b03
[    7.559102] qcom_q6v5_pas 32300000.remoteproc-cdsp: Direct firmware load for cdsp.b06 failed with error -2
[    7.559107] qcom_q6v5_pas 32300000.remoteproc-cdsp: Falling back to sysfs fallback for: cdsp.b06
[    7.560381] qcom_q6v5_pas 3000000.remoteproc-adsp: Direct firmware load for adsp.b04 failed with error -2
[    7.560384] qcom_q6v5_pas 3000000.remoteproc-adsp: Falling back to sysfs fallback for: adsp.b04
[    7.562135] qcom_q6v5_pas 32300000.remoteproc-cdsp: Direct firmware load for cdsp.b07 failed with error -2
[    7.562154] qcom_q6v5_pas 32300000.remoteproc-cdsp: Falling back to sysfs fallback for: cdsp.b07
[    7.564536] qcom_q6v5_pas 3000000.remoteproc-adsp: Direct firmware load for adsp.b05 failed with error -2
[    7.564540] qcom_q6v5_pas 3000000.remoteproc-adsp: Falling back to sysfs fallback for: adsp.b05
[    7.566248] qcom_q6v5_pas 32300000.remoteproc-cdsp: Direct firmware load for cdsp.b08 failed with error -2
[    7.566252] qcom_q6v5_pas 32300000.remoteproc-cdsp: Falling back to sysfs fallback for: cdsp.b08
[    7.570223] qcom_q6v5_pas 3000000.remoteproc-adsp: Direct firmware load for adsp.b06 failed with error -2
[    7.570227] qcom_q6v5_pas 3000000.remoteproc-adsp: Falling back to sysfs fallback for: adsp.b06
[    7.573041] qcom_q6v5_pas 32300000.remoteproc-cdsp: Direct firmware load for cdsp.b09 failed with error -2
[    7.573045] qcom_q6v5_pas 32300000.remoteproc-cdsp: Falling back to sysfs fallback for: cdsp.b09
[    7.573441] qcom_q6v5_pas 3000000.remoteproc-adsp: Direct firmware load for adsp.b07 failed with error -2
[    7.573445] qcom_q6v5_pas 3000000.remoteproc-adsp: Falling back to sysfs fallback for: adsp.b07
[    7.576451] qcom_q6v5_pas 32300000.remoteproc-cdsp: Direct firmware load for cdsp.b10 failed with error -2
[    7.576455] qcom_q6v5_pas 32300000.remoteproc-cdsp: Falling back to sysfs fallback for: cdsp.b10
[    7.578929] qcom_q6v5_pas 3000000.remoteproc-adsp: Direct firmware load for adsp.b08 failed with error -2
[    7.578932] qcom_q6v5_pas 3000000.remoteproc-adsp: Falling back to sysfs fallback for: adsp.b08
[    7.581176] qcom_q6v5_pas 32300000.remoteproc-cdsp: Direct firmware load for cdsp.b11 failed with error -2
[    7.581179] qcom_q6v5_pas 32300000.remoteproc-cdsp: Falling back to sysfs fallback for: cdsp.b11
[    7.585623] qcom_q6v5_pas 3000000.remoteproc-adsp: Direct firmware load for adsp.b09 failed with error -2
[    7.585628] qcom_q6v5_pas 3000000.remoteproc-adsp: Falling back to sysfs fallback for: adsp.b09
[    7.585733] qcom_q6v5_pas 32300000.remoteproc-cdsp: Direct firmware load for cdsp.b12 failed with error -2
[    7.585737] qcom_q6v5_pas 32300000.remoteproc-cdsp: Falling back to sysfs fallback for: cdsp.b12
[    7.589242] qcom_q6v5_pas 3000000.remoteproc-adsp: Direct firmware load for adsp.b10 failed with error -2
[    7.589246] qcom_q6v5_pas 3000000.remoteproc-adsp: Falling back to sysfs fallback for: adsp.b10
[    7.589803] qcom_q6v5_pas 32300000.remoteproc-cdsp: Direct firmware load for cdsp.b13 failed with error -2
[    7.589807] qcom_q6v5_pas 32300000.remoteproc-cdsp: Falling back to sysfs fallback for: cdsp.b13
[    7.591562] qcom_q6v5_pas 3000000.remoteproc-adsp: Direct firmware load for adsp.b11 failed with error -2
[    7.591566] qcom_q6v5_pas 3000000.remoteproc-adsp: Falling back to sysfs fallback for: adsp.b11
[    7.595751] qcom_q6v5_pas 3000000.remoteproc-adsp: Direct firmware load for adsp.b12 failed with error -2
[    7.595755] qcom_q6v5_pas 3000000.remoteproc-adsp: Falling back to sysfs fallback for: adsp.b12
[    7.598351] qcom_q6v5_pas 3000000.remoteproc-adsp: Direct firmware load for adsp.b13 failed with error -2
[    7.598354] qcom_q6v5_pas 3000000.remoteproc-adsp: Falling back to sysfs fallback for: adsp.b13
[    7.602343] qcom_q6v5_pas 3000000.remoteproc-adsp: Direct firmware load for adsp.b14 failed with error -2
[    7.602347] qcom_q6v5_pas 3000000.remoteproc-adsp: Falling back to sysfs fallback for: adsp.b14
[    7.605532] qcom_q6v5_pas 3000000.remoteproc-adsp: Direct firmware load for adsp.b15 failed with error -2
[    7.605535] qcom_q6v5_pas 3000000.remoteproc-adsp: Falling back to sysfs fallback for: adsp.b15
[    7.608839] qcom_q6v5_pas 3000000.remoteproc-adsp: Direct firmware load for adsp.b16 failed with error -2
[    7.608843] qcom_q6v5_pas 3000000.remoteproc-adsp: Falling back to sysfs fallback for: adsp.b16
[    7.612814] qcom_q6v5_pas 3000000.remoteproc-adsp: Direct firmware load for adsp.b17 failed with error -2
[    7.612818] qcom_q6v5_pas 3000000.remoteproc-adsp: Falling back to sysfs fallback for: adsp.b17
[    7.616087] qcom_q6v5_pas 3000000.remoteproc-adsp: Direct firmware load for adsp.b18 failed with error -2
[    7.616091] qcom_q6v5_pas 3000000.remoteproc-adsp: Falling back to sysfs fallback for: adsp.b18
[    7.620875] qcom_q6v5_pas 3000000.remoteproc-adsp: Direct firmware load for adsp.b19 failed with error -2
[    7.620879] qcom_q6v5_pas 3000000.remoteproc-adsp: Falling back to sysfs fallback for: adsp.b19
[    7.622798] cnss: MHI status cb is called with reason MISSION_MODE(5)
[    7.622800] cnss: Notify MHI to use already allocated images
[    7.622814] cnss: Disable ADSP power collapse
[    7.622821] cnss: PM relax, state: 0x2c00008, count: 0
[    7.626219] cnss: Setting link speed:0x2, width:0x1
[    7.628171] qcom_q6v5_pas 3000000.remoteproc-adsp: Direct firmware load for adsp.b20 failed with error -2
[    7.628174] qcom_q6v5_pas 3000000.remoteproc-adsp: Falling back to sysfs fallback for: adsp.b20
[    7.634881] qcom_q6v5_pas 3000000.remoteproc-adsp: Direct firmware load for adsp.b21 failed with error -2
[    7.634885] qcom_q6v5_pas 3000000.remoteproc-adsp: Falling back to sysfs fallback for: adsp.b21
[    7.635794] cnss: WLFW server arriving: node 7 port 1
[    7.635799] cnss: Posting event: SERVER_ARRIVE(0), state: 0x2c00008 flags: 0x0
[    7.635802] cnss: PM stay awake, state: 0x2c00008, count: 1
[    7.635806] cnss: PM relax, state: 0x2c00008, count: 0
[    7.636374] cnss: PM stay awake, state: 0x2c00008, count: 1
[    7.636377] cnss: Processing driver event: SERVER_ARRIVE(0), state: 0x2c00008
[    7.636379] cnss: QMI WLFW service connected, state: 0x2c00009
[    7.636381] cnss: Sending indication register message, state: 0x2c00009
[    7.638332] qcom_q6v5_pas 3000000.remoteproc-adsp: Direct firmware load for adsp.b22 failed with error -2
[    7.638335] qcom_q6v5_pas 3000000.remoteproc-adsp: Falling back to sysfs fallback for: adsp.b22
[    7.638582] cnss: Sending host capability message, state: 0x2c00009
[    7.638588] cnss: Number of clients is 1
[    7.638592] cnss: Assign MSI to user: WAKE, num_vectors: 1, user_base_data: 13, base_vector: 13
[    7.638595] cnss: WAKE MSI base data is 13
[    7.638597] cnss: Calibration done is 0
[    7.638599] cnss: Sending iova starting 0xa0000000 with size 0x10010000
[    7.638601] cnss: Sending feature list 0x6
[    7.640668] cnss: Received QMI WLFW request memory indication
[    7.640672] cnss: PM relax, state: 0x2c00009, count: 0
[    7.640674] cnss: FW requests for memory, size: 0x6f0000, type: 1
[    7.640678] cnss: FW requests for memory, size: 0x810000, type: 4
[    7.640681] cnss: Posting event: REQUEST_MEM(2), state: 0x2c00009 flags: 0x0
[    7.640686] cnss: PM stay awake, state: 0x2c00009, count: 1
[    7.640693] cnss: PM relax, state: 0x2c00009, count: 0
[    7.640698] cnss: PM stay awake, state: 0x2c00009, count: 1
[    7.640701] cnss: Processing driver event: REQUEST_MEM(2), state: 0x2c00009
[    7.644260] qcom_q6v5_pas 3000000.remoteproc-adsp: Direct firmware load for adsp.b23 failed with error -2
[    7.644268] qcom_q6v5_pas 3000000.remoteproc-adsp: Falling back to sysfs fallback for: adsp.b23
[    7.644648] cnss: Sending respond memory message, state: 0x2c00009
[    7.644656] cnss: Memory for FW, va: 0x0000000000000000, pa: 0x00000000a1800000, size: 0x6f0000, type: 1
[    7.644660] cnss: Memory for FW, va: 0x0000000000000000, pa: 0x00000000a2000000, size: 0x810000, type: 4
[    7.647411] adsprpc: fastrpc_restart_notifier_cb: cdsp subsystem is up
[    7.647417] remoteproc remoteproc2: remote processor 32300000.remoteproc-cdsp is now up
[    7.648107] qcom_smd_qrtr_probe:SMD QRTR driver probed
[    7.648517] coresight-remote-etm soc:turing_etm0: Connection established between QMI handle and 13 service
[    7.651134] qcom_q6v5_pas 3000000.remoteproc-adsp: Direct firmware load for adsp.b24 failed with error -2
[    7.651138] qcom_q6v5_pas 3000000.remoteproc-adsp: Falling back to sysfs fallback for: adsp.b24
[    7.651361] cnss: PM relax, state: 0x2c00009, count: 0
[    7.651531] Info: adsprpc (97): kworker/0:4: fastrpc_rpmsg_probe: opened rpmsg channel for cdsp
[    7.652940] cdsprm: resmgr pdkill config set to 0
[    7.653608] msm_cvp: warn: cvp_dsp_send_hfi_queue: Done init of HFI queue headers
[    7.653639] cnss: Received QMI WLFW FW memory ready indication
[    7.653646] cnss: Posting event: FW_MEM_READY(3), state: 0x2c00009 flags: 0x0
[    7.653649] cnss: PM stay awake, state: 0x2c00009, count: 1
[    7.653657] cnss: PM relax, state: 0x2c00009, count: 0
[    7.653666] cnss: PM stay awake, state: 0x2c00009, count: 1
[    7.653673] cnss: Processing driver event: FW_MEM_READY(3), state: 0x2c00009
[    7.653676] cnss: Sending target capability message, state: 0x2c0000b
[    7.655071] qcom,msm_ipclite_rpmsg 32300000.remoteproc-cdsp:glink-edge.ipcliteglink-apps-dsp.-1.-1: rpmsg_probe for ipc_lite done
[    7.656109] cnss: Device frequency is 19200000 HZ
[    7.656119] cnss: FW_PMU Data: VDD_PMU_AON_I 1 900 0 450
[    7.656122] cnss: VDD_PMU_AON_I mapped to s4e
[    7.656124] cnss: Plat VReg Data: s4e 914 0
[    7.656126] cnss: FW_PMU Data: VDD095_PMU 1 930 0 475
[    7.656128] cnss: VDD095_PMU mapped to s5g
[    7.656129] cnss: Plat VReg Data: s5g 946 0
[    7.656131] cnss: FW_PMU Data: VDD095_MX_PMU 1 960 0 540
[    7.656132] cnss: VDD095_MX_PMU mapped to s2g
[    7.656134] cnss: Plat VReg Data: s2g 974 0
[    7.656135] cnss: FW_PMU Data: VDD095_PMU_BT 1 900 0 540
[    7.656137] cnss: VDD095_PMU_BT mapped to s4e
[    7.656138] cnss: Plat VReg Data: s4e 914 0
[    7.656140] cnss: FW_PMU Data: VDD09_PMU_RFA_I 1 850 0 0
[    7.656141] cnss: VDD09_PMU_RFA_I mapped to s4e
[    7.656143] cnss: Plat VReg Data: s4e 914 0
[    7.656144] cnss: FW_PMU Data: VDD13_PMU_PCIE_I 1 1025 0 0
[    7.656146] cnss: VDD13_PMU_PCIE_I mapped to s4g
[    7.656148] cnss: Plat VReg Data: s4g 1042 0
[    7.656149] cnss: FW_PMU Data: VDD13_PMU_RFA_I 1 1300 0 0
[    7.656151] cnss: VDD13_PMU_RFA_I mapped to s4g
[    7.656152] cnss: Plat VReg Data: s4g 1314 0
[    7.656154] cnss: FW_PMU Data: VDD19_PMU_PCIE_I 1 1850 0 0
[    7.656156] cnss: VDD19_PMU_PCIE_I mapped to s6g
[    7.656157] cnss: Plat VReg Data: s6g 1866 0
[    7.656158] cnss: FW_PMU Data: VDD19_PMU_RFA_I 1 1850 0 0
[    7.656160] cnss: VDD19_PMU_RFA_I mapped to s6g
[    7.656162] cnss: Plat VReg Data: s6g 1866 0
[    7.656164] cnss: s4e mapped to rf
[    7.656166] cnss: Sending AOP Mbox msg: {class: wlan_pdc, ss: rf, res: s4e.v, upval: 914}
[    7.656653] cnss: s5g mapped to bb
[    7.656660] cnss: Sending AOP Mbox msg: {class: wlan_pdc, ss: bb, res: s5g.v, upval: 946}
[    7.657080] cnss: s2g mapped to bb
[    7.657089] cnss: Sending AOP Mbox msg: {class: wlan_pdc, ss: bb, res: s2g.v, upval: 974}
[    7.657499] cnss: s4g mapped to rf
[    7.657502] cnss: Sending AOP Mbox msg: {class: wlan_pdc, ss: rf, res: s4g.v, upval: 1314}
[    7.657908] cnss: s6g mapped to rf
[    7.657912] cnss: Sending AOP Mbox msg: {class: wlan_pdc, ss: rf, res: s6g.v, upval: 1866}
[    7.658089] qcom_q6v5_pas 3000000.remoteproc-adsp: Direct firmware load for adsp.b25 failed with error -2
[    7.658093] qcom_q6v5_pas 3000000.remoteproc-adsp: Falling back to sysfs fallback for: adsp.b25
[    7.658331] cnss: Target capability: chip_id: 0x2, chip_family: 0x4, board_id: 0x31, soc_id: 0x40170200, otp_version: 0x0
[    7.658338] cnss: fw_version: 0x110c8586, fw_build_timestamp: 2025-08-25 13:49, fw_build_id: QC_IMAGE_VERSION_STRING=WLAN.HMT.1.1-01414.6-QCAHMTSWPL_V1.0_V2.0_SILICONZ-1.121323.2.124673.3, hwid_bitmap:0x0
[    7.658341] cnss: Hang event params, Length: 0x180, Offset Address: 0x1ec000
[    7.658344] cnss: Sending BDF download message, state: 0x2c0000b, type: 4
[    7.658349] cnss: FW name added with prefix: kiwi/regdb.bin
[    7.668525] cnss: Downloading BDF: kiwi/regdb.bin, size: 24278
[    7.671685] qcom_q6v5_pas 3000000.remoteproc-adsp: Direct firmware load for adsp.b26 failed with error -2
[    7.671691] qcom_q6v5_pas 3000000.remoteproc-adsp: Falling back to sysfs fallback for: adsp.b26
[    7.674632] qcom_q6v5_pas 3000000.remoteproc-adsp: Direct firmware load for adsp.b27 failed with error -2
[    7.674636] qcom_q6v5_pas 3000000.remoteproc-adsp: Falling back to sysfs fallback for: adsp.b27
[    7.677809] qcom_q6v5_pas 3000000.remoteproc-adsp: Direct firmware load for adsp.b28 failed with error -2
[    7.677814] qcom_q6v5_pas 3000000.remoteproc-adsp: Falling back to sysfs fallback for: adsp.b28
[    7.680879] qcom_q6v5_pas 3000000.remoteproc-adsp: Direct firmware load for adsp.b29 failed with error -2
[    7.680884] qcom_q6v5_pas 3000000.remoteproc-adsp: Falling back to sysfs fallback for: adsp.b29
[    7.681383] cnss: INI File 1 download
[    7.683670] qcom_q6v5_pas 3000000.remoteproc-adsp: Direct firmware load for adsp.b30 failed with error -2
[    7.683674] qcom_q6v5_pas 3000000.remoteproc-adsp: Falling back to sysfs fallback for: adsp.b30
[    7.686794] cnss: Failed to get INI file wlan-connection-roaming.ini (-2), Backup file: Supported
[    7.689053] qcom_q6v5_pas 3000000.remoteproc-adsp: Direct firmware load for adsp.b31 failed with error -2
[    7.689062] qcom_q6v5_pas 3000000.remoteproc-adsp: Falling back to sysfs fallback for: adsp.b31
[    7.691439] cnss: Failed to get INI file wlan-connection-roaming-backup.ini (-2)
[    7.691449] cnss: Sending BDF download message, state: 0x2c0000b, type: 1
[    7.691459] cnss: FW name added with prefix: kiwi/bdwlan.e31
[    7.702105] qcom_q6v5_pas 3000000.remoteproc-adsp: Direct firmware load for adsp.b33 failed with error -2
[    7.702109] qcom_q6v5_pas 3000000.remoteproc-adsp: Falling back to sysfs fallback for: adsp.b33
[    7.702432] cnss: Downloading BDF: kiwi/bdwlan.e31, size: 88760
[    7.704855] qcom_q6v5_pas 3000000.remoteproc-adsp: Direct firmware load for adsp.b34 failed with error -2
[    7.704858] qcom_q6v5_pas 3000000.remoteproc-adsp: Falling back to sysfs fallback for: adsp.b34
[    7.707690] qcom_q6v5_pas 3000000.remoteproc-adsp: Direct firmware load for adsp.b35 failed with error -2
[    7.707694] qcom_q6v5_pas 3000000.remoteproc-adsp: Falling back to sysfs fallback for: adsp.b35
[    7.710356] qcom_q6v5_pas 3000000.remoteproc-adsp: Direct firmware load for adsp.b36 failed with error -2
[    7.710360] qcom_q6v5_pas 3000000.remoteproc-adsp: Falling back to sysfs fallback for: adsp.b36
[    7.716794] qcom_q6v5_pas 3000000.remoteproc-adsp: Direct firmware load for adsp.b38 failed with error -2
[    7.716799] qcom_q6v5_pas 3000000.remoteproc-adsp: Falling back to sysfs fallback for: adsp.b38
[    7.720436] qcom_q6v5_pas 3000000.remoteproc-adsp: Direct firmware load for adsp.b39 failed with error -2
[    7.720441] qcom_q6v5_pas 3000000.remoteproc-adsp: Falling back to sysfs fallback for: adsp.b39
[    7.722874] qcom_q6v5_pas 3000000.remoteproc-adsp: Direct firmware load for adsp.b40 failed with error -2
[    7.722879] qcom_q6v5_pas 3000000.remoteproc-adsp: Falling back to sysfs fallback for: adsp.b40
[    7.725602] qcom_q6v5_pas 3000000.remoteproc-adsp: Direct firmware load for adsp.b41 failed with error -2
[    7.725606] qcom_q6v5_pas 3000000.remoteproc-adsp: Falling back to sysfs fallback for: adsp.b41
[    7.729514] qcom_q6v5_pas 3000000.remoteproc-adsp: Direct firmware load for adsp.b42 failed with error -2
[    7.729518] qcom_q6v5_pas 3000000.remoteproc-adsp: Falling back to sysfs fallback for: adsp.b42
[    7.733735] qcom_q6v5_pas 3000000.remoteproc-adsp: Direct firmware load for adsp.b43 failed with error -2
[    7.733738] qcom_q6v5_pas 3000000.remoteproc-adsp: Falling back to sysfs fallback for: adsp.b43
[    7.742818] qcom_q6v5_pas 3000000.remoteproc-adsp: Direct firmware load for adsp.b44 failed with error -2
[    7.742822] qcom_q6v5_pas 3000000.remoteproc-adsp: Falling back to sysfs fallback for: adsp.b44
[    7.745734] cnss: Host BDF config: HW_XPA: 1 CalDB: 0
[    7.745743] cnss: FW name added with prefix: kiwi/phy_ucode20.elf
[    7.746236] qcom_q6v5_pas 3000000.remoteproc-adsp: Direct firmware load for adsp.b45 failed with error -2
[    7.746239] qcom_q6v5_pas 3000000.remoteproc-adsp: Falling back to sysfs fallback for: adsp.b45
[    7.748314] cnss: Sending M3 information message, state: 0x2c0000b
[    7.748321] cnss: M3 memory, va: 0x0000000000000000, pa: 0x00000000a2a00000, size: 0x4926c
[    7.749431] qcom_q6v5_pas 3000000.remoteproc-adsp: Direct firmware load for adsp.b46 failed with error -2
[    7.749434] qcom_q6v5_pas 3000000.remoteproc-adsp: Falling back to sysfs fallback for: adsp.b46
[    7.751124] cnss: Sending QDSS config download message, state: 0x2c0000b
[    7.751131] cnss: FW name added with prefix: kiwi/qdss_trace_config_v2.cfg
[    7.752154] qcom_q6v5_pas 3000000.remoteproc-adsp: Direct firmware load for adsp.b47 failed with error -2
[    7.752157] qcom_q6v5_pas 3000000.remoteproc-adsp: Falling back to sysfs fallback for: adsp.b47
[    7.754779] cnss: Downloading QDSS: kiwi/qdss_trace_config_v2.cfg, size: 4911
[    7.756959] qcom_q6v5_pas 3000000.remoteproc-adsp: Direct firmware load for adsp.b48 failed with error -2
[    7.756963] qcom_q6v5_pas 3000000.remoteproc-adsp: Falling back to sysfs fallback for: adsp.b48
[    7.758271] cnss: PM relax, state: 0x2c0000b, count: 0
[    7.759436] qcom_q6v5_pas 3000000.remoteproc-adsp: Direct firmware load for adsp.b49 failed with error -2
[    7.759439] qcom_q6v5_pas 3000000.remoteproc-adsp: Falling back to sysfs fallback for: adsp.b49
[    7.762918] qcom_q6v5_pas 3000000.remoteproc-adsp: Direct firmware load for adsp.b50 failed with error -2
[    7.762921] qcom_q6v5_pas 3000000.remoteproc-adsp: Falling back to sysfs fallback for: adsp.b50
[    7.765252] cnss: Received QMI WLFW FW initialization done indication
[    7.765258] cnss: Posting event: FW_READY(4), state: 0x2c0000b flags: 0x0
[    7.765262] cnss: PM stay awake, state: 0x2c0000b, count: 1
[    7.765269] cnss: PM relax, state: 0x2c0000b, count: 0
[    7.765277] cnss: PM stay awake, state: 0x2c0000b, count: 1
[    7.765278] cnss: Processing driver event: FW_READY(4), state: 0x2c0000b
[    7.765280] cnss: Processing FW Init Done..
[    7.765282] cnss: PCIE Gen speed not setup
[    7.765284] cnss: Sending antenna switch sync request, state: 0x2c0000f
[    7.765477] qcom_q6v5_pas 3000000.remoteproc-adsp: Direct firmware load for adsp.b51 failed with error -2
[    7.765480] qcom_q6v5_pas 3000000.remoteproc-adsp: Falling back to sysfs fallback for: adsp.b51
[    7.767086] cnss: Antenna switch request failed, result: 1, err: 94
[    7.767092] cnss: CAL DB file not required as per BDF
[    7.767095] cnss: Sending cal file report request. File size: 8454144, state: 0x2c0000f
[    7.768696] qcom_q6v5_pas 3000000.remoteproc-adsp: Direct firmware load for adsp.b52 failed with error -2
[    7.768700] qcom_q6v5_pas 3000000.remoteproc-adsp: Falling back to sysfs fallback for: adsp.b52
[    7.771392] cnss: Sending mode message, mode: CALIBRATION(7), state: 0x2c0000f
[    7.772484] qcom_q6v5_pas 3000000.remoteproc-adsp: Direct firmware load for adsp.b53 failed with error -2
[    7.772488] qcom_q6v5_pas 3000000.remoteproc-adsp: Falling back to sysfs fallback for: adsp.b53
[    7.776077] qcom_q6v5_pas 3000000.remoteproc-adsp: Direct firmware load for adsp.b54 failed with error -2
[    7.776082] qcom_q6v5_pas 3000000.remoteproc-adsp: Falling back to sysfs fallback for: adsp.b54
[    7.942285] cnss: Removing vote for Regulator vdd-wlan-rfa2
[    7.942313] cnss: Removing vote for Regulator vdd-wlan-rfa1
[    7.942328] cnss: Removing vote for Regulator vdd-wlan-dig
[    7.942342] cnss: Removing vote for Regulator vdd-wlan-aon
[    7.942353] cnss: Removing vote for Regulator vdd-wlan
[    7.942365] cnss: Removing vote for Regulator vdd-wlan-io
[    7.942369] cnss: PM relax, state: 0x2c0000f, count: 0
[    7.942424] cnss: Received QMI WLFW pin connect result indication
[    7.942430] cnss: Pin connect Result: pwr_pin: 0x1 phy_io_pin: 0x0 rf_io_pin: 0x0
[    8.016496] [EGISFP] egisfp_ioctl : cmd = 0x7 
[    8.016502] [EGISFP] egisfp_ioctl : FP_RESET_SET 
[    8.016504] [EGISFP] do_egisfp_reset_set : reset_high_low = 0 
[    8.016521] [EGISFP] do_egisfp_reset_set : reset_pin value = 0 
[    8.016522] [EGISFP] egisfp_ioctl done 
[    8.016528] [EGISFP] egisfp_ioctl : cmd = 0x5 
[    8.016530] [EGISFP] egisfp_ioctl : FP_POWER_ONOFF 
[    8.016531] [EGISFP] do_egisfp_power_onoff : power_onoff = 0 
[    8.016719] [EGISFP] egisfp_vreg_setup : regulator disable, ret = 0 
[    8.039976] adsprpc: fastrpc_restart_notifier_cb: lpass subsystem is up
[    8.039983] remoteproc remoteproc1: remote processor 3000000.remoteproc-adsp is now up
[    8.040266] cnss: DRV subsystem is connected
[    8.041102] qcom_smd_qrtr_probe:SMD QRTR driver probed
[    8.041494] coresight-remote-etm soc:audio_etm0: Connection established between QMI handle and 5 service
[    8.045186] Info: adsprpc (97): kworker/0:4: fastrpc_rpmsg_probe: opened rpmsg channel for lpass
[    8.046167] qcom,gpr 3000000.remoteproc-adsp:glink-edge.adsp_apps.-1.-1: Adding GPR dev: gprsvc:spf_core:2:3
[    8.046552] spf_core_probe
[    8.046880] qcom,gpr 3000000.remoteproc-adsp:glink-edge.adsp_apps.-1.-1: Adding GPR dev: gprsvc:audio-pkt:2:17
[    8.047751] qcom,gpr 3000000.remoteproc-adsp:glink-edge.adsp_apps.-1.-1: Adding GPR dev: gprsvc:q6prm:2:7
[    8.048025] spf_core_add_child_devices:enumarate machine driver
[    8.048036] spf-core-platform soc:spf_core_platform: __spf_core_is_apm_ready: send_command ret
[    8.048045] qcom,gpr 3000000.remoteproc-adsp:glink-edge.adsp_apps.-1.-1: gpr_send_pkt: domain_id[2], Still Dsp is not Up
[    8.048129] audio_notifier_reg_service: service PDR_ADSP is in use
[    8.048135] audio_prm_service_cb: Service opcode 0x0
[    8.048140] audio_prm_probe: prm probe success
[    8.048278] qcom,gpr 3000000.remoteproc-adsp:glink-edge.adsp_apps.-1.-1: gpr_probe: gpr-lite probe success
[    8.048556] qcom,gpr 3000000.remoteproc-adsp:glink-edge.adsp_apps.-1.-1: gpr_notifier_register: registered via subsys_notif_register for domain id(2)
[    8.048826] adsp_sleepmon: Received ADSP version 0x2
[    8.049981] qcom rproc: 32300000.remoteproc-cdsp: recovery disabled
[    8.050024] qcom rproc: 32300000.remoteproc-cdsp: recovery enabled
[    8.058582] qcom rproc: 4080000.remoteproc-mss: recovery disabled
[    8.058618] qcom rproc: 4080000.remoteproc-mss: recovery disabled
[    8.058644] qcom rproc: 4080000.remoteproc-mss: recovery disabled
[    8.058674] qcom rproc: 4080000.remoteproc-mss: recovery enabled
[    8.067093] cnss: Enable WLAN recovery, count is 2
[    8.067102] cnss: Disable PCSS recovery, count is 2
[    8.067104] cnss: Sending pcss recovery status: 0
[    8.069176] cnss: req 55 success
[    8.071134] [EGISFP] do_egisfp_power_onoff : power_pin value = 0 
[    8.071138] [EGISFP] egisfp_ioctl done 
[    8.072663] init: wait for '/sys/class/leds/cs40l25:vibrator/device' took 0ms
[    8.092705] read descriptors
[    8.092713] read strings
[    8.092780] read descriptors
[    8.092783] read strings
[    8.093984] read descriptors
[    8.093990] read strings
[    8.098142] spf-core-platform soc:spf_core_platform: __spf_core_is_apm_ready: send_command ret
[    8.098165] qcom,gpr 3000000.remoteproc-adsp:glink-edge.adsp_apps.-1.-1: gpr_send_pkt: domain_id[2], Still Dsp is not Up
[    8.148254] spf-core-platform soc:spf_core_platform: __spf_core_is_apm_ready: send_command ret
[    8.148282] qcom,gpr 3000000.remoteproc-adsp:glink-edge.adsp_apps.-1.-1: gpr_send_pkt: domain_id[2], Still Dsp is not Up
[    8.198374] spf-core-platform soc:spf_core_platform: __spf_core_is_apm_ready: send_command ret
[    8.198402] qcom,gpr 3000000.remoteproc-adsp:glink-edge.adsp_apps.-1.-1: gpr_send_pkt: domain_id[2], Still Dsp is not Up
[    8.240270] i2c_geni 888000.i2c: i2c error :-107
[    8.248491] spf-core-platform soc:spf_core_platform: __spf_core_is_apm_ready: send_command ret
[    8.248520] qcom,gpr 3000000.remoteproc-adsp:glink-edge.adsp_apps.-1.-1: gpr_send_pkt: domain_id[2], Still Dsp is not Up
[    8.298733] spf-core-platform soc:spf_core_platform: __spf_core_is_apm_ready: send_command ret
[    8.298763] qcom,gpr 3000000.remoteproc-adsp:glink-edge.adsp_apps.-1.-1: gpr_send_pkt: domain_id[2], Still Dsp is not Up
[    8.348861] spf-core-platform soc:spf_core_platform: __spf_core_is_apm_ready: send_command ret
[    8.348890] qcom,gpr 3000000.remoteproc-adsp:glink-edge.adsp_apps.-1.-1: gpr_send_pkt: domain_id[2], Still Dsp is not Up
[    8.398995] spf-core-platform soc:spf_core_platform: __spf_core_is_apm_ready: send_command ret
[    8.399029] qcom,gpr 3000000.remoteproc-adsp:glink-edge.adsp_apps.-1.-1: gpr_send_pkt: domain_id[2], Still Dsp is not Up
[    8.417745] PDR: service lookup for msm/adsp/charger_pd:tms/servreg failed: -6
[    8.418086] adsprpc: fastrpc_pdr_cb: msm/adsp/audio_pd (audio_pdr_adsprpc) is up for PDR on lpass
[    8.418366] audio_notifier_service_cb: service PDR_ADSP, opcode 0x1
[    8.418373] qcom,gpr 3000000.remoteproc-adsp:glink-edge.adsp_apps.-1.-1: gpr_adsp_up: Q6 is Up
[    8.418377] audio_prm_service_cb: Service opcode 0x1
[    8.418673] adsprpc: fastrpc_pdr_cb: msm/adsp/sensor_pd (sensors_pdr_adsprpc) is up for PDR on lpass
[    8.421412] Error: adsprpc (4256): sscrpcd: fastrpc_get_info_from_dsp: could not obtain dsp information, err val -2147482112
[    8.427029] msm_vidc:     fw: <VFW_E:HostDr:unkn:--------:--> VenusHostDriver_ParseC2SysPacket(1072): licence unique code is not matched
[    8.449155] spf-core-platform soc:spf_core_platform: __spf_core_is_apm_ready: send_command ret
[    8.449344] qcom-spf_core gprsvc:spf_core:2:3: spf_core_callback: Payload 2001007
[    8.449352] qcom-spf_core gprsvc:spf_core:2:3: spf_core_callback: sucess response received
[    8.449388] spf-core-platform soc:spf_core_platform: spf_core_add_child_devices: apm is up
[    8.450471] msm-audio-ion soc:spf_core_platform:qcom,msm-audio-ion: Adding to iommu group 52
[    8.451001] rmt_storage:INFO:check_support_using_libmdm: Modem subsystem found on target!
[    8.451400] rmt_storage:INFO:main: Done with init now waiting for messages!
[    8.453871] msm-audio-ion soc:spf_core_platform:qcom,msm-audio-ion: msm_audio_ion_probe: msm_audio_ion_probe
[    8.454708] msm-audio-ion soc:spf_core_platform:qcom,msm-audio-ion-cma: msm_audio_ion_probe: msm_audio_ion_probe
[    8.454865] msm_vidc:     fw: <VFW_E:HostDr:unkn:--------:--> VenusHostDriver_ParseC2SysPacket(1072): licence unique code is not matched
[    8.475736] msm_vidc:     fw: <VFW_E:HostDr:unkn:--------:--> VenusHostDriver_ParseC2SysPacket(1072): licence unique code is not matched
[    8.483296] lpass_cdc_va_macro va-macro: lpass_cdc_register_macro: register macro successful:3
[    8.483737] lpass_cdc_tx_macro tx-macro: lpass_cdc_register_macro: register macro successful:0
[    8.484696] lpass_cdc_rx_macro rx-macro: lpass_cdc_register_macro: register macro successful:1
[    8.485479] wcd938x_codec wcd938x-codec: msm_cdc_dt_parse_vreg_info: cdc-vdd-rxtx: vol=[1800000 1800000]uV, curr=[30000]uA, ond 0 lpm 1
[    8.485494] wcd938x_codec wcd938x-codec: msm_cdc_dt_parse_vreg_info: cdc-vddio: vol=[1800000 1800000]uV, curr=[30000]uA, ond 0 lpm 1
[    8.485504] wcd938x_codec wcd938x-codec: msm_cdc_dt_parse_vreg_info: cdc-vdd-mic-bias: vol=[3400000 3960000]uV, curr=[30000]uA, ond 0 lpm 0
[    8.485514] wcd938x_codec wcd938x-codec: msm_cdc_dt_parse_vreg_info: cdc-vdd-buck: vol=[1800000 1800000]uV, curr=[650000]uA, ond 1 lpm 1
[    8.487433] prm_gpr_send_pkt: apm ready check not done
[    8.487441] spf-core-platform soc:spf_core_platform: __spf_core_is_apm_ready: send_command ret
[    8.487697] qcom-spf_core gprsvc:spf_core:2:3: spf_core_callback: Payload 2001007
[    8.487704] qcom-spf_core gprsvc:spf_core:2:3: spf_core_callback: sucess response received
[    8.487796] prm_gpr_send_pkt: apm ready check done
[    8.491891] msm_vidc:     fw: <VFW_E:HostDr:unkn:--------:--> VenusHostDriver_ParseC2SysPacket(1072): licence unique code is not matched
[    8.498090] swr-wcd rx_swr_ctrl: swrm_get_logical_dev_num: devnum 1 assigned for dev d01170224
[    8.498103] wcd938x_codec wcd938x-codec: bound wcd938x-slave.d01170224 (ops wcd938x_slave_comp_ops [wcd938x_slave_dlkm])
[    8.498277] swr-wcd va_swr_ctrl: swrm_get_logical_dev_num: devnum 1 assigned for dev d01170223
[    8.498287] wcd938x_codec wcd938x-codec: bound wcd938x-slave.d01170223 (ops wcd938x_slave_comp_ops [wcd938x_slave_dlkm])
[    8.501860] wcd938x_codec wcd938x-codec: wcd938x_soc_codec_probe()
[    8.507926] msm_vidc:     fw: <VFW_E:HostDr:unkn:--------:--> VenusHostDriver_ParseC2SysPacket(1072): licence unique code is not matched
[    8.549138] msm_vidc:     fw: <VFW_E:HostDr:unkn:--------:--> VenusHostDriver_ParseC2SysPacket(1072): licence unique code is not matched
[    8.567460] input: kalama-qrd-snd-card Headset Jack as /devices/platform/soc/soc:spf_core_platform/soc:spf_core_platform:sound/sound/card0/input5
[    8.568081] input: kalama-qrd-snd-card Button Jack as /devices/platform/soc/soc:spf_core_platform/soc:spf_core_platform:sound/sound/card0/input6
[    8.568215] kalama-asoc-snd soc:spf_core_platform:sound: msm_asoc_machine_probe: Sound card kalama-qrd-snd-card registered
[    8.568690] kalama-asoc-snd soc:spf_core_platform:sound: msm_common_snd_init: No DT match for tdm clk attribute, set to default
[    8.568693] kalama-asoc-snd soc:spf_core_platform:sound: msm_common_snd_init: No DT match for mi2s clk attribute, set to default
[    8.568850] kalama-asoc-snd soc:spf_core_platform:sound: num_links 33 
[    8.569529] audio_prm_callback: Failed response received
[    8.569555] prm_gpr_send_pkt: DSP returned error 2
[    8.569566] msm_set_upd_config: upd cdc duty cycling registration failed
[    8.571950] input: SOMC Charger Removal as /devices/platform/soc/soc:qcom,pmic_glink/soc:qcom,pmic_glink:somc,battchg_ext/input/input7
[    8.572429] msm_vidc:     fw: <VFW_E:HostDr:unkn:--------:--> VenusHostDriver_ParseC2SysPacket(1072): licence unique code is not matched
[    8.573210] battchg_ext: idtp9382a_irq_handler: irq_status=1
[    8.583691] logd: logdr: UID=2987 GID=2987 PID=2030 b tail=0 logMask=8b pid=0 start=0ns deadline=0ns
[    8.601372] msm_vidc:     fw: <VFW_E:HostDr:unkn:--------:--> VenusHostDriver_ParseC2SysPacket(1072): licence unique code is not matched
[    8.607130] android.hardware.health-service.qti: opened battery/capacity after 4 retries
[    8.607983] android.hardware.health-service.qti: Read Batt Capacity after 4 retries ret : 1
[    8.608239] healthd: batteryCapacityLevelPath not found
[    8.608267] android.hardware.health-service.qti: Starting health HAL.
[    8.612759] healthd: battery l=97 v=4089 t=25.0 h=2 st=3 c=-2377134 fc=4434000 cc=0 chg=
[    8.623102] msm_vidc:     fw: <VFW_E:HostDr:unkn:--------:--> VenusHostDriver_ParseC2SysPacket(1072): licence unique code is not matched
[    8.654836] lxs_ts 2-0028: after probe start 
[    8.654845] lxs_ts 2-0028: start init work
[    8.654872] lxs_ts 2-0028: LXS(SW82907) after probe start(0.01b-f1)
[    8.654875] lxs_ts 2-0028: lxs_ts_after_probe_func: change power status to power on
[    8.654878] lxs_ts 2-0028: SW82907 reg quirks: [0] 0022h -> 0020h
[    8.654880] lxs_ts 2-0028: SW82907 reg quirks: [1] 0024h -> 0022h
[    8.654881] lxs_ts 2-0028: SW82907 reg quirks: [2] 0005h -> 0004h
[    8.654883] lxs_ts 2-0028: SW82907 reg quirks: [3] 0047h -> 0045h
[    8.654885] lxs_ts 2-0028: SW82907 reg quirks: [4] 0C6Eh -> FFFFh
[    8.654886] lxs_ts 2-0028: SW82907 reg quirks: [5] 0289h -> FFFFh
[    8.654887] lxs_ts 2-0028: SW82907 reg quirks: t 6, m 0
[    8.654889] lxs_ts 2-0028: [opt summary]
[    8.654890] lxs_ts 2-0028:  f_flex_report   : 1
[    8.654892] lxs_ts 2-0028:  f_grab_en       : 1
[    8.654893] lxs_ts 2-0028:  t_sw_rst        : 5
[    8.654894] lxs_ts 2-0028:  t_clock         : 4
[    8.654895] lxs_ts 2-0028:  t_oled          : 2
[    8.654896] lxs_ts 2-0028:  t_tc_cmd        : 10
[    8.654897] lxs_ts 2-0028:  t_tc_quirk      : 1
[    8.654899] lxs_ts 2-0028:  drv_reset_low   : 5 ms
[    8.654900] lxs_ts 2-0028:  drv_delay       : 30 ms
[    8.654901] lxs_ts 2-0028: [tc cmd set] (mode bit 0007h)
[    8.654902] lxs_ts 2-0028:  0001h [LP  ] 
[    8.654904] lxs_ts 2-0028:  0301h [NP  ] 
[    8.654905] lxs_ts 2-0028:  0004h [STOP] 
[    8.654907] lxs_ts 2-0028: fw upgrade setup
[    8.660886] lxs_ts 2-0028: gpio_reset: gpio_set_value(325, 1)
[    8.665524] kgsl-3d 3d00000.qcom,kgsl-3d0: Direct firmware load for a740_sqe.fw failed with error -2
[    8.665532] kgsl-3d 3d00000.qcom,kgsl-3d0: Falling back to sysfs fallback for: a740_sqe.fw
[    8.686352] remoteproc remoteproc3: powering up 4080000.remoteproc-mss
[    8.686383] remoteproc remoteproc3: Direct firmware load for modem.mdt failed with error -2
[    8.686384] remoteproc remoteproc3: Falling back to sysfs fallback for: modem.mdt
[    8.692218] msm_vidc:     fw: <VFW_E:HostDr:unkn:--------:--> VenusHostDriver_ParseC2SysPacket(1072): licence unique code is not matched
[    8.756315] msm_vidc:     fw: <VFW_E:HostDr:unkn:--------:--> VenusHostDriver_ParseC2SysPacket(1072): licence unique code is not matched
[    8.773864] lxs_ts 2-0028: ic test done
[    8.774218] lxs_ts 2-0028: rinfo: max_x 1645, max_y 3841
[    8.774603] lxs_ts 2-0028: rinfo: tx 16, rx 37
[    8.775783] lxs_ts 2-0028: threaded irq request done(383, lxs_ts, 0x2002)
[    8.775958] lxs_ts 2-0028: report type  : 1
[    8.775962] lxs_ts 2-0028: status type  : 2
[    8.775964] lxs_ts 2-0028: status mask  : 0050A660h
[    8.775965] lxs_ts 2-0028:  normal      : 00508060h
[    8.775966] lxs_ts 2-0028:  logging     : 0050A000h
[    8.775967] lxs_ts 2-0028:  reset       : 00000660h
[    8.775969] lxs_ts 2-0028:  ic normal   : 000000D6h
[    8.775970] lxs_ts 2-0028:  ic abnormal : 00000001h
[    8.775971] lxs_ts 2-0028:  ic error    : 00000028h
[    8.775972] lxs_ts 2-0028:  ic valid    : 000000FFh
[    8.775974] lxs_ts 2-0028: LXS Touch Probe done
[    8.775975] lxs_ts 2-0028: LXS Touch Auto Start
[    8.775987] lxs_ts 2-0028: watchdog on
[    8.775989] lxs_ts 2-0028: watchdog delay 10000 ms
[    8.775990] lxs_ts 2-0028: lxs_ts_watchdog_init (10000 ms)
[    8.775993] lxs_ts 2-0028: LXS(SW82907) init work start(0.01b-f1)
[    8.782725] lxs_ts 2-0028: ic test done
[    8.786674] lxs_ts 2-0028: [T] chip class 7601, version v1.18 (0x040A0112, 0x01)
[    8.786682] lxs_ts 2-0028: [T] product id S2X65234, flash boot idle(done), crc ok (0x00000004)
[    8.788291] lxs_ts 2-0028: [SW82907] IC info is good: 10, 4
[    8.789099] lxs_ts 2-0028: SW82907 resume touch: lpm 0
[    8.789105] lxs_ts 2-0028: display frame rate: 2
[    8.789371] lxs_ts 2-0028: touch frame rate: 2
[    8.789630] lxs_ts 2-0028: current driving mode is NP
[    8.789883] lxs_ts 2-0028: TC Driving[0C03h] wr 0x301
[    8.808869] msm_vidc:     fw: <VFW_E:HostDr:unkn:--------:--> VenusHostDriver_ParseC2SysPacket(1072): licence unique code is not matched
[    8.815926] battchg_ext: somc_bcext_smart_set_suspend: Couldn't set smart charge voter due to unactivated
[    8.824114] lxs_ts 2-0028: command done: mode 1, running_sts 02h
[    8.824414] lxs_ts 2-0028: grab_mode[0D0Bh]: ON(00000001h)
[    8.824425] lxs_ts 2-0028: charger: 0h (0h, 0h)
[    8.824723] lxs_ts 2-0028: state_ime: 0
[    8.825006] lxs_ts 2-0028: state_call: 0(IDLE)
[    8.825595] lxs_ts 2-0028: blend_filter(set): 0
[    8.825857] lxs_ts 2-0028: stop_filter(set): 0
[    8.825860] lxs_ts 2-0028: SW82907 resume touch(0): lcd_mode 1, driving_mode 1
[    8.825869] lxs_ts 2-0028: prd: param: row 16, col 37
[    8.826647] lxs_ts 2-0028: prd:  raw: t 1, rr 0, rt 0, ro 0, s 1, v 0, h 0, fmt 0x20000
[    8.826656] lxs_ts 2-0028: prd:  sys: t 1, rr 0, rt 0, ro 0, s 1, v 0, h 0, fmt 0x20000
[    8.826663] lxs_ts 2-0028: prd:   sd: t 1, rr 0, rt 0, ro 0, s 1, v 0, h 0, fmt 0x20000
[    8.826670] lxs_ts 2-0028: prd: flag: raw 0, sys 0, sd 0, app 1
[    8.826682] lxs_ts 2-0028: prd: prd_sd_cmp_setup: cmp set: LP_OPEN, min 4800, max 8192
[    8.826689] lxs_ts 2-0028: prd: prd_sd_cmp_setup: cmp set: LP_SHORT_GND, min 6500, max 8192
[    8.826695] lxs_ts 2-0028: prd: prd_sd_cmp_setup: cmp set: LP_SHORT_TRX, min 6500, max 8192
[    8.826700] lxs_ts 2-0028: prd: prd_sd_cmp_setup: cmp set: LP_SHORT_VDD, min 0, max 5200
[    8.826706] lxs_ts 2-0028: prd: prd_sd_cmp_setup: cmp set: SYNC(V), min 57, max 63
[    8.826711] lxs_ts 2-0028: prd: SW82907[S2X65234] param init done
[    8.828755] lxs_ts 2-0028: LXS(SW82907) init done
[    8.828777] lxs_ts 2-0028: irq(383) enabled
[    8.828780] lxs_ts 2-0028: irq(383) wake enabled
[    8.828782] lxs_ts 2-0028: Touch F/W upgrade triggered(1h)
[    8.828792] lxs_ts 2-0028: FW upgrade work func
[    8.828797] lxs_ts 2-0028: irq(383) wake disabled
[    8.828810] lxs_ts 2-0028: irq(383) disabled
[    8.828812] lxs_ts 2-0028: FW upgrade: status 1(BUSY)
[    8.828814] lxs_ts 2-0028: fw type: FW_TYPE_OLED
[    8.828815] lxs_ts 2-0028: getting fw from file
[    8.828817] lxs_ts 2-0028: target fw: touch_module_id_0x01.img (rel)
[    8.828839] lxs_ts 2-0028: Direct firmware load for touch_module_id_0x01.img failed with error -2
[    8.828842] lxs_ts 2-0028: Falling back to sysfs fallback for: touch_module_id_0x01.img
[    8.839859] msm_cvp: sess: vendor.qti.medi opening cvp instance: 0000000000000000 type 1 cnt 0
[    8.840197] msm_cvp:  err: __flush_debug_queue: invalid msg size - 135
[    8.840202] msm_cvp:   fw: <CFW_E:HostDr:--------:-> [52982885]: VenusHostDriver_SetSysProperty(595): QC_IMAGE_VERSION_STRING=EVA.FIRMWARE.3.1-12_06620505_build1
[    8.948780] cnss-daemon: NL group_id 10, cnss_nl.family_id 41
[    8.951557] cnss_plat: cnss_plat_ipc_qmi_reg_client_req_handler: QMI Client Connected. QMI Socket Node: 1 Port: 16511 ID: 1
[    8.951579] cnss: CNSS Daemon connected
[    8.952437] cnss-daemon: ro.baseband : [msm]
[    8.952606] cnss_plat: MAC: 1 HW_TRC: 0 CAL: 0
[    8.952800] cnss-daemon: no interop issues ap currently
[    9.001499] ------------[ cut here ]------------
[    9.001506] Voluntary context switch within RCU read-side critical section!
[    9.001512] WARNING: CPU: 5 PID: 833 at kernel/rcu/tree_plugin.h:316 rcu_note_context_switch+0x338/0x6b8
[    9.001522] Modules linked in: sony_camera(OE) slg51000_regulator(OE) lxs_touchscreen(OE) wlan(OE) ipa_clientsm(OE) ipanetm(OE) rndisipam(OE) ipam(OE) coresight_tmc(E) msm_drm(OE) camera(OE) qdss_bridge(E) machine_dlkm(OE) lpass_cdc_wsa_macro_dlkm(OE) usb_f_qdss(E) usb_f_gsi(E) swr_dmic_dlkm(OE) lpass_cdc_wsa2_macro_dlkm(OE) lpass_cdc_va_macro_dlkm(OE) lpass_cdc_tx_macro_dlkm(OE) msm_eva(OE) lpass_cdc_rx_macro_dlkm(OE) wcd938x_dlkm(OE) msm_kgsl(OE) pinctrl_lpi_dlkm(OE) adsp_loader_dlkm(OE) wcd9xxx_dlkm(OE) swr_ctrl_dlkm(OE) audio_pkt_dlkm(OE) lpass_cdc_dlkm(OE) audio_prm_dlkm(OE) mhi_cntrl_qcom(E) spf_core_dlkm(OE) gsim(OE) pt_device_access(OE) gpr_dlkm(OE) rmnet_aps(OE) mac80211(E) leds_qti_tri_led(E) msm_hw_fence(OE) rmnet_perf_tether(OE) msm_video(OE) rmnet_shs(OE) rmnet_offload(OE) pt_i2c(OE) rmnet_sch(OE) rmnet_wlan(OE) qcedev_mod_dlkm(OE) coresight_remote_etm(E) msm_performance(E) qcom_esoc(E) nt36xxx_i2c(OE) rmnet_perf(OE) rmnet_core(OE) cirrus_cs40l2x_codec(OE)
[    9.001572] q6_notifier_dlkm(OE) nxp_nci(OE) coresight_cti(E) qcrypto_msm_dlkm(OE) coresight_replicator(E) qrtr_smd(E) stm_ftrace(E) pm8941_pwrkey(E) bt_fm_slim(OE) stm_p_ost(E) slim_qcom_ngd_ctrl(E) stm_p_basic(E) cpu_voltage_cooling(E) qti_cpufreq_cdev(E) sdpm_clk(E) i2c_msm_geni(E) stm_console(E) slimbus(E) memlat_scmi(E) gh_tlmm_vm_mem_access(E) usb_bam(E) qrtr_mhi(E) cnss2(OE) wsa883x_dlkm(OE) pt_ts(OE) hdcp_qseecom_dlkm(OE) camera_sync(OE) wlan_firmware_service(OE) qcom_pon(E) synaptics_tcm_ts(OE) sync_fence(OE) last_logs(OE) qcom_spmi_adc5_gen3(E) spcom(E) coresight_stm(E) leds_qti_flash(E) radio_i2c_rtc6226_qca(OE) coresight_hwevent(E) hdmi_dlkm(OE) tz_log_dlkm(OE) cirrus_cs35l45(OE) btpower(OE) atmel_mxt_ts(OE) stub_dlkm(OE) rmnet_ctl(OE) cnss_nl(OE) msm_mmrm(OE) coresight_tgu(E) et603_int(OE) spss_utils(E) swr_haptics_dlkm(OE) cnss_prealloc(OE) snd_event_dlkm(OE) qrng_dlkm(OE) nvmem_qfprom(E) wsa884x_dlkm(OE) goodix_ts(OE) cirrus_cs40l2x(OE) qce50_dlkm(OE)
[    9.001617] snd_usb_audio_qmi(E) coresight_tpdm(E) cnss_plat_ipc_qmi_svc(OE) icc_test(E) f_fs_ipc_log(E) qcom_edac(E) cnss_utils(OE) coresight_dummy(E) dwc3_msm(E) audpkt_ion_dlkm(OE) qti_qmi_sensor_v2(E) qti_qmi_cdev(E) coresight_tpda(E) wcd938x_slave_dlkm(OE) repeater_qti_pmic_eusb2(E) qcom_q6v5_pas(E) msm_ext_display(OE) ipa_fmwk(E) swr_dlkm(OE) ehset(E) qcom_pil_info(E) hung_task_enh(E) rdtags(OE) somc_battchg_ext(OE) cirrus_wm_adsp(OE) smcinvoke_dlkm(OE) q6_dlkm(OE) wcd_core_dlkm(OE) memlat_vendor(E) mbhc_dlkm(OE) mhi_dev_uci(E) qti_battery_charger(E) ddr_cdev(E) msm_show_epoch(E) phy_msm_ssusb_qmp(E) lt9611uxc(E) rq_stats(E) glink_probe(E) cfg80211(E) qrtr_gunyah(E) coresight_funnel(E) snd_soc_hdmi_codec(E) realtek(E) q6_pdr_dlkm(OE) smsc(E) qti_fixed_regulator(E) max31760_fan(E) coresight_csr(E) rdbg(E) frpc_adsprpc(E) qcom_q6v5(E) panel_event_notifier(E) stm_core(E) qcom_cpufreq_hw_debug(E) coresight(E) microdump_collector(E) repeater_i2c_eusb2(E)
[    9.001658] mmc_log_probes(E) boot_stats(E) qcom_vadc_common(E) gh_mem_notifier(E) qti_userspace_cdev(E) qcom_lpm(E) bcl_soc(E) msm_geni_serial(E) spmi_pmic_arb_debug(E) gh_irq_lend(E) usb_f_diag(E) qcom_iommu_debug(E) phy_msm_m31_eusb2(E) qcom_va_minidump(E) smp2p_sleepstate(E) altmode_glink(E) spi_msm_geni(E) pmic_pon_log(E) core_hang_detect(E) qcom_cpuss_sleep_stats(E) msm_lmh_dcvs(E) i3c_master_msm_geni(E) qsee_ipc_irq_bridge(E) qti_battery_debug(E) glink_pkt(E) qti_devfreq_cdev(E) qcom_spss(E) qcom_glink_spss(E) ucsi_glink(E) qcom_sysmon(E) msm_memshare(E) spmi_glink_debug(E) heap_mem_ext_v01(E) charger_ulog_glink(E) smsc95xx(E) mhi_dev_satellite(E) sys_pm_vx(E) mhi_dev_netdev(E) mhi_dev_dtr(E) mhi(E) sps_drv(E) pinctrl_somc_pmic(E) gpucc_kalama(E) phy_qcom_ufs_qmp_v4_waipio(E) qcom_spmi_temp_alarm(E) rimps_log(E) phy_msm_snps_eusb2(E) memlat(E) reboot_mode(E) phy_qcom_emu(E) cdsprm(E) r8168(E) policy_engine(E) eud(E) phy_generic(E) pinctrl_spmi_gpio(E) sg(E)
[    9.001701] smp2p(E) dmesg_dumper(E) hvc_gunyah(E) qbt_handler(E) qcom_ramdump(E) sysmon_subsystem_stats(E) subsystem_sleep_stats(E) soc_sleep_stats(E) debugcc_kalama(E) pwm_qti_lpg(E) msm_gpi(E) pinctrl_spmi_mpp(E) synx_driver(E) phy_qcom_ufs_qmp_v4(E) usb_f_cdev(E) phy_qcom_ufs_qmp_v4_khaje(E) pmic_glink(E) cdsp_loader(E) adsp_sleepmon(E) qseecom_proxy(E) pci_msm_drv(E) redriver(E) pdr_interface(E) repeater(E) qmi_helpers(E) qcom_ipc_lite(E) msm_sharedmem(E) usbmon(E) usb_f_ccid(E) smsc75xx(E) qti_ocp_notifier(E) bam_dma(E) rproc_qcom_common(E) msm_sysstats(E) qcom_smd(E) qcom_glink_smem(E) qcom_glink(E) msm_show_resume_irq(E) zram(E) wakeup_irq_debug(E) zsmalloc(E) nvme(E) nvme_core(E) bcl_pmic5(E) c1dcvs_scmi(E) c1dcvs_vendor(E) qcom_rimps(E) sdhci_msm(E) arm_smmu(E) ufs_qcom(E) ufshcd_crypto_qti(E) msm_qmp(E) qcom_aoss(E) stub_regulator(E) socinfo(E) rtc_pm8xxx(E) qrtr(E) qcom_reboot_reason(E) spmi_pmic_arb(E) qcom_spmi_pmic(E) regmap_spmi(E) qti_regmap_debugfs(E)
[    9.001745] pmu_scmi(E) pmu_vendor(E) qcom_pmu_lib(E) qcom_llcc_pmu(E) qcom_iommu_util(E) qcom_logbuf_vh(E) debug_symbol(E) qcom_dload_mode(E) pinctrl_somc(E) phy_qcom_ufs_qrbtc_sdm845(E) phy_qcom_ufs_qmp_v4_kalama(E) phy_qcom_ufs(E) nvmem_qcom_spmi_sdam(E) ns(E) qnoc_kalama(E) qnoc_qos(E) pinctrl_kalama(E) pinctrl_msm(E) memory_dump_v2(E) mem_buf(E) qcom_dma_heaps(E) msm_dma_iommu_mapping(E) mem_buf_msgq(E) mem_buf_dev(E) mem_hooks(E) llcc_qcom(E) iommu_logger(E) gunyah(E) mdt_loader(E) secure_buffer(E) gh_ctrl(E) videocc_kalama(E) tcsrcc_kalama(E) dispcc_kalama(E) dcc_v2(E) crypto_qti_common(E) crypto_qti_hwkm(E) hwkm(E) tmecom_intf(E) cqhci(E) clk_dummy(E) cpu_hotplug(E) thermal_pause(E) sched_walt(E) qcom_cpufreq_hw(E) bwmon(E) qcom_dcvs(E) dcvs_fp(E) rpmh_regulator(E) qcom_tsens(E) thermal_minidump(E) qcom_pdc(E) qcom_ipcc(E) camcc_kalama(E) icc_rpmh(E) icc_debug(E) icc_bcm_voter(E) gcc_kalama(E) clk_qcom(E) gdsc_regulator(E) debug_regulator(E) proxy_consumer(E)
[    9.001786] clk_rpmh(E) qcom_rpmh(E) cmd_db(E) qcom_ipc_logging(E) qcom_cpu_vendor_hooks(E) gh_virt_wdt(E) qcom_wdt_core(E) qcom_scm(E) minidump(E) smem(E) qcom_hwspinlock(E) gh_rm_drv(E) gh_dbl(E) gh_msgq(E) gh_arm_drv(E)
[    9.001797] CPU: 5 PID: 833 Comm: kworker/5:23 Tainted: G S      W  OE     5.15.189-android13-8-00016-g51bba4309aac-ab14546557 #1
[    9.001800] Hardware name: Sony Corporation. PDX-234 J(Kalama QRD) (DT)
[    9.001802] Workqueue: events power_supply_changed_work.cfi_jt
[    9.001807] pstate: 624000c5 (nZCv daIF +PAN -UAO +TCO -DIT -SSBS BTYPE=--)
[    9.001810] pc : rcu_note_context_switch+0x338/0x6b8
[    9.001812] lr : rcu_note_context_switch+0x338/0x6b8
[    9.001814] sp : ffffffc00df6b9e0
[    9.001815] x29: ffffffc00df6b9f0 x28: 0000000000000000 x27: ffffff803e2e3600
[    9.001818] x26: ffffffc00df6bb80 x25: ffffff8a78910340 x24: ffffff8034946160
[    9.001820] x23: ffffff9d09c34000 x22: ffffffed6ecdc340 x21: ffffffed6e10fd96
[    9.001823] x20: 0000000000000000 x19: ffffff803e2e3600 x18: ffffffc00a95d078
[    9.001825] x17: ffffffffffffffff x16: 0000000000000002 x15: 0000000000000004
[    9.001827] x14: ffffff8a6c720000 x13: 0000000000001fff x12: 0000000000000003
[    9.001830] x11: 00000000ffffdfff x10: ffffffed6edd81a8 x9 : cf1783df23b22e00
[    9.001832] x8 : cf1783df23b22e00 x7 : 205b5d3630353130 x6 : 302e39202020205b
[    9.001834] x5 : ffffff8030f417ed x4 : ffffffc00df6b5ef x3 : 0000000000000000
[    9.001837] x2 : 0000000000000000 x1 : ffffffc00df6b750 x0 : 000000000000003f
[    9.001839] Call trace:
[    9.001840] rcu_note_context_switch+0x338/0x6b8
[    9.001842] __schedule+0xc4/0xb8c
[    9.001845] schedule+0x150/0x254
[    9.001847] schedule_timeout+0x98/0x138
[    9.001849] wait_for_common+0x144/0x308
[    9.001852] wait_for_completion_timeout+0x18/0x28
[    9.001854] battery_chg_write+0x7c/0xc8 [qti_battery_charger]
[    9.001861] usb_psy_get_prop+0xd8/0x1d8 [qti_battery_charger]
[    9.001865] power_supply_get_property+0x48/0xb8
[    9.001868] somc_bcext_psy_notifier_cb+0xac/0x18c [somc_battchg_ext]
[    9.001878] atomic_notifier_call_chain+0x8c/0x138
[    9.001880] power_supply_changed_work+0xe8/0x310
[    9.001882] process_one_work+0x248/0x55c
[    9.001886] worker_thread+0x3b0/0x740
[    9.001888] kthread+0x168/0x1dc
[    9.001890] ret_from_fork+0x10/0x20
[    9.001893] ---[ end trace fb873a16433e8277 ]---
[    9.005827] lxs_ts 2-0028: fw size: 131072
[    9.005836] lxs_ts 2-0028: FW compare: bin-ver: 1.18(0) (S2X65234)
[    9.005838] lxs_ts 2-0028: FW compare: dev-ver: 1.18(0) (S2X65234)
[    9.005839] lxs_ts 2-0028: FW compare: up 0x00, fup 0x00
[    9.005841] lxs_ts 2-0028: FW upgrade: status 4(NG_F_CHK)
[    9.005850] lxs_ts 2-0028: (E) FW upgrade skipped
[    9.005857] lxs_ts 2-0028: LXS(SW82907) reset control(0x1)
[    9.005858] lxs_ts 2-0028: HW Reset(Async)
[    9.005866] lxs_ts 2-0028: gpio_reset: gpio_set_value(325, 0)
[    9.007792] remoteproc remoteproc3: Booting fw image modem.mdt, size 6364
[    9.007942] adreno-gen7-gmu 3d68000.qcom,gmu: Direct firmware load for gmu_gen70200.bin failed with error -2
[    9.007946] adreno-gen7-gmu 3d68000.qcom,gmu: Falling back to sysfs fallback for: gmu_gen70200.bin
[    9.008185] qcom_q6v5_pas 4080000.remoteproc-mss: Direct firmware load for modem_dtb.mdt failed with error -2
[    9.008189] qcom_q6v5_pas 4080000.remoteproc-mss: Falling back to sysfs fallback for: modem_dtb.mdt
[    9.011457] lxs_ts 2-0028: gpio_reset: gpio_set_value(325, 1)
[    9.029333] msm-dwc3 a600000.ssusb: DWC3 exited from low power mode
[    9.029576] eusb2-repeater c42d000.qcom,spmi:qcom,pm8550b@7:qcom,eusb2-repeater@fd00: eUSB2 repeater status:OK
[    9.034677] dwc3 a600000.dwc3: Adding to iommu group 53
[    9.034991] healthd: battery l=97 v=4052 t=25.0 h=2 st=3 c=-2601626 fc=4434000 cc=17 chg=
[    9.038701] eusb2-repeater c42d000.qcom,spmi:qcom,pm8550b@7:qcom,eusb2-repeater@fd00: eUSB2 repeater status:OK
[    9.055886] qcom_q6v5_pas 4080000.remoteproc-mss: Direct firmware load for modem_dtb.b02 failed with error -2
[    9.055895] qcom_q6v5_pas 4080000.remoteproc-mss: Falling back to sysfs fallback for: modem_dtb.b02
[    9.063600] healthd: battery l=97 v=4052 t=25.0 h=2 st=3 c=-2601626 fc=4434000 cc=17 chg=
[    9.064227] sps_register_bam_device: sps:BAM 0x000000000a704000 is registered
[    9.103963] healthd: battery l=97 v=4052 t=25.0 h=2 st=3 c=-2601626 fc=4434000 cc=17 chg=
[    9.109542] healthd: battery l=97 v=4052 t=25.0 h=2 st=3 c=-2601626 fc=4434000 cc=17 chg=
[    9.115112] lxs_ts 2-0028: LXS(SW82907) init work start(0.01b-f1)
[    9.123293] lxs_ts 2-0028: ic test done
[    9.123427] gsi soc:qcom,msm_gsi: gsi_stop_channel:3615 chan=14 busy try again
[    9.125077] healthd: battery l=97 v=4052 t=25.0 h=2 st=3 c=-2601626 fc=4434000 cc=17 chg=
[    9.127401] lxs_ts 2-0028: [T] chip class 7601, version v1.18 (0x040A0112, 0x01)
[    9.127407] lxs_ts 2-0028: [T] product id S2X65234, flash boot idle(done), crc ok (0x00000004)
[    9.129097] lxs_ts 2-0028: [SW82907] IC info is good: 10, 4
[    9.129954] lxs_ts 2-0028: SW82907 resume touch: lpm 0
[    9.129963] lxs_ts 2-0028: display frame rate: 2
[    9.130247] lxs_ts 2-0028: touch frame rate: 2
[    9.130528] lxs_ts 2-0028: current driving mode is NP
[    9.130805] lxs_ts 2-0028: TC Driving[0C03h] wr 0x301
[    9.163490] lxs_ts 2-0028: command done: mode 1, running_sts 02h
[    9.164092] lxs_ts 2-0028: grab_mode[0D0Bh]: ON(00000001h)
[    9.164099] lxs_ts 2-0028: charger: 0h (0h, 0h)
[    9.164372] lxs_ts 2-0028: state_ime: 0
[    9.164637] lxs_ts 2-0028: state_call: 0(IDLE)
[    9.165156] lxs_ts 2-0028: blend_filter(set): 0
[    9.165417] lxs_ts 2-0028: stop_filter(set): 0
[    9.165420] lxs_ts 2-0028: SW82907 resume touch(0): lcd_mode 1, driving_mode 1
[    9.165425] lxs_ts 2-0028: prd: update swap info
[    9.166158] lxs_ts 2-0028: prd:  raw: t 1, rr 0, rt 0, ro 0, s 1, v 0, h 0, fmt 0x20000
[    9.166163] lxs_ts 2-0028: prd:  sys: t 1, rr 0, rt 0, ro 0, s 1, v 0, h 0, fmt 0x20000
[    9.166167] lxs_ts 2-0028: prd:   sd: t 1, rr 0, rt 0, ro 0, s 1, v 0, h 0, fmt 0x20000
[    9.166171] lxs_ts 2-0028: prd: flag: raw 0, sys 0, sd 0, app 1
[    9.166176] lxs_ts 2-0028: prd: prd_sd_cmp_setup: cmp set: LP_OPEN, min 4800, max 8192
[    9.166178] lxs_ts 2-0028: prd: prd_sd_cmp_setup: cmp set: LP_SHORT_GND, min 6500, max 8192
[    9.166180] lxs_ts 2-0028: prd: prd_sd_cmp_setup: cmp set: LP_SHORT_TRX, min 6500, max 8192
[    9.166181] lxs_ts 2-0028: prd: prd_sd_cmp_setup: cmp set: LP_SHORT_VDD, min 0, max 5200
[    9.166183] lxs_ts 2-0028: prd: prd_sd_cmp_setup: cmp set: SYNC(V), min 57, max 63
[    9.166184] lxs_ts 2-0028: LXS(SW82907) init done
[    9.166202] lxs_ts 2-0028: irq(383) enabled
[    9.166205] lxs_ts 2-0028: irq(383) wake enabled
[    9.166208] lxs_ts 2-0028: lxs_ts_watchdog_run: on (10000 ms)
[    9.167172] lxs_ts 2-0028: [1] TC Driving OK
[    9.170748] read descriptors
[    9.170765] read strings
[    9.203704] msm_ext_disp_update_audio_ops: Display not found (EXT_DISPLAY_TYPE_DP) ctld (0) stream (0)
[    9.203731] msm_ext_disp_update_audio_ops: Display not found (EXT_DISPLAY_TYPE_HDMI) ctld (0) stream (0)
[    9.203742] msm_ext_disp_update_audio_ops: Display not found (EXT_DISPLAY_TYPE_DP) ctld (0) stream (0)
[    9.203753] msm_ext_disp_update_audio_ops: Display not found (EXT_DISPLAY_TYPE_DP) ctld (0) stream (0)
[    9.203772] msm_ext_disp_update_audio_ops: Display not found (EXT_DISPLAY_TYPE_DP) ctld (0) stream (0)
[    9.203783] msm-ext-disp-audio-codec-rx soc:qcom,msm-ext-disp:qcom,msm-ext-disp-audio-codec-rx: msm_ext_disp_audio_type_get: get_audio_edid_blk() or get_intf_id is NULL
[    9.203816] msm_ext_disp_update_audio_ops: Display not found (EXT_DISPLAY_TYPE_DP) ctld (0) stream (0)
[    9.203825] msm-ext-disp-audio-codec-rx soc:qcom,msm-ext-disp:qcom,msm-ext-disp-audio-codec-rx: msm_ext_disp_audio_type_get: get_audio_edid_blk() or get_intf_id is NULL
[    9.203844] msm_ext_disp_update_audio_ops: Display not found (EXT_DISPLAY_TYPE_DP) ctld (0) stream (0)
[    9.203853] msm-ext-disp-audio-codec-rx soc:qcom,msm-ext-disp:qcom,msm-ext-disp-audio-codec-rx: msm_ext_disp_audio_type_get: get_audio_edid_blk() or get_intf_id is NULL
[    9.203903] msm-ext-disp-audio-codec-rx soc:qcom,msm-ext-disp:qcom,msm-ext-disp-audio-codec-rx: msm_ext_disp_audio_device_get: invalid dai id: 4
[    9.406846] qcom_q6v5_pas 4080000.remoteproc-mss: Direct firmware load for modem_dtb.b01 failed with error -2
[    9.406856] qcom_q6v5_pas 4080000.remoteproc-mss: Falling back to sysfs fallback for: modem_dtb.b01
[    9.406977] smcinvoke: prepare_send_scm_msg: Secure side is busy,will retry after 30 ms, retry_count = 0
[    9.407110] synx: [sess: 46337] session created cvp-kernel-client
[    9.407759] msm_vidc: err : e2deafc0:  avcE_0: msm_venc_subscribe_event: invalid type 5 id 0
[    9.407782] msm_vidc:     fw: <VFW_E:HostDr:unkn:--------:--> VenusHostDriver_ParseC2SysPacket(1072): licence unique code is not matched
[    9.410429] smcinvoke: prepare_send_scm_msg: Secure side is busy,will retry after 30 ms, retry_count = 0
[    9.410571] smcinvoke: prepare_send_scm_msg: Secure side is busy,will retry after 30 ms, retry_count = 0
[    9.411940] msm_cvp: warn: msm_cvp_cleanup_instance Unexpected pm_qos off vote 0
[    9.412199] msm_cvp: vendor.qti.medi: closed cvp instance: 0000000000000000 session_id = 0 type 1 0
[    9.412210] synx: [sess: 46337] session destroyed cvp-kernel-client, uid: 46337
[    9.412461] adsprpc: fastrpc_restart_notifier_cb: subsystem mpss is about to start
[    9.412469] ipa-wan ipa3_lcl_mdm_ssr_notifier_cb:4037 IPA received MPSS BEFORE_POWERUP
[    9.412912] ipa-wan ipa3_lcl_mdm_ssr_notifier_cb:4046 IPA BEFORE_POWERUP handling is complete
[    9.417164] msm_vidc: err : e2d8afc0:  avcE_0: msm_venc_subscribe_event: invalid type 5 id 0
[    9.417210] msm_vidc:     fw: <VFW_E:HostDr:unkn:--------:--> VenusHostDriver_ParseC2SysPacket(1072): licence unique code is not matched
[    9.417993] msm_cvp: sess: vendor.qti.medi opening cvp instance: 0000000000000000 type 1 cnt 0
[    9.422546] msm_cvp:   fw: <CFW_E:HostDr:--------:-> [72164326]: VenusHostDriver_SetSysProperty(595): QC_IMAGE_VERSION_STRING=EVA.FIRMWARE.3.1-12_06620505_build1
[    9.422981] kgsl-3d 3d00000.qcom,kgsl-3d0: Direct firmware load for a740_zap.mbn failed with error -2
[    9.422985] kgsl-3d 3d00000.qcom,kgsl-3d0: Falling back to sysfs fallback for: a740_zap.mbn
[    9.427143] qcom_q6v5_pas 4080000.remoteproc-mss: Direct firmware load for modem.b31 failed with error -2
[    9.427148] qcom_q6v5_pas 4080000.remoteproc-mss: Falling back to sysfs fallback for: modem.b31
[    9.447103] synx: [sess: 51201] session created cvp-kernel-client
[    9.447588] msm_vidc: err : e2ccafc0:  avcE_0: msm_venc_subscribe_event: invalid type 5 id 0
[    9.447626] msm_vidc:     fw: <VFW_E:HostDr:unkn:--------:--> VenusHostDriver_ParseC2SysPacket(1072): licence unique code is not matched
[    9.463425] msm_cvp: warn: msm_cvp_cleanup_instance Unexpected pm_qos off vote 0
[    9.463595] msm_cvp: vendor.qti.medi: closed cvp instance: 0000000000000000 session_id = 0 type 1 0
[    9.463601] synx: [sess: 51201] session destroyed cvp-kernel-client, uid: 51201
[    9.471398] slg51000-regulator 0-0075: disable LDO6 supply_name:vin7 off_time:2000us
[    9.474836] qcom_q6v5_pas 4080000.remoteproc-mss: Direct firmware load for modem.b01 failed with error -2
[    9.474841] qcom_q6v5_pas 4080000.remoteproc-mss: Falling back to sysfs fallback for: modem.b01
[    9.475665] smcinvoke: prepare_send_scm_msg: Secure side is busy,will retry after 30 ms, retry_count = 1
[    9.478633] qcom_q6v5_pas 4080000.remoteproc-mss: Direct firmware load for modem.b02 failed with error -2
[    9.478643] qcom_q6v5_pas 4080000.remoteproc-mss: Falling back to sysfs fallback for: modem.b02
[    9.479092] msm_vidc: err : e2c02fc0:  avcE_0: msm_venc_subscribe_event: invalid type 5 id 0
[    9.479147] msm_vidc:     fw: <VFW_E:HostDr:unkn:--------:--> VenusHostDriver_ParseC2SysPacket(1072): licence unique code is not matched
[    9.486931] smcinvoke: prepare_send_scm_msg: Secure side is busy,will retry after 30 ms, retry_count = 0
[    9.487468] msm_cvp: sess: vendor.qti.medi opening cvp instance: 0000000000000000 type 1 cnt 0
[    9.488024] msm_cvp:   fw: <CFW_E:HostDr:--------:-> [74643006]: VenusHostDriver_SetSysProperty(595): QC_IMAGE_VERSION_STRING=EVA.FIRMWARE.3.1-12_06620505_build1
[    9.495235] qcom_q6v5_pas 4080000.remoteproc-mss: Direct firmware load for modem.b03 failed with error -2
[    9.495242] qcom_q6v5_pas 4080000.remoteproc-mss: Falling back to sysfs fallback for: modem.b03
[    9.500327] qcom_q6v5_pas 4080000.remoteproc-mss: Direct firmware load for modem.b04 failed with error -2
[    9.500334] qcom_q6v5_pas 4080000.remoteproc-mss: Falling back to sysfs fallback for: modem.b04
[    9.503561] qcom_q6v5_pas 4080000.remoteproc-mss: Direct firmware load for modem.b05 failed with error -2
[    9.503568] qcom_q6v5_pas 4080000.remoteproc-mss: Falling back to sysfs fallback for: modem.b05
[    9.507193] synx: [sess: 43265] session created cvp-kernel-client
[    9.507845] smcinvoke: prepare_send_scm_msg: Secure side is busy,will retry after 30 ms, retry_count = 0
[    9.508456] qcom_q6v5_pas 4080000.remoteproc-mss: Direct firmware load for modem.b06 failed with error -2
[    9.508465] qcom_q6v5_pas 4080000.remoteproc-mss: Falling back to sysfs fallback for: modem.b06
[    9.512061] smcinvoke: prepare_send_scm_msg: Secure side is busy,will retry after 30 ms, retry_count = 2
[    9.512178] msm_vidc: err : e2b02fc0:  avcE_0: msm_venc_subscribe_event: invalid type 5 id 0
[    9.512226] msm_vidc:     fw: <VFW_E:HostDr:unkn:--------:--> VenusHostDriver_ParseC2SysPacket(1072): licence unique code is not matched
[    9.517970] qcom_q6v5_pas 4080000.remoteproc-mss: Direct firmware load for modem.b07 failed with error -2
[    9.517978] qcom_q6v5_pas 4080000.remoteproc-mss: Falling back to sysfs fallback for: modem.b07
[    9.520656] msm_cvp: warn: msm_cvp_cleanup_instance Unexpected pm_qos off vote 0
[    9.520833] msm_cvp: vendor.qti.medi: closed cvp instance: 0000000000000000 session_id = 0 type 1 0
[    9.520843] synx: [sess: 43265] session destroyed cvp-kernel-client, uid: 43265
[    9.522378] qcom_q6v5_pas 4080000.remoteproc-mss: Direct firmware load for modem.b08 failed with error -2
[    9.522382] qcom_q6v5_pas 4080000.remoteproc-mss: Falling back to sysfs fallback for: modem.b08
[    9.527696] msm_vidc: err : e297afc0:  avcE_0: msm_venc_subscribe_event: invalid type 5 id 0
[    9.527730] msm_vidc:     fw: <VFW_E:HostDr:unkn:--------:--> VenusHostDriver_ParseC2SysPacket(1072): licence unique code is not matched
[    9.535422] qcom_q6v5_pas 4080000.remoteproc-mss: Direct firmware load for modem.b09 failed with error -2
[    9.535431] qcom_q6v5_pas 4080000.remoteproc-mss: Falling back to sysfs fallback for: modem.b09
[    9.540096] qcom_q6v5_pas 4080000.remoteproc-mss: Direct firmware load for modem.b10 failed with error -2
[    9.540104] qcom_q6v5_pas 4080000.remoteproc-mss: Falling back to sysfs fallback for: modem.b10
[    9.543919] qcom_q6v5_pas 4080000.remoteproc-mss: Direct firmware load for modem.b11 failed with error -2
[    9.543927] qcom_q6v5_pas 4080000.remoteproc-mss: Falling back to sysfs fallback for: modem.b11
[    9.548889] smcinvoke: prepare_send_scm_msg: Secure side is busy,will retry after 30 ms, retry_count = 1
[    9.549384] smcinvoke: prepare_send_scm_msg: Secure side is busy,will retry after 30 ms, retry_count = 0
[    9.552561] qcom_q6v5_pas 4080000.remoteproc-mss: Direct firmware load for modem.b12 failed with error -2
[    9.552572] qcom_q6v5_pas 4080000.remoteproc-mss: Falling back to sysfs fallback for: modem.b12
[    9.558302] qcom_q6v5_pas 4080000.remoteproc-mss: Direct firmware load for modem.b13 failed with error -2
[    9.558310] qcom_q6v5_pas 4080000.remoteproc-mss: Falling back to sysfs fallback for: modem.b13
[    9.582082] qcom_q6v5_pas 4080000.remoteproc-mss: Direct firmware load for modem.b15 failed with error -2
[    9.582092] qcom_q6v5_pas 4080000.remoteproc-mss: Falling back to sysfs fallback for: modem.b15
[    9.602372] qcom_q6v5_pas 4080000.remoteproc-mss: Direct firmware load for modem.b16 failed with error -2
[    9.602381] qcom_q6v5_pas 4080000.remoteproc-mss: Falling back to sysfs fallback for: modem.b16
[    9.610028] qcom_q6v5_pas 4080000.remoteproc-mss: Direct firmware load for modem.b17 failed with error -2
[    9.610035] qcom_q6v5_pas 4080000.remoteproc-mss: Falling back to sysfs fallback for: modem.b17
[    9.615393] qcom_q6v5_pas 4080000.remoteproc-mss: Direct firmware load for modem.b18 failed with error -2
[    9.615400] qcom_q6v5_pas 4080000.remoteproc-mss: Falling back to sysfs fallback for: modem.b18
[    9.639014] msm_ext_disp_update_audio_ops: Display not found (EXT_DISPLAY_TYPE_DP) ctld (0) stream (0)
[    9.639068] msm_ext_disp_update_audio_ops: Display not found (EXT_DISPLAY_TYPE_HDMI) ctld (0) stream (0)
[    9.639072] msm_ext_disp_update_audio_ops: Display not found (EXT_DISPLAY_TYPE_DP) ctld (0) stream (0)
[    9.639075] msm_ext_disp_update_audio_ops: Display not found (EXT_DISPLAY_TYPE_DP) ctld (0) stream (0)
[    9.639084] msm_ext_disp_update_audio_ops: Display not found (EXT_DISPLAY_TYPE_DP) ctld (0) stream (0)
[    9.639087] msm-ext-disp-audio-codec-rx soc:qcom,msm-ext-disp:qcom,msm-ext-disp-audio-codec-rx: msm_ext_disp_audio_type_get: get_audio_edid_blk() or get_intf_id is NULL
[    9.639096] msm_ext_disp_update_audio_ops: Display not found (EXT_DISPLAY_TYPE_DP) ctld (0) stream (0)
[    9.639099] msm-ext-disp-audio-codec-rx soc:qcom,msm-ext-disp:qcom,msm-ext-disp-audio-codec-rx: msm_ext_disp_audio_type_get: get_audio_edid_blk() or get_intf_id is NULL
[    9.639103] msm_ext_disp_update_audio_ops: Display not found (EXT_DISPLAY_TYPE_DP) ctld (0) stream (0)
[    9.639106] msm-ext-disp-audio-codec-rx soc:qcom,msm-ext-disp:qcom,msm-ext-disp-audio-codec-rx: msm_ext_disp_audio_type_get: get_audio_edid_blk() or get_intf_id is NULL
[    9.639118] msm-ext-disp-audio-codec-rx soc:qcom,msm-ext-disp:qcom,msm-ext-disp-audio-codec-rx: msm_ext_disp_audio_device_get: invalid dai id: 4
[    9.647124] smcinvoke: process_tzcb_req: CBobj timed out cb-tzhandle:-2147483631, retry:0, op:0 counts :16416
[    9.647149] smcinvoke: process_tzcb_req: CBobj -2147483631 timedout pid 8b6,tid 8b6, srvr state=0, srvr id:17
[    9.685055] qcom_q6v5_pas 4080000.remoteproc-mss: Direct firmware load for modem.b19 failed with error -2
[    9.685063] qcom_q6v5_pas 4080000.remoteproc-mss: Falling back to sysfs fallback for: modem.b19
[    9.710844] qcom_q6v5_pas 4080000.remoteproc-mss: Direct firmware load for modem.b20 failed with error -2
[    9.710852] qcom_q6v5_pas 4080000.remoteproc-mss: Falling back to sysfs fallback for: modem.b20
[    9.723391] (virq:irq_count)- GICv3:IPI(1):35644 GICv3:ufshcd(35):15461 GICv3:IPI(2):13420 GICv3:IPI(6):13412 GICv3:arch_timer(11):10642 ipcc:glink-native-adsp(385):4573 GICv3:ipcc_0(37):4443 GICv3:apps_rsc-drv-2(20):828 GICv3:i2c_geni(279):726 GICv3:i2c_geni(280):666 
[    9.723409] (cpu:irq_count)- 0:21546 1:3082 2:3091 3:11285 4:11577 5:12268 6:12392 7:26200 
[    9.723415] (ipi:irq_count)- 0:35644 1:13420 2:0 3:0 4:0 5:13412 6:0 
[    9.727368] qcom_q6v5_pas 4080000.remoteproc-mss: Direct firmware load for modem.b22 failed with error -2
[    9.727376] qcom_q6v5_pas 4080000.remoteproc-mss: Falling back to sysfs fallback for: modem.b22
[    9.731850] qcom_q6v5_pas 4080000.remoteproc-mss: Direct firmware load for modem.b23 failed with error -2
[    9.731859] qcom_q6v5_pas 4080000.remoteproc-mss: Falling back to sysfs fallback for: modem.b23
[    9.745922] eusb2-repeater c42d000.qcom,spmi:qcom,pm8550b@7:qcom,eusb2-repeater@fd00: eUSB2 repeater status:OK
[    9.747108] smcinvoke: process_tzcb_req: CBobj timed out cb-tzhandle:-2147483631, retry:1, op:0 counts :16416
[    9.747120] smcinvoke: process_tzcb_req: CBobj -2147483631 timedout pid 8b6,tid 8b6, srvr state=0, srvr id:17
[    9.776954] qcom_q6v5_pas 4080000.remoteproc-mss: Direct firmware load for modem.b24 failed with error -2
[    9.776963] qcom_q6v5_pas 4080000.remoteproc-mss: Falling back to sysfs fallback for: modem.b24
[    9.788694] cs35l45 4-0030: Preload DSP before boot
[    9.790921] cs35l45 4-0030: Direct firmware load for L-cs35l45-dsp1-spk-prot.wmfw failed with error -2
[    9.790928] cs35l45 4-0030: Falling back to sysfs fallback for: L-cs35l45-dsp1-spk-prot.wmfw
[    9.798072] cs35l45 4-0030: DSP1: Firmware version: 3
[    9.798079] cs35l45 4-0030: DSP1: L-cs35l45-dsp1-spk-prot.wmfw: Fri 24 Jun 2022 13:57:44 W. Europe Daylight Time
[    9.803759] dwc3 a600000.dwc3: Set IRQ thread:irq/321-dwc3 pid:2983 to SCHED_NORMAL prio
[    9.809416] android_work: did not send uevent (0 0 0000000000000000)
[    9.809428] msm_eusb2_phy 88e3000.hsphy: Avail curr from USB = 0
[    9.847076] smcinvoke: process_tzcb_req: CBobj timed out cb-tzhandle:-2147483631, retry:2, op:0 counts :16416
[    9.847090] smcinvoke: process_tzcb_req: CBobj -2147483631 timedout pid 8b6,tid 8b6, srvr state=0, srvr id:17
[    9.918188] qcom_q6v5_pas 4080000.remoteproc-mss: Direct firmware load for modem.b25 failed with error -2
[    9.918198] qcom_q6v5_pas 4080000.remoteproc-mss: Falling back to sysfs fallback for: modem.b25
[    9.922430] qcom_q6v5_pas 4080000.remoteproc-mss: Direct firmware load for modem.b26 failed with error -2
[    9.922438] qcom_q6v5_pas 4080000.remoteproc-mss: Falling back to sysfs fallback for: modem.b26
[    9.925791] qcom_q6v5_pas 4080000.remoteproc-mss: Direct firmware load for modem.b27 failed with error -2
[    9.925798] qcom_q6v5_pas 4080000.remoteproc-mss: Falling back to sysfs fallback for: modem.b27
[    9.931364] qcom_q6v5_pas 4080000.remoteproc-mss: Direct firmware load for modem.b28 failed with error -2
[    9.931373] qcom_q6v5_pas 4080000.remoteproc-mss: Falling back to sysfs fallback for: modem.b28
[    9.935082] qcom_q6v5_pas 4080000.remoteproc-mss: Direct firmware load for modem.b29 failed with error -2
[    9.935090] qcom_q6v5_pas 4080000.remoteproc-mss: Falling back to sysfs fallback for: modem.b29
[    9.947083] smcinvoke: process_tzcb_req: CBobj timed out cb-tzhandle:-2147483631, retry:3, op:0 counts :16416
[    9.947098] smcinvoke: process_tzcb_req: CBobj -2147483631 timedout pid 8b6,tid 8b6, srvr state=0, srvr id:17
[   10.051071] smcinvoke: process_tzcb_req: CBobj timed out cb-tzhandle:-2147483631, retry:4, op:0 counts :16416
[   10.051087] smcinvoke: process_tzcb_req: CBobj -2147483631 timedout pid 8b6,tid 8b6, srvr state=0, srvr id:17
[   10.130755] cs35l45 4-0030: DSP1: Firmware: 4fa00 vendor: 0x2 v0.61.0, 5 algorithms
[   10.132941] cs35l45 4-0030: DSP1: 0: ID cd v129.78.0 XM@202 YM@27
[   10.132953] cs35l45 4-0030: DSP1: 1: ID f206 v1.0.0 XM@f2 YM@0
[   10.132959] cs35l45 4-0030: DSP1: 2: ID f20b v0.1.0 XM@3c2 YM@0
[   10.132963] cs35l45 4-0030: DSP1: 3: ID f204 v0.0.1 XM@414 YM@0
[   10.132968] cs35l45 4-0030: DSP1: 4: ID f205 v0.2.0 XM@442 YM@0
[   10.132988] cs35l45 4-0030: Direct firmware load for L-cs35l45-dsp1-spk-prot.bin failed with error -2
[   10.132990] cs35l45 4-0030: Falling back to sysfs fallback for: L-cs35l45-dsp1-spk-prot.bin
[   10.171082] smcinvoke: process_tzcb_req: CBobj timed out cb-tzhandle:-2147483631, retry:0, op:0 counts :16416
[   10.171097] smcinvoke: process_tzcb_req: CBobj -2147483631 timedout pid 8b6,tid 8b6, srvr state=0, srvr id:17
[   10.275066] smcinvoke: process_tzcb_req: CBobj timed out cb-tzhandle:-2147483631, retry:1, op:0 counts :16416
[   10.275080] smcinvoke: process_tzcb_req: CBobj -2147483631 timedout pid 8b6,tid 8b6, srvr state=0, srvr id:17
[   10.281431] msm-dwc3 a600000.ssusb: DWC3 in low power mode
[   10.287049] msm-dwc3 a600000.ssusb: DWC3 exited from low power mode
[   10.287243] eusb2-repeater c42d000.qcom,spmi:qcom,pm8550b@7:qcom,eusb2-repeater@fd00: eUSB2 repeater status:OK
[   10.294398] cs35l45 4-0030: DSP1: Failed to parse legacy: -19
[   10.347755] dwc3 a600000.dwc3: Set IRQ thread:irq/321-dwc3 pid:2983 to SCHED_NORMAL prio
[   10.375102] smcinvoke: process_tzcb_req: CBobj timed out cb-tzhandle:-2147483631, retry:2, op:0 counts :16416
[   10.375116] smcinvoke: process_tzcb_req: CBobj -2147483631 timedout pid 8b6,tid 8b6, srvr state=0, srvr id:17
[   10.463322] msm_eusb2_phy 88e3000.hsphy: Avail curr from USB = 2
[   10.475075] smcinvoke: process_tzcb_req: CBobj timed out cb-tzhandle:-2147483631, retry:3, op:0 counts :16416
[   10.475088] smcinvoke: process_tzcb_req: CBobj -2147483631 timedout pid 8b6,tid 8b6, srvr state=0, srvr id:17
[   10.496336] binder: 989:989 transaction async to 2319:0 failed 6788/29201/-1, code 1 size 164-8 line 3235
[   10.575073] smcinvoke: process_tzcb_req: CBobj timed out cb-tzhandle:-2147483631, retry:4, op:0 counts :16416
[   10.575086] smcinvoke: process_tzcb_req: CBobj -2147483631 timedout pid 8b6,tid 8b6, srvr state=0, srvr id:17
[   10.603932] slg51000-regulator 0-0075: disable LDO6 supply_name:vin7 off_time:2000us
[   10.623475] android_work: sent uevent USB_STATE=CONNECTED
[   10.628729] msm_eusb2_phy 88e3000.hsphy: Avail curr from USB = 500
[   10.628895] android_work: sent uevent USB_STATE=CONFIGURED
[   10.656412] slg51000-regulator 0-0075: disable LDO6 supply_name:vin7 off_time:2000us
[   10.679077] smcinvoke: process_tzcb_req: CBobj timed out cb-tzhandle:-2147483631, retry:5, op:0 counts :16416
[   10.679090] smcinvoke: process_tzcb_req: CBobj -2147483631 timedout pid 8b6,tid 8b6, srvr state=0, srvr id:17
[   10.723046] slg51000-regulator 0-0075: disable LDO6 supply_name:vin7 off_time:2000us
[   10.779101] smcinvoke: process_tzcb_req: CBobj timed out cb-tzhandle:-2147483631, retry:6, op:0 counts :16416
[   10.779113] smcinvoke: process_tzcb_req: CBobj -2147483631 timedout pid 8b6,tid 8b6, srvr state=0, srvr id:17
[   10.790757] servicemanager: Caller(pid=1830,uid=1041,sid=u:r:audioserver:s0) Since 'activity' could not be found trying to start it as a lazy AIDL service. (if it's not configured to be a lazy service, it may be stuck starting or still starting).
[   10.791917] init: Control message: Could not find 'aidl/activity' for ctl.interface_start from pid: 987 (/system/bin/servicemanager)
[   10.792550] servicemanager: Caller(pid=1830,uid=1041,sid=u:r:audioserver:s0) Tried to start aidl service activity as a lazy service, but was unable to. Usually this happens when a service is not installed, but if the service is intended to be used as a lazy service, then it may be configured incorrectly.
[   10.814301] cs35l45 4-0031: Preload DSP before boot
[   10.818359] cs35l45 4-0031: Direct firmware load for R-cs35l45-dsp1-spk-prot.wmfw failed with error -2
[   10.818366] cs35l45 4-0031: Falling back to sysfs fallback for: R-cs35l45-dsp1-spk-prot.wmfw
[   10.821533] cs35l45 4-0031: DSP1: Firmware version: 3
[   10.821540] cs35l45 4-0031: DSP1: R-cs35l45-dsp1-spk-prot.wmfw: Fri 24 Jun 2022 13:57:44 W. Europe Daylight Time
[   10.870642] [drm:dsi_display_set_mode [msm_drm]] [msm-dsi-info]: mdp_transfer_time=7680, hactive=1096, vactive=2560, fps=60, clk_rate=1191321360
[   10.871378] lxs_ts 2-0028: After: Unblank
[   10.871381] lxs_ts 2-0028: start@10.840349317
[   10.871383] lxs_ts 2-0028: lxs_ts_resume: start
[   10.871385] lxs_ts 2-0028: lxs_hal_touch_mode: state 0(0), lcd 1(1, 1, 1), c 0x0(0)
[   10.871389] lxs_ts 2-0028: lxs_ts_resume: end
[   10.871390] lxs_ts 2-0028: end@10.840358744
[   10.883079] smcinvoke: process_tzcb_req: CBobj timed out cb-tzhandle:-2147483631, retry:7, op:0 counts :16416
[   10.883089] smcinvoke: process_tzcb_req: CBobj -2147483631 timedout pid 8b6,tid 8b6, srvr state=0, srvr id:17
[   10.888990] init: processing action (vendor.backlight_on=1 && vendor.display.hmd_mode=0 && vendor.enable.always_on_display=0) from (/odm/etc/init/init.sony-device-common.rc:24)
[   10.889214] dsi_panel_set_hmd_mode: set HMD mode=0
[   10.889427] init: processing action (vendor.backlight_on=1) from (/odm/etc/init/init.sony-platform.rc:187)
[   10.889533] lxs_ts 2-0028: store_enable: value 1
[   10.889539] lxs_ts 2-0028: touch enable device, 1
[   10.889543] lxs_ts 2-0028: lxs_ts_watchdog_stop
[   10.889548] lxs_ts 2-0028: __lxs_hal_enable_work_func: lcd 1(1, 1, 1), c 0x0(0)
[   10.889554] lxs_ts 2-0028: lxs_ts_watchdog_run: on (10000 ms)
[   10.889599] init: processing action (vendor.backlight_on=1 && vendor.enable.always_on_display=0) from (/odm/etc/init/init.sony-platform.rc:193)
[   10.889706] lxs_ts 2-0028: set_lowpower_mode: 0
[   10.889836] lxs_ts 2-0028: store_enable: value 1
[   10.889840] lxs_ts 2-0028: touch enable device, 1
[   10.889842] lxs_ts 2-0028: lxs_ts_watchdog_stop
[   10.889845] lxs_ts 2-0028: __lxs_hal_enable_work_func: lcd 1(1, 1, 1), c 0x0(0)
[   10.889849] lxs_ts 2-0028: lxs_ts_watchdog_run: on (10000 ms)
[   10.899253] [drm:dsi_display_set_mode [msm_drm]] [msm-dsi-info]: mdp_transfer_time=7680, hactive=1096, vactive=2560, fps=120, clk_rate=1191321360
[   10.900965] lxs_ts 2-0028: After: Unblank
[   10.900968] lxs_ts 2-0028: start@10.869936764
[   10.900970] lxs_ts 2-0028: lxs_ts_resume: start
[   10.900972] lxs_ts 2-0028: lxs_hal_touch_mode: state 0(0), lcd 1(1, 1, 1), c 0x0(0)
[   10.900974] lxs_ts 2-0028: lxs_ts_resume: end
[   10.900975] lxs_ts 2-0028: end@10.869943379
[   11.002599] adsprpc: fastrpc_restart_notifier_cb: mpss subsystem is up
[   11.002610] ipa-wan ipa3_lcl_mdm_ssr_notifier_cb:4056 IPA received MPSS AFTER_POWERUP
[   11.002616] ipa ipa3_odl_pipe_open:371 adpl pipe not configured
[   11.002624] ipa-wan ipa3_lcl_mdm_ssr_notifier_cb:4061 IPA AFTER_POWERUP handling is complete
[   11.002629] remoteproc remoteproc3: remote processor 4080000.remoteproc-mss is now up
[   11.007767] qcom_smd_qrtr_probe:SMD QRTR driver probed
[   11.007824] qrtr: Modem QMI Readiness RX cmd:0x2 node[0x0]
[   11.036417] servicemanager: Caller(pid=2257,uid=1001,sid=u:r:rild:s0) Found android.hardware.radio.config.IRadioConfig/default in device VINTF manifest.
[   11.037452] servicemanager: Caller(pid=2257,uid=1001,sid=u:r:rild:s0) Found android.hardware.radio.messaging.IRadioMessaging/slot1 in device VINTF manifest.
[   11.037682] servicemanager: Caller(pid=2257,uid=1001,sid=u:r:rild:s0) Found android.hardware.radio.modem.IRadioModem/slot1 in device VINTF manifest.
[   11.037885] servicemanager: Caller(pid=2257,uid=1001,sid=u:r:rild:s0) Found android.hardware.radio.network.IRadioNetwork/slot1 in device VINTF manifest.
[   11.038067] servicemanager: Caller(pid=2257,uid=1001,sid=u:r:rild:s0) Found android.hardware.radio.sim.IRadioSim/slot1 in device VINTF manifest.
[   11.038238] servicemanager: Caller(pid=2257,uid=1001,sid=u:r:rild:s0) Found vendor.qti.hardware.data.connectionfactory.IFactory/slot0 in device VINTF manifest.
[   11.038927] servicemanager: Caller(pid=2257,uid=1001,sid=u:r:rild:s0) Found android.hardware.radio.voice.IRadioVoice/slot1 in device VINTF manifest.
[   11.039239] servicemanager: Caller(pid=2257,uid=1001,sid=u:r:rild:s0) Found vendor.qti.hardware.radio.qtiradioconfig.IQtiRadioConfig/default in device VINTF manifest.
[   11.113783] rmt_storage:INFO:rmt_storage_open_cb: Processing: Open Request (req_h 0x1) for /boot/modem_fs1!
[   11.113986] rmt_storage:INFO:rmt_storage_open_cb: Processing: Open Request (req_h 0x2) for /boot/modem_fs2!
[   11.115224] rmt_storage:INFO:rmt_storage_alloc_buff_cb: Received req_size: 2621440! avail: 2621440
[   11.115582] rmt_storage:INFO:rmt_storage_rw_iovec_cb: Read iovec request (req_h 0x4 wr_count 0) received for /boot/modem_fs1
[   11.115774] rmt_storage:INFO:rmt_storage_client_thread: Calling Read [offset=512, size=512, req_h 0x4, wr_count 0] for /boot/modem_fs1!
[   11.116313] rmt_storage:INFO:rmt_storage_client_thread: Done Read (bytes = 512, req_h 0x4, wr_count 0) for /boot/modem_fs1!
[   11.116671] rmt_storage:INFO:rmt_storage_rw_iovec_cb: Read iovec request (req_h 0x5 wr_count 0) received for /boot/modem_fs2
[   11.118948] rmt_storage:INFO:rmt_storage_client_thread: Calling Read [offset=512, size=512, req_h 0x5, wr_count 0] for /boot/modem_fs2!
[   11.138613] CAM_INFO: CAM-SMMU: cam_smmu_need_force_alloc_cached: 453 force_cache_allocs=1
[   11.138630] CAM_INFO: CAM-MEM: cam_mem_mgr_get_dma_heaps: 662 Heaps : system=0000000000000000, system_uncached=0000000000000000, camera=0000000000000000, camera-uncached=0000000000000000, secure_display=0000000000000000, ubwc_p_heap=0000000000000000
[   11.140908] CAM_INFO: CAM-ICP: cam_icp_v2_download_fw: 790 Loading Secure PIL : Y
[   11.144040] ueventd: firmware: loading 'CAMERA_ICP.mbn' for '/devices/platform/soc/ac01000.qcom,icp/firmware/CAMERA_ICP.mbn'
[   11.144185] ueventd: found /vendor/firmware/CAMERA_ICP.mbn for /devices/platform/soc/ac01000.qcom,icp/firmware/CAMERA_ICP.mbn
[   11.145800] ueventd: loading /devices/platform/soc/ac01000.qcom,icp/firmware/CAMERA_ICP.mbn took 1ms
[   11.153153] cs35l45 4-0031: DSP1: Firmware: 4fa00 vendor: 0x2 v0.61.0, 5 algorithms
[   11.154818] cs35l45 4-0031: DSP1: 0: ID cd v129.78.0 XM@202 YM@27
[   11.154827] cs35l45 4-0031: DSP1: 1: ID f206 v1.0.0 XM@f2 YM@0
[   11.154833] cs35l45 4-0031: DSP1: 2: ID f20b v0.1.0 XM@3c2 YM@0
[   11.154836] cs35l45 4-0031: DSP1: 3: ID f204 v0.0.1 XM@414 YM@0
[   11.154842] cs35l45 4-0031: DSP1: 4: ID f205 v0.2.0 XM@442 YM@0
[   11.154869] cs35l45 4-0031: Direct firmware load for R-cs35l45-dsp1-spk-prot.bin failed with error -2
[   11.154871] cs35l45 4-0031: Falling back to sysfs fallback for: R-cs35l45-dsp1-spk-prot.bin
[   11.157354] ueventd: firmware: loading 'R-cs35l45-dsp1-spk-prot.bin' for '/devices/platform/soc/8c0000.qcom,qupv3_2_geni_se/88c000.i2c/i2c-4/4-0031/firmware/R-cs35l45-dsp1-spk-prot.bin'
[   11.157521] ueventd: found /vendor/firmware/R-cs35l45-dsp1-spk-prot.bin for /devices/platform/soc/8c0000.qcom,qupv3_2_geni_se/88c000.i2c/i2c-4/4-0031/firmware/R-cs35l45-dsp1-spk-prot.bin
[   11.158128] ueventd: loading /devices/platform/soc/8c0000.qcom,qupv3_2_geni_se/88c000.i2c/i2c-4/4-0031/firmware/R-cs35l45-dsp1-spk-prot.bin took 0ms
[   11.164480] coresight-remote-etm soc:modem2_etm0: Connection established between QMI handle and 11 service
[   11.164491] coresight-remote-etm soc:modem_etm0: Connection established between QMI handle and 2 service
[   11.174706] CAM_INFO: CAM-ICP: cam_icp_mgr_process_dbg_buf: 2918 FW_DBG:CICP_FW_E : HFI  :QC_IMAGE_VERSION_STRING=CICP.FW.1.0-00137-DOUBLE_EXC_UPDATE_0718,OEM_IMAGE_VERSION_STRING=QCAM-SYS-SW9,BUILD_TIME: Jul 18 2023 02:40:16,CACHE_ENABLED at icphostinterface.c:814
[   11.174715] CAM_INFO: CAM-ICP: cam_icp_mgr_process_dbg_buf: 2918 FW_DBG:CICP_FW_E : HFI  :ELF variant: CACHE-ENABLED:T480:API_V2:USE_CDM_1_1:T780:TCM_ENABLED: , API version: 0x20000d3 at icphostinterface.c:815 QC_IMAGE_VERSION_STRING=CICP.FW.1.0-00137-DOUBLE_EXC_UPDATE_0718 OEM_IMAGE_VERSION_STRING=QCAM-SYS-SW9
[   11.174718] CAM_INFO: CAM-ICP: cam_icp_mgr_process_dbg_buf: 2918 FW_DBG:CICP_FW_E : HWDRV_:DMI_STATUS polling timed out at hardwaredriver_ipebps.c:450 QC_IMAGE_VERSION_STRING=CICP.FW.1.0-00137-DOUBLE_EXC_UPDATE_0718 OEM_IMAGE_VERSION_STRING=QCAM-SYS-SW9
[   11.174733] CAM_INFO: CAM-ICP: cam_icp_mgr_hw_open: 4600 FW download done successfully
[   11.184477] memshare soc:qcom,memshare: memshare_query: client_id : 1, query_resp.size :5242880, query_resp.resp.result :0
[   11.184584] memshare soc:qcom,memshare: memshare_alloc: memory alloc request received for client id: 1, proc_id: 0, request size: 5242880
[   11.184588] memshare soc:qcom,memshare: memshare_alloc: found client with client_id: 1, index: 2
[   11.192009] memshare soc:qcom,memshare: memshare_alloc: client_id: 1, alloc_resp.num_bytes: 5242880, alloc_resp.resp.result: 0
[   11.236108] Sending QMI_IPA_INIT_MODEM_DRIVER_REQ_V01
[   11.236182] ipa-wan ipa3_handle_indication_req:147 not send indication
[   11.250850] ipa ipa3_uc_wdi_event_log_info_handler:371 WDI protocol missing 0x1
[   11.250865] ipa ipa3_uc_ntn_event_log_info_handler:19 NTN protocol missing 0x1
[   11.250894] ipa ipa_pc_qmp_enable:12130 mailbox channel request failed, ret=-2
[   11.250957] ipa ipa3_uc_send_cmd_64b_param:1086 uC cmd(17): Received status 4, Expected status 0
[   11.250961] ipa ipa3_deferred_holb_work:387 Failed to enable HOLB monitoring -14
[   11.258019] qcedev_ioctl: info: vaddr = ffa00000
, fd = 17
[   11.258808] QMI_IPA_INIT_MODEM_DRIVER_REQ_V01 response received
[   11.260826] qcedev_ioctl: info: vaddr = ff600000
, fd = 19
[   11.276753] qcedev_ioctl: info: vaddr = ff200000
, fd = 21
[   11.291951] cnss: COEX server arrive: node 0 port 58
[   11.291963] cnss: COEX Server Connected: 0x2e0200f
[   11.311013] cs35l45 4-0031: DSP1: Failed to parse legacy: -19
[   11.351496] gsi soc:qcom,msm_gsi: gsi_stop_channel:3615 chan=14 busy try again
[   11.541494] init: Service 'keyprov_daemon' (pid 2388) exited with status 0 oneshot service took 2.571000 seconds in background
[   11.541511] init: Sending signal 9 to service 'keyprov_daemon' (pid 2388) process group...
[   11.541697] libprocessgroup: Removed cgroup /sys/fs/cgroup/uid_1000/pid_2388
[   11.791720] init: Control message: Could not find 'aidl/activity' for ctl.interface_start from pid: 987 (/system/bin/servicemanager)
[   11.828086] adsp_sleepmon: Audio: num_sessions=1,num_lpi_sessions=0,timer_pending=0
[   11.970635] adsp_sleepmon: Audio: num_sessions=0,num_lpi_sessions=0,timer_pending=1
[   11.972186] init: Control message: Could not find 'android.frameworks.sensorservice@1.0::ISensorManager/default' for ctl.interface_start from pid: 988 (/system/system_ext/bin/hwservicemanager)
[   11.972883] init: Control message: Could not find 'android.frameworks.sensorservice@1.0::ISensorManager/default' for ctl.interface_start from pid: 988 (/system/system_ext/bin/hwservicemanager)
[   11.993115] kalama-asoc-snd soc:spf_core_platform:sound: check_userspace_service_state: pcm_id 25 state 0
[   12.102242] SELinux:  Context u:object_r:lsposed_file:s0 is not valid (left unmapped).
[   12.182132] cnss: IMS server arrive: node 0 port 106
[   12.182143] cnss: IMS Server Connected: 0x2e0600f
[   12.182145] cnss: Sending ASYNC ims subscribe for indication
[   12.187441] USB cable not connected
[   12.202150] ip_local_port_range: prefer different parity for start/end values.
[   12.218071] cnss: QMI DMS service connected, state: 0x2f0600f
[   12.301848] cnss: Received IMS subscribe indication response
[   12.368077] DATARMNET6e31e62d2e(): Initializing on device rmnet_data0
[   12.368094] rmnet_shs initializing rmnet_data0
[   12.368102] rmnet_shs init with 0
[   12.368139] DATARMNET7dec24813e(): Initializing on device rmnet_data0
[   12.399118] ipa ipa3_setup_apps_low_lat_prod_pipe:349 Configuring low lat prod with rmnet config
[   12.401600] ipa ipa3_setup_apps_low_lat_data_prod_pipe:510 Configuring low lat data prod with rmnet config
[   12.401641] ipa ipa3_setup_apps_low_lat_data_prod_pipe:538 Not enabling deaggr on low_lat_prod
[   12.412558] ipa ipa3_set_aggr_limit:5610 set rx_buff_sz config from netmngr 32768
[   12.417961] ipa ipa3_set_aggr_limit:5610 set rx_buff_sz config from netmngr 32768
[   12.425260] rmnet_ctl driver probed
[   12.428671] ipa ipa3_set_aggr_limit:5610 set rx_buff_sz config from netmngr 8192
[   12.461666] ipa-wan ipa3_wwan_ioctl:2910 dev(rmnet_data0) register to IPA
[   12.542258] msm_cvp:  pwr: cvp (eva) power collapsed
[   12.618965] DFC QMAP init
[   12.622833] Connection established with the WDA Service, DL Marker enabled
[   12.693546] rmnet_shs:  mask: 0x7d maplen: 6
[   12.929052] kalama-asoc-snd soc:spf_core_platform:sound: check_userspace_service_state: pcm_id 7 state 0
[   12.944970] read descriptors
[   12.944982] read strings
[   12.945015] read descriptors
[   12.945019] read strings
[   12.995416] gsi soc:qcom,msm_gsi: gsi_stop_channel:3615 chan=1 busy try again
[   12.997556] gsi soc:qcom,msm_gsi: gsi_stop_channel:3615 chan=14 busy try again
[   13.076675] [EGISFP] egisfp_ioctl : cmd = 0x5 
[   13.076682] [EGISFP] egisfp_ioctl : FP_POWER_ONOFF 
[   13.076684] [EGISFP] do_egisfp_power_onoff : power_onoff = 2 
[   13.076688] [EGISFP] egisfp_vreg_setup : original voltage = 3400000 
[   13.076690] [EGISFP] egisfp_vreg_setup : enable_3_8V 
[   13.077017] [EGISFP] egisfp_vreg_setup : modified voltage = 3800000, ret = 0 
[   13.077022] [EGISFP] egisfp_vreg_setup : regulator enable, ret = 0 
[   13.083099] [EGISFP] do_egisfp_power_onoff : power_pin value = 1 
[   13.083108] [EGISFP] egisfp_ioctl done 
[   13.084143] [EGISFP] egisfp_ioctl : cmd = 0x4 
[   13.084147] [EGISFP] egisfp_ioctl : FP_SENSOR_RESET 
[   13.097411] [EGISFP] do_egisfp_reset : reset_pin = 1 
[   13.097420] [EGISFP] egisfp_ioctl done 
[   13.219928] gsi soc:qcom,msm_gsi: gsi_stop_channel:3615 chan=1 busy try again
[   13.222114] gsi soc:qcom,msm_gsi: gsi_stop_channel:3615 chan=14 busy try again
[   13.238221] apexd: getSessions() received by ApexService
[   13.714290] [EGISFP] egisfp_ioctl : cmd = 0x7 
[   13.714300] [EGISFP] egisfp_ioctl : FP_RESET_SET 
[   13.714301] [EGISFP] do_egisfp_reset_set : reset_high_low = 0 
[   13.714320] [EGISFP] do_egisfp_reset_set : reset_pin value = 0 
[   13.714322] [EGISFP] egisfp_ioctl done 
[   13.714329] [EGISFP] egisfp_ioctl : cmd = 0x5 
[   13.714331] [EGISFP] egisfp_ioctl : FP_POWER_ONOFF 
[   13.714332] [EGISFP] do_egisfp_power_onoff : power_onoff = 0 
[   13.714520] [EGISFP] egisfp_vreg_setup : regulator disable, ret = 0 
[   13.767114] [EGISFP] do_egisfp_power_onoff : power_pin value = 0 
[   13.767122] [EGISFP] egisfp_ioctl done 
[   13.859525] gsi soc:qcom,msm_gsi: gsi_stop_channel:3615 chan=1 busy try again
[   13.861689] gsi soc:qcom,msm_gsi: gsi_stop_channel:3615 chan=14 busy try again
[   13.995600] audit_log_lost: 268 callbacks suppressed
[   13.995606] audit: audit_lost=1 audit_rate_limit=20 audit_backlog_limit=128
[   13.995610] audit: rate limit exceeded
[   14.207487] gsi soc:qcom,msm_gsi: gsi_stop_channel:3615 chan=1 busy try again
[   14.209824] gsi soc:qcom,msm_gsi: gsi_stop_channel:3615 chan=14 busy try again
[   14.445848] bt_ioctl: BT_CMD_PWR_CTRL pwr_cntrl: 0
[   14.445857] bt_ioctl: BT chip state is already: 0 no change
[   14.445874] bt_ioctl: BT_CMD_PWR_CTRL pwr_cntrl: 1
[   14.446370] BTON:Turn Bt OFF asserting BT_EN to low
[   14.446374] bt-reset-gpio(382) value(0)
[   14.499091] BTON:Turn Bt OFF post asserting BT_EN to low
[   14.499104] bt-reset-gpio(382) value(0)
[   14.499107] BTON:Turn Bt OFF bt-sw-ctrl-gpio(383) value(1)
[   14.499110] BTON:Turn Bt ON wl-reset-gpio(381) value(1)
[   14.499113] BTON: WLAN ON Asserting BT_EN to high
[   14.555378] BTON:Turn Bt On bt-reset-gpio(382) value(1)
[   14.555386] BTON: Turn BT ON bt-sw-ctrl-gpio(383) value(1)
[   14.555389] bt_configure_gpios: bt_gpio= 382 on: 1
[   14.582961] bt_ioctl: unified Current SOC Version : 40170200
[   15.216225] [EGISFP] egisfp_ioctl : cmd = 0x5 
[   15.216235] [EGISFP] egisfp_ioctl : FP_POWER_ONOFF 
[   15.216236] [EGISFP] do_egisfp_power_onoff : power_onoff = 2 
[   15.216241] [EGISFP] egisfp_vreg_setup : original voltage = 3400000 
[   15.216243] [EGISFP] egisfp_vreg_setup : enable_3_8V 
[   15.216446] [EGISFP] egisfp_vreg_setup : modified voltage = 3800000, ret = 0 
[   15.216451] [EGISFP] egisfp_vreg_setup : regulator enable, ret = 0 
[   15.223553] [EGISFP] do_egisfp_power_onoff : power_pin value = 1 
[   15.223562] [EGISFP] egisfp_ioctl done 
[   15.224571] [EGISFP] egisfp_ioctl : cmd = 0x4 
[   15.224575] [EGISFP] egisfp_ioctl : FP_SENSOR_RESET 
[   15.238544] [EGISFP] do_egisfp_reset : reset_pin = 1 
[   15.238552] [EGISFP] egisfp_ioctl done 
[   15.261946] [EGISFP] egisfp_ioctl : cmd = 0xA5 
[   15.261957] [EGISFP] egisfp_interrupt_free 
[   15.261959] [EGISFP] egisfp_ioctl : INT_TRIGGER_CLOSE 0  
[   15.261962] [EGISFP] egisfp_ioctl done 
[   15.261969] [EGISFP] egisfp_ioctl : cmd = 0xA4 
[   15.261971] [EGISFP] egisfp_interrupt_init :  mode = 3 period = 0 threshold = 0 
[   15.261974] [EGISFP] egisfp_interrupt_init :  request_irq_done = 0 gpio_irq = 0  pin = 341 
[   15.262025] [EGISFP] egisfp_interrupt_init : fp_irq number 403 
[   15.262027] [EGISFP] egisfp_interrupt_init : current flag : 0 disable: 0 enable: 1 
[   15.262029] [EGISFP] egisfp_interrupt_init : LEVEL_TRIGGER_HIGH 
[   15.262083] [EGISFP] egisfp_interrupt_init : request_irq return 0 
[   15.262084] [EGISFP] egisfp_interrupt_init : current flag : 1 disable: 0 enable: 1 
[   15.262085] [EGISFP] egisfp_interrupt_init : enable irq with mode = 3 
[   15.262086] [EGISFP] egisfp_interrupt_enable : enable 
[   15.262088] [EGISFP] egisfp_ioctl : INT_TRIGGER_INIT 0 
[   15.262089] [EGISFP] egisfp_ioctl done 
[   15.447101] cnss: Received QMI WLFW pin connect result indication
[   15.447111] cnss: Pin connect Result: pwr_pin: 0x0 phy_io_pin: 0x0 rf_io_pin: 0x2b
[   15.449214] cnss: Received Cal done indication. File size: 8442616
[   15.449223] cnss: Calibration took 7676 ms
[   15.449226] cnss: Posting event: COLD_BOOT_CAL_DONE(6), state: 0x2f0600f flags: 0x0
[   15.449229] cnss: PM stay awake, state: 0x2f0600f, count: 1
[   15.449237] cnss: PM relax, state: 0x2f0600f, count: 0
[   15.449241] cnss: PM stay awake, state: 0x2f0600f, count: 1
[   15.449249] cnss: Processing driver event: COLD_BOOT_CAL_DONE(6), state: 0x2f0600f
[   15.449252] cnss: Calibration completed successfully
[   15.449254] cnss: Sending mode message, mode: OFF(4), state: 0x2f0600f
[   15.499765] cnss: Sending coex antenna switch_to_mdm
[   15.499961] cnss: Skip driver remove
[   15.500317] cnss: WLFW server exiting
[   15.500324] cnss: Posting event: SERVER_EXIT(1), state: 0x2f8600f flags: 0x0
[   15.501220] cnss: Enable ADSP power collapse
[   15.501227] cnss: Setting MHI state: POWER_OFF(4)
[   15.547085] cnss: Suspending PCI link
[   15.555110] msm_pcie_disable: PCIe: Assert the reset of endpoint of RC0.
[   15.555665] cnss: Setting MHI state: DEINIT(1)
[   15.555712] cnss: WLAN_EN Value: 0
[   15.555715] cnss: De-assert WLAN_EN GPIO successfully
[   15.555718] cnss: Regulator vdd-wlan-rfa2 is being disabled
[   15.555722] cnss: Regulator vdd-wlan-rfa1 is being disabled
[   15.555726] cnss: Regulator vdd-wlan-dig is being disabled
[   15.555730] cnss: Regulator vdd-wlan-aon is being disabled
[   15.555751] cnss: Regulator vdd-wlan is being disabled
[   15.555764] cnss: Regulator vdd-wlan-io is being disabled
[   15.653324] AidlLazyServiceRegistrar: Process has 0 (of 1 available) client(s) in use after notification apexservice has clients: 0
[   15.653332] AidlLazyServiceRegistrar: Shutdown prevented by forcePersist override flag.
[   15.659079] cnss: CAL DB file not required as per BDF
[   15.659090] cnss: Schedule WLAN driver load
[   15.659100] cnss: Processing driver event: SERVER_EXIT(1), state: 0x2fa6001
[   15.659104] cnss: QMI WLFW service disconnected, state: 0x2fa6000
[   15.659129] cnss: Posting event: REGISTER_DRIVER(7)-sync, state: 0x2fa6000 flags: 0x5
[   15.659244] cnss: Processing driver event: REGISTER_DRIVER-sync(7), state: 0x2f26000
[   15.659254] cnss: FW name added with prefix: kiwi/amss20.bin
[   15.659256] cnss: FW name added with prefix: kiwi/amss20.bin
[   15.659258] cnss: FW name is kiwi/amss20.bin, FW fallback name is kiwi/amss20.bin
[   15.659259] cnss: New driver mode is 0
[   15.659262] cnss: Regulator vdd-wlan-io is being enabled
[   15.659265] cnss: Regulator vdd-wlan is being enabled
[   15.660069] cnss: Regulator vdd-wlan-aon is being enabled
[   15.660226] cnss: Regulator vdd-wlan-dig is being enabled
[   15.660231] cnss: Regulator vdd-wlan-rfa1 is being enabled
[   15.660235] cnss: Regulator vdd-wlan-rfa2 is being enabled
[   15.661255] cnss: WLAN_EN Value: 1
[   15.661257] cnss: Assert WLAN_EN GPIO successfully
[   15.661260] cnss: Resuming PCI link
[   15.661282] msm_pcie_enable: PCIe: Assert the reset of endpoint of RC0.
[   15.665251] msm_pcie_enable: PCIe: RC0: PCIE20_PARF_INT_ALL_MASK: 0x7f80d202
[   15.667544] pcie_phy_init: PCIe RC0 PHY is ready!
[   15.677577] msm_pcie_enable: PCIe: Release the reset of endpoint of RC0.
[   15.694002] msm_pcie_link_train: PCIe RC0 link initialized
[   15.707107] cnss_pci 0000:01:00.0: enabling device (0000 -> 0002)
[   15.707479] cnss: Setting MHI state: INIT(0)
[   15.707537] cnss: Setting MHI state: POWER_ON(2)
[   15.707888] cnss_pci 0000:01:00.0: Direct firmware load for kiwi/amss20.bin failed with error -2
[   15.707891] cnss_pci 0000:01:00.0: Falling back to sysfs fallback for: kiwi/amss20.bin
[   15.709204] ueventd: firmware: loading 'kiwi/amss20.bin' for '/devices/platform/soc/1c00000.qcom,pcie/pci0000:00/0000:00:00.0/0000:01:00.0/firmware/kiwi!amss20.bin'
[   15.709394] ueventd: found /vendor/firmware_mnt/image/kiwi/amss20.bin for /devices/platform/soc/1c00000.qcom,pcie/pci0000:00/0000:00:00.0/0000:01:00.0/firmware/kiwi!amss20.bin
[   15.713257] ueventd: loading /devices/platform/soc/1c00000.qcom,pcie/pci0000:00/0000:00:00.0/0000:01:00.0/firmware/kiwi!amss20.bin took 4ms
[   15.798069] SELinux: avc:  denied  { find } for pid=1926 uid=1000 name=vendor.qti.hardware.servicetrackeraidl.IServicetracker/default scontext=u:r:system_server:s0 tcontext=u:object_r:default_android_service:s0 tclass=service_manager permissive=0
[   15.799257] SELinux: avc:  denied  { find } for pid=1926 uid=1000 name=vendor.qti.hardware.servicetrackeraidl.IServicetracker/default scontext=u:r:system_server:s0 tcontext=u:object_r:default_android_service:s0 tclass=service_manager permissive=0
[   15.808905] SELinux: avc:  denied  { find } for pid=1926 uid=1000 name=vendor.qti.hardware.servicetrackeraidl.IServicetracker/default scontext=u:r:system_server:s0 tcontext=u:object_r:default_android_service:s0 tclass=service_manager permissive=0
[   15.809675] SELinux: avc:  denied  { find } for pid=1926 uid=1000 name=vendor.qti.hardware.servicetrackeraidl.IServicetracker/default scontext=u:r:system_server:s0 tcontext=u:object_r:default_android_service:s0 tclass=service_manager permissive=0
[   15.817220] SELinux: avc:  denied  { find } for pid=1926 uid=1000 name=vendor.qti.hardware.servicetrackeraidl.IServicetracker/default scontext=u:r:system_server:s0 tcontext=u:object_r:default_android_service:s0 tclass=service_manager permissive=0
[   15.823822] servicemanager: Caller(pid=4106,uid=10333,sid=u:r:vendor_qtelephony:s0:c77,c257,c512,c768) Found vendor.qti.hardware.radio.qtiradioconfig.IQtiRadioConfig/default in device VINTF manifest.
[   15.824384] servicemanager: Caller(pid=4106,uid=10333,sid=u:r:vendor_qtelephony:s0:c77,c257,c512,c768) Found vendor.qti.hardware.radio.ims.IImsRadio/imsradio0 in device VINTF manifest.
[   15.824906] SELinux: avc:  denied  { find } for pid=1926 uid=1000 name=vendor.qti.hardware.servicetrackeraidl.IServicetracker/default scontext=u:r:system_server:s0 tcontext=u:object_r:default_android_service:s0 tclass=service_manager permissive=0
[   15.825211] servicemanager: Caller(pid=4106,uid=10333,sid=u:r:vendor_qtelephony:s0:c77,c257,c512,c768) Found vendor.qti.hardware.radio.ims.IImsRadio/imsradio0 in device VINTF manifest.
[   15.828384] SELinux: avc:  denied  { find } for pid=1926 uid=1000 name=vendor.qti.hardware.servicetrackeraidl.IServicetracker/default scontext=u:r:system_server:s0 tcontext=u:object_r:default_android_service:s0 tclass=service_manager permissive=0
[   15.903950] bt_ioctl: BT_CMD_PWR_CTRL pwr_cntrl: 2
[   15.971458] gsi soc:qcom,msm_gsi: gsi_stop_channel:3615 chan=1 busy try again
[   15.973727] gsi soc:qcom,msm_gsi: gsi_stop_channel:3615 chan=14 busy try again
[   16.194578] cnss: MHI status cb is called with reason MISSION_MODE(5)
[   16.194631] cnss: Disable ADSP power collapse
[   16.194659] cnss: Completed event: REGISTER_DRIVER(7), state: 0x6f26010, ret: 0/0
[   16.194668] cnss: PM relax, state: 0x6f26010, count: 0
[   16.197948] cnss: Setting link speed:0x2, width:0x1
[   16.327446] qrtr: announce_servers(): Avoiding duplicate announce for NODE ID 7
[   16.327783] cnss: WLFW server arriving: node 7 port 1
[   16.327792] cnss: Posting event: SERVER_ARRIVE(0), state: 0x6f26010 flags: 0x0
[   16.327797] cnss: PM stay awake, state: 0x6f26010, count: 1
[   16.327813] cnss: PM relax, state: 0x6f26010, count: 0
[   16.327822] cnss: PM stay awake, state: 0x6f26010, count: 1
[   16.327828] cnss: Processing driver event: SERVER_ARRIVE(0), state: 0x6f26010
[   16.327832] cnss: QMI WLFW service connected, state: 0x6f26011
[   16.327834] cnss: Sending indication register message, state: 0x6f26011
[   16.330026] cnss: Sending host capability message, state: 0x6f26011
[   16.330032] cnss: Number of clients is 1
[   16.330036] cnss: Assign MSI to user: WAKE, num_vectors: 1, user_base_data: 13, base_vector: 13
[   16.330039] cnss: WAKE MSI base data is 13
[   16.330041] cnss: Calibration done is 1
[   16.330042] cnss: Sending iova starting 0xa0000000 with size 0x10010000
[   16.330045] cnss: Sending feature list 0x6
[   16.332095] cnss: Received QMI WLFW request memory indication
[   16.332099] cnss: PM relax, state: 0x6f26011, count: 0
[   16.332101] cnss: FW requests for memory, size: 0x6f0000, type: 1
[   16.332104] cnss: FW requests for memory, size: 0x810000, type: 4
[   16.332108] cnss: Posting event: REQUEST_MEM(2), state: 0x6f26011 flags: 0x0
[   16.332112] cnss: PM stay awake, state: 0x6f26011, count: 1
[   16.332119] cnss: PM relax, state: 0x6f26011, count: 0
[   16.332125] cnss: PM stay awake, state: 0x6f26011, count: 1
[   16.332128] cnss: Processing driver event: REQUEST_MEM(2), state: 0x6f26011
[   16.332131] cnss: Sending respond memory message, state: 0x6f26011
[   16.332133] cnss: Memory for FW, va: 0x0000000000000000, pa: 0x00000000a1800000, size: 0x6f0000, type: 1
[   16.332137] cnss: Memory for FW, va: 0x0000000000000000, pa: 0x00000000a2000000, size: 0x810000, type: 4
[   16.337684] cnss: PM relax, state: 0x6f26011, count: 0
[   16.339052] cnss: Received QMI WLFW FW memory ready indication
[   16.339058] cnss: Posting event: FW_MEM_READY(3), state: 0x6f26011 flags: 0x0
[   16.339062] cnss: PM stay awake, state: 0x6f26011, count: 1
[   16.339069] cnss: PM relax, state: 0x6f26011, count: 0
[   16.339075] cnss: PM stay awake, state: 0x6f26011, count: 1
[   16.339079] cnss: Processing driver event: FW_MEM_READY(3), state: 0x6f26011
[   16.339081] cnss: Sending target capability message, state: 0x6f26013
[   16.341453] cnss: Device frequency is 19200000 HZ
[   16.341459] cnss: Target capability: chip_id: 0x2, chip_family: 0x4, board_id: 0x31, soc_id: 0x40170200, otp_version: 0x0
[   16.341463] cnss: fw_version: 0x110c8586, fw_build_timestamp: 2025-08-25 13:49, fw_build_id: QC_IMAGE_VERSION_STRING=WLAN.HMT.1.1-01414.6-QCAHMTSWPL_V1.0_V2.0_SILICONZ-1.121323.2.124673.3, hwid_bitmap:0x0
[   16.341466] cnss: Hang event params, Length: 0x180, Offset Address: 0x1ec000
[   16.341468] cnss: Sending BDF download message, state: 0x6f26013, type: 4
[   16.341472] cnss: FW name added with prefix: kiwi/regdb.bin
[   16.344783] ueventd: firmware: loading 'kiwi/regdb.bin' for '/devices/platform/soc/b0000000.qcom,cnss-qca-converged/firmware/kiwi!regdb.bin'
[   16.344911] ueventd: found /vendor/firmware/kiwi/regdb.bin for /devices/platform/soc/b0000000.qcom,cnss-qca-converged/firmware/kiwi!regdb.bin
[   16.344977] ueventd: loading /devices/platform/soc/b0000000.qcom,cnss-qca-converged/firmware/kiwi!regdb.bin took 0ms
[   16.345032] cnss: Downloading BDF: kiwi/regdb.bin, size: 24278
[   16.358701] cnss: INI File 1 download
[   16.361926] ueventd: firmware: loading 'wlan-connection-roaming.ini' for '/devices/platform/soc/b0000000.qcom,cnss-qca-converged/firmware/wlan-connection-roaming.ini'
[   16.362305] ueventd: firmware: could not find firmware for wlan-connection-roaming.ini
[   16.362319] ueventd: firmware: attempted /etc/firmware/wlan-connection-roaming.ini, open failed: No such file or directory
[   16.362323] ueventd: firmware: attempted /odm/firmware/wlan-connection-roaming.ini, open failed: No such file or directory
[   16.362327] ueventd: firmware: attempted /vendor/firmware/wlan-connection-roaming.ini, open failed: No such file or directory
[   16.362331] ueventd: firmware: attempted /firmware/image/wlan-connection-roaming.ini, open failed: No such file or directory
[   16.362335] ueventd: firmware: attempted /vendor/firmware_mnt/image/wlan-connection-roaming.ini, open failed: No such file or directory
[   16.362449] cnss: Failed to get INI file wlan-connection-roaming.ini (-2), Backup file: Supported
[   16.365569] cnss: Failed to get INI file wlan-connection-roaming-backup.ini (-2)
[   16.365581] cnss: Sending BDF download message, state: 0x6f26013, type: 1
[   16.365587] cnss: FW name added with prefix: kiwi/bdwlan.e31
[   16.368406] cnss: Downloading BDF: kiwi/bdwlan.e31, size: 88760
[   16.411674] cnss: Host BDF config: HW_XPA: 1 CalDB: 0
[   16.411686] cnss: Sending M3 information message, state: 0x6f26013
[   16.411704] cnss: M3 memory, va: 0x0000000000000000, pa: 0x00000000a2a00000, size: 0x4926c
[   16.413870] cnss: Sending QDSS config download message, state: 0x6f26013
[   16.413874] cnss: FW name added with prefix: kiwi/qdss_trace_config_v2.cfg
[   16.417287] cnss: Downloading QDSS: kiwi/qdss_trace_config_v2.cfg, size: 4911
[   16.421391] cnss: PM relax, state: 0x6f26013, count: 0
[   16.428575] cnss: Received QMI WLFW FW initialization done indication
[   16.428583] cnss: Posting event: FW_READY(4), state: 0x6f26013 flags: 0x0
[   16.428588] cnss: PM stay awake, state: 0x6f26013, count: 1
[   16.428599] cnss: PM relax, state: 0x6f26013, count: 0
[   16.428609] cnss: PM stay awake, state: 0x6f26013, count: 1
[   16.428617] cnss: Processing driver event: FW_READY(4), state: 0x6f26013
[   16.428620] cnss: Processing FW Init Done..
[   16.428622] cnss: PCIE Gen speed not setup
[   16.428624] cnss: Requesting DMS MAC address
[   16.428849] cnss: QMI_DMS_GET_MAC_ADDRESS_REQ_V01 failed, result: 1, err: 16
[   16.441175] cnss: Sending ini sync request, state: 0x6f26017, fw_log_mode: 1
[   16.444725] [kworke][0x1a1d13ee][19:27:47.037339] wlan: [10:I:HIF] hif_pci_enable_bus: con_mode = 0x0, WLAN_SOC_device_id = 0x1107
[   16.444736] [kworke][0x1a1d1466][19:27:47.037346] wlan: [10:I:HIF] hif_pci_get_soc_info_pld: hif_pci_get_soc_info_pld: fam num 4 dev ver 23 maj ver 2 min ver 0

[   16.444740] [kworke][0x1a1d1502][19:27:47.037354] wlan: [10:I:HIF] hif_pci_enable_bus: hif_enable_pci done
[   16.444847] [kworke][0x1a1d1d0a][19:27:47.037461] wlan: [10:I:HIF] hif_get_device_type:  *********** KIWI *************
[   16.444849] [kworke][0x1a1d1d3f][19:27:47.037464] wlan: [10:I:HIF] hif_pci_enable_bus: hif_type = 0x1a, target_type = 0x1f
[   16.444852] [kworke][0x1a1d1d76][19:27:47.037467] wlan: [10:I:HIF] hif_register_tbl_attach: HIF_TYPE_KIWI
[   16.444855] [kworke][0x1a1d1da2][19:27:47.037469] wlan: [10:I:HIF] hif_target_register_tbl_attach: TARGET_TYPE_KIWI
[   16.444857] [kworke][0x1a1d1dc8][19:27:47.037471] wlan: [10:I:HIF] hif_pci_enable_bus: Skip tgt_wake up for srng devices
[   16.444885] cnss: Assign MSI to user: CE, num_vectors: 10, user_base_data: 3, base_vector: 3
[   16.444893] [kworke][0x1a1d2085][19:27:47.037507] wlan: [10:E:HIF] hif_print_hal_shadow_register_cfg: v3: num_config 36
[   16.444900] [kworke][0x1a1d2114][19:27:47.037515] wlan: [10:E:HIF] hif_print_hal_shadow_register_cfg: i 0, val a3b04c
[   16.444904] [kworke][0x1a1d2153][19:27:47.037518] wlan: [10:E:HIF] hif_print_hal_shadow_register_cfg: i 1, val a3b054
[   16.444907] [kworke][0x1a1d2191][19:27:47.037521] wlan: [10:E:HIF] hif_print_hal_shadow_register_cfg: i 2, val a3b05c
[   16.444910] [kworke][0x1a1d21ce][19:27:47.037524] wlan: [10:E:HIF] hif_print_hal_shadow_register_cfg: i 3, val a3b064
[   16.444913] [kworke][0x1a1d220c][19:27:47.037528] wlan: [10:E:HIF] hif_print_hal_shadow_register_cfg: i 4, val a3b06c
[   16.444917] [kworke][0x1a1d2249][19:27:47.037531] wlan: [10:E:HIF] hif_print_hal_shadow_register_cfg: i 5, val a3b074
[   16.444920] [kworke][0x1a1d2285][19:27:47.037534] wlan: [10:E:HIF] hif_print_hal_shadow_register_cfg: i 6, val a3b07c
[   16.444923] [kworke][0x1a1d22c1][19:27:47.037537] wlan: [10:E:HIF] hif_print_hal_shadow_register_cfg: i 7, val a3b084
[   16.444926] [kworke][0x1a1d22f9][19:27:47.037540] wlan: [10:E:HIF] hif_print_hal_shadow_register_cfg: i 8, val a3b08c
[   16.444929] [kworke][0x1a1d2332][19:27:47.037543] wlan: [10:E:HIF] hif_print_hal_shadow_register_cfg: i 9, val a3b028
[   16.444936] [kworke][0x1a1d236c][19:27:47.037546] wlan: [10:E:HIF] hif_print_hal_shadow_register_cfg: i 10, val a3b020
[   16.444939] [kworke][0x1a1d2402][19:27:47.037554] wlan: [10:E:HIF] hif_print_hal_shadow_register_cfg: i 11, val a3b0ac
[   16.444943] [kworke][0x1a1d243a][19:27:47.037557] wlan: [10:E:HIF] hif_print_hal_shadow_register_cfg: i 12, val a46000
[   16.444946] [kworke][0x1a1d2479][19:27:47.037560] wlan: [10:E:HIF] hif_print_hal_shadow_register_cfg: i 13, val a46008
[   16.444949] [kworke][0x1a1d24b7][19:27:47.037563] wlan: [10:E:HIF] hif_print_hal_shadow_register_cfg: i 14, val a46010
[   16.444952] [kworke][0x1a1d24f1][19:27:47.037566] wlan: [10:E:HIF] hif_print_hal_shadow_register_cfg: i 15, val a46018
[   16.444955] [kworke][0x1a1d252e][19:27:47.037569] wlan: [10:E:HIF] hif_print_hal_shadow_register_cfg: i 16, val a46020
[   16.444958] [kworke][0x1a1d2565][19:27:47.037572] wlan: [10:E:HIF] hif_print_hal_shadow_register_cfg: i 17, val a370b8
[   16.444961] [kworke][0x1a1d25a1][19:27:47.037575] wlan: [10:E:HIF] hif_print_hal_shadow_register_cfg: i 18, val a37010
[   16.444964] [kworke][0x1a1d25d9][19:27:47.037578] wlan: [10:E:HIF] hif_print_hal_shadow_register_cfg: i 19, val a370cc
[   16.444967] [kworke][0x1a1d2612][19:27:47.037581] wlan: [10:E:HIF] hif_print_hal_shadow_register_cfg: i 20, val a370d4
[   16.444970] [kworke][0x1a1d264e][19:27:47.037584] wlan: [10:E:HIF] hif_print_hal_shadow_register_cfg: i 21, val a370dc
[   16.444973] [kworke][0x1a1d2688][19:27:47.037587] wlan: [10:E:HIF] hif_print_hal_shadow_register_cfg: i 22, val a370e4
[   16.444976] [kworke][0x1a1d26c2][19:27:47.037591] wlan: [10:E:HIF] hif_print_hal_shadow_register_cfg: i 23, val a370ec
[   16.444979] [kworke][0x1a1d26fc][19:27:47.037594] wlan: [10:E:HIF] hif_print_hal_shadow_register_cfg: i 24, val a370f4
[   16.444982] [kworke][0x1a1d2732][19:27:47.037596] wlan: [10:E:HIF] hif_print_hal_shadow_register_cfg: i 25, val a370fc
[   16.444985] [kworke][0x1a1d276b][19:27:47.037599] wlan: [10:E:HIF] hif_print_hal_shadow_register_cfg: i 26, val a37104
[   16.444988] [kworke][0x1a1d27a6][19:27:47.037602] wlan: [10:E:HIF] hif_print_hal_shadow_register_cfg: i 27, val 1b80400
[   16.444991] [kworke][0x1a1d27e3][19:27:47.037606] wlan: [10:E:HIF] hif_print_hal_shadow_register_cfg: i 28, val 1b83400
[   16.444998] [kworke][0x1a1d281f][19:27:47.037609] wlan: [10:E:HIF] hif_print_hal_shadow_register_cfg: i 29, val 1b8340c
[   16.445001] [kworke][0x1a1d28a4][19:27:47.037616] wlan: [10:E:HIF] hif_print_hal_shadow_register_cfg: i 30, val 1b85400
[   16.445004] [kworke][0x1a1d28df][19:27:47.037619] wlan: [10:E:HIF] hif_print_hal_shadow_register_cfg: i 31, val 1b8540c
[   16.445008] [kworke][0x1a1d291b][19:27:47.037622] wlan: [10:E:HIF] hif_print_hal_shadow_register_cfg: i 32, val 1b86400
[   16.445011] [kworke][0x1a1d2959][19:27:47.037625] wlan: [10:E:HIF] hif_print_hal_shadow_register_cfg: i 33, val 1b88400
[   16.445014] [kworke][0x1a1d2991][19:27:47.037628] wlan: [10:E:HIF] hif_print_hal_shadow_register_cfg: i 34, val 1b8f400
[   16.445017] [kworke][0x1a1d29ce][19:27:47.037631] wlan: [10:E:HIF] hif_print_hal_shadow_register_cfg: i 35, val 1b8f40c
[   16.445020] cnss: Mode: 0, config: 0000000000000000, host_version: 5.2.1.45E
[   16.445023] cnss: Sending WLAN config message, state: 0x6f26017
[   16.445025] cnss: Shadow reg v3 len: 36
[   16.449101] cnss: Sending mode message, mode: MISSION(0), state: 0x6f26017
[   16.485606] cnss: Get MSI low addr = 0xa0000040, high addr = 0x0
[   16.485618] [kworke][0x1a290ed9][19:27:47.078232] wlan: [10:I:HAL] hal_srng_update_high_wm_thresholds: ring_id: 64, wm_thresh- <50:0, 50-60:8, 60-70:9, 70-80:11, 80-90:12, 90-100:14
[   16.485686] [kworke][0x1a291402][19:27:47.078300] wlan: [10:I:HAL] hal_srng_update_high_wm_thresholds: ring_id: 82, wm_thresh- <50:0, 50-60:256, 60-70:307, 70-80:358, 80-90:409, 90-100:460
[   16.485755] cnss: Received QMI WLFW pin connect result indication
[   16.485761] cnss: Pin connect Result: pwr_pin: 0x1 phy_io_pin: 0x0 rf_io_pin: 0x0
[   16.485786] [kworke][0x1a291b75][19:27:47.078400] wlan: [10:I:HAL] hal_srng_update_high_wm_thresholds: ring_id: 101, wm_thresh- <50:0, 50-60:256, 60-70:307, 70-80:358, 80-90:409, 90-100:460
[   16.485871] [kworke][0x1a2921e4][19:27:47.078486] wlan: [10:I:HAL] hal_srng_update_high_wm_thresholds: ring_id: 83, wm_thresh- <50:0, 50-60:128, 60-70:153, 70-80:179, 80-90:204, 90-100:230
[   16.485963] [kworke][0x1a2928c3][19:27:47.078577] wlan: [10:I:HAL] hal_srng_update_high_wm_thresholds: ring_id: 102, wm_thresh- <50:0, 50-60:128, 60-70:153, 70-80:179, 80-90:204, 90-100:230
[   16.486026] [kworke][0x1a292d7b][19:27:47.078640] wlan: [10:I:HAL] hal_srng_update_high_wm_thresholds: ring_id: 67, wm_thresh- <50:0, 50-60:16, 60-70:19, 70-80:22, 80-90:25, 90-100:28
[   16.486089] [kworke][0x1a2931ed][19:27:47.078699] wlan: [10:I:HAL] hal_srng_update_high_wm_thresholds: ring_id: 68, wm_thresh- <50:0, 50-60:128, 60-70:153, 70-80:179, 80-90:204, 90-100:230
[   16.486153] [kworke][0x1a2936fd][19:27:47.078767] wlan: [10:I:HAL] hal_srng_update_high_wm_thresholds: ring_id: 88, wm_thresh- <50:0, 50-60:16, 60-70:19, 70-80:22, 80-90:25, 90-100:28
[   16.486246] [kworke][0x1a293df6][19:27:47.078860] wlan: [10:I:HAL] hal_srng_update_high_wm_thresholds: ring_id: 107, wm_thresh- <50:0, 50-60:16, 60-70:19, 70-80:22, 80-90:25, 90-100:28
[   16.486308] [kworke][0x1a29429c][19:27:47.078922] wlan: [10:I:HIF] hif_configure_irq: E
[   16.486310] cnss: Get IRQ number 347 for vector index 13
[   16.486372] cnss: Get IRQ number 337 for vector index 3
[   16.486408] cnss: Get IRQ number 338 for vector index 4
[   16.486442] cnss: Get IRQ number 339 for vector index 5
[   16.486475] cnss: Get IRQ number 340 for vector index 6
[   16.486507] cnss: Get IRQ number 341 for vector index 7
[   16.486540] cnss: Get IRQ number 342 for vector index 8
[   16.486564] cnss: Get IRQ number 343 for vector index 9
[   16.486585] cnss: Get IRQ number 344 for vector index 10
[   16.486606] cnss: Get IRQ number 345 for vector index 11
[   16.486652] wlan_pld:pld_is_ipa_offload_disabled:3344:: Not supported on type 0
[   16.486698] [kworke][0x1a295fe1][19:27:47.079312] wlan: [10:E:POLICY_MGR] policy_mgr_init_cfg: max_conc_cxns 4 non-nan
[   16.486708] cnss: Platform cap_flag is 0x4
[   16.486852] [kworke][0x1a296b70][19:27:47.079466] wlan: [10:E:QDF] __cds_get_context: Module ID 66 context is Null (via hdd_update_ol_config)
[   16.487507] [kworke][0x1a299c88][19:27:47.080121] wlan: [10:E:QDF] __cds_get_context: Module ID 66 context is Null (via cds_open)
[   16.488062] [kworke][0x1a29c611][19:27:47.080675] wlan: [10:F:WMA] WMA --> wmi_unified_attach - success
[   16.489483] [kworke][0x1a2a30b4][19:27:47.082097] wlan: [10:E:QDF] htc_wait_target: Target Ready! TX resource : 1 size:2176, MaxMsgsPerHTCBundle = 1
[   16.489489] [kworke][0x1a2a3139][19:27:47.082103] wlan: [10:E:QDF] htc_setup_target_buffer_assignments: SVS Index : 1 TX : 0x100 : alloc:1
[   16.489868] [kworke][0x1a2a4da2][19:27:47.082482] wlan: [10:I:DP] dp_soc_tx_desc_sw_pools_alloc Tx Desc Alloc num_pool = 6, descs = 8192
[   16.490863] cnss: Assign MSI to user: DP, num_vectors: 18, user_base_data: 14, base_vector: 14
[   16.491771] [kworke][0x1a2adc58][19:27:47.084385] wlan: [10:I:HAL] hal_srng_update_high_wm_thresholds: ring_id: 120, wm_thresh- <50:0, 50-60:16384, 60-70:19660, 70-80:22937, 80-90:26214, 90-100:29491
[   16.492107] [kworke][0x1a2af593][19:27:47.084721] wlan: [10:I:HAL] hal_srng_update_high_wm_thresholds: ring_id: 121, wm_thresh- <50:0, 50-60:512, 60-70:614, 70-80:716, 80-90:819, 90-100:921
[   16.492147] [kworke][0x1a2af88f][19:27:47.084761] wlan: [10:I:HAL] hal_srng_update_high_wm_thresholds: ring_id: 16, wm_thresh- <50:0, 50-60:64, 60-70:76, 70-80:89, 80-90:102, 90-100:115
[   16.492204] [kworke][0x1a2afcde][19:27:47.084819] wlan: [10:I:HAL] hal_srng_update_high_wm_thresholds: ring_id: 131, wm_thresh- <50:0, 50-60:512, 60-70:614, 70-80:716, 80-90:819, 90-100:921
[   16.492267] [kworke][0x1a2b0187][19:27:47.084881] wlan: [10:I:HAL] hal_srng_update_high_wm_thresholds: ring_id: 0, wm_thresh- <50:0, 50-60:128, 60-70:153, 70-80:179, 80-90:204, 90-100:230
[   16.492326] [kworke][0x1a2b05ab][19:27:47.084936] wlan: [10:I:HAL] hal_srng_update_high_wm_thresholds: ring_id: 20, wm_thresh- <50:0, 50-60:64, 60-70:76, 70-80:89, 80-90:102, 90-100:115
[   16.492379] [kworke][0x1a2b09ed][19:27:47.084993] wlan: [10:I:HAL] hal_srng_update_high_wm_thresholds: ring_id: 21, wm_thresh- <50:0, 50-60:128, 60-70:153, 70-80:179, 80-90:204, 90-100:230
[   16.492438] [kworke][0x1a2b0e64][19:27:47.085052] wlan: [10:I:HAL] hal_srng_update_high_wm_thresholds: ring_id: 24, wm_thresh- <50:0, 50-60:2560, 60-70:3072, 70-80:3584, 80-90:4096, 90-100:4608
[   16.492501] [kworke][0x1a2b1322][19:27:47.085115] wlan: [10:I:HAL] hal_srng_update_high_wm_thresholds: ring_id: 128, wm_thresh- <50:0, 50-60:4096, 60-70:4915, 70-80:5734, 80-90:6553, 90-100:7372
[   16.492572] [kworke][0x1a2b1876][19:27:47.085187] wlan: [10:I:HAL] hal_srng_update_high_wm_thresholds: ring_id: 25, wm_thresh- <50:0, 50-60:2560, 60-70:3072, 70-80:3584, 80-90:4096, 90-100:4608
[   16.492636] [kworke][0x1a2b1d35][19:27:47.085250] wlan: [10:I:HAL] hal_srng_update_high_wm_thresholds: ring_id: 132, wm_thresh- <50:0, 50-60:4096, 60-70:4915, 70-80:5734, 80-90:6553, 90-100:7372
[   16.492711] [kworke][0x1a2b22e1][19:27:47.085325] wlan: [10:I:HAL] hal_srng_update_high_wm_thresholds: ring_id: 26, wm_thresh- <50:0, 50-60:2560, 60-70:3072, 70-80:3584, 80-90:4096, 90-100:4608
[   16.492774] [kworke][0x1a2b2795][19:27:47.085388] wlan: [10:I:HAL] hal_srng_update_high_wm_thresholds: ring_id: 130, wm_thresh- <50:0, 50-60:4096, 60-70:4915, 70-80:5734, 80-90:6553, 90-100:7372
[   16.492858] [kworke][0x1a2b2de4][19:27:47.085472] wlan: [10:I:HAL] hal_srng_update_high_wm_thresholds: ring_id: 1, wm_thresh- <50:0, 50-60:3072, 60-70:3686, 70-80:4300, 80-90:4915, 90-100:5529
[   16.492941] [kworke][0x1a2b3423][19:27:47.085556] wlan: [10:I:HAL] hal_srng_update_high_wm_thresholds: ring_id: 2, wm_thresh- <50:0, 50-60:3072, 60-70:3686, 70-80:4300, 80-90:4915, 90-100:5529
[   16.493025] [kworke][0x1a2b3a6a][19:27:47.085639] wlan: [10:I:HAL] hal_srng_update_high_wm_thresholds: ring_id: 3, wm_thresh- <50:0, 50-60:3072, 60-70:3686, 70-80:4300, 80-90:4915, 90-100:5529
[   16.493111] [kworke][0x1a2b409e][19:27:47.085722] wlan: [10:I:HAL] hal_srng_update_high_wm_thresholds: ring_id: 4, wm_thresh- <50:0, 50-60:3072, 60-70:3686, 70-80:4300, 80-90:4915, 90-100:5529
[   16.493188] [kworke][0x1a2b46a5][19:27:47.085802] wlan: [10:I:HAL] hal_srng_update_high_wm_thresholds: ring_id: 5, wm_thresh- <50:0, 50-60:3072, 60-70:3686, 70-80:4300, 80-90:4915, 90-100:5529
[   16.493256] [kworke][0x1a2b4bbe][19:27:47.085870] wlan: [10:I:HAL] hal_srng_update_high_wm_thresholds: ring_id: 6, wm_thresh- <50:0, 50-60:3072, 60-70:3686, 70-80:4300, 80-90:4915, 90-100:5529
[   16.493325] [kworke][0x1a2b50e3][19:27:47.085939] wlan: [10:I:HAL] hal_srng_update_high_wm_thresholds: ring_id: 7, wm_thresh- <50:0, 50-60:3072, 60-70:3686, 70-80:4300, 80-90:4915, 90-100:5529
[   16.493393] [kworke][0x1a2b5609][19:27:47.086008] wlan: [10:I:HAL] hal_srng_update_high_wm_thresholds: ring_id: 8, wm_thresh- <50:0, 50-60:3072, 60-70:3686, 70-80:4300, 80-90:4915, 90-100:5529
[   16.494632] [kworke][0x1a2bb2ea][19:27:47.087246] wlan: [10:I:scan] scm_channel_list_db_init: min_freq 5935 max_freq 7115
[   16.494751] [kworke][0x1a2bbbd5][19:27:47.087365] wlan: [10:I:HAL] hal_srng_update_high_wm_thresholds: ring_id: 184, wm_thresh- <50:0, 50-60:8192, 60-70:9830, 70-80:11468, 80-90:13107, 90-100:14745
[   16.494767] [kworke][0x1a2bbd14][19:27:47.087381] wlan: [10:I:HAL] hal_srng_update_high_wm_thresholds: ring_id: 189, wm_thresh- <50:0, 50-60:512, 60-70:614, 70-80:716, 80-90:819, 90-100:921
[   16.494772] [kworke][0x1a2bbd75][19:27:47.087386] wlan: [10:I:DP] Peer pool init
[   16.494884] [kworke][0x1a2bc5de][19:27:47.087499] wlan: [10:I:HAL] hal_srng_update_high_wm_thresholds: ring_id: 185, wm_thresh- <50:0, 50-60:2048, 60-70:2457, 70-80:2867, 80-90:3276, 90-100:3686
[   16.494891] [kworke][0x1a2bc663][19:27:47.087506] wlan: [10:I:HAL] hal_srng_update_high_wm_thresholds: ring_id: 198, wm_thresh- <50:0, 50-60:2048, 60-70:2457, 70-80:2867, 80-90:3276, 90-100:3686
[   16.494895] [kworke][0x1a2bc6a7][19:27:47.087509] wlan: [10:E:DP] dp_rx_fst_attach: FST setup params FT size 256, hash_mask 0xff, skid_length 16
[   16.494914] [kworke][0x1a2bc817][19:27:47.087528] wlan: [10:I:HAL] hal_srng_update_high_wm_thresholds: ring_id: 188, wm_thresh- <50:0, 50-60:512, 60-70:614, 70-80:716, 80-90:819, 90-100:921
[   16.494923] [kworke][0x1a2bc86a][19:27:47.087533] wlan: [10:I:HAL] hal_srng_update_high_wm_thresholds: ring_id: 201, wm_thresh- <50:0, 50-60:512, 60-70:614, 70-80:716, 80-90:819, 90-100:921
[   16.496430] [kworke][0x1a2c39c2][19:27:47.089044] wlan: [10:E:DP] dp_rx_buffer_pool_init: RX buffer pool support is disabled
[   16.502584] cnss: Get IRQ number 348 for vector index 14
[   16.502598] [kworke][0x1a2e085f][19:27:47.095212] wlan: [10:I:HIF] hif_event_history_init: SRNG events history initialized for group: 0
[   16.502600] cnss: Get IRQ number 349 for vector index 15
[   16.502604] [kworke][0x1a2e08d5][19:27:47.095218] wlan: [10:I:HIF] hif_event_history_init: SRNG events history initialized for group: 1
[   16.502606] cnss: Get IRQ number 350 for vector index 16
[   16.502609] [kworke][0x1a2e0936][19:27:47.095223] wlan: [10:I:HIF] hif_event_history_init: SRNG events history initialized for group: 2
[   16.502610] cnss: Get IRQ number 351 for vector index 17
[   16.502616] [kworke][0x1a2e09b6][19:27:47.095230] wlan: [10:I:HIF] hif_event_history_init: SRNG events history initialized for group: 3
[   16.502617] cnss: Get IRQ number 352 for vector index 18
[   16.502620] [kworke][0x1a2e0a02][19:27:47.095234] wlan: [10:I:HIF] hif_event_history_init: SRNG events history initialized for group: 4
[   16.502621] cnss: Get IRQ number 353 for vector index 19
[   16.502624] [kworke][0x1a2e0a4d][19:27:47.095238] wlan: [10:I:HIF] hif_event_history_init: SRNG events history initialized for group: 5
[   16.502625] cnss: Get IRQ number 354 for vector index 20
[   16.502627] [kworke][0x1a2e0a9a][19:27:47.095242] wlan: [10:I:HIF] hif_event_history_init: SRNG events history initialized for group: 6
[   16.502629] cnss: Get IRQ number 355 for vector index 21
[   16.502641] [kworke][0x1a2e0af5][19:27:47.095247] wlan: [10:I:HIF] hif_event_history_init: SRNG events history initialized for group: 7
[   16.502643] cnss: Get IRQ number 356 for vector index 22
[   16.502646] [kworke][0x1a2e0bf8][19:27:47.095260] wlan: [10:I:HIF] hif_event_history_init: SRNG events history initialized for group: 8
[   16.502647] cnss: Get IRQ number 357 for vector index 23
[   16.502650] [kworke][0x1a2e0c43][19:27:47.095264] wlan: [10:I:HIF] hif_event_history_init: SRNG events history initialized for group: 9
[   16.502651] cnss: Get IRQ number 358 for vector index 24
[   16.502654] [kworke][0x1a2e0c96][19:27:47.095268] wlan: [10:I:HIF] hif_event_history_init: SRNG events history initialized for group: 10
[   16.502655] cnss: Get IRQ number 359 for vector index 25
[   16.502659] [kworke][0x1a2e0cf9][19:27:47.095273] wlan: [10:I:HIF] hif_event_history_init: SRNG events history initialized for group: 11
[   16.502660] cnss: Get IRQ number 360 for vector index 26
[   16.502663] [kworke][0x1a2e0d47][19:27:47.095277] wlan: [10:I:HIF] hif_event_history_init: SRNG events history initialized for group: 12
[   16.502664] cnss: Get IRQ number 361 for vector index 27
[   16.502667] [kworke][0x1a2e0d90][19:27:47.095281] wlan: [10:I:HIF] hif_event_history_init: SRNG events history initialized for group: 13
[   16.502668] cnss: Get IRQ number 362 for vector index 28
[   16.502671] [kworke][0x1a2e0dda][19:27:47.095285] wlan: [10:I:HIF] hif_event_history_init: SRNG events history initialized for group: 14
[   16.502672] cnss: Get IRQ number 363 for vector index 29
[   16.502676] [kworke][0x1a2e0e45][19:27:47.095291] wlan: [10:I:HIF] hif_event_history_init: SRNG events history initialized for group: 15
[   16.502677] cnss: Get IRQ number 364 for vector index 30
[   16.502680] [kworke][0x1a2e0e8c][19:27:47.095294] wlan: [10:I:HIF] hif_event_history_init: SRNG events history initialized for group: 16
[   16.502681] cnss: Get IRQ number 365 for vector index 31
[   16.502684] [kworke][0x1a2e0ed8][19:27:47.095298] wlan: [10:I:HIF] hif_event_history_init: SRNG events history initialized for group: 17
[   16.504721] [kworke][0x1a2ea794][19:27:47.097335] wlan: [848:I:WMA] wma_rx_service_ready_event: Firmware build version : 110c8586
[   16.504732] [kworke][0x1a2ea86a][19:27:47.097346] wlan: [848:I:WMA] wma_rx_service_ready_event: Board id: 0, Board version: 8 0 0 0 1
[   16.505949] [kworke][0x1a2f03ac][19:27:47.098563] wlan: [848:E:WMA] wma_update_supported_bands: wrong supported band
[   16.506038] [kworke][0x1a2f0a18][19:27:47.098648] wlan: [848:E:QDF] copy_fw_abi_version_tlv: copy_fw_abi_version_tlv: INIT_CMD version: 1, 0, 0x5f414351, 0x4c4d, 0x0, 0x0
[   16.604767] [kworke][0x1a4bf709][19:27:47.197381] wlan: [102:E:QDF] ready_extract_init_status_tlv: ready_extract_init_status_tlv:0
[   16.605216] [kworke][0x1a4c18bc][19:27:47.197830] wlan: [102:E:REGULATORY] reg_is_fcc_regdmn: Failed to get reg domain
[   16.605226] [kworke][0x1a4c1974][19:27:47.197840] wlan: [102:I:dfs] WLAN_DEBUG_DFS_ALWAYS : wlan_dfs_pdev_obj_create_notification: dfs_offload 1
[   16.605228] [kworke][0x1a4c19a9][19:27:47.197843] wlan: [102:I:dfs] WLAN_DEBUG_DFS_ALWAYS : wlan_dfs_pdev_obj_create_notification: dfs_bangradar_320_support 0
[   16.605235] [kworke][0x1a4c1a30][19:27:47.197850] wlan: [102:I:SPECTRAL] null_get_capability: SPECTRAL : get_capability not registered

[   16.605238] [kworke][0x1a4c1a5e][19:27:47.197852] wlan: [102:I:SPECTRAL] target_if_pdev_spectral_init: HAL_CAP_PHYDIAG : Capable
[   16.605240] [kworke][0x1a4c1a8b][19:27:47.197854] wlan: [102:I:SPECTRAL] null_get_capability: SPECTRAL : get_capability not registered

[   16.605242] [kworke][0x1a4c1ab0][19:27:47.197856] wlan: [102:I:SPECTRAL] target_if_pdev_spectral_init: HAL_CAP_RADAR   : Capable
[   16.605244] [kworke][0x1a4c1ad4][19:27:47.197858] wlan: [102:I:SPECTRAL] null_get_capability: SPECTRAL : get_capability not registered

[   16.605251] [kworke][0x1a4c1af9][19:27:47.197860] wlan: [102:I:SPECTRAL] target_if_pdev_spectral_init: HAL_CAP_SPECTRAL_SCAN : Capable
[   16.605253] [kworke][0x1a4c1b86][19:27:47.197867] wlan: [102:I:SPECTRAL] null_get_tsf64: SPECTRAL : get_tsf64 not registered

[   16.605262] [kworke][0x1a4c1c33][19:27:47.197876] wlan: [102:I:GREEN_AP] wlan_green_ap_pdev_obj_create_notification: Green AP creation successful, green ap ctx: 0000000000000000, pdev: 0000000000000000
[   16.605450] [kworke][0x1a4c2a4d][19:27:47.198064] wlan: [102:I:HAL] hal_srng_update_high_wm_thresholds: ring_id: 193, wm_thresh- <50:0, 50-60:24, 60-70:28, 70-80:33, 80-90:38, 90-100:43
[   16.605513] [kworke][0x1a4c2f05][19:27:47.198127] wlan: [102:I:HAL] hal_srng_update_high_wm_thresholds: ring_id: 206, wm_thresh- <50:0, 50-60:24, 60-70:28, 70-80:33, 80-90:38, 90-100:43
[   16.605566] [kworke][0x1a4c32f6][19:27:47.198180] wlan: [102:E:CFR] cfr_streamfs_init: Directory create failed
[   16.605570] [kworke][0x1a4c3346][19:27:47.198184] wlan: [102:E:CFR] wlan_cfr_pdev_open: cfr_streamfs_init failed with 16

[   16.605591] [kworke][0x1a4c34dc][19:27:47.198205] wlan: [102:I:REGULATORY] reg_set_band: same band 7
[   16.605594] [kworke][0x1a4c3514][19:27:47.198208] wlan: [102:I:HDD] hdd_intersect_igmp_offload_setting: fw cap to handle igmp 1 igmp_offload_enable ini 0
[   16.605675] [kworke][0x1a4c3b2c][19:27:47.198289] wlan: [102:I:GREEN_AP] target_if_green_ap_register_egap_event_handler: Set the Enhance Green AP event handler
[   16.605703] [kworke][0x1a4c3d28][19:27:47.198316] wlan: [10:I:WMA] wma_wait_for_ready_event: FW ready event received
[   16.605756] [kworke][0x1a4c413f][19:27:47.198370] wlan: [10:I:HAL] hal_srng_update_high_wm_thresholds: ring_id: 192, wm_thresh- <50:0, 50-60:64, 60-70:76, 70-80:89, 80-90:102, 90-100:115
[   16.605848] [kworke][0x1a4c4825][19:27:47.198462] wlan: [10:I:HAL] hal_srng_update_high_wm_thresholds: ring_id: 205, wm_thresh- <50:0, 50-60:64, 60-70:76, 70-80:89, 80-90:102, 90-100:115
[   16.606032] [kworke][0x1a4c55f0][19:27:47.198646] wlan: [10:I:SYS] Creating periodic timer for OLBC UPDATE CACHE TIMEOUT

[   16.606076] [kworke][0x1a4c593a][19:27:47.198690] wlan: [10:E:DP] dp_rxdma_ring_config: pdev_id 0 max_mac_rings 2
[   16.606081] [kworke][0x1a4c5998][19:27:47.198695] wlan: [10:E:TXRX] dp_rxdma_ring_config: mac_id 0
[   16.606109] [kworke][0x1a4c5bb0][19:27:47.198723] wlan: [10:E:TXRX] dp_rxdma_ring_config: mac_id 1
[   16.606233] [kworke][0x1a4c64ff][19:27:47.198847] wlan: [10:I:HAL] hal_reo_set_err_dst_remap_kiwi: HWIO_REO_R0_ERROR_DESTINATION_MAPPING_IX_0 0x0
[   16.606246] [kworke][0x1a4c65fe][19:27:47.198860] wlan: [10:I:HAL] hal_reo_set_err_dst_remap_kiwi: HWIO_REO_R0_ERROR_DESTINATION_MAPPING_IX_1 0x0
[   16.606291] [kworke][0x1a4c6925][19:27:47.198902] wlan: [10:I:DIRECT_BUF_RX] target_if_direct_buf_rx_register_events: DBR Handler Context 1
[   16.625853] [kworke][0x1a522488][19:27:47.218467] wlan: [10:E:fwol] ucfg_fwol_send_get_thermal_stats_cmd: Command Disabled in Ini gThermalStatsTempOffset 5 or not enabled in FW 0
[   16.625864] [kworke][0x1a522552][19:27:47.218478] wlan: [10:E:OSIF] os_if_fwol_get_thermal_stats_req: Failed to send get thermal stats cmd to FW, 4
[   16.625974] [kworke][0x1a522da4][19:27:47.218589] wlan: [10:E:WMI] send_action_oui_cmd_tlv: Invalid action id
[   16.625980] [kworke][0x1a522e06][19:27:47.218594] wlan: [10:E:WMI] send_action_oui_cmd_tlv: Invalid action id
[   16.628245] cnss_utils: WLAN MAC address is not set, type 0
[   16.631483] [kworke][0x1a53cabe][19:27:47.224097] wlan: [10:I:HDD] hdd_initialize_mac_address: using MAC address from wlan_mac.bin
[   16.650821] cnss: Host time = 23024480 us, device time = 972350 us, offset = 22052130 us
[   16.650848] cnss: Updated time sync regs [0x98c] = 0x1507d22, [0x990] = 0x0
[   16.650862] cnss: Removing vote for Regulator vdd-wlan-rfa2
[   16.650883] cnss: Removing vote for Regulator vdd-wlan-rfa1
[   16.650898] cnss: Removing vote for Regulator vdd-wlan-dig
[   16.650910] cnss: Removing vote for Regulator vdd-wlan-aon
[   16.650920] cnss: Removing vote for Regulator vdd-wlan
[   16.650931] cnss: Removing vote for Regulator vdd-wlan-io
[   16.650936] cnss: PM relax, state: 0x6f26107, count: 0
[   16.654085] [wifi@1][0x1a5a69df][19:27:47.246699] wlan: [1683:I:HDD] wlan_hdd_state_ctrl_param_write: Wifi Turning On from UI

[   16.654091] [wifi@1][0x1a5a6a4f][19:27:47.246704] wlan: [1683:I:HDD] wlan_hdd_state_ctrl_param_write: is_driver_loaded 1 is_driver_recovering 0
[   16.654510] [wifi@1][0x1a5a89d3][19:27:47.247125] wlan: [1683:I:DP] 00000000: 86 a4 c4 9d 01 9d f8 1a 89 95 a5 72 1a ea ec 70
[   16.654513] [wifi@1][0x1a5a8a09][19:27:47.247128] wlan: [1683:I:DP] 00000010: 6e 90 bd 6e
[   16.654516] [wifi@1][0x1a5a8a3c][19:27:47.247130] wlan: [1683:I:DP] 00000000: 36 c7 c2 a9 d8 91 f3 68 f1 bf cd 81 83 fd ed e5
[   16.654517] [wifi@1][0x1a5a8a5c][19:27:47.247132] wlan: [1683:I:DP] 00000010: a3 10 19 5e 53 0a e9 fe 36 10 ee 86 f6 2e 4d 49
[   16.654519] [wifi@1][0x1a5a8a7b][19:27:47.247133] wlan: [1683:I:DP] 00000020: 62 17 90 66 4c a8 f8 11 83 97 89 ec
[   16.654983] [wifi@1][0x1a5aad3c][19:27:47.247597] wlan: [1683:E:HDD] hdd_sysfs_bmiss_create: could not create bmiss sysfs file
[   16.654991] [wifi@1][0x1a5aadda][19:27:47.247605] wlan: [1683:I:HDD] hdd_sysfs_somcsne_interface_create: Completed to create somcsne sysfs file (wlan0)
[   16.655797] [wifi@1][0x1a5aea4c][19:27:47.248411] wlan: [1683:E:TWT] wlan_twt_is_setup_done: Peer object not found 00:00:00:00:00:00
[   16.665951] [wifi@1][0x1a5de3c4][19:27:47.258564] wlan: [1683:E:HDD] hdd_convert_nl80211_to_reg_band_mask: band: 2 not supported
[   16.675621] init: starting service 'wpa_supplicant'...
[   16.675879] init: Created socket '/dev/socket/wpa_wlan0', mode 660, user 1010, group 1010
[   16.677185] init: ... started service 'wpa_supplicant' has pid 4941
[   16.677199] init: Control message: Processed ctl.interface_start for 'aidl/android.hardware.wifi.supplicant.ISupplicant/default' from pid: 987 (/system/bin/servicemanager)
[   16.693299] capability: warning: `wpa_supplicant' uses 32-bit capabilities (legacy support in use)
[   16.707315] [wifi@1][0x1a6a020a][19:27:47.299928] wlan: [1683:E:HDD] hdd_convert_nl80211_to_reg_band_mask: band: 2 not supported
[   16.720837] [wifi@1][0x1a6df852][19:27:47.313451] wlan: [1683:E:OSIF] wlan_hdd_set_station_stats_request_pending: peer is null
[   16.760561] [kworke][0x1a799ba7][19:27:47.353176] wlan: [168:I:REGULATORY] reg_set_band: set band bitmap: 3
[   16.760576] [kworke][0x1a799cbd][19:27:47.353190] wlan: [168:E:HDD] hdd_reg_set_band: Failed to send RSO update to fw on set band
[   16.859270] gsi soc:qcom,msm_gsi: gsi_stop_channel:3615 chan=1 busy try again
[   16.861180] gsi soc:qcom,msm_gsi: gsi_stop_channel:3615 chan=14 busy try again
[   17.147060] adsp_sleepmon: timer_event = 1,suspend_event = 0
[   17.383911] cnss: Runtime suspend start
[   17.384027] [kworke][0x1b30438b][19:27:47.976641] wlan: [887:I:PMO] pmo_core_enable_wow_in_fw: drv wow is enabled
[   17.400172] [kworke][0x1b34fe66][19:27:47.992786] wlan: [887:I:HIF] hif_try_complete_tasks: waiting for tasklets 1 grp tasklets 0 work 0
[   17.415063] cnss: Setting MHI state: SUSPEND(6)
[   17.415072] cnss: Suspending PCI link
[   17.415074] cnss: Use PCIe DRV suspend
[   17.418773] cnss: Runtime suspend status: 0
[   17.447280] gsi soc:qcom,msm_gsi: gsi_stop_channel:3615 chan=1 busy try again
[   17.449628] gsi soc:qcom,msm_gsi: gsi_stop_channel:3615 chan=14 busy try again
[   19.061746] USB cable not connected
[   19.195192] (virq:irq_count)- GICv3:IPI(1):95882 GICv3:IPI(6):34632 GICv3:ufshcd(35):31685 GICv3:arch_timer(11):26211 GICv3:IPI(2):19519 GICv3:ipcc_0(37):8681 ipcc:glink-native-adsp(385):6801 ipcc:glink-native-modem(402):2307 GICv3:i2c_geni(280):1838 GICv3:apps_rsc-drv-2(20):1656 
[   19.195204] (cpu:irq_count)- 0:46005 1:6234 2:6411 3:29727 4:29764 5:30742 6:31858 7:55950 
[   19.195208] (ipi:irq_count)- 0:95882 1:19519 2:0 3:0 4:0 5:34632 6:0 
[   19.395226] gsi soc:qcom,msm_gsi: gsi_stop_channel:3615 chan=1 busy try again
[   19.397329] gsi soc:qcom,msm_gsi: gsi_stop_channel:3615 chan=14 busy try again
[   19.499766] healthd: battery l=97 v=4475 t=24.0 h=2 st=2 c=1415806 fc=4434000 cc=17 chg=a
[   22.241039] init: Sending signal 9 to service 'idmap2d' (pid 2283) process group...
[   22.241911] libprocessgroup: Removed cgroup /sys/fs/cgroup/uid_1000/pid_2283
[   22.242364] init: Control message: Processed ctl.stop for 'idmap2d' from pid: 1926 (system_server)
[   22.242444] init: Service 'idmap2d' (pid 2283) received signal 9
[   22.242449] init: Sending signal 9 to service 'idmap2d' (pid 2283) process group...
[   22.242470] libprocessgroup: Failed to write 1 to /sys/fs/cgroup/uid_1000/pid_2283/cgroup.kill: No such file or directory
[   22.242482] libprocessgroup: Failed to open /sys/fs/cgroup/uid_1000/pid_2283/cgroup.procs: No such file or directory
[   22.503143] SELinux: avc:  denied  { find } for pid=1926 uid=1000 name=vendor.qti.hardware.servicetrackeraidl.IServicetracker/default scontext=u:r:system_server:s0 tcontext=u:object_r:default_android_service:s0 tclass=service_manager permissive=0
[   22.509186] SELinux: avc:  denied  { find } for pid=1926 uid=1000 name=vendor.qti.hardware.servicetrackeraidl.IServicetracker/default scontext=u:r:system_server:s0 tcontext=u:object_r:default_android_service:s0 tclass=service_manager permissive=0
[   22.515835] SELinux: avc:  denied  { find } for pid=1926 uid=1000 name=vendor.qti.hardware.servicetrackeraidl.IServicetracker/default scontext=u:r:system_server:s0 tcontext=u:object_r:default_android_service:s0 tclass=service_manager permissive=0
[   22.523318] SELinux: avc:  denied  { find } for pid=1926 uid=1000 name=vendor.qti.hardware.servicetrackeraidl.IServicetracker/default scontext=u:r:system_server:s0 tcontext=u:object_r:default_android_service:s0 tclass=service_manager permissive=0
[   22.540845] SELinux: avc:  denied  { find } for pid=1926 uid=1000 name=vendor.qti.hardware.servicetrackeraidl.IServicetracker/default scontext=u:r:system_server:s0 tcontext=u:object_r:default_android_service:s0 tclass=service_manager permissive=0
[   23.049452] SELinux: avc:  denied  { find } for pid=1926 uid=1000 name=vendor.qti.hardware.servicetrackeraidl.IServicetracker/default scontext=u:r:system_server:s0 tcontext=u:object_r:default_android_service:s0 tclass=service_manager permissive=0
[   23.389302] binder: undelivered transaction 53969, process died.
[   23.389569] init: Service 'bootanim' (pid 2905) exited with status 0 oneshot service took 13.875000 seconds in background
[   23.389581] init: Sending signal 9 to service 'bootanim' (pid 2905) process group...
[   23.389778] libprocessgroup: Removed cgroup /sys/fs/cgroup/uid_1003/pid_2905
[   23.428321] servicemanager: Notifying apexservice they do (previously: don't) have clients when service is guaranteed to be in use
[   23.428404] AidlLazyServiceRegistrar: Process has 1 (of 1 available) client(s) in use after notification apexservice has clients: 1
[   23.428411] AidlLazyServiceRegistrar: Shutdown prevented by forcePersist override flag.
[   23.429113] apexd: markBootCompleted() received by ApexService
[   23.436147] [wifi@1][0x221d5890][19:27:54.028761] wlan: [1683:E:REGULATORY] reg_get_channel_flags_for_freq: chan freq is not valid
[   23.436159] [wifi@1][0x221d5978][19:27:54.028773] wlan: [1683:E:REGULATORY] reg_get_channel_flags_for_freq: chan freq is not valid
[   23.436163] [wifi@1][0x221d59bf][19:27:54.028777] wlan: [1683:E:REGULATORY] reg_get_channel_flags_for_freq: chan freq is not valid
[   23.436166] [wifi@1][0x221d5a00][19:27:54.028780] wlan: [1683:E:REGULATORY] reg_get_channel_flags_for_freq: chan freq is not valid
[   23.436178] [wifi@1][0x221d5af0][19:27:54.028793] wlan: [1683:E:REGULATORY] reg_get_channel_flags_for_freq: chan freq is not valid
[   23.436182] [wifi@1][0x221d5b31][19:27:54.028796] wlan: [1683:E:REGULATORY] reg_get_channel_flags_for_freq: chan freq is not valid
[   23.436185] [wifi@1][0x221d5b6f][19:27:54.028799] wlan: [1683:E:REGULATORY] reg_get_channel_flags_for_freq: chan freq is not valid
[   23.436188] [wifi@1][0x221d5baa][19:27:54.028803] wlan: [1683:E:REGULATORY] reg_get_channel_flags_for_freq: chan freq is not valid
[   23.436191] [wifi@1][0x221d5be9][19:27:54.028806] wlan: [1683:E:REGULATORY] reg_get_channel_flags_for_freq: chan freq is not valid
[   23.436195] [wifi@1][0x221d5c25][19:27:54.028809] wlan: [1683:E:REGULATORY] reg_get_channel_flags_for_freq: chan freq is not valid
[   23.436198] [wifi@1][0x221d5c64][19:27:54.028812] wlan: [1683:E:REGULATORY] reg_get_channel_flags_for_freq: chan freq is not valid
[   23.436201] [wifi@1][0x221d5ca4][19:27:54.028816] wlan: [1683:E:REGULATORY] reg_get_channel_flags_for_freq: chan freq is not valid
[   23.440259] cnss: Resuming PCI link
[   23.443555] SELinux: avc:  denied  { find } for pid=1926 uid=1000 name=vendor.qti.hardware.servicetrackeraidl.IServicetracker/default scontext=u:r:system_server:s0 tcontext=u:object_r:default_android_service:s0 tclass=service_manager permissive=0
[   23.444768] cnss: Set PCI link status to: 2
[   23.444783] cnss: Setting MHI state: RESUME(7)
[   23.445119] [wifi@1][0x221ff975][19:27:54.037733] wlan: [1683:E:OSIF] wlan_hdd_set_station_stats_request_pending: peer is null
[   23.450686] Boot completed 
[   23.453156] cnss: Setting MHI state: SUSPEND(6)
[   23.453451] cnss: Suspending PCI link
[   23.453456] cnss: Use PCIe DRV suspend
[   23.455093] Boot completed 
[   23.460240] SELinux: avc:  denied  { find } for pid=1926 uid=1000 name=vendor.qti.hardware.servicetrackeraidl.IServicetracker/default scontext=u:r:system_server:s0 tcontext=u:object_r:default_android_service:s0 tclass=service_manager permissive=0
[   23.464185] SELinux: avc:  denied  { find } for pid=1926 uid=1000 name=vendor.qti.hardware.servicetrackeraidl.IServicetracker/default scontext=u:r:system_server:s0 tcontext=u:object_r:default_android_service:s0 tclass=service_manager permissive=0
[   23.475725] cnss: Runtime resume start
[   23.475748] cnss: Resuming PCI link
[   23.479508] cnss: Set PCI link status to: 2
[   23.479524] cnss: Setting MHI state: RESUME(7)
[   23.480102] [kworke][0x222a3932][19:27:54.072716] wlan: [831:I:PMO] pmo_core_psoc_send_host_wakeup_ind_to_fw: Host wakeup indication sent to fw
[   23.487146] cnss: Runtime resume status: 0
[   23.512972] audit: audit_lost=38 audit_rate_limit=5 audit_backlog_limit=128
[   23.512980] audit: rate limit exceeded
[   23.520334] zram0: detected capacity change from 0 to 8388608
[   23.527448] [schedu][0x22381816][19:27:54.120062] wlan: [4925:I:OSIF] scan start scan id 40961
[   23.535898] Adding 4194300k swap on /dev/block/zram0.  Priority:32758 extents:1 across:4194300k SS
[   23.544507] init: wait for '/dev/smcinvoke' took 0ms
[   23.555824] lxs_ts 2-0028: orientation_change: landscape 0(0)
[   23.556829] lxs_ts 2-0028: grab_mode[0D0Bh]: ON(00000001h)
[   23.556921] lxs_ts 2-0028: enable_knock: 1
[   23.556970] dsi_panel_pre_sod_mode_store: sod mode setting 1
[   23.563159] healthd: battery l=97 v=4336 t=25.0 h=2 st=2 c=-86061 fc=4434000 cc=17 chg=a
[   23.783665] Enabling WiFi
[   23.783675] [cnd][0x2283291a][19:27:54.376288] wlan: [5184:I:HDD] wlan_hdd_state_ctrl_param_write: is_driver_loaded 1 is_driver_recovering 0
[   23.783681] [cnd][0x22832999][19:27:54.376295] wlan: [5184:E:HDD] wlan_hdd_state_ctrl_param_write: WiFi is already enabled
[   24.354479] [schedu][0x232a636c][19:27:54.947093] wlan: [4925:I:OSIF] vdev 0, scan id 40961 type COMPLETED(1) reason COMPLETED(1) scan found 12 bss
[   24.368308] [wifi@1][0x232e6fe9][19:27:54.960913] wlan: [1683:E:OSIF] wlan_hdd_set_station_stats_request_pending: peer is null
[   24.386577] [schedu][0x2333cacc][19:27:54.979191] wlan: [4925:I:OSIF] scan start scan id 40962
[   24.544900] [schedu][0x23622cd2][19:27:55.137511] wlan: [4925:I:OSIF] vdev 0, scan id 40962 type COMPLETED(1) reason CANCELLED(2) scan found 5 bss
[   24.600394] [wifi@1][0x23726f04][19:27:55.193007] wlan: [1683:E:DP] dp_rx_flush_rx_cached: txrx_peer NULL!! peer mac_addr(3c:38:f4:2e:16:56)
[   24.600433] [wifi@1][0x237271fe][19:27:55.193047] wlan: [1683:E:DP] dp_tx_flow_pool_unmap_handler: flow pool id: 0 is inactive, ignore unmap
[   24.631854] [schedu][0x237ba675][19:27:55.224467] wlan: [4925:I:CMN_MLME] vdev 0 cm_id 0xc000001: Connecting to BELL1143 18:fd:74:fe:34:a4 rssi: -54 freq: 5180 akm 0x800 cipher: uc 0x8 mc 0x8, wps 0 osen 0 force RSN 0 CC: CA
[   24.632782] [schedu][0x237bec0f][19:27:55.225395] wlan: [4925:I:WMI] send_vdev_start_cmd_tlv: vdev_id 0 freq 5180 chanmode 18 ch_info: 0x12 is_dfs 0 beacon interval 100 dtim 0 center_chan 5210 center_freq2 0 reg_info_1: 0x0 reg_info_2: 0x0, req->max_txpow: 0x0 Tx SS 2, Rx SS 2, ldpc_rx: 0, cac 0, regd 1, HE ops: 0req->dis_hw_ack: 0 
[   24.719503] [schedu][0x2395541a][19:27:55.312115] wlan: [4925:I:PE] Auth TX: success (0)
[   24.758346] [schedu][0x23a0b55a][19:27:55.350958] wlan: [4925:I:PE] Auth RX: vdev 0 sys role 2 lim_state 29 from 18:fd:74:fe:34:a4 rssi -51 auth_alg 3 seq 112
[   24.758375] [schedu][0x23a0b793][19:27:55.350988] wlan: [4925:I:PE] SAE Auth RX type 0 subtype 11 from 18:fd:74:fe:34:a4
[   24.765218] [schedu][0x23a2b8b8][19:27:55.357830] wlan: [4925:I:PE] Assoc req TX: vdev 0 to 18:fd:74:fe:34:a4 seq num 2051
[   24.767821] [schedu][0x23a37bea][19:27:55.360433] wlan: [4925:I:PE] Assoc req TX: success (0)
[   24.774740] [schedu][0x23a582d5][19:27:55.367352] wlan: [4925:I:PE] Assoc rsp RX: subtype 0 vdev 0 sys role 2 lim state 10 rssi -52 from 18:fd:74:fe:34:a4
[   24.775636] qcedev_ioctl: info: vaddr = ffa00000
, fd = 17
[   24.779327] qcedev_ioctl: info: vaddr = ff600000
, fd = 19
[   24.781895] qcedev_ioctl: info: vaddr = ff200000
, fd = 21
[   24.784265] [schedu][0x23a84d40][19:27:55.376877] wlan: [4925:E:WMA] wma_sr_update: Spatial Reuse disabled for vdev_id: 0
[   24.785242] [schedu][0x23a89685][19:27:55.377854] wlan: [4925:I:CMN_MLME] cm_roam_switch_to_init: dual_sta_roam_active:1, is_dbs:0, state:0
[   24.785254] [schedu][0x23a89777][19:27:55.377867] wlan: [4925:I:CMN_MLME] cm_roam_switch_to_init: STA + STA concurrency with a primary iface, have roaming enabled on both interfaces
[   24.785409] [schedu][0x23a8a254][19:27:55.378011] wlan: [4925:I:OSIF] wlan0(vdevid-0): 96:ee:47:b4:b6:a4 Connect with 18:fd:74:fe:34:a4 SSID "BELL1143" is SUCCESS cm_id 0xc000001 cm_reason 0 status_code 0 is_reassoc 0 send discon 0
[   24.877250] [dp_rx_][0x23c38acb][19:27:55.469858] wlan: [4928:I:QDF] EAPOL-1 RX: SA:18:fd:74:fe:34:a4 DA:96:ee:47:b4:b6:a4
[   24.887673] [soft_i][0x23c698ba][19:27:55.480284] wlan: [0:I:QDF] EAPOL-2 TX: SA:96:ee:47:b4:b6:a4 DA:18:fd:74:fe:34:a4 msdu_id:0 status: succ
[   24.887783] [soft_i][0x23c6a119][19:27:55.480395] wlan: [0:E:DP] dp_tx_update_peer_stats: Release source:3 is not from TQM
[   24.891785] [dp_rx_][0x23c7cd40][19:27:55.484397] wlan: [4928:I:QDF] EAPOL-3 RX: SA:18:fd:74:fe:34:a4 DA:96:ee:47:b4:b6:a4
[   24.893750] [soft_i][0x23c86092][19:27:55.486362] wlan: [0:I:QDF] EAPOL-4 TX: SA:96:ee:47:b4:b6:a4 DA:18:fd:74:fe:34:a4 msdu_id:0 status: succ
[   24.967328] [soft_i][0x23ddeefc][19:27:55.559940] wlan: [0:E:REGULATORY] reg_freq_to_chan_for_chlist: invalid frequency 5945
[   24.967534] [soft_i][0x23ddfe75][19:27:55.560146] wlan: [0:E:REGULATORY] reg_is_fcc_regdmn: Failed to get reg domain
[   25.013256] [soft_i][0x23eb633d][19:27:55.605864] wlan: [0:I:QDF] DHCP-R TX: SA:96:ee:47:b4:b6:a4 DA:ff:ff:ff:ff:ff:ff msdu_id:1 status: succ
[   25.028389] [dp_rx_][0x23efd139][19:27:55.620984] wlan: [4931:I:QDF] DHCP-A RX: SA:a0:36:9f:1e:5a:84 DA:96:ee:47:b4:b6:a4
[   25.058859] [dp_rx_][0x23f8bfc5][19:27:55.651471] wlan: [4928:I:QDF] DHCP-R RX: SA:96:ee:47:b4:b6:a4 DA:ff:ff:ff:ff:ff:ff
[   25.144258] [kworke][0x2411c4b4][19:27:55.736870] wlan: [10:E:WMA] wma_process_rmf_frame: Rx unprotected unicast mgmt frame
[   25.144860] [schedu][0x2411f1cc][19:27:55.737471] wlan: [4925:W:PE] lim_process_action_frame: Action category: 22 not handled
[   25.431107] qcom-bwmon: Zone thres larger than hw limit: hi:72090 med:19661 lo:0
[   25.654022] AidlLazyServiceRegistrar: Process has 0 (of 1 available) client(s) in use after notification apexservice has clients: 0
[   25.654050] AidlLazyServiceRegistrar: Shutdown prevented by forcePersist override flag.
[   26.288949] cnss-daemon: Invalid mac address
[   26.288980] cnss-daemon: failed to update gateway
[   26.585822] apexd: Deleting unused dm device com.android.apex.cts.shim
[   26.607615] apexd: Deleting unused dm device com.android.btservices
[   26.635687] apexd: Deleting unused dm device com.android.devicelock
[   26.662668] apexd: Deleting unused dm device com.android.i18n
[   26.671507] gsi soc:qcom,msm_gsi: gsi_stop_channel:3615 chan=1 busy try again
[   26.673750] gsi soc:qcom,msm_gsi: gsi_stop_channel:3615 chan=14 busy try again
[   26.680386] apexd: Deleting unused dm device com.android.nfcservices
[   26.808929] [soft_i][0x25f976eb][19:27:57.401539] wlan: [0:E:DP] dp_tx_update_peer_stats: Release source:3 is not from TQM
[   26.811322] cnss-daemon: Invalid mac address
[   26.811351] cnss-daemon: failed to update gateway
[   26.905072] printk: binder:1199_1: 132 output lines suppressed due to ratelimiting
[   27.805862] ------------[ cut here ]------------
[   27.805904] refcount_t: addition on 0; use-after-free.
[   27.805927] WARNING: CPU: 1 PID: 8344 at lib/refcount.c:25 rt_mutex_adjust_prio_chain+0xe88/0x14c0
[   27.805953] Modules linked in: sony_camera(OE) slg51000_regulator(OE) lxs_touchscreen(OE) wlan(OE) ipa_clientsm(OE) ipanetm(OE) rndisipam(OE) ipam(OE) coresight_tmc(E) msm_drm(OE) camera(OE) qdss_bridge(E) machine_dlkm(OE) lpass_cdc_wsa_macro_dlkm(OE) usb_f_qdss(E) usb_f_gsi(E) swr_dmic_dlkm(OE) lpass_cdc_wsa2_macro_dlkm(OE) lpass_cdc_va_macro_dlkm(OE) lpass_cdc_tx_macro_dlkm(OE) msm_eva(OE) lpass_cdc_rx_macro_dlkm(OE) wcd938x_dlkm(OE) msm_kgsl(OE) pinctrl_lpi_dlkm(OE) adsp_loader_dlkm(OE) wcd9xxx_dlkm(OE) swr_ctrl_dlkm(OE) audio_pkt_dlkm(OE) lpass_cdc_dlkm(OE) audio_prm_dlkm(OE) mhi_cntrl_qcom(E) spf_core_dlkm(OE) gsim(OE) pt_device_access(OE) gpr_dlkm(OE) rmnet_aps(OE) mac80211(E) leds_qti_tri_led(E) msm_hw_fence(OE) rmnet_perf_tether(OE) msm_video(OE) rmnet_shs(OE) rmnet_offload(OE) pt_i2c(OE) rmnet_sch(OE) rmnet_wlan(OE) qcedev_mod_dlkm(OE) coresight_remote_etm(E) msm_performance(E) qcom_esoc(E) nt36xxx_i2c(OE) rmnet_perf(OE) rmnet_core(OE) cirrus_cs40l2x_codec(OE)
[   27.806108] q6_notifier_dlkm(OE) nxp_nci(OE) coresight_cti(E) qcrypto_msm_dlkm(OE) coresight_replicator(E) qrtr_smd(E) stm_ftrace(E) pm8941_pwrkey(E) bt_fm_slim(OE) stm_p_ost(E) slim_qcom_ngd_ctrl(E) stm_p_basic(E) cpu_voltage_cooling(E) qti_cpufreq_cdev(E) sdpm_clk(E) i2c_msm_geni(E) stm_console(E) slimbus(E) memlat_scmi(E) gh_tlmm_vm_mem_access(E) usb_bam(E) qrtr_mhi(E) cnss2(OE) wsa883x_dlkm(OE) pt_ts(OE) hdcp_qseecom_dlkm(OE) camera_sync(OE) wlan_firmware_service(OE) qcom_pon(E) synaptics_tcm_ts(OE) sync_fence(OE) last_logs(OE) qcom_spmi_adc5_gen3(E) spcom(E) coresight_stm(E) leds_qti_flash(E) radio_i2c_rtc6226_qca(OE) coresight_hwevent(E) hdmi_dlkm(OE) tz_log_dlkm(OE) cirrus_cs35l45(OE) btpower(OE) atmel_mxt_ts(OE) stub_dlkm(OE) rmnet_ctl(OE) cnss_nl(OE) msm_mmrm(OE) coresight_tgu(E) et603_int(OE) spss_utils(E) swr_haptics_dlkm(OE) cnss_prealloc(OE) snd_event_dlkm(OE) qrng_dlkm(OE) nvmem_qfprom(E) wsa884x_dlkm(OE) goodix_ts(OE) cirrus_cs40l2x(OE) qce50_dlkm(OE)
[   27.806254] snd_usb_audio_qmi(E) coresight_tpdm(E) cnss_plat_ipc_qmi_svc(OE) icc_test(E) f_fs_ipc_log(E) qcom_edac(E) cnss_utils(OE) coresight_dummy(E) dwc3_msm(E) audpkt_ion_dlkm(OE) qti_qmi_sensor_v2(E) qti_qmi_cdev(E) coresight_tpda(E) wcd938x_slave_dlkm(OE) repeater_qti_pmic_eusb2(E) qcom_q6v5_pas(E) msm_ext_display(OE) ipa_fmwk(E) swr_dlkm(OE) ehset(E) qcom_pil_info(E) hung_task_enh(E) rdtags(OE) somc_battchg_ext(OE) cirrus_wm_adsp(OE) smcinvoke_dlkm(OE) q6_dlkm(OE) wcd_core_dlkm(OE) memlat_vendor(E) mbhc_dlkm(OE) mhi_dev_uci(E) qti_battery_charger(E) ddr_cdev(E) msm_show_epoch(E) phy_msm_ssusb_qmp(E) lt9611uxc(E) rq_stats(E) glink_probe(E) cfg80211(E) qrtr_gunyah(E) coresight_funnel(E) snd_soc_hdmi_codec(E) realtek(E) q6_pdr_dlkm(OE) smsc(E) qti_fixed_regulator(E) max31760_fan(E) coresight_csr(E) rdbg(E) frpc_adsprpc(E) qcom_q6v5(E) panel_event_notifier(E) stm_core(E) qcom_cpufreq_hw_debug(E) coresight(E) microdump_collector(E) repeater_i2c_eusb2(E)
[   27.806394] mmc_log_probes(E) boot_stats(E) qcom_vadc_common(E) gh_mem_notifier(E) qti_userspace_cdev(E) qcom_lpm(E) bcl_soc(E) msm_geni_serial(E) spmi_pmic_arb_debug(E) gh_irq_lend(E) usb_f_diag(E) qcom_iommu_debug(E) phy_msm_m31_eusb2(E) qcom_va_minidump(E) smp2p_sleepstate(E) altmode_glink(E) spi_msm_geni(E) pmic_pon_log(E) core_hang_detect(E) qcom_cpuss_sleep_stats(E) msm_lmh_dcvs(E) i3c_master_msm_geni(E) qsee_ipc_irq_bridge(E) qti_battery_debug(E) glink_pkt(E) qti_devfreq_cdev(E) qcom_spss(E) qcom_glink_spss(E) ucsi_glink(E) qcom_sysmon(E) msm_memshare(E) spmi_glink_debug(E) heap_mem_ext_v01(E) charger_ulog_glink(E) smsc95xx(E) mhi_dev_satellite(E) sys_pm_vx(E) mhi_dev_netdev(E) mhi_dev_dtr(E) mhi(E) sps_drv(E) pinctrl_somc_pmic(E) gpucc_kalama(E) phy_qcom_ufs_qmp_v4_waipio(E) qcom_spmi_temp_alarm(E) rimps_log(E) phy_msm_snps_eusb2(E) memlat(E) reboot_mode(E) phy_qcom_emu(E) cdsprm(E) r8168(E) policy_engine(E) eud(E) phy_generic(E) pinctrl_spmi_gpio(E) sg(E)
[   27.806526] smp2p(E) dmesg_dumper(E) hvc_gunyah(E) qbt_handler(E) qcom_ramdump(E) sysmon_subsystem_stats(E) subsystem_sleep_stats(E) soc_sleep_stats(E) debugcc_kalama(E) pwm_qti_lpg(E) msm_gpi(E) pinctrl_spmi_mpp(E) synx_driver(E) phy_qcom_ufs_qmp_v4(E) usb_f_cdev(E) phy_qcom_ufs_qmp_v4_khaje(E) pmic_glink(E) cdsp_loader(E) adsp_sleepmon(E) qseecom_proxy(E) pci_msm_drv(E) redriver(E) pdr_interface(E) repeater(E) qmi_helpers(E) qcom_ipc_lite(E) msm_sharedmem(E) usbmon(E) usb_f_ccid(E) smsc75xx(E) qti_ocp_notifier(E) bam_dma(E) rproc_qcom_common(E) msm_sysstats(E) qcom_smd(E) qcom_glink_smem(E) qcom_glink(E) msm_show_resume_irq(E) zram(E) wakeup_irq_debug(E) zsmalloc(E) nvme(E) nvme_core(E) bcl_pmic5(E) c1dcvs_scmi(E) c1dcvs_vendor(E) qcom_rimps(E) sdhci_msm(E) arm_smmu(E) ufs_qcom(E) ufshcd_crypto_qti(E) msm_qmp(E) qcom_aoss(E) stub_regulator(E) socinfo(E) rtc_pm8xxx(E) qrtr(E) qcom_reboot_reason(E) spmi_pmic_arb(E) qcom_spmi_pmic(E) regmap_spmi(E) qti_regmap_debugfs(E)
[   27.806668] pmu_scmi(E) pmu_vendor(E) qcom_pmu_lib(E) qcom_llcc_pmu(E) qcom_iommu_util(E) qcom_logbuf_vh(E) debug_symbol(E) qcom_dload_mode(E) pinctrl_somc(E) phy_qcom_ufs_qrbtc_sdm845(E) phy_qcom_ufs_qmp_v4_kalama(E) phy_qcom_ufs(E) nvmem_qcom_spmi_sdam(E) ns(E) qnoc_kalama(E) qnoc_qos(E) pinctrl_kalama(E) pinctrl_msm(E) memory_dump_v2(E) mem_buf(E) qcom_dma_heaps(E) msm_dma_iommu_mapping(E) mem_buf_msgq(E) mem_buf_dev(E) mem_hooks(E) llcc_qcom(E) iommu_logger(E) gunyah(E) mdt_loader(E) secure_buffer(E) gh_ctrl(E) videocc_kalama(E) tcsrcc_kalama(E) dispcc_kalama(E) dcc_v2(E) crypto_qti_common(E) crypto_qti_hwkm(E) hwkm(E) tmecom_intf(E) cqhci(E) clk_dummy(E) cpu_hotplug(E) thermal_pause(E) sched_walt(E) qcom_cpufreq_hw(E) bwmon(E) qcom_dcvs(E) dcvs_fp(E) rpmh_regulator(E) qcom_tsens(E) thermal_minidump(E) qcom_pdc(E) qcom_ipcc(E) camcc_kalama(E) icc_rpmh(E) icc_debug(E) icc_bcm_voter(E) gcc_kalama(E) clk_qcom(E) gdsc_regulator(E) debug_regulator(E) proxy_consumer(E)
[   27.806808] clk_rpmh(E) qcom_rpmh(E) cmd_db(E) qcom_ipc_logging(E) qcom_cpu_vendor_hooks(E) gh_virt_wdt(E) qcom_wdt_core(E) qcom_scm(E) minidump(E) smem(E) qcom_hwspinlock(E) gh_rm_drv(E) gh_dbl(E) gh_msgq(E) gh_arm_drv(E)
[   27.806852] CPU: 1 PID: 8344 Comm: ghostlock Tainted: G S      W  OE     5.15.189-android13-8-00016-g51bba4309aac-ab14546557 #1
[   27.806862] Hardware name: Sony Corporation. PDX-234 J(Kalama QRD) (DT)
[   27.806871] pstate: 624000c5 (nZCv daIF +PAN -UAO +TCO -DIT -SSBS BTYPE=--)
[   27.806880] pc : rt_mutex_adjust_prio_chain+0xe88/0x14c0
[   27.806888] lr : max_tt_usecs+0x6646/0x1fe6b
[   27.806898] sp : ffffffc02ca83be0
[   27.806904] x29: ffffffc02ca83c20 x28: ffffffc033283b18 x27: ffffff896ce98000
[   27.806916] x26: ffffff896f431200 x25: 0000000000000000 x24: 0000000000000000
[   27.806927] x23: 0000000000000000 x22: ffffff896f433600 x21: ffffff896f431210
[   27.806939] x20: 0000000000000001 x19: ffffff896ce98400 x18: ffffffc02cb7d050
[   27.806948] x17: 0000000000000078 x16: ffffffed6ed0d000 x15: ffffffed6ed28000
[   27.806957] x14: 0000000000000000 x13: 0000000000000000 x12: ffffffed6ed0d000
[   27.806968] x11: 0000000000000001 x10: ffffffed6edd81a8 x9 : b1d48c3681135d00
[   27.806978] x8 : b1d48c3681135d00 x7 : 00000000000000e0 x6 : ffffffed6e04041d
[   27.806988] x5 : ffffff896f433600 x4 : ffffffed6ed0d000 x3 : 00000000c0000000
[   27.806998] x2 : 0000000000000000 x1 : ffffffc02ca83950 x0 : 000000000000002a
[   27.807010] Call trace:
[   27.807016] rt_mutex_adjust_prio_chain+0xe88/0x14c0
[   27.807025] rt_mutex_adjust_pi+0x174/0x318
[   27.807031] __sched_setscheduler+0xdf8/0x1144
[   27.807133] __do_sys_sched_setattr+0x244/0x3c8
[   27.807141] __arm64_sys_sched_setattr+0x24/0x34
[   27.807148] invoke_syscall+0x60/0x150
[   27.807158] el0_svc_common+0xb8/0xf8
[   27.807164] do_el0_svc+0x28/0x98
[   27.807169] el0_svc+0x24/0x84
[   27.807182] el0t_64_sync_handler+0x88/0xec
[   27.807187] el0t_64_sync+0x1b8/0x1bc
[   27.807197] ---[ end trace fb873a16433e8278 ]---
[   27.807291] ------------[ cut here ]------------
[   27.807297] refcount_t: underflow; use-after-free.
[   27.807308] WARNING: CPU: 1 PID: 8344 at lib/refcount.c:28 rt_mutex_adjust_prio_chain+0x13fc/0x14c0
[   27.807318] Modules linked in: sony_camera(OE) slg51000_regulator(OE) lxs_touchscreen(OE) wlan(OE) ipa_clientsm(OE) ipanetm(OE) rndisipam(OE) ipam(OE) coresight_tmc(E) msm_drm(OE) camera(OE) qdss_bridge(E) machine_dlkm(OE) lpass_cdc_wsa_macro_dlkm(OE) usb_f_qdss(E) usb_f_gsi(E) swr_dmic_dlkm(OE) lpass_cdc_wsa2_macro_dlkm(OE) lpass_cdc_va_macro_dlkm(OE) lpass_cdc_tx_macro_dlkm(OE) msm_eva(OE) lpass_cdc_rx_macro_dlkm(OE) wcd938x_dlkm(OE) msm_kgsl(OE) pinctrl_lpi_dlkm(OE) adsp_loader_dlkm(OE) wcd9xxx_dlkm(OE) swr_ctrl_dlkm(OE) audio_pkt_dlkm(OE) lpass_cdc_dlkm(OE) audio_prm_dlkm(OE) mhi_cntrl_qcom(E) spf_core_dlkm(OE) gsim(OE) pt_device_access(OE) gpr_dlkm(OE) rmnet_aps(OE) mac80211(E) leds_qti_tri_led(E) msm_hw_fence(OE) rmnet_perf_tether(OE) msm_video(OE) rmnet_shs(OE) rmnet_offload(OE) pt_i2c(OE) rmnet_sch(OE) rmnet_wlan(OE) qcedev_mod_dlkm(OE) coresight_remote_etm(E) msm_performance(E) qcom_esoc(E) nt36xxx_i2c(OE) rmnet_perf(OE) rmnet_core(OE) cirrus_cs40l2x_codec(OE)
[   27.807428] q6_notifier_dlkm(OE) nxp_nci(OE) coresight_cti(E) qcrypto_msm_dlkm(OE) coresight_replicator(E) qrtr_smd(E) stm_ftrace(E) pm8941_pwrkey(E) bt_fm_slim(OE) stm_p_ost(E) slim_qcom_ngd_ctrl(E) stm_p_basic(E) cpu_voltage_cooling(E) qti_cpufreq_cdev(E) sdpm_clk(E) i2c_msm_geni(E) stm_console(E) slimbus(E) memlat_scmi(E) gh_tlmm_vm_mem_access(E) usb_bam(E) qrtr_mhi(E) cnss2(OE) wsa883x_dlkm(OE) pt_ts(OE) hdcp_qseecom_dlkm(OE) camera_sync(OE) wlan_firmware_service(OE) qcom_pon(E) synaptics_tcm_ts(OE) sync_fence(OE) last_logs(OE) qcom_spmi_adc5_gen3(E) spcom(E) coresight_stm(E) leds_qti_flash(E) radio_i2c_rtc6226_qca(OE) coresight_hwevent(E) hdmi_dlkm(OE) tz_log_dlkm(OE) cirrus_cs35l45(OE) btpower(OE) atmel_mxt_ts(OE) stub_dlkm(OE) rmnet_ctl(OE) cnss_nl(OE) msm_mmrm(OE) coresight_tgu(E) et603_int(OE) spss_utils(E) swr_haptics_dlkm(OE) cnss_prealloc(OE) snd_event_dlkm(OE) qrng_dlkm(OE) nvmem_qfprom(E) wsa884x_dlkm(OE) goodix_ts(OE) cirrus_cs40l2x(OE) qce50_dlkm(OE)
[   27.807523] snd_usb_audio_qmi(E) coresight_tpdm(E) cnss_plat_ipc_qmi_svc(OE) icc_test(E) f_fs_ipc_log(E) qcom_edac(E) cnss_utils(OE) coresight_dummy(E) dwc3_msm(E) audpkt_ion_dlkm(OE) qti_qmi_sensor_v2(E) qti_qmi_cdev(E) coresight_tpda(E) wcd938x_slave_dlkm(OE) repeater_qti_pmic_eusb2(E) qcom_q6v5_pas(E) msm_ext_display(OE) ipa_fmwk(E) swr_dlkm(OE) ehset(E) qcom_pil_info(E) hung_task_enh(E) rdtags(OE) somc_battchg_ext(OE) cirrus_wm_adsp(OE) smcinvoke_dlkm(OE) q6_dlkm(OE) wcd_core_dlkm(OE) memlat_vendor(E) mbhc_dlkm(OE) mhi_dev_uci(E) qti_battery_charger(E) ddr_cdev(E) msm_show_epoch(E) phy_msm_ssusb_qmp(E) lt9611uxc(E) rq_stats(E) glink_probe(E) cfg80211(E) qrtr_gunyah(E) coresight_funnel(E) snd_soc_hdmi_codec(E) realtek(E) q6_pdr_dlkm(OE) smsc(E) qti_fixed_regulator(E) max31760_fan(E) coresight_csr(E) rdbg(E) frpc_adsprpc(E) qcom_q6v5(E) panel_event_notifier(E) stm_core(E) qcom_cpufreq_hw_debug(E) coresight(E) microdump_collector(E) repeater_i2c_eusb2(E)
[   27.807618] mmc_log_probes(E) boot_stats(E) qcom_vadc_common(E) gh_mem_notifier(E) qti_userspace_cdev(E) qcom_lpm(E) bcl_soc(E) msm_geni_serial(E) spmi_pmic_arb_debug(E) gh_irq_lend(E) usb_f_diag(E) qcom_iommu_debug(E) phy_msm_m31_eusb2(E) qcom_va_minidump(E) smp2p_sleepstate(E) altmode_glink(E) spi_msm_geni(E) pmic_pon_log(E) core_hang_detect(E) qcom_cpuss_sleep_stats(E) msm_lmh_dcvs(E) i3c_master_msm_geni(E) qsee_ipc_irq_bridge(E) qti_battery_debug(E) glink_pkt(E) qti_devfreq_cdev(E) qcom_spss(E) qcom_glink_spss(E) ucsi_glink(E) qcom_sysmon(E) msm_memshare(E) spmi_glink_debug(E) heap_mem_ext_v01(E) charger_ulog_glink(E) smsc95xx(E) mhi_dev_satellite(E) sys_pm_vx(E) mhi_dev_netdev(E) mhi_dev_dtr(E) mhi(E) sps_drv(E) pinctrl_somc_pmic(E) gpucc_kalama(E) phy_qcom_ufs_qmp_v4_waipio(E) qcom_spmi_temp_alarm(E) rimps_log(E) phy_msm_snps_eusb2(E) memlat(E) reboot_mode(E) phy_qcom_emu(E) cdsprm(E) r8168(E) policy_engine(E) eud(E) phy_generic(E) pinctrl_spmi_gpio(E) sg(E)
[   27.807711] smp2p(E) dmesg_dumper(E) hvc_gunyah(E) qbt_handler(E) qcom_ramdump(E) sysmon_subsystem_stats(E) subsystem_sleep_stats(E) soc_sleep_stats(E) debugcc_kalama(E) pwm_qti_lpg(E) msm_gpi(E) pinctrl_spmi_mpp(E) synx_driver(E) phy_qcom_ufs_qmp_v4(E) usb_f_cdev(E) phy_qcom_ufs_qmp_v4_khaje(E) pmic_glink(E) cdsp_loader(E) adsp_sleepmon(E) qseecom_proxy(E) pci_msm_drv(E) redriver(E) pdr_interface(E) repeater(E) qmi_helpers(E) qcom_ipc_lite(E) msm_sharedmem(E) usbmon(E) usb_f_ccid(E) smsc75xx(E) qti_ocp_notifier(E) bam_dma(E) rproc_qcom_common(E) msm_sysstats(E) qcom_smd(E) qcom_glink_smem(E) qcom_glink(E) msm_show_resume_irq(E) zram(E) wakeup_irq_debug(E) zsmalloc(E) nvme(E) nvme_core(E) bcl_pmic5(E) c1dcvs_scmi(E) c1dcvs_vendor(E) qcom_rimps(E) sdhci_msm(E) arm_smmu(E) ufs_qcom(E) ufshcd_crypto_qti(E) msm_qmp(E) qcom_aoss(E) stub_regulator(E) socinfo(E) rtc_pm8xxx(E) qrtr(E) qcom_reboot_reason(E) spmi_pmic_arb(E) qcom_spmi_pmic(E) regmap_spmi(E) qti_regmap_debugfs(E)
[   27.807813] pmu_scmi(E) pmu_vendor(E) qcom_pmu_lib(E) qcom_llcc_pmu(E) qcom_iommu_util(E) qcom_logbuf_vh(E) debug_symbol(E) qcom_dload_mode(E) pinctrl_somc(E) phy_qcom_ufs_qrbtc_sdm845(E) phy_qcom_ufs_qmp_v4_kalama(E) phy_qcom_ufs(E) nvmem_qcom_spmi_sdam(E) ns(E) qnoc_kalama(E) qnoc_qos(E) pinctrl_kalama(E) pinctrl_msm(E) memory_dump_v2(E) mem_buf(E) qcom_dma_heaps(E) msm_dma_iommu_mapping(E) mem_buf_msgq(E) mem_buf_dev(E) mem_hooks(E) llcc_qcom(E) iommu_logger(E) gunyah(E) mdt_loader(E) secure_buffer(E) gh_ctrl(E) videocc_kalama(E) tcsrcc_kalama(E) dispcc_kalama(E) dcc_v2(E) crypto_qti_common(E) crypto_qti_hwkm(E) hwkm(E) tmecom_intf(E) cqhci(E) clk_dummy(E) cpu_hotplug(E) thermal_pause(E) sched_walt(E) qcom_cpufreq_hw(E) bwmon(E) qcom_dcvs(E) dcvs_fp(E) rpmh_regulator(E) qcom_tsens(E) thermal_minidump(E) qcom_pdc(E) qcom_ipcc(E) camcc_kalama(E) icc_rpmh(E) icc_debug(E) icc_bcm_voter(E) gcc_kalama(E) clk_qcom(E) gdsc_regulator(E) debug_regulator(E) proxy_consumer(E)
[   27.807914] clk_rpmh(E) qcom_rpmh(E) cmd_db(E) qcom_ipc_logging(E) qcom_cpu_vendor_hooks(E) gh_virt_wdt(E) qcom_wdt_core(E) qcom_scm(E) minidump(E) smem(E) qcom_hwspinlock(E) gh_rm_drv(E) gh_dbl(E) gh_msgq(E) gh_arm_drv(E)
[   27.807942] CPU: 1 PID: 8344 Comm: ghostlock Tainted: G S      W  OE     5.15.189-android13-8-00016-g51bba4309aac-ab14546557 #1
[   27.807951] Hardware name: Sony Corporation. PDX-234 J(Kalama QRD) (DT)
[   27.807956] pstate: 62400005 (nZCv daif +PAN -UAO +TCO -DIT -SSBS BTYPE=--)
[   27.807963] pc : rt_mutex_adjust_prio_chain+0x13fc/0x14c0
[   27.807969] lr : rt_mutex_adjust_prio_chain+0x13fc/0x14c0
[   27.807975] sp : ffffffc02ca83be0
[   27.807978] x29: ffffffc02ca83c20 x28: ffffffc033283b18 x27: ffffff896ce98000
[   27.807988] x26: ffffff896f431200 x25: 0000000000000000 x24: ffffff896ce98c84
[   27.807996] x23: 0000000000000000 x22: ffffffc033283b18 x21: ffffff896f431210
[   27.808004] x20: 0000000000000000 x19: ffffff896ce98400 x18: ffffffc02cb7d050
[   27.808013] x17: ffffffffffffffff x16: 0000000000000000 x15: 0000000000000004
[   27.808020] x14: ffffff8a6c720000 x13: 0000000000001fff x12: 0000000000000003
[   27.808028] x11: 00000000ffffdfff x10: ffffffed6edd81a8 x9 : b1d48c3681135d00
[   27.808036] x8 : b1d48c3681135d00 x7 : 65646e75203a745f x6 : 746e756f63666572
[   27.808045] x5 : ffffffed6ef7c2ff x4 : ffffff8a7883b4c6 x3 : 0000000000000000
[   27.808054] x2 : 0000000000000000 x1 : ffffffc02ca83950 x0 : 0000000000000026
[   27.808062] Call trace:
[   27.808066] rt_mutex_adjust_prio_chain+0x13fc/0x14c0
[   27.808072] rt_mutex_adjust_pi+0x174/0x318
[   27.808079] __sched_setscheduler+0xdf8/0x1144
[   27.808086] __do_sys_sched_setattr+0x244/0x3c8
[   27.808091] __arm64_sys_sched_setattr+0x24/0x34
[   27.808098] invoke_syscall+0x60/0x150
[   27.808104] el0_svc_common+0xb8/0xf8
[   27.808109] do_el0_svc+0x28/0x98
[   27.808113] el0_svc+0x24/0x84
[   27.808120] el0t_64_sync_handler+0x88/0xec
[   27.808126] el0t_64_sync+0x1b8/0x1bc
[   27.808133] ---[ end trace fb873a16433e8279 ]---
[   27.916088] SELinux: avc:  denied  { find } for pid=1926 uid=1000 name=vendor.qti.hardware.servicetrackeraidl.IServicetracker/default scontext=u:r:system_server:s0 tcontext=u:object_r:default_android_service:s0 tclass=service_manager permissive=0
[   28.613781] cnss: Runtime suspend start
[   28.614054] [kworke][0x280a4f71][19:27:59.206666] wlan: [775:I:PMO] pmo_core_enable_wow_in_fw: drv wow is enabled
[   28.616973] gsi soc:qcom,msm_gsi: gsi_stop_channel:3615 chan=1 busy try again
[   28.619304] gsi soc:qcom,msm_gsi: gsi_stop_channel:3615 chan=14 busy try again
[   28.642221] cnss: Setting MHI state: SUSPEND(6)
[   28.642263] cnss: Suspending PCI link
[   28.642270] cnss: Use PCIe DRV suspend
[   28.646617] cnss: Runtime suspend status: 0
[   28.669592] (virq:irq_count)- GICv3:IPI(1):125122 GICv3:IPI(6):44982 GICv3:arch_timer(11):38744 GICv3:ufshcd(35):37214 GICv3:IPI(2):23274 GICv3:ipcc_0(37):9143 ipcc:glink-native-adsp(385):7115 GICv3:msm_drm(243):2896 ipcc:glink-native-modem(402):2474 GICv3:apps_rsc-drv-2(20):2460 
[   28.669728] (cpu:irq_count)- 0:59966 1:12989 2:14410 3:36939 4:36201 5:36434 6:38601 7:68756 
[   28.669784] (ipi:irq_count)- 0:125123 1:23274 2:0 3:0 4:0 5:44982 6:0 
[   28.895786] cnss: Runtime resume start
[   28.895853] cnss: Resuming PCI link
[   28.901704] cnss: Set PCI link status to: 2
[   28.901737] cnss: Setting MHI state: RESUME(7)
[   28.902543] [kworke][0x285ed425][19:27:59.495156] wlan: [139:I:PMO] pmo_core_psoc_send_host_wakeup_ind_to_fw: Host wakeup indication sent to fw
[   28.917022] cnss: Runtime resume status: 0
[   30.807470] SELinux: avc:  denied  { find } for pid=1926 uid=1000 name=vendor.qti.hardware.servicetrackeraidl.IServicetracker/default scontext=u:r:system_server:s0 tcontext=u:object_r:default_android_service:s0 tclass=service_manager permissive=0
[   31.446079] SELinux: avc:  denied  { find } for pid=1926 uid=1000 name=vendor.qti.hardware.servicetrackeraidl.IServicetracker/default scontext=u:r:system_server:s0 tcontext=u:object_r:default_android_service:s0 tclass=service_manager permissive=0
[   31.747429] i2c_geni 988000.i2c: i2c error :-107
[   31.750025] i2c_geni 988000.i2c: i2c error :-107
[   31.750383] i2c_geni 988000.i2c: i2c error :-107
[   31.750674] i2c_geni 988000.i2c: i2c error :-107
[   31.750962] i2c_geni 988000.i2c: i2c error :-107
[   31.751314] i2c_geni 988000.i2c: i2c error :-107
[   31.751598] i2c_geni 988000.i2c: i2c error :-107
[   32.775179] hrtimer: interrupt took 35313 ns
[   34.699563] healthd: battery l=97 v=4495 t=25.0 h=2 st=2 c=1480993 fc=4434000 cc=17 chg=a
[   34.789771] healthd: battery l=97 v=4495 t=25.0 h=2 st=2 c=1480993 fc=4434000 cc=17 chg=a
[   37.602112] SELinux: avc:  denied  { find } for pid=1926 uid=1000 name=vendor.qti.hardware.servicetrackeraidl.IServicetracker/default scontext=u:r:system_server:s0 tcontext=u:object_r:default_android_service:s0 tclass=service_manager permissive=0
[   38.141202] (virq:irq_count)- GICv3:IPI(1):134778 GICv3:arch_timer(11):110057 GICv3:IPI(6):46998 GICv3:ufshcd(35):37308 GICv3:IPI(2):24126 GICv3:ipcc_0(37):9409 ipcc:glink-native-adsp(385):7384 GICv3:apps_rsc-drv-2(20):3673 GICv3:msm_drm(243):3385 ipcc:glink-native-modem(402):2476 
[   38.141344] (cpu:irq_count)- 0:128560 1:19492 2:22929 3:38822 4:37018 5:36696 6:39270 7:68893 
[   38.141397] (ipi:irq_count)- 0:134784 1:24127 2:0 3:0 4:0 5:46999 6:0 
[   38.230389] healthd: battery l=97 v=4494 t=25.0 h=2 st=2 c=1448400 fc=4434000 cc=17 chg=a
[   38.266516] cnss: Runtime suspend start
[   38.266845] [kworke][0x331646c5][19:28:08.859457] wlan: [139:I:PMO] pmo_core_enable_wow_in_fw: drv wow is enabled
[   38.309458] cnss: Setting MHI state: SUSPEND(6)
[   38.309512] cnss: Suspending PCI link
[   38.309522] cnss: Use PCIe DRV suspend
[   38.315202] cnss: Runtime suspend status: 0
[   38.486958] [irq][0x3356c29c][19:28:09.079563] wlan: [0:I:HIF] hif_wake_interrupt_handler: wake interrupt received on irq 347
[   38.487217] cnss: Runtime resume start
[   38.487301] cnss: Resuming PCI link
[   38.490384] cnss: Set PCI link status to: 2
[   38.490441] cnss: Setting MHI state: RESUME(7)
[   38.492795] [kworke][0x335878be][19:28:09.085404] wlan: [1958:I:PMO] pmo_core_psoc_send_host_wakeup_ind_to_fw: Host wakeup indication sent to fw
[   38.504022] [soft_i][0x335bc274][19:28:09.096627] wlan: [0:I:WMA] WLAN triggered wakeup: BPF_ALLOW (39), vdev: 0 (STA)
[   38.504478] [soft_i][0x335be515][19:28:09.097088] wlan: [0:I:WMA] wma_wake_event_packet: Wake event packet:
[   38.504509] [soft_i][0x335be767][19:28:09.097119] wlan: [0:I:WMA] 00000000: 96 ee 47 b4 b6 a4 00 e0 4c 68 03 8b 08 00 45 00
[   38.504527] [soft_i][0x335be8c5][19:28:09.097138] wlan: [0:I:WMA] 00000010: 00 28 d8 ed 00 00 40 06 a6 fc 0a 00 4e 4f 0a 00
[   38.504547] [soft_i][0x335bea38][19:28:09.097157] wlan: [0:I:WMA] 00000020: 98 97 c4 8a 99 3f b7 47 8f 2d c9 de 08 4b 50 10
[   38.504566] [soft_i][0x335beba6][19:28:09.097176] wlan: [0:I:WMA] 00000030: 08 00 36 85 00 00 00 00 00 00 00 00
[   38.504670] [soft_i][0x335bf370][19:28:09.097280] wlan: [0:I:WMA] wma_log_pkt_ipv4: Pkt_len: 40, src_port: 50314, dst_port: 39231
[   38.505748] cnss: Runtime resume status: 0
[   39.029074] SELinux: avc:  denied  { find } for pid=1926 uid=1000 name=vendor.qti.hardware.servicetrackeraidl.IServicetracker/default scontext=u:r:system_server:s0 tcontext=u:object_r:default_android_service:s0 tclass=service_manager permissive=0
[   39.033043] SELinux: avc:  denied  { find } for pid=1926 uid=1000 name=vendor.qti.hardware.servicetrackeraidl.IServicetracker/default scontext=u:r:system_server:s0 tcontext=u:object_r:default_android_service:s0 tclass=service_manager permissive=0
[   39.056255] SELinux: avc:  denied  { find } for pid=1926 uid=1000 name=vendor.qti.hardware.servicetrackeraidl.IServicetracker/default scontext=u:r:system_server:s0 tcontext=u:object_r:default_android_service:s0 tclass=service_manager permissive=0
[   39.065656] SELinux: avc:  denied  { find } for pid=1926 uid=1000 name=vendor.qti.hardware.servicetrackeraidl.IServicetracker/default scontext=u:r:system_server:s0 tcontext=u:object_r:default_android_service:s0 tclass=service_manager permissive=0
[   39.068567] SELinux: avc:  denied  { find } for pid=1926 uid=1000 name=vendor.qti.hardware.servicetrackeraidl.IServicetracker/default scontext=u:r:system_server:s0 tcontext=u:object_r:default_android_service:s0 tclass=service_manager permissive=0
[   39.069947] SELinux: avc:  denied  { find } for pid=1926 uid=1000 name=vendor.qti.hardware.servicetrackeraidl.IServicetracker/default scontext=u:r:system_server:s0 tcontext=u:object_r:default_android_service:s0 tclass=service_manager permissive=0
[   39.072306] SELinux: avc:  denied  { find } for pid=1926 uid=1000 name=vendor.qti.hardware.servicetrackeraidl.IServicetracker/default scontext=u:r:system_server:s0 tcontext=u:object_r:default_android_service:s0 tclass=service_manager permissive=0
[   40.296763] SELinux: avc:  denied  { find } for pid=1926 uid=1000 name=vendor.qti.hardware.servicetrackeraidl.IServicetracker/default scontext=u:r:system_server:s0 tcontext=u:object_r:default_android_service:s0 tclass=service_manager permissive=0
[   40.737999] cnss: Runtime suspend start
[   40.740107] [kworke][0x35eadd01][19:28:11.332714] wlan: [1958:I:PMO] pmo_core_enable_wow_in_fw: drv wow is enabled
[   40.780334] cnss: Setting MHI state: SUSPEND(6)
[   40.780405] cnss: Suspending PCI link
[   40.780426] cnss: Use PCIe DRV suspend
[   40.792557] cnss: Runtime suspend status: 0
[   40.833847] [irq][0x3606529a][19:28:11.426443] wlan: [0:I:HIF] hif_wake_interrupt_handler: wake interrupt received on irq 347
[   40.834219] cnss: Runtime resume start
[   40.834306] cnss: Resuming PCI link
[   40.837213] cnss: Set PCI link status to: 2
[   40.837261] cnss: Setting MHI state: RESUME(7)
[   40.838321] [kworke][0x3607a332][19:28:11.430930] wlan: [1958:I:PMO] pmo_core_psoc_send_host_wakeup_ind_to_fw: Host wakeup indication sent to fw
[   40.849979] [soft_i][0x360b0d7b][19:28:11.442587] wlan: [0:I:WMA] WLAN triggered wakeup: BPF_ALLOW (39), vdev: 0 (STA)
[   40.850151] [soft_i][0x360b1a94][19:28:11.442762] wlan: [0:I:WMA] wma_wake_event_packet: Wake event packet:
[   40.850172] [soft_i][0x360b1c2c][19:28:11.442783] wlan: [0:I:WMA] 00000000: 96 ee 47 b4 b6 a4 00 e0 4c 68 03 8b 08 00 45 00
[   40.850188] [soft_i][0x360b1d54][19:28:11.442798] wlan: [0:I:WMA] 00000010: 00 28 04 72 00 00 40 06 7b 78 0a 00 4e 4f 0a 00
[   40.850202] [soft_i][0x360b1e79][19:28:11.442813] wlan: [0:I:WMA] 00000020: 98 97 c4 8a 99 3f b7 47 8f 2d c9 de 08 4b 50 10
[   40.850242] [soft_i][0x360b1f6a][19:28:11.442826] wlan: [0:I:WMA] 00000030: 08 00 36 85 00 00 00 00 00 00 00 00
[   40.850323] [soft_i][0x360b2780][19:28:11.442934] wlan: [0:I:WMA] wma_log_pkt_ipv4: Pkt_len: 40, src_port: 50314, dst_port: 39231
[   40.852307] cnss: Runtime resume status: 0
[   41.909986] audit: audit_lost=48 audit_rate_limit=5 audit_backlog_limit=128
[   41.910028] audit: rate limit exceeded
[   42.583132] cnss: Runtime suspend start
[   42.583528] [kworke][0x3806edfe][19:28:13.176140] wlan: [1958:I:PMO] pmo_core_enable_wow_in_fw: drv wow is enabled
[   42.624494] cnss: Setting MHI state: SUSPEND(6)
[   42.624537] cnss: Suspending PCI link
[   42.624548] cnss: Use PCIe DRV suspend
[   42.629686] cnss: Runtime suspend status: 0
[   42.902267] SELinux:  Converting 2385 SID table entries...
[   42.921341] SELinux:  policy capability network_peer_controls=1
[   42.921358] SELinux:  policy capability open_perms=1
[   42.921363] SELinux:  policy capability extended_socket_class=1
[   42.921369] SELinux:  policy capability always_check_network=0
[   42.921373] SELinux:  policy capability cgroup_seclabel=0
[   42.921377] SELinux:  policy capability nnp_nosuid_transition=1
[   42.921383] SELinux:  policy capability genfs_seclabel_symlinks=0
[   42.921387] SELinux:  policy capability ioctl_skip_cloexec=0
[   42.954684] audit: audit_lost=98 audit_rate_limit=5 audit_backlog_limit=128
[   42.954710] audit: rate limit exceeded
[   43.084441] cnss: Resuming PCI link
[   43.090838] cnss: Set PCI link status to: 2
[   43.090869] cnss: Setting MHI state: RESUME(7)
[   43.109738] cnss: Setting MHI state: SUSPEND(6)
[   43.115651] cnss: Suspending PCI link
[   43.115661] cnss: Use PCIe DRV suspend
[   43.138986] cnss: Runtime resume start
[   43.139029] cnss: Resuming PCI link
[   43.143590] cnss: Set PCI link status to: 2
[   43.143615] cnss: Setting MHI state: RESUME(7)
[   43.147936] [kworke][0x38ac479e][19:28:13.740535] wlan: [862:I:PMO] pmo_core_psoc_send_host_wakeup_ind_to_fw: Host wakeup indication sent to fw
[   43.164910] cnss: Runtime resume status: 0
[   43.590761] healthd: battery l=97 v=4494 t=25.0 h=2 st=2 c=1400059 fc=4434000 cc=17 chg=a
[   43.750629] KernelSU: shell is allowed at init!
[   43.831123] found variant: sys_call_table
[   43.874425] KernelSU: sys_call_table=0xffffffed6e156a08
[   43.902391] KernelSU: sys_ni_syscall: 0xffffffed6d950ae8
[   43.902419] KernelSU: ni_syscall 1: 42
[   43.902425] KernelSU: patch syscall 42, 0xffffffed6d950ae8 -> 0xffffffed672eab98
[   43.912052] KernelSU: dispatcher installed at slot 42
[   43.912069] KernelSU: feature: feature management initialized
[   43.912074] KernelSU: feature: registered handler for sulog (id=2)
[   43.912081] KernelSU: feature: registered handler for adb_root (id=3)
[   43.912086] KernelSU: lsm_hook: init, tracked hooks=0
[   43.912090] KernelSU: feature: registered handler for selinux_hide (id=4)
[   43.912098] KernelSU: initialize_fake_status initialized: sequence=0, policyload=0, enforcing=1
[   43.953029] KernelSU: KernelSU IOCTL Commands:
[   43.953600] KernelSU:   GRANT_ROOT         = 0x00004b01
[   43.953606] KernelSU:   GET_INFO           = 0x80104b02
[   43.953610] KernelSU:   GET_INFO_LEGACY    = 0x80004b02
[   43.953614] KernelSU:   REPORT_EVENT       = 0x40004b03
[   43.953620] KernelSU:   SET_SEPOLICY       = 0xc0004b04
[   43.953623] KernelSU:   CHECK_SAFEMODE     = 0x80004b05
[   43.953628] KernelSU:   GET_ALLOW_LIST     = 0xc0004b06
[   43.953632] KernelSU:   GET_DENY_LIST      = 0xc0004b07
[   43.953638] KernelSU:   NEW_GET_ALLOW_LIST = 0xc0044b06
[   43.953642] KernelSU:   NEW_GET_DENY_LIST  = 0xc0044b07
[   43.953646] KernelSU:   UID_GRANTED_ROOT   = 0xc0004b08
[   43.953650] KernelSU:   UID_SHOULD_UMOUNT  = 0xc0004b09
[   43.953655] KernelSU:   GET_MANAGER_APPID  = 0x80004b0a
[   43.953659] KernelSU:   GET_APP_PROFILE    = 0xc0004b0b
[   43.953663] KernelSU:   SET_APP_PROFILE    = 0x40004b0c
[   43.953667] KernelSU:   GET_FEATURE        = 0xc0004b0d
[   43.953672] KernelSU:   SET_FEATURE        = 0x40004b0e
[   43.953676] KernelSU:   GET_WRAPPER_FD     = 0x40004b0f
[   43.953680] KernelSU:   MANAGE_MARK        = 0xc0004b10
[   43.953684] KernelSU:   NUKE_EXT4_SYSFS    = 0x40004b11
[   43.953689] KernelSU:   ADD_TRY_UMOUNT     = 0x40004b12
[   43.953693] KernelSU:   SET_INIT_PGRP      = 0x00004b13
[   43.953697] KernelSU:   GET_SULOG_FD       = 0x40044b14
[   43.953701] KernelSU:   DISABLE_ESCAPE_TO_ROOT = 0x00004b15
[   43.956028] KernelSU: reboot kprobe registered successfully
[   43.956037] KernelSU: late load mode, skipping kprobe hooks
[   43.956041] KernelSU: SELinux permissive or disabled, apply rules!
[   43.959368] audit: audit_lost=145 audit_rate_limit=5 audit_backlog_limit=128
[   43.959377] audit: rate limit exceeded
[   43.974047] KernelSU: old config: 1
[   43.974069] KernelSU: adding POLICYDB_CONFIG_ANDROID_NETLINK_ROUTE
[   43.974074] KernelSU: adding POLICYDB_CONFIG_ANDROID_NETLINK_GETNEIGH
[   43.974077] KernelSU: new config: 3221225473
[   44.042166] KernelSU: backup sepolicy success! latest_granting=2
[   44.073083] KernelSU: old config: 1
[   44.073108] KernelSU: adding POLICYDB_CONFIG_ANDROID_NETLINK_ROUTE
[   44.073113] KernelSU: adding POLICYDB_CONFIG_ANDROID_NETLINK_GETNEIGH
[   44.073116] KernelSU: new config: 3221225473
[   44.193358] KernelSU: class memfd_file does not exist
[   44.193389] KernelSU: class memfd_file does not exist
[   44.193393] KernelSU: class memfd_file does not exist
[   44.193397] KernelSU: class memfd_file does not exist
[   44.193401] KernelSU: class memfd_file does not exist
