[    1.805520] Failed to create system directory mac80211
[    1.805594] Failed to create system directory mac80211
[    1.805630] Failed to create system directory mac80211
[    1.805662] Failed to create system directory mac80211
[    1.805691] Failed to create system directory mac80211
[    1.805720] Failed to create system directory mac80211
[    1.805747] Failed to create system directory mac80211
[    1.805774] Failed to create system directory mac80211
[    1.805803] Failed to create system directory mac80211
[    1.805828] Failed to create system directory mac80211
[    1.805855] Failed to create system directory mac80211
[    1.805883] Failed to create system directory mac80211
[    1.805908] Failed to create system directory mac80211
[    1.805934] Failed to create system directory mac80211
[    1.805961] Failed to create system directory mac80211
[    1.805987] Failed to create system directory mac80211
[    1.806068] Failed to create system directory mac80211
[    1.806571] Failed to create system directory mac80211
[    1.806599] Failed to create system directory mac80211
[    1.806625] Failed to create system directory mac80211
[    1.806657] Failed to create system directory mac80211
[    1.806686] Failed to create system directory mac80211
[    1.806721] Failed to create system directory mac80211
[    1.806888] register_kretprobe failed for trace_dwc3_event, returned -2
[    1.806901] Failed to create system directory mac80211
[    1.806932] Failed to create system directory mac80211
[    1.806961] Failed to create system directory mac80211
[    1.806989] Failed to create system directory mac80211
[    1.807016] Failed to create system directory mac80211
[    1.807041] Failed to create system directory mac80211
[    1.807069] Failed to create system directory mac80211
[    1.807095] Failed to create system directory mac80211
[    1.807121] Failed to create system directory mac80211
[    1.807149] Failed to create system directory mac80211
[    1.807185] Failed to create system directory mac80211
[    1.807212] Failed to create system directory mac80211
[    1.807241] Failed to create system directory mac80211
[    1.807317] Failed to create system directory mac80211
[    1.807345] Failed to create system directory mac80211
[    1.807411] Failed to create system directory mac80211
[    1.807439] Failed to create system directory mac80211
[    1.807465] Failed to create system directory mac80211
[    1.807493] Failed to create system directory mac80211
[    1.807520] Failed to create system directory mac80211
[    1.807546] Failed to create system directory mac80211
[    1.807575] Failed to create system directory mac80211
[    1.807609] Failed to create system directory mac80211
[    1.807641] Failed to create system directory mac80211
[    1.807662] cnss: Regulator vdd-wlan-aon is being enabled
[    1.807672] Failed to create system directory mac80211
[    1.807698] Failed to create system directory mac80211
[    1.807727] Failed to create system directory mac80211
[    1.807760] Failed to create system directory mac80211
[    1.807790] Failed to create system directory mac80211
[    1.807807] cnss: Regulator vdd-wlan-dig is being enabled
[    1.807818] Failed to create system directory mac80211
[    1.807855] Failed to create system directory mac80211
[    1.807885] Failed to create system directory mac80211
[    1.807923] Failed to create system directory mac80211
[    1.807964] cnss: Regulator vdd-wlan-rfa1 is being enabled
[    1.807989] Failed to create system directory mac80211
[    1.808030] Failed to create system directory mac80211
[    1.808062] cnss: Regulator vdd-wlan-rfa2 is being enabled
[    1.808063] Failed to create system directory mac80211
[    1.808100] Failed to create system directory mac80211
[    1.808137] Failed to create system directory mac80211
[    1.808169] Failed to create system directory mac80211
[    1.808199] Failed to create system directory mac80211
[    1.808231] Failed to create system directory mac80211
[    1.808259] Failed to create system directory mac80211
[    1.808287] Failed to create system directory mac80211
[    1.808319] Failed to create system directory mac80211
[    1.808347] Failed to create system directory mac80211
[    1.808374] Failed to create system directory mac80211
[    1.808405] Failed to create system directory mac80211
[    1.808435] Failed to create system directory mac80211
[    1.808464] Failed to create system directory mac80211
[    1.808494] Failed to create system directory mac80211
[    1.808523] Failed to create system directory mac80211
[    1.808550] Failed to create system directory mac80211
[    1.808580] Failed to create system directory mac80211
[    1.808607] Failed to create system directory mac80211
[    1.808636] Failed to create system directory mac80211
[    1.808665] Failed to create system directory mac80211
[    1.808690] Failed to create system directory mac80211
[    1.808715] Failed to create system directory mac80211
[    1.808748] Failed to create system directory mac80211
[    1.808775] Failed to create system directory mac80211
[    1.808803] Failed to create system directory mac80211
[    1.808834] Failed to create system directory mac80211
[    1.808863] Failed to create system directory mac80211
[    1.808890] Failed to create system directory mac80211
[    1.808922] Failed to create system directory mac80211
[    1.808949] Failed to create system directory mac80211
[    1.808976] Failed to create system directory mac80211
[    1.809002] Failed to create system directory mac80211
[    1.809030] Failed to create system directory mac80211
[    1.809059] Failed to create system directory mac80211
[    1.809088] Failed to create system directory mac80211
[    1.809115] Failed to create system directory mac80211
[    1.809142] Failed to create system directory mac80211
[    1.809165] cnss: WLAN_EN Value: 1
[    1.809168] cnss: Assert WLAN_EN GPIO successfully
[    1.809171] Failed to create system directory mac80211
[    1.809172] cnss: Trying to enumerate with PCIe RC0
[    1.809179] msm_pcie_enable: PCIe: Assert the reset of endpoint of RC0.
[    1.809199] Failed to create system directory mac80211
[    1.809228] Failed to create system directory mac80211
[    1.809257] Failed to create system directory mac80211
[    1.809284] Failed to create system directory mac80211
[    1.809316] Failed to create system directory mac80211
[    1.809349] Failed to create system directory mac80211
[    1.809379] Failed to create system directory mac80211
[    1.809407] Failed to create system directory mac80211
[    1.809435] Failed to create system directory mac80211
[    1.809465] Failed to create system directory mac80211
[    1.809496] Failed to create system directory mac80211
[    1.809528] Failed to create system directory mac80211
[    1.809557] Failed to create system directory mac80211
[    1.809585] Failed to create system directory mac80211
[    1.809619] Failed to create system directory mac80211
[    1.809647] Failed to create system directory mac80211
[    1.809675] Failed to create system directory mac80211
[    1.809704] Failed to create system directory mac80211
[    1.809731] Failed to create system directory mac80211
[    1.809761] Failed to create system directory mac80211
[    1.809791] Failed to create system directory mac80211
[    1.811214] cs35l45 4-0031: Cirrus Logic CS35L45: DEVID 35A450 REVID 0xA0 RELID 0x00 OTPID 0x0B.
[    1.812568] msm_pcie_enable: PCIe: RC0: PCIE20_PARF_INT_ALL_MASK: 0x7f80d202
[    1.814840] pcie_phy_init: PCIe RC0 PHY is ready!
[    1.817487] msm-dwc3 a600000.ssusb: IRQ hs_phy_irq not found
[    1.817882] msm-dwc3 a600000.ssusb: unable to get hsphy device
[    1.824871] msm_pcie_enable: PCIe: Release the reset of endpoint of RC0.
[    1.830924] i2c_geni 88c000.i2c: I2C probed
[    1.831349] msm-dwc3 a600000.ssusb: IRQ hs_phy_irq not found
[    1.841263] msm_pcie_link_train: PCIe RC0 link initialized
[    1.841385] pci-msm 1c00000.qcom,pcie: host bridge /soc/qcom,pcie@1c00000 ranges:
[    1.841392] pci-msm 1c00000.qcom,pcie:   No bus range found for /soc/qcom,pcie@1c00000, using [bus 00-ff]
[    1.841402] pci-msm 1c00000.qcom,pcie:       IO 0x0060200000..0x00602fffff -> 0x0060200000
[    1.841408] pci-msm 1c00000.qcom,pcie:      MEM 0x0060300000..0x0063ffffff -> 0x0060300000
[    1.841627] pci-msm 1c00000.qcom,pcie: PCI host bridge to bus 0000:00
[    1.841630] pci_bus 0000:00: root bus resource [bus 00-ff]
[    1.841632] pci_bus 0000:00: root bus resource [io  0x0000-0xfffff] (bus address [0x60200000-0x602fffff])
[    1.841634] pci_bus 0000:00: root bus resource [mem 0x60300000-0x63ffffff]
[    1.841665] pci 0000:00:00.0: [17cb:0113] type 01 class 0x060400
[    1.841693] pci 0000:00:00.0: reg 0x10: [mem 0x00000000-0x00000fff 64bit]
[    1.841793] pci 0000:00:00.0: PME# supported from D0 D3hot D3cold
[    1.844795] nfc_post_init success
[    1.844799] nfc_i2c_dev_probe:nfc secure_zone = false
[    1.845313] nfc_i2c_dev_probe: probing nfc i2c success
[    1.845918] pci 0000:00:00.0: bridge configuration invalid ([bus 00-00]), reconfiguring
[    1.850162] pci 0000:01:00.0: [17cb:1107] type 00 class 0x028000
[    1.850229] pci 0000:01:00.0: reg 0x10: [mem 0x00000000-0x001fffff 64bit]
[    1.850529] pci 0000:01:00.0: PME# supported from D0 D3hot D3cold
[    1.863170] pci_bus 0000:01: busn_res: [bus 01-ff] end is updated to 01
[    1.863192] pci 0000:00:00.0: BAR 14: assigned [mem 0x60400000-0x605fffff]
[    1.863196] pci 0000:00:00.0: BAR 15: assigned [mem 0x60600000-0x607fffff 64bit pref]
[    1.863198] pci 0000:00:00.0: BAR 0: assigned [mem 0x60300000-0x60300fff 64bit]
[    1.863214] pci 0000:00:00.0: BAR 13: assigned [io  0x1000-0x1fff]
[    1.863218] pci 0000:01:00.0: BAR 0: assigned [mem 0x60400000-0x605fffff 64bit]
[    1.863255] pci 0000:00:00.0: PCI bridge to [bus 01]
[    1.863259] pci 0000:00:00.0:   bridge window [io  0x1000-0x1fff]
[    1.863267] pci 0000:00:00.0:   bridge window [mem 0x60400000-0x605fffff]
[    1.863274] pci 0000:00:00.0:   bridge window [mem 0x60600000-0x607fffff 64bit pref]
[    1.863599] msm_pcie_enumerate: PCIe: RC0: has already been enumerated.
[    1.863901] cnss_pci 0000:01:00.0: Adding to iommu group 35
[    1.865322] cnss: PCI is probing, vendor ID: 0x17cb, device ID: 0x1107
[    1.865332] cnss_pci 0000:01:00.0: assigned reserved memory node cnss_wlan_region
[    1.865334] cnss: CMA area is cnss_wlan_region
[    1.865339] cnss: Ramdump size 0x780000
[    1.865343] cnss: Initializing SMMU
[    1.865345] cnss: Enabling SMMU S1 stage
[    1.865347] cnss: smmu_iova_start: 0x00000000a0000000, smmu_iova_len: 0x10000000
[    1.865350] cnss: smmu_iova_ipa_start: 0x00000000b0000000, smmu_iova_ipa_len: 0x10000
[    1.865352] cnss: iommu_geometry: 0
[    1.865355] cnss: PCIe DRV is supported
[    1.865374] cnss_pci 0000:01:00.0: BAR 0: assigned [mem 0x60400000-0x605fffff 64bit]
[    1.865423] pci 0000:00:00.0: enabling device (0006 -> 0007)
[    1.865433] cnss_pci 0000:01:00.0: enabling device (0000 -> 0002)
[    1.865471] cnss: Set PCI DMA MASK (0xfffffffff)
[    1.866282] cnss: MSI base data is 0
[    1.866286] cnss: BAR starts at 0x0000000060400000, length is 200000
[    1.866288] cnss: Assign MSI to user: MHI, num_vectors: 3, user_base_data: 0, base_vector: 0
[    1.866291] cnss: Number of assigned MSI for MHI is 3, base vector is 0
[    1.866293] cnss: Get IRQ number 346 for vector index 0
[    1.866294] cnss: Get IRQ number 347 for vector index 1
[    1.866296] cnss: Get IRQ number 348 for vector index 2
[    1.866300] cnss: Get device version info, family number: 0x4, device number: 0x17, major version: 0x2, minor version: 0x0
[    1.866441] cnss: PCIe DRV is supported
[    1.866446] cnss: FW name added with prefix: kiwi/amss20.bin
[    1.866447] cnss: FW name is kiwi/amss20.bin, FW fallback name is amss20.bin
[    1.866454] cnss: Get PCI link status register: 4130
[    1.866456] cnss: Default PCI link speed is 0x2, link width is 0x2
[    1.882022] cnss: Suspending PCI link
[    1.982208] msm_pcie_disable: PCIe: Assert the reset of endpoint of RC0.
[    1.982625] cnss: WLAN_EN Value: 0
[    1.982627] cnss: De-assert WLAN_EN GPIO successfully
[    1.982629] cnss: Regulator vdd-wlan-rfa2 is being disabled
[    1.982643] cnss: Regulator vdd-wlan-rfa1 is being disabled
[    1.982665] cnss: Regulator vdd-wlan-dig is being disabled
[    1.982686] cnss: Regulator vdd-wlan-aon is being disabled
[    1.982706] cnss: Regulator vdd-wlan is being disabled
[    1.982725] cnss: Regulator vdd-wlan-io is being disabled
[    1.982802] cnss: Platform driver probed successfully.
[    5.758590] Failed to create system directory gsi
[    5.759180] (NULL device *): msm_gsi_probe:5880 No MSIs configured
[    5.764044] coresight-tmc 10048000.tmc: Adding to iommu group 36
[    5.764666] kauditd_printk_skb: 595 callbacks suppressed
[    5.764671] audit: type=1400 audit(3576390.803:372): avc:  denied  { search } for  pid=656 comm="modprobe" name="events" dev="tracefs" ino=22728 scontext=u:r:vendor_modprobe:s0 tcontext=u:object_r:debugfs_libselinux_tracing:s0 tclass=dir permissive=0
[    5.768386] coresight-tmc 1004f000.tmc: Adding to iommu group 37
[    5.771525] tmc_etr_usb_init: ETR usb property is not configured!
[    5.776283] cs40l2x 3-0040: Direct firmware load for cs40l20.bin failed with error -2
[    5.776296] cs40l2x 3-0040: Falling back to sysfs fallback for: cs40l20.bin
[    5.776369] cs40l2x 3-0040: Direct firmware load for cs40l25a_a2h.bin failed with error -2
[    5.776371] cs40l2x 3-0040: Falling back to sysfs fallback for: cs40l25a_a2h.bin
[    5.776403] cs40l2x 3-0040: Direct firmware load for cs40l25a_f0.bin failed with error -2
[    5.776404] cs40l2x 3-0040: Falling back to sysfs fallback for: cs40l25a_f0.bin
[    5.799098] Could not create tracefs 'gpu_work_period' directory
[    5.799196] Failed to create system directory kgsl
[    5.799251] Failed to create system directory kgsl
[    5.799284] Failed to create system directory kgsl
[    5.799319] Failed to create system directory kgsl
[    5.799350] Failed to create system directory kgsl
[    5.799383] Failed to create system directory kgsl
[    5.799418] Failed to create system directory kgsl
[    5.799450] Failed to create system directory kgsl
[    5.799483] Failed to create system directory kgsl
[    5.799521] Failed to create system directory kgsl
[    5.799553] Failed to create system directory kgsl
[    5.799586] Failed to create system directory kgsl
[    5.799619] Failed to create system directory kgsl
[    5.799652] Failed to create system directory kgsl
[    5.799683] Failed to create system directory kgsl
[    5.799718] Failed to create system directory kgsl
[    5.799750] Failed to create system directory kgsl
[    5.799783] Failed to create system directory kgsl
[    5.799816] Failed to create system directory kgsl
[    5.799850] Failed to create system directory kgsl
[    5.799887] Failed to create system directory kgsl
[    5.799922] Failed to create system directory kgsl
[    5.799954] Failed to create system directory kgsl
[    5.799986] Failed to create system directory kgsl
[    5.800021] Failed to create system directory kgsl
[    5.800055] Failed to create system directory kgsl
[    5.800089] Failed to create system directory kgsl
[    5.800124] Failed to create system directory kgsl
[    5.800158] Failed to create system directory kgsl
[    5.800188] Failed to create system directory kgsl
[    5.800220] Failed to create system directory kgsl
[    5.800251] Failed to create system directory kgsl
[    5.800279] Failed to create system directory kgsl
[    5.800312] Failed to create system directory kgsl
[    5.800340] Failed to create system directory kgsl
[    5.800369] Failed to create system directory kgsl
[    5.800399] Failed to create system directory kgsl
[    5.800427] Failed to create system directory kgsl
[    5.800454] Failed to create system directory kgsl
[    5.800460] audit: type=1400 audit(3576390.843:373): avc:  denied  { search } for  pid=702 comm="modprobe" name="power" dev="tracefs" ino=35122 scontext=u:r:vendor_modprobe:s0 tcontext=u:object_r:debugfs_libselinux_tracing:s0 tclass=dir permissive=0
[    5.800466] audit: type=1400 audit(3576390.843:374): avc:  denied  { search } for  pid=702 comm="modprobe" name="events" dev="tracefs" ino=22728 scontext=u:r:vendor_modprobe:s0 tcontext=u:object_r:debugfs_libselinux_tracing:s0 tclass=dir permissive=0
[    5.800468] audit: type=1400 audit(3576390.843:375): avc:  denied  { search } for  pid=702 comm="modprobe" name="events" dev="tracefs" ino=22728 scontext=u:r:vendor_modprobe:s0 tcontext=u:object_r:debugfs_libselinux_tracing:s0 tclass=dir permissive=0
[    5.800470] audit: type=1400 audit(3576390.843:376): avc:  denied  { search } for  pid=702 comm="modprobe" name="events" dev="tracefs" ino=22728 scontext=u:r:vendor_modprobe:s0 tcontext=u:object_r:debugfs_libselinux_tracing:s0 tclass=dir permissive=0
[    5.800471] audit: type=1400 audit(3576390.843:377): avc:  denied  { search } for  pid=702 comm="modprobe" name="events" dev="tracefs" ino=22728 scontext=u:r:vendor_modprobe:s0 tcontext=u:object_r:debugfs_libselinux_tracing:s0 tclass=dir permissive=0
[    5.800472] audit: type=1400 audit(3576390.843:378): avc:  denied  { search } for  pid=702 comm="modprobe" name="events" dev="tracefs" ino=22728 scontext=u:r:vendor_modprobe:s0 tcontext=u:object_r:debugfs_libselinux_tracing:s0 tclass=dir permissive=0
[    5.800474] audit: type=1400 audit(3576390.843:379): avc:  denied  { search } for  pid=702 comm="modprobe" name="events" dev="tracefs" ino=22728 scontext=u:r:vendor_modprobe:s0 tcontext=u:object_r:debugfs_libselinux_tracing:s0 tclass=dir permissive=0
[    5.800475] audit: type=1400 audit(3576390.843:380): avc:  denied  { search } for  pid=702 comm="modprobe" name="events" dev="tracefs" ino=22728 scontext=u:r:vendor_modprobe:s0 tcontext=u:object_r:debugfs_libselinux_tracing:s0 tclass=dir permissive=0
[    5.800477] audit: type=1400 audit(3576390.843:381): avc:  denied  { search } for  pid=702 comm="modprobe" name="events" dev="tracefs" ino=22728 scontext=u:r:vendor_modprobe:s0 tcontext=u:object_r:debugfs_libselinux_tracing:s0 tclass=dir permissive=0
[    5.800482] Failed to create system directory kgsl
[    5.800517] Failed to create system directory kgsl
[    5.800552] Failed to create system directory kgsl
[    5.800587] Failed to create system directory kgsl
[    5.800618] Failed to create system directory kgsl
[    5.800651] Failed to create system directory kgsl
[    5.800684] Failed to create system directory kgsl
[    5.800715] Failed to create system directory kgsl
[    5.800746] Failed to create system directory kgsl
[    5.800781] Failed to create system directory kgsl
[    5.800813] Failed to create system directory kgsl
[    5.800843] Failed to create system directory kgsl
[    5.800873] Failed to create system directory kgsl
[    5.800903] Failed to create system directory kgsl
[    5.800931] Failed to create system directory kgsl
[    5.800961] Failed to create system directory kgsl
[    5.800989] Failed to create system directory kgsl
[    5.801018] Failed to create system directory kgsl
[    5.801048] Failed to create system directory kgsl
[    5.801076] Failed to create system directory kgsl
[    5.801103] Failed to create system directory kgsl
[    5.801136] Failed to create system directory kgsl
[    5.801165] Failed to create system directory kgsl
[    5.801194] Failed to create system directory kgsl
[    5.801224] Failed to create system directory kgsl
[    5.801256] Failed to create system directory kgsl
[    5.801288] Failed to create system directory kgsl
[    5.801321] Failed to create system directory kgsl
[    5.801354] Failed to create system directory kgsl
[    5.801384] Failed to create system directory kgsl
[    5.801416] Failed to create system directory kgsl
[    5.801449] Failed to create system directory kgsl
[    5.801478] Failed to create system directory kgsl
[    5.801512] Failed to create system directory kgsl
[    5.801542] Failed to create system directory kgsl
[    5.801571] Failed to create system directory kgsl
[    5.801601] Failed to create system directory kgsl
[    5.801630] Failed to create system directory kgsl
[    5.801658] Failed to create system directory kgsl
[    5.801690] Failed to create system directory kgsl
[    5.801717] Failed to create system directory kgsl
[    5.801745] Failed to create system directory kgsl
[    5.801776] Failed to create system directory kgsl
[    5.801803] Failed to create system directory kgsl
[    5.801834] Failed to create system directory kgsl
[    5.801867] Failed to create system directory kgsl
[    5.801898] Failed to create system directory kgsl
[    5.801929] Failed to create system directory kgsl
[    5.801961] Failed to create system directory kgsl
[    5.801990] Failed to create system directory kgsl
[    5.802039] Failed to create system directory kgsl
[    5.802070] Failed to create system directory kgsl
[    5.802100] Failed to create system directory kgsl
[    5.802129] Failed to create system directory kgsl
[    5.802160] Failed to create system directory kgsl
[    5.802190] Failed to create system directory kgsl
[    5.802253] Failed to create system directory sde
[    5.802323] Failed to create system directory sde
[    5.802356] Failed to create system directory sde
[    5.802391] Failed to create system directory sde
[    5.802428] Failed to create system directory sde
[    5.802467] Failed to create system directory sde
[    5.802507] Failed to create system directory sde
[    5.802545] Failed to create system directory sde
[    5.802586] Failed to create system directory sde
[    5.802622] Failed to create system directory sde
[    5.802661] Failed to create system directory sde
[    5.802694] Failed to create system directory sde
[    5.802769] Failed to create system directory ipa
[    5.802838] Failed to create system directory ipa
[    5.802875] Failed to create system directory ipa
[    5.802907] Failed to create system directory ipa
[    5.802937] Failed to create system directory ipa
[    5.802969] Failed to create system directory ipa
[    5.802999] Failed to create system directory ipa
[    5.803031] Failed to create system directory ipa
[    5.803064] Failed to create system directory ipa
[    5.803094] Failed to create system directory ipa
[    5.803124] Failed to create system directory ipa
[    5.803156] Failed to create system directory ipa
[    5.803186] Failed to create system directory ipa
[    5.803217] Failed to create system directory ipa
[    5.803253] Failed to create system directory ipa
[    5.803285] Failed to create system directory ipa
[    5.803315] Failed to create system directory ipa
[    5.804077] [sde_rsc_hw:rsc_hw_init_v3:545]: sde rsc init successfully done
[    5.804096] [sde_rsc:sde_rsc_probe:1830]: sde rsc index:0 probed successfully
[    5.804436] msmdrm_smmu soc:qcom,smmu_sde_unsec_cb: Adding to iommu group 38
[    5.805666] [drm] probing device qcom,smmu_sde_unsec
[    5.805682] [drm] Created domain mdp_ns, secure=0
[    5.806179] msmdrm_smmu soc:qcom,smmu_sde_sec_cb: Adding to iommu group 39
[    5.807994] [drm] probing device qcom,smmu_sde_sec
[    5.808010] [drm] Created domain mdp_s, secure=1
[    5.809609] adreno-gen7-gmu 3d68000.qcom,gmu: Adding to iommu group 40
[    5.810972] [drm:sde_dbg_init:2672] evtlog_status: enable:11, panic:1, dump:2
[    5.811072] Failed to create system directory camera
[    5.811204] Failed to create system directory camera
[    5.811240] Failed to create system directory camera
[    5.811270] Failed to create system directory camera
[    5.811307] Failed to create system directory camera
[    5.811340] Failed to create system directory camera
[    5.811372] Failed to create system directory camera
[    5.811401] Failed to create system directory camera
[    5.811433] Failed to create system directory camera
[    5.811464] Failed to create system directory camera
[    5.811493] Failed to create system directory camera
[    5.811524] Failed to create system directory camera
[    5.811555] Failed to create system directory camera
[    5.811586] Failed to create system directory camera
[    5.811617] Failed to create system directory camera
[    5.811644] Failed to create system directory camera
[    5.811673] Failed to create system directory camera
[    5.811525] kgsl-3d 3d00000.qcom,kgsl-3d0: bound 3d68000.qcom,gmu (ops gen7_gmu_component_ops [msm_kgsl])
[    5.811955] ipa 3e00000.qcom,ipa:ipa_smmu_ap: Adding to iommu group 41
[    5.812150] CAM_INFO: CAM-UTIL: camera_init: 293 Camera-Banner: (hudsonslave@ip-10-26-39-18) (Mon May 18 06:17:38 UTC 2026)
[    5.814649] ipa 3e00000.qcom,ipa:ipa_smmu_wlan: Adding to iommu group 42
[    5.814977] platform 3da0000.qcom,kgsl-iommu:gfx3d_user: Adding to iommu group 43
[    5.815401] platform 3da0000.qcom,kgsl-iommu:gfx3d_lpac: Adding to iommu group 44
[    5.815978] ipa 3e00000.qcom,ipa:ipa_smmu_uc: Adding to iommu group 45
[    5.816535] ipa 3e00000.qcom,ipa:ipa_smmu_11ad: Adding to iommu group 46
[    5.817073] platform 3da0000.qcom,kgsl-iommu:gfx3d_secure: Adding to iommu group 47
[    5.820790] ipa ipa_smmu_perph_cb_probe:10939 cb 2 is disabled
[    5.820805] ipa ipa_smmu_perph_cb_probe:10939 cb 5 is disabled
[    5.820809] ipa ipa_smmu_perph_cb_probe:10939 cb 6 is disabled
[    5.820834] ipa 3e00000.qcom,ipa: Direct firmware load for ipa_fws.mdt failed with error -2
[    5.820837] ipa 3e00000.qcom,ipa: Falling back to sysfs fallback for: ipa_fws.mdt
[    5.821179] rmnet_ipa3 started initialization
[    5.821524] Failed to create system directory rndis_ipa
[    5.821628] Failed to create system directory rndis_ipa
[    5.821659] Failed to create system directory rndis_ipa
[    5.821794] RNDIS_IPA module is loaded.
[    5.824959] cs40l2x 3-0040: Wave 000 (Type: 0x0c, Flags: 0x0000, Index:     61, Size:    7, Data: 0xc00000)
[    5.824968] cs40l2x 3-0040: Wave 001 (Type: 0x08, Flags: 0x0000, Index:     68, Size:   24, Data: 0x800042)
[    5.824971] cs40l2x 3-0040: Wave 002 (Type: 0x0a, Flags: 0x0000, Index:     92, Size:    6, Data: 0x8000e2)
[    5.824973] cs40l2x 3-0040: Wave 003 (Type: 0x08, Flags: 0x0000, Index:     98, Size:   27, Data: 0x80004b)
[    5.824974] cs40l2x 3-0040: Wave 004 (Type: 0x08, Flags: 0x0000, Index:    125, Size:   24, Data: 0x800042)
[    5.824976] cs40l2x 3-0040: Wave 005 (Type: 0x08, Flags: 0x0000, Index:    149, Size:   25, Data: 0x800045)
[    5.824978] cs40l2x 3-0040: Wave 006 (Type: 0x08, Flags: 0x0000, Index:    174, Size:   25, Data: 0x800045)
[    5.824979] cs40l2x 3-0040: Wave 007 (Type: 0x0c, Flags: 0x0000, Index:    199, Size:    9, Data: 0x800038)
[    5.824980] cs40l2x 3-0040: Wave 008 (Type: 0x0c, Flags: 0x0000, Index:    208, Size:    9, Data: 0x800048)
[    5.824982] cs40l2x 3-0040: Wave 009 (Type: 0x0a, Flags: 0x0000, Index:    217, Size:    6, Data: 0x8000e2)
[    5.824983] cs40l2x 3-0040: Wave 010 (Type: 0x0a, Flags: 0x0000, Index:    223, Size:    6, Data: 0x8000e2)
[    5.824985] cs40l2x 3-0040: Wave 011 (Type: 0x0c, Flags: 0x0000, Index:    229, Size:   13, Data: 0x8000c0)
[    5.824986] cs40l2x 3-0040: Wave 012 (Type: 0x0a, Flags: 0x0000, Index:    242, Size:    4, Data: 0x800042)
[    5.824988] cs40l2x 3-0040: Wave 013 (Type: 0x0a, Flags: 0x0000, Index:    246, Size:    6, Data: 0x800100)
[    5.824990] cs40l2x 3-0040: Wave 014 (Type: 0x0c, Flags: 0x0000, Index:    252, Size:   11, Data: 0x80016e)
[    5.824991] cs40l2x 3-0040: Wave 015 (Type: 0x0c, Flags: 0x0000, Index:    263, Size:   11, Data: 0x800160)
[    5.824993] cs40l2x 3-0040: Wave 016 (Type: 0x0c, Flags: 0x0000, Index:    274, Size:   13, Data: 0x800098)
[    5.824994] cs40l2x 3-0040: Wave 017 (Type: 0x0c, Flags: 0x0000, Index:    287, Size:    7, Data: 0x800060)
[    5.824996] cs40l2x 3-0040: Wave 018 (Type: 0x0a, Flags: 0x0000, Index:    294, Size:   10, Data: 0x82c400)
[    5.824997] cs40l2x 3-0040: Wave 019 (Type: 0x0a, Flags: 0x0000, Index:    304, Size:    8, Data: 0x800462)
[    5.826016] IPA clients manager init
[    5.826021] ipa_usb driver init
[    5.826164] ------------[ cut here ]------------
[    5.826167] WARNING: CPU: 3 PID: 702 at drivers/base/core.c:1318 device_links_driver_bound+0x258/0x54c
[    5.826177] Modules linked in: ipa_clientsm(OE+) rndisipam(OE) ipanetm(OE) camera(OE+) ipam(OE) msm_drm(OE+) msm_kgsl(OE+) qdss_bridge(E) coresight_tmc(E) usb_f_gsi(E) gsim(OE) usb_f_qdss(E) machine_dlkm(OE) mac80211(E) rmnet_perf_tether(OE) lpass_cdc_wsa2_macro_dlkm(OE) lpass_cdc_tx_macro_dlkm(OE) lpass_cdc_rx_macro_dlkm(OE) lpass_cdc_va_macro_dlkm(OE) lpass_cdc_wsa_macro_dlkm(OE) swr_dmic_dlkm(OE) stm_console(E) atmel_mxt_ts(OE) rmnet_aps(OE) pt_device_access(OE) rmnet_shs(OE) rmnet_wlan(OE) rmnet_perf(OE) rmnet_offload(OE) msm_eva(OE) stm_p_basic(E) coresight_stm(E) slim_qcom_ngd_ctrl(E) bt_fm_slim(OE) somc_battchg_ext(OE) wcd938x_dlkm(OE) swr_ctrl_dlkm(OE) wcd9xxx_dlkm(OE) adsp_loader_dlkm(OE) audio_prm_dlkm(OE) lpass_cdc_dlkm(OE) pinctrl_lpi_dlkm(OE) audio_pkt_dlkm(OE) pt_i2c(OE) repeater_qti_pmic_eusb2(E) qcom_pon(E) microdump_collector(E) qsee_ipc_irq_bridge(E) msm_video(OE) nxp_nci(OE) goodix_ts(OE) nt36xxx_i2c(OE) pt_ts(OE) swr_haptics_dlkm(OE) glink_probe(E)
[    5.826214] spf_core_dlkm(OE) gpr_dlkm(OE) q6_notifier_dlkm(OE) wsa883x_dlkm(OE) stm_p_ost(E) mhi_dev_uci(E) msm_mmrm(OE) wsa884x_dlkm(OE) wcd938x_slave_dlkm(OE) rmnet_sch(OE) sync_fence(OE) qcom_q6v5_pas(E) stm_ftrace(E) leds_qti_flash(E) rmnet_core(OE) cnss2(OE) rmnet_ctl(OE) qrtr_smd(E) rdtags(OE) cnss_nl(OE) frpc_adsprpc(E) camera_sync(OE) charger_ulog_glink(E) coresight_tpda(E) last_logs(OE) qrtr_gunyah(E) coresight_cti(E) memlat_scmi(E) spcom(E) qrng_dlkm(OE) cirrus_cs35l45(OE) coresight_hwevent(E) btpower(OE) qcrypto_msm_dlkm(OE) mbhc_dlkm(OE) gh_tlmm_vm_mem_access(E) qcedev_mod_dlkm(OE) mhi_cntrl_qcom(E) coresight_tpdm(E) altmode_glink(E) mhi_dev_satellite(E) slimbus(E) wlan_firmware_service(OE) cfg80211(E) qti_battery_debug(E) qcom_spmi_temp_alarm(E) qrtr_mhi(E) phy_qcom_ufs_qmp_v4_khaje(E) cirrus_wm_adsp(OE) cnss_prealloc(OE) cnss_plat_ipc_qmi_svc(OE) coresight_tgu(E) leds_qti_tri_led(E) snd_usb_audio_qmi(E) coresight_funnel(E) spss_utils(E) qbt_handler(E)
[    5.826249] qce50_dlkm(OE) stub_dlkm(OE) phy_msm_m31_eusb2(E) smsc(E) core_hang_detect(E) audpkt_ion_dlkm(OE) phy_msm_snps_eusb2(E) bcl_soc(E) mmc_log_probes(E) reboot_mode(E) repeater_i2c_eusb2(E) qcom_lpm(E) cdsp_loader(E) cdsprm(E) icc_test(E) msm_hw_fence(OE) usb_f_cdev(E) cpu_voltage_cooling(E) ucsi_glink(E) max31760_fan(E) qcom_edac(E) synaptics_tcm_ts(OE) gh_irq_lend(E) ddr_cdev(E) dwc3_msm(E) qti_fixed_regulator(E) realtek(E) pm8941_pwrkey(E) spmi_glink_debug(E) qti_battery_charger(E) cirrus_cs40l2x_codec(OE) sys_pm_vx(E) smcinvoke_dlkm(OE) qcom_spmi_adc5_gen3(E) cirrus_cs40l2x(OE) et603_int(OE) hdcp_qseecom_dlkm(OE) ipa_fmwk(E) radio_i2c_rtc6226_qca(OE) swr_dlkm(OE) mhi_dev_dtr(E) qcom_pil_info(E) qcom_q6v5(E) stm_core(E) usb_bam(E) qti_qmi_cdev(E) snd_event_dlkm(OE) qti_qmi_sensor_v2(E) tz_log_dlkm(OE) pmic_pon_log(E) qti_ocp_notifier(E) wcd_core_dlkm(OE) q6_dlkm(OE) rdbg(E) hdmi_dlkm(OE) msm_show_epoch(E) msm_memshare(E) q6_pdr_dlkm(OE) qcom_spss(E)
[    5.826285] pmic_glink(E) msm_ext_display(OE) spmi_pmic_arb_debug(E) qcom_va_minidump(E) coresight_replicator(E) msm_performance(E) coresight_dummy(E) coresight_csr(E) hung_task_enh(E) memlat(E) coresight_remote_etm(E) gh_mem_notifier(E) snd_soc_hdmi_codec(E) nvmem_qfprom(E) smsc95xx(E) phy_msm_ssusb_qmp(E) qcom_iommu_debug(E) gpucc_kalama(E) panel_event_notifier(E) bam_dma(E) sysmon_subsystem_stats(E) qcom_esoc(E) usbmon(E) ehset(E) repeater(E) cnss_utils(OE) pinctrl_spmi_mpp(E) dmesg_dumper(E) redriver(E) sg(E) pinctrl_spmi_gpio(E) rq_stats(E) memlat_vendor(E) qcom_vadc_common(E) usb_f_diag(E) qseecom_proxy(E) glink_pkt(E) msm_gpi(E) subsystem_sleep_stats(E) eud(E) boot_stats(E) synx_driver(E) coresight(E) qti_devfreq_cdev(E) lt9611uxc(E) msm_sharedmem(E) phy_generic(E) hvc_gunyah(E) sps_drv(E) r8168(E) qcom_cpufreq_hw_debug(E) qcom_glink_spss(E) adsp_sleepmon(E) qcom_ramdump(E) mhi_dev_netdev(E) heap_mem_ext_v01(E) spi_msm_geni(E) smsc75xx(E)
[    5.826318] phy_qcom_ufs_qmp_v4_waipio(E) f_fs_ipc_log(E) usb_f_ccid(E) pdr_interface(E) i2c_msm_geni(E) qcom_cpuss_sleep_stats(E) msm_geni_serial(E) qcom_sysmon(E) rimps_log(E) qti_userspace_cdev(E) soc_sleep_stats(E) qcom_ipc_lite(E) i3c_master_msm_geni(E) phy_qcom_ufs_qmp_v4(E) policy_engine(E) msm_lmh_dcvs(E) mhi(E) qmi_helpers(E) sdpm_clk(E) qti_cpufreq_cdev(E) phy_qcom_emu(E) smp2p(E) debugcc_kalama(E) smp2p_sleepstate(E) pci_msm_drv(E) pinctrl_somc_pmic(E) pwm_qti_lpg(E) rproc_qcom_common(E) qcom_smd(E) qcom_glink_smem(E) qcom_glink(E) msm_show_resume_irq(E) msm_sysstats(E) zram(E) wakeup_irq_debug(E) zsmalloc(E) nvme(E) nvme_core(E) bcl_pmic5(E) c1dcvs_scmi(E) c1dcvs_vendor(E) qcom_rimps(E) sdhci_msm(E) arm_smmu(E) ufs_qcom(E) ufshcd_crypto_qti(E) msm_qmp(E) qcom_aoss(E) stub_regulator(E) socinfo(E) rtc_pm8xxx(E) qrtr(E) qcom_reboot_reason(E) spmi_pmic_arb(E) qcom_spmi_pmic(E) regmap_spmi(E) qti_regmap_debugfs(E) pmu_scmi(E) pmu_vendor(E) qcom_pmu_lib(E)
[    5.826353] qcom_llcc_pmu(E) qcom_iommu_util(E) qcom_logbuf_vh(E) debug_symbol(E) qcom_dload_mode(E) pinctrl_somc(E) phy_qcom_ufs_qrbtc_sdm845(E) phy_qcom_ufs_qmp_v4_kalama(E) phy_qcom_ufs(E) nvmem_qcom_spmi_sdam(E) ns(E) qnoc_kalama(E) qnoc_qos(E) pinctrl_kalama(E) pinctrl_msm(E) memory_dump_v2(E) mem_buf(E) qcom_dma_heaps(E) msm_dma_iommu_mapping(E) mem_buf_msgq(E) mem_buf_dev(E) mem_hooks(E) llcc_qcom(E) iommu_logger(E) gunyah(E) mdt_loader(E) secure_buffer(E) gh_ctrl(E) videocc_kalama(E) tcsrcc_kalama(E) dispcc_kalama(E) dcc_v2(E) crypto_qti_common(E) crypto_qti_hwkm(E) hwkm(E) tmecom_intf(E) cqhci(E) clk_dummy(E) cpu_hotplug(E) thermal_pause(E) sched_walt(E) qcom_cpufreq_hw(E) bwmon(E) qcom_dcvs(E) dcvs_fp(E) rpmh_regulator(E) qcom_tsens(E) thermal_minidump(E) qcom_pdc(E) qcom_ipcc(E) camcc_kalama(E) icc_rpmh(E) icc_debug(E) icc_bcm_voter(E) gcc_kalama(E) clk_qcom(E) gdsc_regulator(E) debug_regulator(E) proxy_consumer(E) clk_rpmh(E) qcom_rpmh(E) cmd_db(E)
[    5.826389] qcom_ipc_logging(E) qcom_cpu_vendor_hooks(E) gh_virt_wdt(E) qcom_wdt_core(E) qcom_scm(E) minidump(E) smem(E) qcom_hwspinlock(E) gh_rm_drv(E) gh_dbl(E) gh_msgq(E) gh_arm_drv(E)
[    5.826397] CPU: 3 PID: 702 Comm: modprobe Tainted: G S         OE     5.15.189-android13-8-00016-g51bba4309aac-ab14546557 #1
[    5.826400] Hardware name: Sony Corporation. PDX-234 J(Kalama QRD) (DT)
[    5.826401] pstate: 82400005 (Nzcv daif +PAN -UAO +TCO -DIT -SSBS BTYPE=--)
[    5.826403] pc : device_links_driver_bound+0x258/0x54c
[    5.826406] lr : device_links_driver_bound+0x198/0x54c
[    5.826408] sp : ffffffc014e9b770
[    5.826409] x29: ffffffc014e9b790 x28: 0000000000047a8c x27: ffffff80039868e0
[    5.826412] x26: ffffffdf23a3c978 x25: 00000000ffffffff x24: ffffffdf23a3c000
[    5.826414] x23: 0000000000000003 x22: ffffff80039868e0 x21: ffffffdf23a3c000
[    5.826416] x20: ffffff80343dd810 x19: ffffff8003986810 x18: ffffffc00f82d0a0
[    5.826419] x17: 0000000000000008 x16: 0000000000030001 x15: 0000000000000000
[    5.826421] x14: ffffff800396a818 x13: ffffff800396a128 x12: ffffff800396a811
[    5.826423] x11: 0000000000000001 x10: ffffff8003c5b008 x9 : 0000000000000000
[    5.826425] x8 : ffffff804036f020 x7 : 7f7f7f7f7f7f7f7f x6 : 1f736e4cff716468
[    5.826427] x5 : 0000000000000011 x4 : 0000000000000018 x3 : ffffffc014e9b778
[    5.826429] x2 : ffffffc014e9b778 x1 : ffffffc014e9b778 x0 : ffffff80037c7010
[    5.826432] Call trace:
[    5.826433] device_links_driver_bound+0x258/0x54c
[    5.826435] driver_bound+0x48/0x11c
[    5.826440] really_probe+0x200/0x500
[    5.826442] __driver_probe_device+0xa8/0x130
[    5.826444] driver_probe_device+0x48/0x1e8
[    5.826446] __driver_attach+0x1cc/0x2c0
[    5.826449] driver_attach+0x5c/0xc0
[    5.826450] bus_add_driver+0x114/0x26c
[    5.826453] driver_register+0x84/0x17c
[    5.826456] __platform_driver_register+0x28/0x38
[    5.826459] init_module+0x50/0xbd8 [msm_kgsl]
[    5.826763] do_one_initcall+0xe0/0x358
[    5.826772] do_init_module+0x60/0x64c
[    5.826779] load_module+0x155c/0x1830
[    5.826781] __arm64_sys_finit_module+0x18c/0x1a0
[    5.826785] invoke_syscall+0x60/0x150
[    5.826789] el0_svc_common+0xb8/0xf8
[    5.826791] do_el0_svc+0x28/0x98
[    5.826793] el0_svc+0x24/0x84
[    5.826801] el0t_64_sync_handler+0x88/0xec
[    5.826803] el0t_64_sync+0x1b8/0x1bc
[    5.826806] ---[ end trace 3f4323f00206c207 ]---
[    5.826810] gpu_cc-kalama 3d90000.clock-controller: sync-state
[    5.827859] dsi_phy ae95000.qcom,mdss_dsi_phy0: supply gdsc not found, using dummy regulator
[    5.827967] [drm:dsi_pll_init [msm_drm]] [msm-dsi-info]: DSI_PLL_0: DSI pll label = dsi_pll_4nm
[    5.828394] dsi_pll_init: PLL base=0000000059ff65ce
[    5.828656] msm_cam_smmu soc:qcom,cam_smmu:msm_cam_smmu_ife: Adding to iommu group 48
[    5.828681] [drm:dsi_pll_clock_register_4nm [msm_drm]] [msm-dsi-info]: DSI_PLL_0: Registered clocks successfully
[    5.829068] [drm:dsi_phy_driver_probe [msm_drm]] [msm-dsi-info]: DSI_0: Probe successful
[    5.829422] dsi_phy ae97000.qcom,mdss_dsi_phy1: supply gdsc not found, using dummy regulator
[    5.829683] [drm:dsi_pll_init [msm_drm]] [msm-dsi-info]: DSI_PLL_0: DSI pll label = dsi_pll_4nm
[    5.830185] dsi_pll_init: PLL base=00000000853b2625
[    5.830430] [drm:dsi_pll_clock_register_4nm [msm_drm]] [msm-dsi-info]: DSI_PLL_1: Registered clocks successfully
[    5.830627] [drm:dsi_phy_driver_probe [msm_drm]] [msm-dsi-info]: DSI_1: Probe successful
[    5.831689] msm_cam_smmu soc:qcom,cam_smmu:msm_cam_smmu_jpeg: Adding to iommu group 49
[    5.831892] ipa_usb registered successfully
[    5.831895] exit: IPA_USB init success!
[    5.831899] ipa_wdi3 registered successfully
[    5.831901] ipa_gsb registered successfully
[    5.831903] ipa_uc_offload registered successfully
[    5.831905] ipa_mhi registered successfully
[    5.831907] ipa_wigig registered successfully
[    5.831910] ipa_eth registered successfully
[    5.831914] ipa_qdss registered successfully
[    5.831937] [drm:dsi_ctrl_dev_probe [msm_drm]] [msm-dsi-info]: dsi-ctrl-0: Probe successful
[    5.832286] [drm:dsi_ctrl_dev_probe [msm_drm]] [msm-dsi-info]: dsi-ctrl-1: Probe successful
[    5.832414] msm_cam_smmu soc:qcom,cam_smmu:msm_cam_smmu_icp: Adding to iommu group 50
[    5.832746] msm_cam_smmu soc:qcom,cam_smmu:msm_cam_smmu_cdm: Adding to iommu group 51
[    5.833697] OF: graph: no port node found in /soc/qcom,dsi-display-primary
[    5.833786] RESET SEQ LENGTH = 8
[    5.834150] dsi_display_res_init: Panel Name = 1
[    5.837304] SPI driver qcom_eeprom has no spi_device_id for qcom,eeprom
[    5.838586] synx: registered bind ops type 0 for cam_sync
[    5.838591] cam_req_mgr soc:qcom,cam-req-mgr: bound soc:qcom,cam-sync (ops cam_sync_component_ops [camera])
[    5.838866] cam_req_mgr soc:qcom,cam-req-mgr: bound soc:qcom,cam_smmu (ops cam_smmu_component_ops [camera])
[    5.839032] cam_req_mgr soc:qcom,cam-req-mgr: bound soc:qcom,cam_smmu:msm_cam_smmu_ife (ops cam_smmu_cb_component_ops [camera])
[    5.839188] cam_req_mgr soc:qcom,cam-req-mgr: bound soc:qcom,cam_smmu:msm_cam_smmu_jpeg (ops cam_smmu_cb_component_ops [camera])
[    5.839356] cam_req_mgr soc:qcom,cam-req-mgr: bound soc:qcom,cam_smmu:msm_cam_smmu_icp (ops cam_smmu_cb_component_ops [camera])
[    5.839509] cam_req_mgr soc:qcom,cam-req-mgr: bound soc:qcom,cam_smmu:msm_cam_smmu_cdm (ops cam_smmu_cb_component_ops [camera])
[    5.839654] cam_req_mgr soc:qcom,cam-req-mgr: bound soc:qcom,cam_smmu:msm_cam_smmu_secure (ops cam_smmu_cb_component_ops [camera])
[    5.840195] CAM_INFO: CAM-CPAS: cam_cpas_get_hw_features: 634 No or invalid fuse entries count: -22
[    5.841933] CAM_INFO: CAM-CPAS: cam_cpas_hw_get_hw_info: 2407 fuse info->num_fuses 0
[    5.841959] cam_req_mgr soc:qcom,cam-req-mgr: bound ac13000.qcom,cam-cpas (ops cam_cpas_dev_component_ops [camera])
[    5.842279] cam_req_mgr soc:qcom,cam-req-mgr: bound soc:qcom,cam-cdm-intf (ops cam_cdm_intf_component_ops [camera])
[    5.843285] CAM_WARN: CAM-CPAS: cam_cpas_hw_stop: 2199 Client=[26][rt-cdm][0] qchannel shut down while top gdsc is still on 1
[    5.843564] cam_req_mgr soc:qcom,cam-req-mgr: bound ac25000.qcom,rt-cdm0 (ops cam_hw_cdm_component_ops [camera])
[    5.854331] Failed to create system directory wlan
[    5.854420] Failed to create system directory wlan
[    5.854458] Failed to create system directory wlan
[    5.854490] Failed to create system directory wlan
[    5.854521] Failed to create system directory wlan
[    5.854557] Failed to create system directory wlan
[    5.854586] Failed to create system directory wlan
[    5.854616] Failed to create system directory wlan
[    5.854648] Failed to create system directory wlan
[    5.854678] Failed to create system directory wlan
[    5.855398] wlan: Loading driver v5.2.1.45E +PANIC_ON_BUG; cld:I1f3a564864; cmn:Ic393d699a2; dev:kiwi_v2
[    5.855883] cnss: WLAN register driver deferred for Calibration
[    5.855913] wlan_hdd_state wlan major(470) initialized
[    5.857338] CAM_ERR: CAM-CPAS: cam_cpastop_qchannel_handshake: 998 CPAS_START camnoc idle sequence failed, qstat 0x0
[    5.857360] CAM_WARN: CAM-CPAS: cam_cpas_hw_start: 2003 failed in qchannel_handshake rc=-22
[    5.857554] CAM_WARN: CAM-CPAS: cam_cpas_hw_stop: 2199 Client=[27][rt-cdm][1] qchannel shut down while top gdsc is still on 1
[    5.857836] cam_req_mgr soc:qcom,cam-req-mgr: bound ac26000.qcom,rt-cdm1 (ops cam_hw_cdm_component_ops [camera])
[    5.871681] CAM_ERR: CAM-CPAS: cam_cpastop_qchannel_handshake: 998 CPAS_START camnoc idle sequence failed, qstat 0x0
[    5.871702] CAM_WARN: CAM-CPAS: cam_cpas_hw_start: 2003 failed in qchannel_handshake rc=-22
[    5.871893] CAM_WARN: CAM-CPAS: cam_cpas_hw_stop: 2199 Client=[28][rt-cdm][2] qchannel shut down while top gdsc is still on 1
[    5.872133] cam_req_mgr soc:qcom,cam-req-mgr: bound ac27000.qcom,rt-cdm2 (ops cam_hw_cdm_component_ops [camera])
[    5.885775] CAM_ERR: CAM-CPAS: cam_cpastop_qchannel_handshake: 998 CPAS_START camnoc idle sequence failed, qstat 0x0
[    5.885792] CAM_WARN: CAM-CPAS: cam_cpas_hw_start: 2003 failed in qchannel_handshake rc=-22
[    5.885971] CAM_WARN: CAM-CPAS: cam_cpas_hw_stop: 2199 Client=[29][rt-cdm][3] qchannel shut down while top gdsc is still on 1
[    5.886197] cam_req_mgr soc:qcom,cam-req-mgr: bound ac28000.qcom,rt-cdm3 (ops cam_hw_cdm_component_ops [camera])
[    5.899812] CAM_ERR: CAM-CPAS: cam_cpastop_qchannel_handshake: 998 CPAS_START camnoc idle sequence failed, qstat 0x0
[    5.899830] CAM_WARN: CAM-CPAS: cam_cpas_hw_start: 2003 failed in qchannel_handshake rc=-22
[    5.900008] CAM_WARN: CAM-CPAS: cam_cpas_hw_stop: 2199 Client=[30][rt-cdm][4] qchannel shut down while top gdsc is still on 1
[    5.900236] cam_req_mgr soc:qcom,cam-req-mgr: bound ac29000.qcom,rt-cdm4 (ops cam_hw_cdm_component_ops [camera])
[    5.900543] cam_req_mgr soc:qcom,cam-req-mgr: bound acb7000.qcom,csid0 (ops cam_ife_csid_component_ops [camera])
[    5.900806] cam_req_mgr soc:qcom,cam-req-mgr: bound acb9000.qcom,csid1 (ops cam_ife_csid_component_ops [camera])
[    5.901053] cam_req_mgr soc:qcom,cam-req-mgr: bound acbb000.qcom,csid2 (ops cam_ife_csid_component_ops [camera])
[    5.901335] cam_req_mgr soc:qcom,cam-req-mgr: bound acca000.qcom,csid-lite0 (ops cam_ife_csid_component_ops [camera])
[    5.901598] cam_req_mgr soc:qcom,cam-req-mgr: bound acce000.qcom,csid-lite1 (ops cam_ife_csid_component_ops [camera])
[    5.902170] cam_req_mgr soc:qcom,cam-req-mgr: bound ac62000.qcom,ife0 (ops cam_vfe_component_ops [camera])
[    5.902630] cam_req_mgr soc:qcom,cam-req-mgr: bound ac71000.qcom,ife1 (ops cam_vfe_component_ops [camera])
[    5.903004] cam_req_mgr soc:qcom,cam-req-mgr: bound ac80000.qcom,ife2 (ops cam_vfe_component_ops [camera])
[    5.903298] cam_req_mgr soc:qcom,cam-req-mgr: bound acca000.qcom,ife-lite0 (ops cam_vfe_component_ops [camera])
[    5.903568] cam_req_mgr soc:qcom,cam-req-mgr: bound acce000.qcom,ife-lite1 (ops cam_vfe_component_ops [camera])
[    5.903954] cam_req_mgr soc:qcom,cam-req-mgr: bound ac9e000.qcom,sfe0 (ops cam_sfe_component_ops [camera])
[    5.904322] cam_req_mgr soc:qcom,cam-req-mgr: bound aca6000.qcom,sfe1 (ops cam_sfe_component_ops [camera])
[    5.904534] CAM_ERR: CAM-ISP: cam_vfe_hw_init: 229 inval param
[    5.904537] CAM_ERR: CAM-ISP: cam_vfe_hw_init: 229 inval param
[    5.904538] CAM_ERR: CAM-ISP: cam_vfe_hw_init: 229 inval param
[    5.904619] cam_req_mgr soc:qcom,cam-req-mgr: bound soc:qcom,cam-isp (ops cam_isp_dev_component_ops [camera])
[    5.905084] cam_req_mgr soc:qcom,cam-req-mgr: bound ac15000.qcom,cci0 (ops cam_cci_component_ops [camera])
[    5.905659] cam_req_mgr soc:qcom,cam-req-mgr: bound ac16000.qcom,cci1 (ops cam_cci_component_ops [camera])
[    5.906091] cam_req_mgr soc:qcom,cam-req-mgr: bound ac17000.qcom,cci2 (ops cam_cci_component_ops [camera])
[    5.906536] cam_req_mgr soc:qcom,cam-req-mgr: bound ace4000.qcom,csiphy0 (ops cam_csiphy_component_ops [camera])
[    5.906943] cam_req_mgr soc:qcom,cam-req-mgr: bound ace6000.qcom,csiphy1 (ops cam_csiphy_component_ops [camera])
[    5.907306] cam_req_mgr soc:qcom,cam-req-mgr: bound ace8000.qcom,csiphy2 (ops cam_csiphy_component_ops [camera])
[    5.907682] cam_req_mgr soc:qcom,cam-req-mgr: bound acea000.qcom,csiphy3 (ops cam_csiphy_component_ops [camera])
[    5.908047] cam_req_mgr soc:qcom,cam-req-mgr: bound acec000.qcom,csiphy4 (ops cam_csiphy_component_ops [camera])
[    5.908403] cam_req_mgr soc:qcom,cam-req-mgr: bound acee000.qcom,csiphy5 (ops cam_csiphy_component_ops [camera])
[    5.908758] cam_req_mgr soc:qcom,cam-req-mgr: bound acf0000.qcom,csiphy6 (ops cam_csiphy_component_ops [camera])
[    5.909107] cam_req_mgr soc:qcom,cam-req-mgr: bound acf2000.qcom,csiphy7 (ops cam_csiphy_component_ops [camera])
[    5.909449] cam_req_mgr soc:qcom,cam-req-mgr: bound ac01000.qcom,icp (ops cam_icp_v2_component_ops [camera])
[    5.909758] cam_req_mgr soc:qcom,cam-req-mgr: bound ac42000.qcom,ipe0 (ops cam_ipe_component_ops [camera])
[    5.910142] cam_req_mgr soc:qcom,cam-req-mgr: bound ac2c000.qcom,bps (ops cam_bps_component_ops [camera])
[    5.911116] cam_req_mgr soc:qcom,cam-req-mgr: bound soc:qcom,cam-icp (ops cam_icp_component_ops [camera])
[    5.911467] cam_req_mgr soc:qcom,cam-req-mgr: bound ac2a000.qcom,jpegenc0 (ops cam_jpeg_enc_component_ops [camera])
[    5.911719] cam_req_mgr soc:qcom,cam-req-mgr: bound ac2b000.qcom,jpegdma0 (ops cam_jpeg_dma_component_ops [camera])
[    5.912208] cam_req_mgr soc:qcom,cam-req-mgr: bound soc:qcom,cam-jpeg (ops cam_jpeg_dev_component_ops [camera])
[    5.912378] CAM_INFO: CAM-CRM: cam_req_mgr_component_master_bind: 1028 All components bound successfully, Spectra camera driver initialized
[    5.913149] msm_drm ae00000.qcom,mdss_mdp: bound af20000.qcom,sde_rscc (ops sde_rsc_comp_ops [msm_drm])
[    5.913561] msm_drm ae00000.qcom,mdss_mdp: bound soc:qcom,wb-display@1 (ops sde_wb_comp_ops [msm_drm])
[    5.913818] msm_drm ae00000.qcom,mdss_mdp: bound soc:qcom,wb-display@2 (ops sde_wb_comp_ops [msm_drm])
[    5.914121] msm_drm ae00000.qcom,mdss_mdp: bound ae90000.qcom,dp_display (ops dp_display_comp_ops [msm_drm])
[    5.914629] [drm:dsi_display_bind [msm_drm]] [msm-dsi-info]: Successfully bind display panel 'somc,1_panel '
[    5.914894] msm_drm ae00000.qcom,mdss_mdp: bound soc:qcom,dsi-display-primary (ops dsi_display_comp_ops [msm_drm])
[    5.915156] [drm] mapped mdp address space @0000000000000000
[    5.915949] [drm:_sde_kms_hw_init_blocks:4934] sde hardware revision:0x90000001
[    5.916660] [drm:dsi_panel_get_mode [msm_drm]] [msm-dsi-info]: default topology: lm: 2 comp_enc:2 intf: 2
[    5.916904] [drm:dsi_panel_get_mode [msm_drm]] [msm-dsi-info]: default topology: lm: 2 comp_enc:2 intf: 2
[    5.917127] [drm:dsi_panel_get_mode [msm_drm]] [msm-dsi-info]: default topology: lm: 2 comp_enc:2 intf: 2
[    5.917344] [drm:dsi_panel_get_mode [msm_drm]] [msm-dsi-info]: default topology: lm: 2 comp_enc:2 intf: 2
[    5.918339] [drm:dp_pll_get][msm-dp-info][669 ]revision=DP_PLL_4NM_V1_1, ssc_en=0, bonding_en=0
[    5.918802] [drm:dp_display_initialize_hdcp][msm-dp-info][669 ]HDCP 1.3 initialized
[    5.918912] [drm:dp_display_initialize_hdcp][msm-dp-info][669 ]HDCP 2.2 initialized
[    5.919062] [drm:dp_mst_init][msm-dp-info][669 ]dp drm mst topology manager init completed
[    5.919956] gh_msgq: Registered client for label: 2
[    5.921361] [drm] Initialized msm_drm 1.4.0 20130625 for ae00000.qcom,mdss_mdp on minor 0
[    5.921365] [drm] cont_splash enabled in 1 of 1 display(s)
[    5.921416] [drm:dsi_ctrl_isr_configure [msm_drm]] [msm-dsi-info]: dsi-ctrl-0: IRQ 381 registered
[    5.921648] [drm:dsi_ctrl_isr_configure [msm_drm]] [msm-dsi-info]: dsi-ctrl-1: IRQ 382 registered
[    5.922117] gcc-kalama 100000.clock-controller: sync-state
[    5.922236] tcsr_cc-kalama 1fc0000.clock-controller: sync-state
[    5.922245] disp_cc-kalama af00000.clock-controller: sync-state
[    5.926130] lxs_ts: SW82907 driver init - 0.01b-f1
[    5.926511] lxs_ts 2-0028: i2c: bus probe : a90000.i2c/i2c-2/2-0028
[    5.926522] lxs_ts 2-0028: pinctrl: not found
[    5.926558] lxs_ts 2-0028: build opt  : __LXS_SUPPORT_PINCTRL
[    5.926560] lxs_ts 2-0028: build opt  : __LXS_SUPPORT_OLED
[    5.926561] lxs_ts 2-0028: build opt  : __LXS_SUPPORT_LPWG
[    5.926562] lxs_ts 2-0028: build opt  : __LXS_SUPPORT_WATCHDOG
[    5.926563] lxs_ts 2-0028: chip type  : 0x0897
[    5.926564] lxs_ts 2-0028: chip class : 7601
[    5.926565] lxs_ts 2-0028: chip name  : SW82907
[    5.926566] lxs_ts 2-0028: drv name   : lxs_ts
[    5.926567] lxs_ts 2-0028: input name : lxs_ts_input
[    5.926568] lxs_ts 2-0028: max finger : 10
[    5.926569] lxs_ts 2-0028: mode bit   : 0x00000007
[    5.926570] lxs_ts 2-0028: tx_hdr     : 2
[    5.926571] lxs_ts 2-0028: rx_hdr     : 0
[    5.926572] lxs_ts 2-0028: tx_dummy   : 0
[    5.926573] lxs_ts 2-0028: rx_dummy   : 0
[    5.926574] lxs_ts 2-0028: LXS Touch Probe
[    5.926575] lxs_ts 2-0028: DTS parsing
[    5.926581] lxs_ts 2-0028: of gpio  : reset-gpio 325
[    5.926584] lxs_ts 2-0028: of gpio  : irq-gpio 326
[    5.926585] lxs_ts 2-0028: coord(dt): max_x 1644, max_y 3840
[    5.926587] lxs_ts 2-0028: coord(dt): zone's size not found
[    5.926588] lxs_ts 2-0028: coord(dt): zone's size - indicator:48, navigation:96, edge:60
[    5.926592] lxs_ts 2-0028: of_string : panel_spec sw82907_test_spec_v0.1.txt
[    5.926593] lxs_ts 2-0028: of_string : self_test sw82907_self_test.txt
[    5.926595] lxs_ts 2-0028: pt(dt): pt_open_cmp 4800 8192
[    5.926596] lxs_ts 2-0028: pt(dt): pt_short_gnd_cmp 6500 8192
[    5.926597] lxs_ts 2-0028: pt(dt): pt_short_trx_cmp 6500 8192
[    5.926599] lxs_ts 2-0028: pt(dt): pt_short_vdd_cmp 0 5200
[    5.926600] lxs_ts 2-0028: pt(dt): pt_sync_v_cmp 57 63
[    5.926601] lxs_ts 2-0028: DTS parsing done
[    5.926602] lxs_ts 2-0028:  max_x           = 1644
[    5.926603] lxs_ts 2-0028:  max_y           = 3840
[    5.926604] lxs_ts 2-0028:  use_lpwg        = 1
[    5.926605] lxs_ts 2-0028:  use_firmware    = 1
[    5.926606] lxs_ts 2-0028:  use_fw_upgrade  = 1
[    5.926607] lxs_ts 2-0028:  use_fw_ver_diff = 1
[    5.926687] lxs_ts 2-0028: gpio_irq: gpio_request_one(326, 1, lxs_gpio_irq)
[    5.926689] lxs_ts 2-0028: input cfg status : __LXS_CONFIG_INPUT_ANDROID
[    5.926717] input: lxs_ts_input as /devices/virtual/input/input4
[    5.926735] lxs_ts 2-0028: input device[input4, i2c-2/2-0028/lxs_ts_input] registered
[    5.926737] lxs_ts 2-0028: input finger: x 1644, y 3840, press 255, width 15, orient 90, t 0
[    5.926753] lxs_ts 2-0028: sysfs initialized
[    5.927633] init: Service 'exec 3 (/vendor/bin/modprobe -a -d /vendor/lib/modules/ lxs_touchscreen)' (pid 855) exited with status 0 waiting took 4.158000 seconds
[    5.927642] init: Sending signal 9 to service 'exec 3 (/vendor/bin/modprobe -a -d /vendor/lib/modules/ lxs_touchscreen)' (pid 855) process group...
[    5.927763] libprocessgroup: Removed cgroup /sys/fs/cgroup/uid_0/pid_855
[    5.927966] init: starting service 'exec 4 (/vendor/bin/modprobe -a -d /vendor/lib/modules/ et603-int)'...
[    5.928947] init: ... started service 'exec 4 (/vendor/bin/modprobe -a -d /vendor/lib/modules/ et603-int)' has pid 981
[    5.928957] init: SVC_EXEC service 'exec 4 (/vendor/bin/modprobe -a -d /vendor/lib/modules/ et603-int)' pid 981 (uid 0 gid 0+0 context u:r:vendor_modprobe:s0) started; waiting...
[    5.933347] init: Service 'vendor.modprobe' (pid 295) exited with status 0 oneshot service took 4.785000 seconds in background
[    5.933355] init: Sending signal 9 to service 'vendor.modprobe' (pid 295) process group...
[    5.933436] libprocessgroup: Removed cgroup /sys/fs/cgroup/uid_0/pid_295
[    5.935254] init: Service 'exec 4 (/vendor/bin/modprobe -a -d /vendor/lib/modules/ et603-int)' (pid 981) exited with status 0 waiting took 0.006000 seconds
[    5.963269] servicemanager: Starting sm instance on /dev/binder
[    5.964070] logd: libprocessgroup: JoinCgroup: controller schedtune is not found
[    5.965722] SELinux: Multiple same specifications for vendor.qti.gnss.ILocAidlGnss/default.
[    5.966585] SELinux: SELinux: Loaded service context from:
[    5.966596] SELinux: 		/system/etc/selinux/plat_service_contexts
[    5.966602] SELinux: 		/system_ext/etc/selinux/system_ext_service_contexts
[    5.966608] SELinux: 		/product/etc/selinux/product_service_contexts
[    5.966613] SELinux: 		/vendor/etc/selinux/vendor_service_contexts
[    5.971427] init: wait for '/dev/block/platform/soc/1d84000.ufshc' took 0ms
[    5.990489] cutils-trace: Error opening trace file: No such file or directory (2)
[    5.990614] SELinux: avc:  denied  { find } for pid=983 uid=1069 name=vendor.qti.hardware.perf2.IPerf/default scontext=u:r:lmkd:s0 tcontext=u:object_r:default_android_service:s0 tclass=service_manager permissive=0
[    5.993546] SELinux: avc:  denied  { find } for pid=983 uid=1069 name=vendor.qti.hardware.perf2.IPerf/default scontext=u:r:lmkd:s0 tcontext=u:object_r:default_android_service:s0 tclass=service_manager permissive=0
[    6.023433] modprobe: Loading module /vendor/lib/modules/slg51000-regulator.ko with args ''
[    6.024636] slg51000-regulator 0-0075: supply vdd not found, using dummy regulator
[    6.037653] slg51000_a_ldo3: supplied by regulator-dummy
[    6.038471] slg51000_a_ldo4: supplied by regulator-dummy
[    6.039507] slg51000_a_ldo5: supplied by regulator-dummy
[    6.040568] slg51000_a_ldo6: supplied by regulator-dummy
[    6.041631] slg51000_a_ldo7: supplied by cam_pmic0_vin7_supply
[    6.041906] slg51000-regulator 0-0075: No IRQ configured
[    6.042197] modprobe: Loaded kernel module /vendor/lib/modules/slg51000-regulator.ko
[    6.042307] modprobe: Loading module /vendor/lib/modules/qcom_glink.ko with args ''
[    6.042527] modprobe: Loading module /vendor/lib/modules/qcom_glink_smem.ko with args ''
[    6.042596] modprobe: Loading module /vendor/lib/modules/qcom_smd.ko with args ''
[    6.042687] modprobe: Loading module /vendor/lib/modules/rproc_qcom_common.ko with args ''
[    6.042806] modprobe: Loading module /vendor/lib/modules/qmi_helpers.ko with args ''
[    6.042899] modprobe: Loading module /vendor/lib/modules/pdr_interface.ko with args ''
[    6.042975] modprobe: Loading module /vendor/lib/modules/panel_event_notifier.ko with args ''
[    6.043030] modprobe: Loading module /vendor/lib/modules/qcom_va_minidump.ko with args ''
[    6.050787] SPI driver sony_camera_spi_subdev has no spi_device_id for sony,camera_subdev
[    6.102351] cam_cc-kalama ade0000.clock-controller: sync-state
[    6.122902] printk: modprobe: 9 output lines suppressed due to ratelimiting
[    6.124100] init: wait for '/dev/block/bootdevice/by-name/TA' took 0ms
[    6.145371] EXT4-fs (sda3): Ignoring removed nomblk_io_submit option
[    6.146502] EXT4-fs (sda3): mounted filesystem with ordered data mode. Opts: errors=remount-ro,nomblk_io_submit. Quota mode: none.
[    6.156814] e2fsck: e2fsck 1.46.6 (1-Feb-2023)
[    6.157595] e2fsck: /dev/block/bootdevice/by-name/persist: clean, 422/8192 files, 1830/8192 blocks
[    6.159168] EXT4-fs (sda3): mounted filesystem with ordered data mode. Opts: barrier=1,discard. Quota mode: none.
[    6.161238] EXT4-fs (sda67): mounted filesystem with ordered data mode. Opts: barrier=1. Quota mode: none.
[    6.169246] EXT4-fs (sda54): Ignoring removed nomblk_io_submit option
[    6.170812] EXT4-fs (sda54): mounted filesystem with ordered data mode. Opts: errors=remount-ro,nomblk_io_submit. Quota mode: none.
[    6.175381] e2fsck: e2fsck 1.46.6 (1-Feb-2023)
[    6.176799] e2fsck: /dev/block/bootdevice/by-name/appslog: clean, 664/4096 files, 3473/4096 blocks
[    6.178825] EXT4-fs (sda54): mounted filesystem with ordered data mode. Opts: barrier=1,discard. Quota mode: none.
[    6.179291] EXT4-fs (sda55): Ignoring removed nomblk_io_submit option
[    6.179981] EXT4-fs (sda55): mounted filesystem with ordered data mode. Opts: errors=remount-ro,nomblk_io_submit. Quota mode: none.
[    6.184246] e2fsck: e2fsck 1.46.6 (1-Feb-2023)
[    6.185020] e2fsck: /dev/block/bootdevice/by-name/diag: clean, 35/8192 files, 2077/8192 blocks
[    6.186307] EXT4-fs (sda55): mounted filesystem with ordered data mode. Opts: barrier=1,discard. Quota mode: none.
[    6.192641] ueventd: found /vendor/firmware_mnt/image/ipa_fws.mdt for /devices/platform/soc/3e00000.qcom,ipa/firmware/ipa_fws.mdt
[    6.192877] ueventd: loading /devices/platform/soc/3e00000.qcom,ipa/firmware/ipa_fws.mdt took 301ms
[    6.193317] ipa 3e00000.qcom,ipa: Direct firmware load for ipa_fws.b04 failed with error -2
[    6.193321] ipa 3e00000.qcom,ipa: Falling back to sysfs fallback for: ipa_fws.b04
[    6.195971] vdc: Waited 0ms for vold
[    6.231847] ipa ipa3_ioctl:2858 IPA not ready, waiting for init completion
[    6.254034] vdc: Waited 0ms for vold
[    6.268281] vdc: Waited 0ms for vold
[    6.310141] tmecom-qmp-client soc:qcom,tmecom-qmp-client: response received
[    6.329078] fsck.f2fs: Info: Automatic fix mode enabled.
[    6.329670] fsck.f2fs: Info: not exist /proc/version!
[    6.330471] fsck.f2fs: Info: MKFS version
[    6.330477] fsck.f2fs:   "6.1.163-186.299.amzn2023.x86_64"
[    6.330479] fsck.f2fs: Info: FSCK version
[    6.331168] fsck.f2fs:   from "5.15.189-android13-8-00016-g51bba4309aac-ab14546557"
[    6.331174] fsck.f2fs:     to "5.15.189-android13-8-00016-g51bba4309aac-ab14546557"
[    6.331176] fsck.f2fs: Info: superblock features = 1499 :  encrypt extra_attr project_quota quota verity casefold
[    6.331177] fsck.f2fs: Info: superblock encrypt level = 0, salt = 00000000000000000000000000000000
[    6.331179] fsck.f2fs: Info: checkpoint stop reason: shutdown(170) 
[    6.398070] ueventd: firmware: loading 'ipa_fws.b04' for '/devices/platform/soc/3e00000.qcom,ipa/firmware/ipa_fws.b04'
[    6.398242] ueventd: found /vendor/firmware_mnt/image/ipa_fws.b04 for /devices/platform/soc/3e00000.qcom,ipa/firmware/ipa_fws.b04
[    6.413207] ueventd: loading /devices/platform/soc/3e00000.qcom,ipa/firmware/ipa_fws.b04 took 15ms
[    6.416589] ipa 3e00000.qcom,ipa: Direct firmware load for ipa_fws.b01 failed with error -2
[    6.416593] ipa 3e00000.qcom,ipa: Falling back to sysfs fallback for: ipa_fws.b01
[    6.418779] ueventd: firmware: loading 'ipa_fws.b01' for '/devices/platform/soc/3e00000.qcom,ipa/firmware/ipa_fws.b01'
[    6.418909] ueventd: found /vendor/firmware_mnt/image/ipa_fws.b01 for /devices/platform/soc/3e00000.qcom,ipa/firmware/ipa_fws.b01
[    6.420739] ueventd: loading /devices/platform/soc/3e00000.qcom,ipa/firmware/ipa_fws.b01 took 2ms
[    6.420751] ipa 3e00000.qcom,ipa: Direct firmware load for ipa_fws.b02 failed with error -2
[    6.420755] ipa 3e00000.qcom,ipa: Falling back to sysfs fallback for: ipa_fws.b02
[    6.423360] ueventd: firmware: loading 'ipa_fws.b02' for '/devices/platform/soc/3e00000.qcom,ipa/firmware/ipa_fws.b02'
[    6.423459] ueventd: found /vendor/firmware_mnt/image/ipa_fws.b02 for /devices/platform/soc/3e00000.qcom,ipa/firmware/ipa_fws.b02
[    6.424007] ipa 3e00000.qcom,ipa: Direct firmware load for ipa_fws.b03 failed with error -2
[    6.424011] ipa 3e00000.qcom,ipa: Falling back to sysfs fallback for: ipa_fws.b03
[    6.428810] IPA FW loaded successfully
[    6.429424] gsi soc:qcom,msm_gsi: gsi_register_device:1548 GSI irq is wake enabled 242
[    6.432076] ipa ipa3_rmnet_ctl_register_pm_client:739 rmnet_ctl register done
[    6.432102] ipa ipa3_rmnet_ll_register_pm_client:964 rmnet_ll register done
[    6.432115] rmnet_ipa3 started initialization
[    6.432119] IPA SSR support = True
[    6.432120] IPA SG support = True
[    6.432121] IPA Napi Enable = True
[    6.432122] using default for wan-rx-desc-size = 256
[    6.432135] IPA driver is now in ready state
[    6.432200] ipa-lnx-stats ipa_spearhead_stats_ioctl_init:1921 IPA ipa_lnx_stats_ioctl major(464) initial ok :>>>>
[    6.432214] ipa-lnx-stats ipa_spearhead_stats_init:1949 IPA_LNX_STATS_IOCTL init success
[    6.432217] IPA driver initialization was successful.
[    6.432297] ipa-wan ipa3_wwan_register_netdev_pm_client:3497 rmnet_ipa%d register done
[    6.432472] ipa-wan ipa3_wwan_probe:3692 rmnet_ipa completed initialization
[    6.433276] F2FS-fs (dm-54): Using encoding defined by superblock: utf8-12.1.0 with flags 0x0
[    6.519258] F2FS-fs (dm-54): Mounted with checkpoint version = 77c41c10
[    6.534238] gsi soc:qcom,msm_gsi: gsi_stop_channel:3615 chan=14 busy try again
[    6.536939] gh_secure_vm_loader soc:gh-secure-vm-loader@2: Direct firmware load for cpusys_vm.mdt failed with error -2
[    6.536945] gh_secure_vm_loader soc:gh-secure-vm-loader@2: Falling back to sysfs fallback for: cpusys_vm.mdt
[    6.539175] vdc: Waited 0ms for vold
[    6.539640] gh_secure_vm_loader soc:gh-secure-vm-loader@2: Direct firmware load for cpusys_vm.b03 failed with error -2
[    6.539644] gh_secure_vm_loader soc:gh-secure-vm-loader@2: Falling back to sysfs fallback for: cpusys_vm.b03
[    6.543716] vdc: Waited 0ms for vold
[    6.544750] gh_secure_vm_loader soc:gh-secure-vm-loader@2: Direct firmware load for cpusys_vm.b01 failed with error -2
[    6.544753] gh_secure_vm_loader soc:gh-secure-vm-loader@2: Falling back to sysfs fallback for: cpusys_vm.b01
[    6.549287] gh_secure_vm_loader soc:gh-secure-vm-loader@2: Direct firmware load for cpusys_vm.b02 failed with error -2
[    6.549291] gh_secure_vm_loader soc:gh-secure-vm-loader@2: Falling back to sysfs fallback for: cpusys_vm.b02
[    6.634425] gunyah: VM: 50 status 2 complete
[    6.634549] gh_proxy_sched: Skip populating VCPU affinity info for VM=50
[    6.634554] gh_proxy_sched: Skip populating VCPU affinity info for VM=50
[    6.634555] gh_proxy_sched: Skip populating VCPU affinity info for VM=50
[    6.634556] gh_proxy_sched: Skip populating VCPU affinity info for VM=50
[    6.634557] gh_proxy_sched: Skip populating VCPU affinity info for VM=50
[    6.634558] gh_proxy_sched: Skip populating VCPU affinity info for VM=50
[    6.634559] gh_proxy_sched: Skip populating VCPU affinity info for VM=50
[    6.634560] gh_proxy_sched: Skip populating VCPU affinity info for VM=50
[    6.634561] gh_proxy_sched: Proxy Scheduling isn't supported for VM=50
[    6.638260] gunyah: VM:50 started running
[    6.699307] fscrypt: AES-256-CTS-CBC using implementation "cts-cbc-aes-ce"
[    6.721322] vdc: Waited 0ms for vold
[    6.749230] vold: keystore2 Keystore earlyBootEnded returned service specific error: -68
[    6.757396] logd: logd reinit
[    6.758496] logd: FrameworkListener: read() failed (Connection reset by peer)
[    6.767411] apexd: Started. subcommand = (null)
[    6.768094] apexd: Scanning /system/apex for pre-installed ApexFiles
[    6.769159] apexd: Found pre-installed APEX /system/apex/com.android.profiling.capex
[    6.769847] apexd: Found pre-installed APEX /system/apex/com.android.nfcservices.apex
[    6.771886] apexd: Found pre-installed APEX /system/apex/com.google.android.scheduling_compressed.apex
[    6.772553] apexd: Found pre-installed APEX /system/apex/com.google.android.extservices_tplus_compressed.apex
[    6.773213] apexd: Found pre-installed APEX /system/apex/com.android.devicelock.apex
[    6.774390] apexd: Found pre-installed APEX /system/apex/com.android.btservices.apex
[    6.775657] apexd: Found pre-installed APEX /system/apex/com.google.android.healthfitness_compressed.apex
[    6.776470] apexd: Found pre-installed APEX /system/apex/com.google.android.sdkext_compressed.apex
[    6.831424] loop4: detected capacity change from 0 to 84008
[    6.832084] loop5: detected capacity change from 0 to 704
[    6.832324] loop6: detected capacity change from 0 to 12208
[    6.832612] loop7: detected capacity change from 0 to 536
[    6.832872] loop8: detected capacity change from 0 to 23784
[    6.833110] loop9: detected capacity change from 0 to 44024
[    6.833306] loop10: detected capacity change from 0 to 81584
[    6.833540] loop11: detected capacity change from 0 to 688
[    6.833777] loop12: detected capacity change from 0 to 16288
[    6.834050] loop13: detected capacity change from 0 to 47368
[    6.834263] loop14: detected capacity change from 0 to 34104
[    6.834503] loop15: detected capacity change from 0 to 2360
[    6.834707] loop16: detected capacity change from 0 to 21824
[    6.834914] loop17: detected capacity change from 0 to 223928
[    6.835121] loop18: detected capacity change from 0 to 1688
[    6.835339] loop19: detected capacity change from 0 to 16136
[    6.835533] loop20: detected capacity change from 0 to 12520
[    6.835731] loop21: detected capacity change from 0 to 59640
[    6.835933] loop22: detected capacity change from 0 to 89280
[    6.836128] loop23: detected capacity change from 0 to 37944
[    6.836301] loop24: detected capacity change from 0 to 43656
[    6.836500] loop25: detected capacity change from 0 to 11552
[    6.836688] loop26: detected capacity change from 0 to 28952
[    6.836866] loop27: detected capacity change from 0 to 536
[    6.838471] loop28: detected capacity change from 0 to 1760
[    6.846762] loop29: detected capacity change from 0 to 7128
[    6.850119] loop30: detected capacity change from 0 to 15040
[    6.850429] loop31: detected capacity change from 0 to 92824
[    6.851727] loop32: detected capacity change from 0 to 9112
[    6.851973] loop33: detected capacity change from 0 to 72248
[    6.852295] loop34: detected capacity change from 0 to 3008
[    6.852596] loop35: detected capacity change from 0 to 528
[    6.854060] loop36: detected capacity change from 0 to 4440
[    6.855808] device-mapper: verity: sha256 using implementation "sha256-ce"
[    6.855857] device-mapper: verity: sha256 using implementation "sha256-ce"
[    6.855858] device-mapper: verity: sha256 using implementation "sha256-ce"
[    6.855934] loop37: detected capacity change from 0 to 81784
[    6.855978] device-mapper: verity: sha256 using implementation "sha256-ce"
[    6.856066] device-mapper: verity: sha256 using implementation "sha256-ce"
[    6.856175] device-mapper: verity: sha256 using implementation "sha256-ce"
[    6.856224] loop38: detected capacity change from 0 to 68632
[    6.857431] device-mapper: verity: sha256 using implementation "sha256-ce"
[    6.857504] device-mapper: verity: sha256 using implementation "sha256-ce"
[    6.857724] EXT4-fs (loop11): mounted filesystem without journal. Opts: (null). Quota mode: none.
[    6.857774] EXT4-fs (loop10): mounted filesystem without journal. Opts: (null). Quota mode: none.
[    6.857902] EXT4-fs (loop17): mounted filesystem without journal. Opts: (null). Quota mode: none.
[    6.858127] device-mapper: verity: sha256 using implementation "sha256-ce"
[    6.858214] EXT4-fs (dm-33): mounted filesystem without journal. Opts: (null). Quota mode: none.
[    6.858276] EXT4-fs (dm-51): mounted filesystem without journal. Opts: (null). Quota mode: none.
[    6.858285] EXT4-fs (dm-35): mounted filesystem without journal. Opts: (null). Quota mode: none.
[    6.858327] EXT4-fs (dm-45): mounted filesystem without journal. Opts: (null). Quota mode: none.
[    6.859072] loop39: detected capacity change from 0 to 77872
[    6.859348] EXT4-fs (dm-38): mounted filesystem without journal. Opts: (null). Quota mode: none.
[    6.860696] loop40: detected capacity change from 0 to 9104
[    6.860993] loop41: detected capacity change from 0 to 1280
[    6.861073] EXT4-fs (dm-37): mounted filesystem without journal. Opts: (null). Quota mode: none.
[    6.861289] EXT4-fs (dm-42): mounted filesystem without journal. Opts: (null). Quota mode: none.
[    6.861485] EXT4-fs (dm-39): mounted filesystem without journal. Opts: (null). Quota mode: none.
[    6.861487] EXT4-fs (dm-44): mounted filesystem without journal. Opts: (null). Quota mode: none.
[    6.867034] device-mapper: verity: sha256 using implementation "sha256-ce"
[    6.867304] device-mapper: verity: sha256 using implementation "sha256-ce"
[    6.867661] device-mapper: verity: sha256 using implementation "sha256-ce"
[    6.868250] EXT4-fs (dm-50): mounted filesystem without journal. Opts: (null). Quota mode: none.
[    6.868622] EXT4-fs (dm-53): mounted filesystem without journal. Opts: (null). Quota mode: none.
[    6.868815] EXT4-fs (dm-48): mounted filesystem without journal. Opts: (null). Quota mode: none.
[    6.875085] device-mapper: verity: sha256 using implementation "sha256-ce"
[    6.875153] device-mapper: verity: sha256 using implementation "sha256-ce"
[    6.875235] device-mapper: verity: sha256 using implementation "sha256-ce"
[    6.875404] device-mapper: verity: sha256 using implementation "sha256-ce"
[    6.876246] device-mapper: verity: sha256 using implementation "sha256-ce"
[    6.876442] device-mapper: verity: sha256 using implementation "sha256-ce"
[    6.876599] device-mapper: verity: sha256 using implementation "sha256-ce"
[    6.877083] device-mapper: verity: sha256 using implementation "sha256-ce"
[    6.877110] EXT4-fs (loop5): mounted filesystem without journal. Opts: (null). Quota mode: none.
[    6.877491] EXT4-fs (loop31): mounted filesystem without journal. Opts: (null). Quota mode: none.
[    6.877512] EXT4-fs (loop27): mounted filesystem without journal. Opts: (null). Quota mode: none.
[    6.877520] EXT4-fs (loop6): mounted filesystem without journal. Opts: (null). Quota mode: none.
[    6.877587] EXT4-fs (loop24): mounted filesystem without journal. Opts: (null). Quota mode: none.
[    6.877605] EXT4-fs (dm-28): mounted filesystem without journal. Opts: (null). Quota mode: none.
[    6.877916] EXT4-fs (dm-22): mounted filesystem without journal. Opts: (null). Quota mode: none.
[    6.878139] EXT4-fs (dm-21): mounted filesystem without journal. Opts: (null). Quota mode: none.
[    6.878199] EXT4-fs (dm-27): mounted filesystem without journal. Opts: (null). Quota mode: none.
[    6.878495] EXT4-fs (dm-25): mounted filesystem without journal. Opts: (null). Quota mode: none.
[    6.878538] EXT4-fs (dm-43): mounted filesystem without journal. Opts: (null). Quota mode: none.
[    6.878698] EXT4-fs (dm-26): mounted filesystem without journal. Opts: (null). Quota mode: none.
[    6.883143] device-mapper: verity: sha256 using implementation "sha256-ce"
[    6.883148] device-mapper: verity: sha256 using implementation "sha256-ce"
[    6.883231] device-mapper: verity: sha256 using implementation "sha256-ce"
[    6.883392] device-mapper: verity: sha256 using implementation "sha256-ce"
[    6.884385] device-mapper: verity: sha256 using implementation "sha256-ce"
[    6.885092] EXT4-fs (dm-34): mounted filesystem without journal. Opts: (null). Quota mode: none.
[    6.885099] device-mapper: verity: sha256 using implementation "sha256-ce"
[    6.885332] EXT4-fs (loop16): mounted filesystem without journal. Opts: (null). Quota mode: none.
[    6.885336] EXT4-fs (loop39): mounted filesystem without journal. Opts: (null). Quota mode: none.
[    6.885447] EXT4-fs (loop36): mounted filesystem without journal. Opts: (null). Quota mode: none.
[    6.885690] EXT4-fs (dm-31): mounted filesystem without journal. Opts: (null). Quota mode: none.
[    6.886074] EXT4-fs (dm-18): mounted filesystem without journal. Opts: (null). Quota mode: none.
[    6.886563] EXT4-fs (loop37): mounted filesystem without journal. Opts: (null). Quota mode: none.
[    6.886595] EXT4-fs (dm-36): mounted filesystem without journal. Opts: (null). Quota mode: none.
[    6.886852] EXT4-fs (dm-24): mounted filesystem without journal. Opts: (null). Quota mode: none.
[    6.887013] EXT4-fs (dm-17): mounted filesystem without journal. Opts: (null). Quota mode: none.
[    6.887087] EXT4-fs (dm-29): mounted filesystem without journal. Opts: (null). Quota mode: none.
[    6.919782] linkerconfig: Failed to open file /system/etc/vndkcorevariant.libraries.txt: No such file or directory
[    6.948037] vdc: Waited 0ms for vold
[    7.092286] fs-verity: sha256 using implementation "sha256-ce"
[    7.233096] apexd: Started. subcommand = --snapshotde
[    7.233489] apexd-snapshotde: Marking APEXd as ready
[    7.251260] Mass Storage Function, version: 2009/09/11
[    7.251263] LUN: removable file: (no medium)
[    7.251878] file system registered
[    7.252622] f_cdev_alloc: port_name:at_usb0 (0000000000000000) portno:(0)
[    7.252903] f_cdev_alloc: port_name:at_usb1 (0000000000000000) portno:(1)
[    7.253118] f_cdev_alloc: port_name:at_usb2 (0000000000000000) portno:(2)
[    7.255073] using random self ethernet address
[    7.255077] using random host ethernet address
[    7.377940] cnss: File system is ready, fs_ready is 1, count is 1
[    7.377949] cnss: Posting event: COLD_BOOT_CAL_START(5), state: 0x2c00000 flags: 0x0
[    7.377954] cnss: PM stay awake, state: 0x2c00000, count: 1
[    7.377965] cnss: PM relax, state: 0x2c00000, count: 0
[    7.377970] cnss: PM stay awake, state: 0x2c00000, count: 1
[    7.377976] cnss: Processing driver event: COLD_BOOT_CAL_START(5), state: 0x2c00000
[    7.377979] cnss: Restarting calibration 130s timeout
[    7.377990] cnss: FW name added with prefix: kiwi/amss20.bin
[    7.377992] cnss: FW name added with prefix: kiwi/amss20.bin
[    7.377994] cnss: FW name is kiwi/amss20.bin, FW fallback name is kiwi/amss20.bin
[    7.378030] cnss: New driver mode is 0
[    7.378033] cnss: Regulator vdd-wlan-io is being enabled
[    7.378037] cnss: Regulator vdd-wlan is being enabled
[    7.378268] cnss: Regulator vdd-wlan-aon is being enabled
[    7.378477] cnss: Regulator vdd-wlan-dig is being enabled
[    7.378535] cnss: Regulator vdd-wlan-rfa1 is being enabled
[    7.378624] cnss: Regulator vdd-wlan-rfa2 is being enabled
[    7.379727] cnss: WLAN_EN Value: 1
[    7.379729] cnss: Assert WLAN_EN GPIO successfully
[    7.379732] cnss: Resuming PCI link
[    7.379753] msm_pcie_enable: PCIe: Assert the reset of endpoint of RC0.
[    7.383876] msm_pcie_enable: PCIe: RC0: PCIE20_PARF_INT_ALL_MASK: 0x7f80d202
[    7.386141] pcie_phy_init: PCIe RC0 PHY is ready!
[    7.396161] msm_pcie_enable: PCIe: Release the reset of endpoint of RC0.
[    7.412636] msm_pcie_link_train: PCIe RC0 link initialized
[    7.415917] EXT4-fs (sda2): barriers disabled
[    7.416189] EXT4-fs (sda2): mounted filesystem with ordered data mode. Opts: barrier=0. Quota mode: none.
[    7.426055] cnss_pci 0000:01:00.0: enabling device (0000 -> 0002)
[    7.426428] cnss: Setting MHI state: INIT(0)
[    7.429691] cnss: Setting MHI state: POWER_ON(2)
[    7.429960] cnss_pci 0000:01:00.0: Direct firmware load for kiwi/amss20.bin failed with error -2
[    7.429965] cnss_pci 0000:01:00.0: Falling back to sysfs fallback for: kiwi/amss20.bin
[    7.461080] [EGISFP] egisfp_open 
[    7.461088] [EGISFP] egisfp_parse_dt : start 
[    7.461204] [EGISFP] egisfp_parse_dt : vcc_33v_pin gpio num is 297 
[    7.461207] [EGISFP] egisfp_parse_dt : Config Regulator for ext_ldo_source 
[    7.461209] [EGISFP] egisfp_parse_dt : vcc regulator voltage get Max = 3800000, Min = 3400000 
[    7.461210] [EGISFP] egisfp_parse_dt : vcc regulator current get 1000000 
[    7.461212] [EGISFP] egisfp_parse_dt : regulator max voltage get = 3960000 
[    7.461216] [EGISFP] egisfp_parse_dt : rst pin gpio num is 343 
[    7.461219] [EGISFP] egisfp_parse_dt : irq pin gpio num is 341 
[    7.461220] [EGISFP] egisfp_parse_dt : successful 
[    7.461221] [EGISFP] egisfp_open : open ioctl user count = 1 
[    7.461246] [EGISFP] egisfp_ioctl : cmd = 0x11 
[    7.461248] [EGISFP] egisfp_ioctl : FP_GET_RESOURCE 
[    7.461249] [EGISFP] egisfp_platforminit : Version 20220922 
[    7.461550] [EGISFP] egisfp_platforminit : find node enter 
[    7.461920] [EGISFP] egisfp_platforminit : successful status = 0 gpio num -> vcc = 297 rst = 343 Irq = 341 
[    7.461922] [EGISFP] egisfp_ioctl done 
[    7.461946] [EGISFP] egisfp_ioctl : cmd = 0x5 
[    7.461948] [EGISFP] egisfp_ioctl : FP_POWER_ONOFF 
[    7.461949] [EGISFP] do_egisfp_power_onoff : power_onoff = 2 
[    7.461951] [EGISFP] egisfp_vreg_setup : original voltage = 3400000 
[    7.461953] [EGISFP] egisfp_vreg_setup : enable_3_8V 
[    7.462124] [EGISFP] egisfp_vreg_setup : modified voltage = 3800000, ret = 0 
[    7.462166] [EGISFP] egisfp_vreg_setup : regulator enable, ret = 0 
[    7.469965] NetBpfLoad: /apex/com.android.tethering/bin/netbpfload api:35///3500 kver:50f00bd (64-on-aarch64:4k) libbpf: v1.4 uid:0 rc:01 user:100
[    7.470041] [EGISFP] do_egisfp_power_onoff : power_pin value = 1 
[    7.470045] [EGISFP] egisfp_ioctl done 
[    7.470084] [EGISFP] egisfp_ioctl : cmd = 0xAD 
[    7.470086] [EGISFP] egisfp_ioctl done 
[    7.470340] NetBpfLoad: Tethering APEX version 372038420
[    7.470393] WARNING: Unprivileged eBPF is enabled, data leaks possible via Spectre v2 BHB attacks!
[    7.476177] NetBpfLoad: skipping prog schedcls_tether_downstream6_ether: kernel version 0x50f00bd is outside required range [0x4090000, 0x5040000)
[    7.476186] NetBpfLoad: skipping prog schedcls_tether_upstream6_ether: kernel version 0x50f00bd is outside required range [0x4090000, 0x5040000)
[    7.476190] NetBpfLoad: skipping prog schedcls_tether_downstream6_rawip: kernel version 0x50f00bd is outside required range [0x40e0000, 0x5040000)
[    7.476193] NetBpfLoad: skipping prog schedcls_tether_upstream6_rawip: kernel version 0x50f00bd is outside required range [0x40e0000, 0x5040000)
[    7.476195] NetBpfLoad: skipping prog schedcls_tether_downstream6_rawip: kernel version 0x50f00bd is outside required range [0x4090000, 0x40e0000)
[    7.476197] NetBpfLoad: skipping prog schedcls_tether_upstream6_rawip: kernel version 0x50f00bd is outside required range [0x4090000, 0x40e0000)
[    7.476200] NetBpfLoad: skipping prog schedcls_tether_downstream4_rawip: kernel version 0x50f00bd is outside required range [0x5040000, 0x50a0000)
[    7.476202] NetBpfLoad: skipping prog schedcls_tether_upstream4_rawip: kernel version 0x50f00bd is outside required range [0x5040000, 0x50a0000)
[    7.512772] [EGISFP] egisfp_ioctl : cmd = 0x4 
[    7.512780] [EGISFP] egisfp_ioctl : FP_SENSOR_RESET 
[    7.521155] printk: netbpfload: 107 output lines suppressed due to ratelimiting
[    7.525812] [EGISFP] do_egisfp_reset : reset_pin = 1 
[    7.525814] [EGISFP] egisfp_ioctl done 
[    7.532069] update_verifier: AIDL IBootControl not available, falling back to HIDL.
[    7.535737] update_verifier: Using HIDL version 1.2 of IBootControl
[    7.535953] update_verifier: Booting slot 0: isSlotMarkedSuccessful=1
[    7.535958] update_verifier: Leaving update_verifier.
[    7.617303] cfg80211: failed to load regulatory.db
[    7.656442] cs40l2x 3-0040: Loaded 20 waveforms from cs40l20.bin, last modified on 2022-10-18
[    7.657752] cs40l2x 3-0040: Firmware revision 10.7.13
[    7.657756] cs40l2x 3-0040: Firmware ID 0x1400D0
[    7.657757] cs40l2x 3-0040: Max. wavetable size: 1860 bytes (XM), 5250 bytes (YM)
[    7.695621] [EGISFP] egisfp_ioctl : cmd = 0x11 
[    7.695628] [EGISFP] egisfp_ioctl : FP_GET_RESOURCE 
[    7.695630] [EGISFP] egisfp_platforminit : Version 20220922 
[    7.695632] [EGISFP] egisfp_platforminit : platform already init 
[    7.695633] [EGISFP] egisfp_ioctl done 
[    7.695641] [EGISFP] egisfp_ioctl : cmd = 0xAD 
[    7.695642] [EGISFP] egisfp_ioctl done 
[    7.695936] [EGISFP] egisfp_ioctl : cmd = 0x4 
[    7.695938] [EGISFP] egisfp_ioctl : FP_SENSOR_RESET 
[    7.708971] [EGISFP] do_egisfp_reset : reset_pin = 1 
[    7.708973] [EGISFP] egisfp_ioctl done 
[    7.709396] [EGISFP] egisfp_ioctl : cmd = 0x4 
[    7.709399] [EGISFP] egisfp_ioctl : FP_SENSOR_RESET 
[    7.722417] [EGISFP] do_egisfp_reset : reset_pin = 1 
[    7.722418] [EGISFP] egisfp_ioctl done 
[    7.733519] msm_cvp: sess: init.qti.write. opening cvp instance: 0000000000000000 type 3 cnt 0
[    7.733648] remoteproc remoteproc2: powering up 32300000.remoteproc-cdsp
[    7.733670] remoteproc remoteproc2: Direct firmware load for cdsp.mdt failed with error -2
[    7.733672] remoteproc remoteproc2: Falling back to sysfs fallback for: cdsp.mdt
[    7.737826] remoteproc remoteproc1: powering up 3000000.remoteproc-adsp
[    7.737845] remoteproc remoteproc1: Direct firmware load for adsp.mdt failed with error -2
[    7.737847] remoteproc remoteproc1: Falling back to sysfs fallback for: adsp.mdt
[    7.740287] msm_cvp:  pwr: cvp (eva) powered on
[    7.740320] msm_cvp ab00000.qcom,cvp: Direct firmware load for evass.mbn failed with error -2
[    7.740323] msm_cvp ab00000.qcom,cvp: Falling back to sysfs fallback for: evass.mbn
[    7.740978] remoteproc remoteproc2: Booting fw image cdsp.mdt, size 5084
[    7.741103] qcom_q6v5_pas 32300000.remoteproc-cdsp: Direct firmware load for cdsp_dtb.mdt failed with error -2
[    7.741106] qcom_q6v5_pas 32300000.remoteproc-cdsp: Falling back to sysfs fallback for: cdsp_dtb.mdt
[    7.741308] remoteproc remoteproc1: Booting fw image adsp.mdt, size 8364
[    7.741324] qcom_q6v5_pas 3000000.remoteproc-adsp: Direct firmware load for adsp_dtb.mdt failed with error -2
[    7.741326] qcom_q6v5_pas 3000000.remoteproc-adsp: Falling back to sysfs fallback for: adsp_dtb.mdt
[    7.745672] qcom_q6v5_pas 32300000.remoteproc-cdsp: Direct firmware load for cdsp_dtb.b02 failed with error -2
[    7.745678] qcom_q6v5_pas 32300000.remoteproc-cdsp: Falling back to sysfs fallback for: cdsp_dtb.b02
[    7.748477] qcom_q6v5_pas 3000000.remoteproc-adsp: Direct firmware load for adsp_dtb.b02 failed with error -2
[    7.748481] qcom_q6v5_pas 3000000.remoteproc-adsp: Falling back to sysfs fallback for: adsp_dtb.b02
[    7.786239] qcom rproc: 188101c.remoteproc-spss: recovery disabled
[    7.786279] qcom rproc: 188101c.remoteproc-spss: recovery disabled
[    7.786303] qcom rproc: 188101c.remoteproc-spss: recovery disabled
[    7.786327] qcom rproc: 188101c.remoteproc-spss: recovery disabled
[    7.786349] qcom rproc: 188101c.remoteproc-spss: recovery disabled
[    7.786380] qcom rproc: 188101c.remoteproc-spss: recovery disabled
[    7.787483] qcom_q6v5_pas 3000000.remoteproc-adsp: Direct firmware load for adsp_dtb.b01 failed with error -2
[    7.787488] qcom_q6v5_pas 3000000.remoteproc-adsp: Falling back to sysfs fallback for: adsp_dtb.b01
[    7.791177] adsprpc: fastrpc_restart_notifier_cb: subsystem lpass is about to start
[    7.806404] qcom_q6v5_pas 32300000.remoteproc-cdsp: Direct firmware load for cdsp_dtb.b01 failed with error -2
[    7.806410] qcom_q6v5_pas 32300000.remoteproc-cdsp: Falling back to sysfs fallback for: cdsp_dtb.b01
[    7.810630] adsprpc: fastrpc_restart_notifier_cb: subsystem cdsp is about to start
[    7.816457] qcom_q6v5_pas 3000000.remoteproc-adsp: Direct firmware load for adsp.b56 failed with error -2
[    7.816463] qcom_q6v5_pas 3000000.remoteproc-adsp: Falling back to sysfs fallback for: adsp.b56
[    7.823872] qcom rproc: 3000000.remoteproc-adsp: recovery enabled
[    7.835151] synx: session 0 not available, pid: 1451
[    7.835158] synx: synx_uninitialize: invalid session id 0
[    7.835160] msm_cvp: init.qti.write.: closed cvp instance: 0000000000000000 session_id = 0 type 3 0
[    7.836969] qcom_q6v5_pas 3000000.remoteproc-adsp: Direct firmware load for adsp.b01 failed with error -2
[    7.836974] qcom_q6v5_pas 3000000.remoteproc-adsp: Falling back to sysfs fallback for: adsp.b01
[    7.837088] qcom_q6v5_pas 32300000.remoteproc-cdsp: Direct firmware load for cdsp.b15 failed with error -2
[    7.837092] qcom_q6v5_pas 32300000.remoteproc-cdsp: Falling back to sysfs fallback for: cdsp.b15
[    7.841799] qcom_q6v5_pas 3000000.remoteproc-adsp: Direct firmware load for adsp.b02 failed with error -2
[    7.841803] qcom_q6v5_pas 3000000.remoteproc-adsp: Falling back to sysfs fallback for: adsp.b02
[    7.861237] qcom_q6v5_pas 32300000.remoteproc-cdsp: Direct firmware load for cdsp.b01 failed with error -2
[    7.861244] qcom_q6v5_pas 32300000.remoteproc-cdsp: Falling back to sysfs fallback for: cdsp.b01
[    7.867722] qcom_q6v5_pas 32300000.remoteproc-cdsp: Direct firmware load for cdsp.b02 failed with error -2
[    7.867727] qcom_q6v5_pas 32300000.remoteproc-cdsp: Falling back to sysfs fallback for: cdsp.b02
[    7.870433] qcom_q6v5_pas 3000000.remoteproc-adsp: Direct firmware load for adsp.b03 failed with error -2
[    7.870435] qcom_q6v5_pas 3000000.remoteproc-adsp: Falling back to sysfs fallback for: adsp.b03
[    7.876656] qcom_q6v5_pas 3000000.remoteproc-adsp: Direct firmware load for adsp.b04 failed with error -2
[    7.876659] qcom_q6v5_pas 3000000.remoteproc-adsp: Falling back to sysfs fallback for: adsp.b04
[    7.878991] qcom_q6v5_pas 32300000.remoteproc-cdsp: Direct firmware load for cdsp.b03 failed with error -2
[    7.878995] qcom_q6v5_pas 32300000.remoteproc-cdsp: Falling back to sysfs fallback for: cdsp.b03
[    7.880106] qcom_q6v5_pas 3000000.remoteproc-adsp: Direct firmware load for adsp.b05 failed with error -2
[    7.880110] qcom_q6v5_pas 3000000.remoteproc-adsp: Falling back to sysfs fallback for: adsp.b05
[    7.882518] qcom_q6v5_pas 32300000.remoteproc-cdsp: Direct firmware load for cdsp.b04 failed with error -2
[    7.882521] qcom_q6v5_pas 32300000.remoteproc-cdsp: Falling back to sysfs fallback for: cdsp.b04
[    7.886551] qcom_q6v5_pas 3000000.remoteproc-adsp: Direct firmware load for adsp.b06 failed with error -2
[    7.886555] qcom_q6v5_pas 3000000.remoteproc-adsp: Falling back to sysfs fallback for: adsp.b06
[    7.888394] qcom_q6v5_pas 32300000.remoteproc-cdsp: Direct firmware load for cdsp.b05 failed with error -2
[    7.888397] qcom_q6v5_pas 32300000.remoteproc-cdsp: Falling back to sysfs fallback for: cdsp.b05
[    7.890323] qcom_q6v5_pas 3000000.remoteproc-adsp: Direct firmware load for adsp.b07 failed with error -2
[    7.890327] qcom_q6v5_pas 3000000.remoteproc-adsp: Falling back to sysfs fallback for: adsp.b07
[    7.892054] qcom_q6v5_pas 32300000.remoteproc-cdsp: Direct firmware load for cdsp.b06 failed with error -2
[    7.892059] qcom_q6v5_pas 32300000.remoteproc-cdsp: Falling back to sysfs fallback for: cdsp.b06
[    7.893706] qcom_q6v5_pas 3000000.remoteproc-adsp: Direct firmware load for adsp.b08 failed with error -2
[    7.893709] qcom_q6v5_pas 3000000.remoteproc-adsp: Falling back to sysfs fallback for: adsp.b08
[    7.896235] qcom_q6v5_pas 32300000.remoteproc-cdsp: Direct firmware load for cdsp.b07 failed with error -2
[    7.896238] qcom_q6v5_pas 32300000.remoteproc-cdsp: Falling back to sysfs fallback for: cdsp.b07
[    7.897978] cnss: MHI status cb is called with reason MISSION_MODE(5)
[    7.897982] cnss: Notify MHI to use already allocated images
[    7.898015] cnss: Disable ADSP power collapse
[    7.898022] cnss: PM relax, state: 0x2c00008, count: 0
[    7.901056] qcom_q6v5_pas 32300000.remoteproc-cdsp: Direct firmware load for cdsp.b08 failed with error -2
[    7.901061] qcom_q6v5_pas 32300000.remoteproc-cdsp: Falling back to sysfs fallback for: cdsp.b08
[    7.901259] cnss: Setting link speed:0x2, width:0x1
[    7.901385] qcom_q6v5_pas 3000000.remoteproc-adsp: Direct firmware load for adsp.b09 failed with error -2
[    7.901390] qcom_q6v5_pas 3000000.remoteproc-adsp: Falling back to sysfs fallback for: adsp.b09
[    7.911618] cnss: WLFW server arriving: node 7 port 1
[    7.911624] cnss: Posting event: SERVER_ARRIVE(0), state: 0x2c00008 flags: 0x0
[    7.911626] cnss: PM stay awake, state: 0x2c00008, count: 1
[    7.911632] cnss: PM relax, state: 0x2c00008, count: 0
[    7.911638] cnss: PM stay awake, state: 0x2c00008, count: 1
[    7.911645] cnss: Processing driver event: SERVER_ARRIVE(0), state: 0x2c00008
[    7.911649] cnss: QMI WLFW service connected, state: 0x2c00009
[    7.911651] cnss: Sending indication register message, state: 0x2c00009
[    7.911919] qcom_q6v5_pas 32300000.remoteproc-cdsp: Direct firmware load for cdsp.b09 failed with error -2
[    7.911923] qcom_q6v5_pas 32300000.remoteproc-cdsp: Falling back to sysfs fallback for: cdsp.b09
[    7.913929] qcom_q6v5_pas 3000000.remoteproc-adsp: Direct firmware load for adsp.b10 failed with error -2
[    7.913933] qcom_q6v5_pas 3000000.remoteproc-adsp: Falling back to sysfs fallback for: adsp.b10
[    7.915334] qcom_q6v5_pas 32300000.remoteproc-cdsp: Direct firmware load for cdsp.b10 failed with error -2
[    7.915337] qcom_q6v5_pas 32300000.remoteproc-cdsp: Falling back to sysfs fallback for: cdsp.b10
[    7.915525] cnss: Sending host capability message, state: 0x2c00009
[    7.915532] cnss: Number of clients is 1
[    7.915535] cnss: Assign MSI to user: WAKE, num_vectors: 1, user_base_data: 13, base_vector: 13
[    7.915538] cnss: WAKE MSI base data is 13
[    7.915540] cnss: Calibration done is 0
[    7.915541] cnss: Sending iova starting 0xa0000000 with size 0x10010000
[    7.915543] cnss: Sending feature list 0x6
[    7.917109] qcom_q6v5_pas 3000000.remoteproc-adsp: Direct firmware load for adsp.b11 failed with error -2
[    7.917112] qcom_q6v5_pas 3000000.remoteproc-adsp: Falling back to sysfs fallback for: adsp.b11
[    7.917629] cnss: Received QMI WLFW request memory indication
[    7.917632] cnss: PM relax, state: 0x2c00009, count: 0
[    7.917635] cnss: FW requests for memory, size: 0x6f0000, type: 1
[    7.917639] cnss: FW requests for memory, size: 0x810000, type: 4
[    7.917642] cnss: Posting event: REQUEST_MEM(2), state: 0x2c00009 flags: 0x0
[    7.917647] cnss: PM stay awake, state: 0x2c00009, count: 1
[    7.917653] cnss: PM relax, state: 0x2c00009, count: 0
[    7.917658] cnss: PM stay awake, state: 0x2c00009, count: 1
[    7.917661] cnss: Processing driver event: REQUEST_MEM(2), state: 0x2c00009
[    7.920439] cnss: Sending respond memory message, state: 0x2c00009
[    7.920448] cnss: Memory for FW, va: 0x0000000000000000, pa: 0x00000000a1800000, size: 0x6f0000, type: 1
[    7.920452] cnss: Memory for FW, va: 0x0000000000000000, pa: 0x00000000a2000000, size: 0x810000, type: 4
[    7.921026] qcom_q6v5_pas 32300000.remoteproc-cdsp: Direct firmware load for cdsp.b11 failed with error -2
[    7.921029] qcom_q6v5_pas 32300000.remoteproc-cdsp: Falling back to sysfs fallback for: cdsp.b11
[    7.922063] qcom_q6v5_pas 3000000.remoteproc-adsp: Direct firmware load for adsp.b12 failed with error -2
[    7.922066] qcom_q6v5_pas 3000000.remoteproc-adsp: Falling back to sysfs fallback for: adsp.b12
[    7.924587] qcom_q6v5_pas 32300000.remoteproc-cdsp: Direct firmware load for cdsp.b12 failed with error -2
[    7.924590] qcom_q6v5_pas 32300000.remoteproc-cdsp: Falling back to sysfs fallback for: cdsp.b12
[    7.926322] qcom_q6v5_pas 3000000.remoteproc-adsp: Direct firmware load for adsp.b13 failed with error -2
[    7.926325] qcom_q6v5_pas 3000000.remoteproc-adsp: Falling back to sysfs fallback for: adsp.b13
[    7.926943] cnss: PM relax, state: 0x2c00009, count: 0
[    7.928588] qcom_q6v5_pas 32300000.remoteproc-cdsp: Direct firmware load for cdsp.b13 failed with error -2
[    7.928591] qcom_q6v5_pas 32300000.remoteproc-cdsp: Falling back to sysfs fallback for: cdsp.b13
[    7.929165] cnss: Received QMI WLFW FW memory ready indication
[    7.929171] cnss: Posting event: FW_MEM_READY(3), state: 0x2c00009 flags: 0x0
[    7.929174] cnss: PM stay awake, state: 0x2c00009, count: 1
[    7.929177] cnss: PM relax, state: 0x2c00009, count: 0
[    7.929190] cnss: PM stay awake, state: 0x2c00009, count: 1
[    7.929195] cnss: Processing driver event: FW_MEM_READY(3), state: 0x2c00009
[    7.929197] cnss: Sending target capability message, state: 0x2c0000b
[    7.931618] cnss: Device frequency is 19200000 HZ
[    7.931625] cnss: FW_PMU Data: VDD_PMU_AON_I 1 900 0 450
[    7.931627] cnss: VDD_PMU_AON_I mapped to s4e
[    7.931628] cnss: Plat VReg Data: s4e 914 0
[    7.931630] cnss: FW_PMU Data: VDD095_PMU 1 930 0 475
[    7.931631] cnss: VDD095_PMU mapped to s5g
[    7.931632] cnss: Plat VReg Data: s5g 946 0
[    7.931633] cnss: FW_PMU Data: VDD095_MX_PMU 1 960 0 540
[    7.931634] cnss: VDD095_MX_PMU mapped to s2g
[    7.931635] cnss: Plat VReg Data: s2g 974 0
[    7.931636] cnss: FW_PMU Data: VDD095_PMU_BT 1 900 0 540
[    7.931637] cnss: VDD095_PMU_BT mapped to s4e
[    7.931638] cnss: Plat VReg Data: s4e 914 0
[    7.931639] cnss: FW_PMU Data: VDD09_PMU_RFA_I 1 850 0 0
[    7.931641] cnss: VDD09_PMU_RFA_I mapped to s4e
[    7.931642] cnss: Plat VReg Data: s4e 914 0
[    7.931643] cnss: FW_PMU Data: VDD13_PMU_PCIE_I 1 1025 0 0
[    7.931644] cnss: VDD13_PMU_PCIE_I mapped to s4g
[    7.931645] cnss: Plat VReg Data: s4g 1042 0
[    7.931646] cnss: FW_PMU Data: VDD13_PMU_RFA_I 1 1300 0 0
[    7.931647] cnss: VDD13_PMU_RFA_I mapped to s4g
[    7.931649] cnss: Plat VReg Data: s4g 1314 0
[    7.931649] cnss: FW_PMU Data: VDD19_PMU_PCIE_I 1 1850 0 0
[    7.931651] cnss: VDD19_PMU_PCIE_I mapped to s6g
[    7.931652] cnss: Plat VReg Data: s6g 1866 0
[    7.931653] cnss: FW_PMU Data: VDD19_PMU_RFA_I 1 1850 0 0
[    7.931654] cnss: VDD19_PMU_RFA_I mapped to s6g
[    7.931655] cnss: Plat VReg Data: s6g 1866 0
[    7.931657] cnss: s4e mapped to rf
[    7.931658] cnss: Sending AOP Mbox msg: {class: wlan_pdc, ss: rf, res: s4e.v, upval: 914}
[    7.932026] cnss: s5g mapped to bb
[    7.932029] cnss: Sending AOP Mbox msg: {class: wlan_pdc, ss: bb, res: s5g.v, upval: 946}
[    7.932199] qcom_q6v5_pas 3000000.remoteproc-adsp: Direct firmware load for adsp.b14 failed with error -2
[    7.932203] qcom_q6v5_pas 3000000.remoteproc-adsp: Falling back to sysfs fallback for: adsp.b14
[    7.932442] cnss: s2g mapped to bb
[    7.932447] cnss: Sending AOP Mbox msg: {class: wlan_pdc, ss: bb, res: s2g.v, upval: 974}
[    7.932851] cnss: s4g mapped to rf
[    7.932857] cnss: Sending AOP Mbox msg: {class: wlan_pdc, ss: rf, res: s4g.v, upval: 1314}
[    7.934182] cnss: s6g mapped to rf
[    7.934186] cnss: Sending AOP Mbox msg: {class: wlan_pdc, ss: rf, res: s6g.v, upval: 1866}
[    7.936081] cnss: Target capability: chip_id: 0x2, chip_family: 0x4, board_id: 0x31, soc_id: 0x40170200, otp_version: 0x0
[    7.936088] cnss: fw_version: 0x110c8586, fw_build_timestamp: 2025-08-25 13:49, fw_build_id: QC_IMAGE_VERSION_STRING=WLAN.HMT.1.1-01414.6-QCAHMTSWPL_V1.0_V2.0_SILICONZ-1.121323.2.124673.3, hwid_bitmap:0x0
[    7.936091] cnss: Hang event params, Length: 0x180, Offset Address: 0x1ec000
[    7.936095] cnss: Sending BDF download message, state: 0x2c0000b, type: 4
[    7.936099] cnss: FW name added with prefix: kiwi/regdb.bin
[    7.939282] cnss: Downloading BDF: kiwi/regdb.bin, size: 24278
[    7.952578] cnss: INI File 1 download
[    7.956422] cnss: Failed to get INI file wlan-connection-roaming.ini (-2), Backup file: Supported
[    7.956766] qcom_q6v5_pas 3000000.remoteproc-adsp: Direct firmware load for adsp.b15 failed with error -2
[    7.956775] qcom_q6v5_pas 3000000.remoteproc-adsp: Falling back to sysfs fallback for: adsp.b15
[    7.962395] qcom_q6v5_pas 3000000.remoteproc-adsp: Direct firmware load for adsp.b16 failed with error -2
[    7.962399] qcom_q6v5_pas 3000000.remoteproc-adsp: Falling back to sysfs fallback for: adsp.b16
[    7.962796] cnss: Failed to get INI file wlan-connection-roaming-backup.ini (-2)
[    7.962803] cnss: Sending BDF download message, state: 0x2c0000b, type: 1
[    7.962811] cnss: FW name added with prefix: kiwi/bdwlan.e31
[    7.968065] qcom_q6v5_pas 3000000.remoteproc-adsp: Direct firmware load for adsp.b17 failed with error -2
[    7.968073] qcom_q6v5_pas 3000000.remoteproc-adsp: Falling back to sysfs fallback for: adsp.b17
[    7.970810] cnss: Downloading BDF: kiwi/bdwlan.e31, size: 88760
[    7.972825] qcom_q6v5_pas 3000000.remoteproc-adsp: Direct firmware load for adsp.b18 failed with error -2
[    7.972831] qcom_q6v5_pas 3000000.remoteproc-adsp: Falling back to sysfs fallback for: adsp.b18
[    7.976472] qcom_q6v5_pas 3000000.remoteproc-adsp: Direct firmware load for adsp.b19 failed with error -2
[    7.976477] qcom_q6v5_pas 3000000.remoteproc-adsp: Falling back to sysfs fallback for: adsp.b19
[    7.982695] adsprpc: fastrpc_restart_notifier_cb: cdsp subsystem is up
[    7.982704] remoteproc remoteproc2: remote processor 32300000.remoteproc-cdsp is now up
[    7.983337] qcom_smd_qrtr_probe:SMD QRTR driver probed
[    7.983658] coresight-remote-etm soc:turing_etm0: Connection established between QMI handle and 13 service
[    7.986846] Info: adsprpc (97): kworker/0:11: fastrpc_rpmsg_probe: opened rpmsg channel for cdsp
[    7.988338] cdsprm: resmgr pdkill config set to 0
[    7.989214] msm_cvp: warn: cvp_dsp_send_hfi_queue: Done init of HFI queue headers
[    7.990365] qcom,msm_ipclite_rpmsg 32300000.remoteproc-cdsp:glink-edge.ipcliteglink-apps-dsp.-1.-1: rpmsg_probe for ipc_lite done
[    7.994957] qcom_q6v5_pas 3000000.remoteproc-adsp: Direct firmware load for adsp.b20 failed with error -2
[    7.994962] qcom_q6v5_pas 3000000.remoteproc-adsp: Falling back to sysfs fallback for: adsp.b20
[    7.998663] qcom_q6v5_pas 3000000.remoteproc-adsp: Direct firmware load for adsp.b21 failed with error -2
[    7.998668] qcom_q6v5_pas 3000000.remoteproc-adsp: Falling back to sysfs fallback for: adsp.b21
[    8.001401] qcom_q6v5_pas 3000000.remoteproc-adsp: Direct firmware load for adsp.b22 failed with error -2
[    8.001406] qcom_q6v5_pas 3000000.remoteproc-adsp: Falling back to sysfs fallback for: adsp.b22
[    8.005060] qcom_q6v5_pas 3000000.remoteproc-adsp: Direct firmware load for adsp.b23 failed with error -2
[    8.005067] qcom_q6v5_pas 3000000.remoteproc-adsp: Falling back to sysfs fallback for: adsp.b23
[    8.008414] qcom_q6v5_pas 3000000.remoteproc-adsp: Direct firmware load for adsp.b24 failed with error -2
[    8.008421] qcom_q6v5_pas 3000000.remoteproc-adsp: Falling back to sysfs fallback for: adsp.b24
[    8.015542] qcom_q6v5_pas 3000000.remoteproc-adsp: Direct firmware load for adsp.b25 failed with error -2
[    8.015551] qcom_q6v5_pas 3000000.remoteproc-adsp: Falling back to sysfs fallback for: adsp.b25
[    8.018154] cnss: Host BDF config: HW_XPA: 1 CalDB: 0
[    8.018163] cnss: FW name added with prefix: kiwi/phy_ucode20.elf
[    8.023967] qcom_q6v5_pas 3000000.remoteproc-adsp: Direct firmware load for adsp.b26 failed with error -2
[    8.023975] qcom_q6v5_pas 3000000.remoteproc-adsp: Falling back to sysfs fallback for: adsp.b26
[    8.024796] cnss: Sending M3 information message, state: 0x2c0000b
[    8.024803] cnss: M3 memory, va: 0x0000000000000000, pa: 0x00000000a2a00000, size: 0x4926c
[    8.027760] cnss: Sending QDSS config download message, state: 0x2c0000b
[    8.027769] cnss: FW name added with prefix: kiwi/qdss_trace_config_v2.cfg
[    8.027884] qcom_q6v5_pas 3000000.remoteproc-adsp: Direct firmware load for adsp.b27 failed with error -2
[    8.027886] qcom_q6v5_pas 3000000.remoteproc-adsp: Falling back to sysfs fallback for: adsp.b27
[    8.031238] cnss: Downloading QDSS: kiwi/qdss_trace_config_v2.cfg, size: 4911
[    8.033348] qcom_q6v5_pas 3000000.remoteproc-adsp: Direct firmware load for adsp.b28 failed with error -2
[    8.033352] qcom_q6v5_pas 3000000.remoteproc-adsp: Falling back to sysfs fallback for: adsp.b28
[    8.034937] cnss: PM relax, state: 0x2c0000b, count: 0
[    8.036421] qcom_q6v5_pas 3000000.remoteproc-adsp: Direct firmware load for adsp.b29 failed with error -2
[    8.036425] qcom_q6v5_pas 3000000.remoteproc-adsp: Falling back to sysfs fallback for: adsp.b29
[    8.040155] qcom_q6v5_pas 3000000.remoteproc-adsp: Direct firmware load for adsp.b30 failed with error -2
[    8.040159] qcom_q6v5_pas 3000000.remoteproc-adsp: Falling back to sysfs fallback for: adsp.b30
[    8.041716] cnss: Received QMI WLFW FW initialization done indication
[    8.041722] cnss: Posting event: FW_READY(4), state: 0x2c0000b flags: 0x0
[    8.041726] cnss: PM stay awake, state: 0x2c0000b, count: 1
[    8.041737] cnss: PM relax, state: 0x2c0000b, count: 0
[    8.041743] cnss: PM stay awake, state: 0x2c0000b, count: 1
[    8.041744] cnss: Processing driver event: FW_READY(4), state: 0x2c0000b
[    8.041747] cnss: Processing FW Init Done..
[    8.041749] cnss: PCIE Gen speed not setup
[    8.041750] cnss: Sending antenna switch sync request, state: 0x2c0000f
[    8.042942] qcom_q6v5_pas 3000000.remoteproc-adsp: Direct firmware load for adsp.b31 failed with error -2
[    8.042946] qcom_q6v5_pas 3000000.remoteproc-adsp: Falling back to sysfs fallback for: adsp.b31
[    8.043874] cnss: Antenna switch request failed, result: 1, err: 94
[    8.043880] cnss: CAL DB file not required as per BDF
[    8.043882] cnss: Sending cal file report request. File size: 8454144, state: 0x2c0000f
[    8.045928] qcom_q6v5_pas 3000000.remoteproc-adsp: Direct firmware load for adsp.b33 failed with error -2
[    8.045930] qcom_q6v5_pas 3000000.remoteproc-adsp: Falling back to sysfs fallback for: adsp.b33
[    8.048200] cnss: Sending mode message, mode: CALIBRATION(7), state: 0x2c0000f
[    8.048875] qcom_q6v5_pas 3000000.remoteproc-adsp: Direct firmware load for adsp.b34 failed with error -2
[    8.048878] qcom_q6v5_pas 3000000.remoteproc-adsp: Falling back to sysfs fallback for: adsp.b34
[    8.051452] qcom_q6v5_pas 3000000.remoteproc-adsp: Direct firmware load for adsp.b35 failed with error -2
[    8.051455] qcom_q6v5_pas 3000000.remoteproc-adsp: Falling back to sysfs fallback for: adsp.b35
[    8.053888] qcom_q6v5_pas 3000000.remoteproc-adsp: Direct firmware load for adsp.b36 failed with error -2
[    8.053889] qcom_q6v5_pas 3000000.remoteproc-adsp: Falling back to sysfs fallback for: adsp.b36
[    8.056505] qcom_q6v5_pas 3000000.remoteproc-adsp: Direct firmware load for adsp.b38 failed with error -2
[    8.056507] qcom_q6v5_pas 3000000.remoteproc-adsp: Falling back to sysfs fallback for: adsp.b38
[    8.059419] qcom_q6v5_pas 3000000.remoteproc-adsp: Direct firmware load for adsp.b39 failed with error -2
[    8.059423] qcom_q6v5_pas 3000000.remoteproc-adsp: Falling back to sysfs fallback for: adsp.b39
[    8.062128] qcom_q6v5_pas 3000000.remoteproc-adsp: Direct firmware load for adsp.b40 failed with error -2
[    8.062132] qcom_q6v5_pas 3000000.remoteproc-adsp: Falling back to sysfs fallback for: adsp.b40
[    8.065213] qcom_q6v5_pas 3000000.remoteproc-adsp: Direct firmware load for adsp.b41 failed with error -2
[    8.065217] qcom_q6v5_pas 3000000.remoteproc-adsp: Falling back to sysfs fallback for: adsp.b41
[    8.068768] qcom_q6v5_pas 3000000.remoteproc-adsp: Direct firmware load for adsp.b42 failed with error -2
[    8.068773] qcom_q6v5_pas 3000000.remoteproc-adsp: Falling back to sysfs fallback for: adsp.b42
[    8.072503] qcom_q6v5_pas 3000000.remoteproc-adsp: Direct firmware load for adsp.b43 failed with error -2
[    8.072507] qcom_q6v5_pas 3000000.remoteproc-adsp: Falling back to sysfs fallback for: adsp.b43
[    8.079714] qcom_q6v5_pas 3000000.remoteproc-adsp: Direct firmware load for adsp.b44 failed with error -2
[    8.079722] qcom_q6v5_pas 3000000.remoteproc-adsp: Falling back to sysfs fallback for: adsp.b44
[    8.083493] qcom_q6v5_pas 3000000.remoteproc-adsp: Direct firmware load for adsp.b45 failed with error -2
[    8.083499] qcom_q6v5_pas 3000000.remoteproc-adsp: Falling back to sysfs fallback for: adsp.b45
[    8.086534] qcom_q6v5_pas 3000000.remoteproc-adsp: Direct firmware load for adsp.b46 failed with error -2
[    8.086540] qcom_q6v5_pas 3000000.remoteproc-adsp: Falling back to sysfs fallback for: adsp.b46
[    8.089121] qcom_q6v5_pas 3000000.remoteproc-adsp: Direct firmware load for adsp.b47 failed with error -2
[    8.089126] qcom_q6v5_pas 3000000.remoteproc-adsp: Falling back to sysfs fallback for: adsp.b47
[    8.091770] qcom_q6v5_pas 3000000.remoteproc-adsp: Direct firmware load for adsp.b48 failed with error -2
[    8.091775] qcom_q6v5_pas 3000000.remoteproc-adsp: Falling back to sysfs fallback for: adsp.b48
[    8.095172] qcom_q6v5_pas 3000000.remoteproc-adsp: Direct firmware load for adsp.b49 failed with error -2
[    8.095177] qcom_q6v5_pas 3000000.remoteproc-adsp: Falling back to sysfs fallback for: adsp.b49
[    8.098060] qcom_q6v5_pas 3000000.remoteproc-adsp: Direct firmware load for adsp.b50 failed with error -2
[    8.098063] qcom_q6v5_pas 3000000.remoteproc-adsp: Falling back to sysfs fallback for: adsp.b50
[    8.101006] qcom_q6v5_pas 3000000.remoteproc-adsp: Direct firmware load for adsp.b51 failed with error -2
[    8.101008] qcom_q6v5_pas 3000000.remoteproc-adsp: Falling back to sysfs fallback for: adsp.b51
[    8.104694] qcom_q6v5_pas 3000000.remoteproc-adsp: Direct firmware load for adsp.b52 failed with error -2
[    8.104697] qcom_q6v5_pas 3000000.remoteproc-adsp: Falling back to sysfs fallback for: adsp.b52
[    8.107941] qcom_q6v5_pas 3000000.remoteproc-adsp: Direct firmware load for adsp.b53 failed with error -2
[    8.107943] qcom_q6v5_pas 3000000.remoteproc-adsp: Falling back to sysfs fallback for: adsp.b53
[    8.110761] qcom_q6v5_pas 3000000.remoteproc-adsp: Direct firmware load for adsp.b54 failed with error -2
[    8.110763] qcom_q6v5_pas 3000000.remoteproc-adsp: Falling back to sysfs fallback for: adsp.b54
[    8.218709] cnss: Removing vote for Regulator vdd-wlan-rfa2
[    8.218741] cnss: Removing vote for Regulator vdd-wlan-rfa1
[    8.218757] cnss: Removing vote for Regulator vdd-wlan-dig
[    8.218770] cnss: Removing vote for Regulator vdd-wlan-aon
[    8.218782] cnss: Removing vote for Regulator vdd-wlan
[    8.218795] cnss: Removing vote for Regulator vdd-wlan-io
[    8.218800] cnss: PM relax, state: 0x2c0000f, count: 0
[    8.218849] cnss: Received QMI WLFW pin connect result indication
[    8.218851] cnss: Pin connect Result: pwr_pin: 0x1 phy_io_pin: 0x0 rf_io_pin: 0x0
[    8.321735] [EGISFP] egisfp_ioctl : cmd = 0x7 
[    8.321744] [EGISFP] egisfp_ioctl : FP_RESET_SET 
[    8.321746] [EGISFP] do_egisfp_reset_set : reset_high_low = 0 
[    8.321764] [EGISFP] do_egisfp_reset_set : reset_pin value = 0 
[    8.321765] [EGISFP] egisfp_ioctl done 
[    8.321775] [EGISFP] egisfp_ioctl : cmd = 0x5 
[    8.321776] [EGISFP] egisfp_ioctl : FP_POWER_ONOFF 
[    8.321777] [EGISFP] do_egisfp_power_onoff : power_onoff = 0 
[    8.321971] [EGISFP] egisfp_vreg_setup : regulator disable, ret = 0 
[    8.374227] [EGISFP] do_egisfp_power_onoff : power_pin value = 0 
[    8.374233] [EGISFP] egisfp_ioctl done 
[    8.382399] adsprpc: fastrpc_restart_notifier_cb: lpass subsystem is up
[    8.382409] remoteproc remoteproc1: remote processor 3000000.remoteproc-adsp is now up
[    8.382693] cnss: DRV subsystem is connected
[    8.383586] qcom_smd_qrtr_probe:SMD QRTR driver probed
[    8.383953] coresight-remote-etm soc:audio_etm0: Connection established between QMI handle and 5 service
[    8.387689] Info: adsprpc (97): kworker/0:11: fastrpc_rpmsg_probe: opened rpmsg channel for lpass
[    8.388852] qcom,gpr 3000000.remoteproc-adsp:glink-edge.adsp_apps.-1.-1: Adding GPR dev: gprsvc:spf_core:2:3
[    8.389401] spf_core_probe
[    8.389850] qcom,gpr 3000000.remoteproc-adsp:glink-edge.adsp_apps.-1.-1: Adding GPR dev: gprsvc:audio-pkt:2:17
[    8.390609] qcom,gpr 3000000.remoteproc-adsp:glink-edge.adsp_apps.-1.-1: Adding GPR dev: gprsvc:q6prm:2:7
[    8.390785] spf_core_add_child_devices:enumarate machine driver
[    8.390797] spf-core-platform soc:spf_core_platform: __spf_core_is_apm_ready: send_command ret
[    8.390806] qcom,gpr 3000000.remoteproc-adsp:glink-edge.adsp_apps.-1.-1: gpr_send_pkt: domain_id[2], Still Dsp is not Up
[    8.390912] audio_notifier_reg_service: service PDR_ADSP is in use
[    8.390919] audio_prm_service_cb: Service opcode 0x0
[    8.390924] audio_prm_probe: prm probe success
[    8.391109] qcom,gpr 3000000.remoteproc-adsp:glink-edge.adsp_apps.-1.-1: gpr_probe: gpr-lite probe success
[    8.391485] qcom,gpr 3000000.remoteproc-adsp:glink-edge.adsp_apps.-1.-1: gpr_notifier_register: registered via subsys_notif_register for domain id(2)
[    8.391712] qcom rproc: 32300000.remoteproc-cdsp: recovery disabled
[    8.391752] qcom rproc: 32300000.remoteproc-cdsp: recovery enabled
[    8.391763] adsp_sleepmon: Received ADSP version 0x2
[    8.400389] qcom rproc: 4080000.remoteproc-mss: recovery disabled
[    8.400417] qcom rproc: 4080000.remoteproc-mss: recovery disabled
[    8.400437] qcom rproc: 4080000.remoteproc-mss: recovery disabled
[    8.400459] qcom rproc: 4080000.remoteproc-mss: recovery enabled
[    8.408418] cnss: Enable WLAN recovery, count is 2
[    8.408427] cnss: Disable PCSS recovery, count is 2
[    8.408430] cnss: Sending pcss recovery status: 0
[    8.410586] cnss: req 55 success
[    8.413757] init: wait for '/sys/class/leds/cs40l25:vibrator/device' took 0ms
[    8.435754] read descriptors
[    8.435762] read strings
[    8.435816] read descriptors
[    8.435819] read strings
[    8.436935] read descriptors
[    8.436942] read strings
[    8.440905] spf-core-platform soc:spf_core_platform: __spf_core_is_apm_ready: send_command ret
[    8.440929] qcom,gpr 3000000.remoteproc-adsp:glink-edge.adsp_apps.-1.-1: gpr_send_pkt: domain_id[2], Still Dsp is not Up
[    8.491024] spf-core-platform soc:spf_core_platform: __spf_core_is_apm_ready: send_command ret
[    8.491053] qcom,gpr 3000000.remoteproc-adsp:glink-edge.adsp_apps.-1.-1: gpr_send_pkt: domain_id[2], Still Dsp is not Up
[    8.541147] spf-core-platform soc:spf_core_platform: __spf_core_is_apm_ready: send_command ret
[    8.541177] qcom,gpr 3000000.remoteproc-adsp:glink-edge.adsp_apps.-1.-1: gpr_send_pkt: domain_id[2], Still Dsp is not Up
[    8.591273] spf-core-platform soc:spf_core_platform: __spf_core_is_apm_ready: send_command ret
[    8.591303] qcom,gpr 3000000.remoteproc-adsp:glink-edge.adsp_apps.-1.-1: gpr_send_pkt: domain_id[2], Still Dsp is not Up
[    8.600379] i2c_geni 888000.i2c: i2c error :-107
[    8.641395] spf-core-platform soc:spf_core_platform: __spf_core_is_apm_ready: send_command ret
[    8.641478] qcom,gpr 3000000.remoteproc-adsp:glink-edge.adsp_apps.-1.-1: gpr_send_pkt: domain_id[2], Still Dsp is not Up
[    8.691598] spf-core-platform soc:spf_core_platform: __spf_core_is_apm_ready: send_command ret
[    8.691629] qcom,gpr 3000000.remoteproc-adsp:glink-edge.adsp_apps.-1.-1: gpr_send_pkt: domain_id[2], Still Dsp is not Up
[    8.741751] spf-core-platform soc:spf_core_platform: __spf_core_is_apm_ready: send_command ret
[    8.741779] qcom,gpr 3000000.remoteproc-adsp:glink-edge.adsp_apps.-1.-1: gpr_send_pkt: domain_id[2], Still Dsp is not Up
[    8.791874] spf-core-platform soc:spf_core_platform: __spf_core_is_apm_ready: send_command ret
[    8.791903] qcom,gpr 3000000.remoteproc-adsp:glink-edge.adsp_apps.-1.-1: gpr_send_pkt: domain_id[2], Still Dsp is not Up
[    8.801763] rmt_storage:INFO:check_support_using_libmdm: Modem subsystem found on target!
[    8.802101] rmt_storage:INFO:main: Done with init now waiting for messages!
[    8.804350] msm_vidc:     fw: <VFW_E:HostDr:unkn:--------:--> VenusHostDriver_ParseC2SysPacket(1072): licence unique code is not matched
[    8.804699] PDR: service lookup for msm/adsp/charger_pd:tms/servreg failed: -6
[    8.805818] adsprpc: fastrpc_pdr_cb: msm/adsp/sensor_pd (sensors_pdr_adsprpc) is up for PDR on lpass
[    8.806144] audio_notifier_service_cb: service PDR_ADSP, opcode 0x1
[    8.806146] adsprpc: fastrpc_pdr_cb: msm/adsp/audio_pd (audio_pdr_adsprpc) is up for PDR on lpass
[    8.806151] qcom,gpr 3000000.remoteproc-adsp:glink-edge.adsp_apps.-1.-1: gpr_adsp_up: Q6 is Up
[    8.806156] audio_prm_service_cb: Service opcode 0x1
[    8.808432] Error: adsprpc (4256): sscrpcd: fastrpc_get_info_from_dsp: could not obtain dsp information, err val -2147482112
[    8.841992] spf-core-platform soc:spf_core_platform: __spf_core_is_apm_ready: send_command ret
[    8.842227] qcom-spf_core gprsvc:spf_core:2:3: spf_core_callback: Payload 2001007
[    8.842236] qcom-spf_core gprsvc:spf_core:2:3: spf_core_callback: sucess response received
[    8.842296] spf-core-platform soc:spf_core_platform: spf_core_add_child_devices: apm is up
[    8.843501] msm_vidc:     fw: <VFW_E:HostDr:unkn:--------:--> VenusHostDriver_ParseC2SysPacket(1072): licence unique code is not matched
[    8.843847] msm-audio-ion soc:spf_core_platform:qcom,msm-audio-ion: Adding to iommu group 52
[    8.844371] msm-audio-ion soc:spf_core_platform:qcom,msm-audio-ion: msm_audio_ion_probe: msm_audio_ion_probe
[    8.845130] msm-audio-ion soc:spf_core_platform:qcom,msm-audio-ion-cma: msm_audio_ion_probe: msm_audio_ion_probe
[    8.864892] msm_cdc_pinctrl_get_gpiodata: platform device not found!
[    8.864916] lpass_cdc_va_macro va-macro: lpass_cdc_va_macro_probe: failed to get swr pin state
[    8.865428] lpass_cdc_tx_macro tx-macro: lpass_cdc_tx_macro_probe: va-macro not registered yet, defer
[    8.865916] lpass_cdc_rx_macro rx-macro: lpass_cdc_rx_macro_probe: va-macro not registered yet, defer
[    8.866797] wcd938x_codec wcd938x-codec: msm_cdc_dt_parse_vreg_info: cdc-vdd-rxtx: vol=[1800000 1800000]uV, curr=[30000]uA, ond 0 lpm 1
[    8.866811] wcd938x_codec wcd938x-codec: msm_cdc_dt_parse_vreg_info: cdc-vddio: vol=[1800000 1800000]uV, curr=[30000]uA, ond 0 lpm 1
[    8.866822] wcd938x_codec wcd938x-codec: msm_cdc_dt_parse_vreg_info: cdc-vdd-mic-bias: vol=[3400000 3960000]uV, curr=[30000]uA, ond 0 lpm 0
[    8.866832] wcd938x_codec wcd938x-codec: msm_cdc_dt_parse_vreg_info: cdc-vdd-buck: vol=[1800000 1800000]uV, curr=[650000]uA, ond 1 lpm 1
[    8.869802] msm_cdc_pinctrl_get_gpiodata: platform device not found!
[    8.869813] lpass_cdc_va_macro va-macro: lpass_cdc_va_macro_probe: failed to get swr pin state
[    8.869955] lpass_cdc_tx_macro tx-macro: lpass_cdc_tx_macro_probe: va-macro not registered yet, defer
[    8.870084] lpass_cdc_rx_macro rx-macro: lpass_cdc_rx_macro_probe: va-macro not registered yet, defer
[    8.870828] msm-cdc-pinctrl soc:spf_core_platform:tx_swr_clk_data_pinctrl: msm_cdc_pinctrl_get_gpiodata: cannot find cdc gpio info
[    8.870832] lpass_cdc_va_macro va-macro: lpass_cdc_va_macro_probe: failed to get swr pin state
[    8.872181] lpass_cdc_tx_macro tx-macro: lpass_cdc_tx_macro_probe: va-macro not registered yet, defer
[    8.872439] lpass_cdc_rx_macro rx-macro: lpass_cdc_rx_macro_probe: va-macro not registered yet, defer
[    8.873462] lpass_cdc_va_macro va-macro: lpass_cdc_register_macro: register macro successful:3
[    8.873609] lpass_cdc_tx_macro tx-macro: lpass_cdc_register_macro: register macro successful:0
[    8.874271] lpass_cdc_rx_macro rx-macro: lpass_cdc_register_macro: register macro successful:1
[    8.875041] prm_gpr_send_pkt: apm ready check not done
[    8.875269] qcom-spf_core gprsvc:spf_core:2:3: spf_core_callback: Payload 2001007
[    8.875278] qcom-spf_core gprsvc:spf_core:2:3: spf_core_callback: sucess response received
[    8.875309] prm_gpr_send_pkt: apm ready check done
[    8.888006] msm_vidc:     fw: <VFW_E:HostDr:unkn:--------:--> VenusHostDriver_ParseC2SysPacket(1072): licence unique code is not matched
[    8.892492] swr-wcd rx_swr_ctrl: swrm_get_logical_dev_num: devnum 1 assigned for dev d01170224
[    8.892502] wcd938x_codec wcd938x-codec: bound wcd938x-slave.d01170224 (ops wcd938x_slave_comp_ops [wcd938x_slave_dlkm])
[    8.892639] swr-wcd va_swr_ctrl: swrm_get_logical_dev_num: devnum 1 assigned for dev d01170223
[    8.892642] wcd938x_codec wcd938x-codec: bound wcd938x-slave.d01170223 (ops wcd938x_slave_comp_ops [wcd938x_slave_dlkm])
[    8.897864] wcd938x_codec wcd938x-codec: wcd938x_soc_codec_probe()
[    8.898453] ------------[ cut here ]------------
[    8.898457] Voluntary context switch within RCU read-side critical section!
[    8.898462] WARNING: CPU: 4 PID: 719 at kernel/rcu/tree_plugin.h:316 rcu_note_context_switch+0x338/0x6b8
[    8.898472] Modules linked in: sony_camera(OE) slg51000_regulator(OE) lxs_touchscreen(OE) wlan(OE) ipa_clientsm(OE) rndisipam(OE) ipanetm(OE) camera(OE) ipam(OE) msm_drm(OE) msm_kgsl(OE) qdss_bridge(E) coresight_tmc(E) usb_f_gsi(E) gsim(OE) usb_f_qdss(E) machine_dlkm(OE) mac80211(E) rmnet_perf_tether(OE) lpass_cdc_wsa2_macro_dlkm(OE) lpass_cdc_tx_macro_dlkm(OE) lpass_cdc_rx_macro_dlkm(OE) lpass_cdc_va_macro_dlkm(OE) lpass_cdc_wsa_macro_dlkm(OE) swr_dmic_dlkm(OE) stm_console(E) atmel_mxt_ts(OE) rmnet_aps(OE) pt_device_access(OE) rmnet_shs(OE) rmnet_wlan(OE) rmnet_perf(OE) rmnet_offload(OE) msm_eva(OE) stm_p_basic(E) coresight_stm(E) slim_qcom_ngd_ctrl(E) bt_fm_slim(OE) somc_battchg_ext(OE) wcd938x_dlkm(OE) swr_ctrl_dlkm(OE) wcd9xxx_dlkm(OE) adsp_loader_dlkm(OE) audio_prm_dlkm(OE) lpass_cdc_dlkm(OE) pinctrl_lpi_dlkm(OE) audio_pkt_dlkm(OE) pt_i2c(OE) repeater_qti_pmic_eusb2(E) qcom_pon(E) microdump_collector(E) qsee_ipc_irq_bridge(E) msm_video(OE) nxp_nci(OE) goodix_ts(OE)
[    8.898516] nt36xxx_i2c(OE) pt_ts(OE) swr_haptics_dlkm(OE) glink_probe(E) spf_core_dlkm(OE) gpr_dlkm(OE) q6_notifier_dlkm(OE) wsa883x_dlkm(OE) stm_p_ost(E) mhi_dev_uci(E) msm_mmrm(OE) wsa884x_dlkm(OE) wcd938x_slave_dlkm(OE) rmnet_sch(OE) sync_fence(OE) qcom_q6v5_pas(E) stm_ftrace(E) leds_qti_flash(E) rmnet_core(OE) cnss2(OE) rmnet_ctl(OE) qrtr_smd(E) rdtags(OE) cnss_nl(OE) frpc_adsprpc(E) camera_sync(OE) charger_ulog_glink(E) coresight_tpda(E) last_logs(OE) qrtr_gunyah(E) coresight_cti(E) memlat_scmi(E) spcom(E) qrng_dlkm(OE) cirrus_cs35l45(OE) coresight_hwevent(E) btpower(OE) qcrypto_msm_dlkm(OE) mbhc_dlkm(OE) gh_tlmm_vm_mem_access(E) qcedev_mod_dlkm(OE) mhi_cntrl_qcom(E) coresight_tpdm(E) altmode_glink(E) mhi_dev_satellite(E) slimbus(E) wlan_firmware_service(OE) cfg80211(E) qti_battery_debug(E) qcom_spmi_temp_alarm(E) qrtr_mhi(E) phy_qcom_ufs_qmp_v4_khaje(E) cirrus_wm_adsp(OE) cnss_prealloc(OE) cnss_plat_ipc_qmi_svc(OE) coresight_tgu(E) leds_qti_tri_led(E)
[    8.898558] snd_usb_audio_qmi(E) coresight_funnel(E) spss_utils(E) qbt_handler(E) qce50_dlkm(OE) stub_dlkm(OE) phy_msm_m31_eusb2(E) smsc(E) core_hang_detect(E) audpkt_ion_dlkm(OE) phy_msm_snps_eusb2(E) bcl_soc(E) mmc_log_probes(E) reboot_mode(E) repeater_i2c_eusb2(E) qcom_lpm(E) cdsp_loader(E) cdsprm(E) icc_test(E) msm_hw_fence(OE) usb_f_cdev(E) cpu_voltage_cooling(E) ucsi_glink(E) max31760_fan(E) qcom_edac(E) synaptics_tcm_ts(OE) gh_irq_lend(E) ddr_cdev(E) dwc3_msm(E) qti_fixed_regulator(E) realtek(E) pm8941_pwrkey(E) spmi_glink_debug(E) qti_battery_charger(E) cirrus_cs40l2x_codec(OE) sys_pm_vx(E) smcinvoke_dlkm(OE) qcom_spmi_adc5_gen3(E) cirrus_cs40l2x(OE) et603_int(OE) hdcp_qseecom_dlkm(OE) ipa_fmwk(E) radio_i2c_rtc6226_qca(OE) swr_dlkm(OE) mhi_dev_dtr(E) qcom_pil_info(E) qcom_q6v5(E) stm_core(E) usb_bam(E) qti_qmi_cdev(E) snd_event_dlkm(OE) qti_qmi_sensor_v2(E) tz_log_dlkm(OE) pmic_pon_log(E) qti_ocp_notifier(E) wcd_core_dlkm(OE) q6_dlkm(OE) rdbg(E) hdmi_dlkm(OE)
[    8.898599] msm_show_epoch(E) msm_memshare(E) q6_pdr_dlkm(OE) qcom_spss(E) pmic_glink(E) msm_ext_display(OE) spmi_pmic_arb_debug(E) qcom_va_minidump(E) coresight_replicator(E) msm_performance(E) coresight_dummy(E) coresight_csr(E) hung_task_enh(E) memlat(E) coresight_remote_etm(E) gh_mem_notifier(E) snd_soc_hdmi_codec(E) nvmem_qfprom(E) smsc95xx(E) phy_msm_ssusb_qmp(E) qcom_iommu_debug(E) gpucc_kalama(E) panel_event_notifier(E) bam_dma(E) sysmon_subsystem_stats(E) qcom_esoc(E) usbmon(E) ehset(E) repeater(E) cnss_utils(OE) pinctrl_spmi_mpp(E) dmesg_dumper(E) redriver(E) sg(E) pinctrl_spmi_gpio(E) rq_stats(E) memlat_vendor(E) qcom_vadc_common(E) usb_f_diag(E) qseecom_proxy(E) glink_pkt(E) msm_gpi(E) subsystem_sleep_stats(E) eud(E) boot_stats(E) synx_driver(E) coresight(E) qti_devfreq_cdev(E) lt9611uxc(E) msm_sharedmem(E) phy_generic(E) hvc_gunyah(E) sps_drv(E) r8168(E) qcom_cpufreq_hw_debug(E) qcom_glink_spss(E) adsp_sleepmon(E) qcom_ramdump(E) mhi_dev_netdev(E)
[    8.898642] heap_mem_ext_v01(E) spi_msm_geni(E) smsc75xx(E) phy_qcom_ufs_qmp_v4_waipio(E) f_fs_ipc_log(E) usb_f_ccid(E) pdr_interface(E) i2c_msm_geni(E) qcom_cpuss_sleep_stats(E) msm_geni_serial(E) qcom_sysmon(E) rimps_log(E) qti_userspace_cdev(E) soc_sleep_stats(E) qcom_ipc_lite(E) i3c_master_msm_geni(E) phy_qcom_ufs_qmp_v4(E) policy_engine(E) msm_lmh_dcvs(E) mhi(E) qmi_helpers(E) sdpm_clk(E) qti_cpufreq_cdev(E) phy_qcom_emu(E) smp2p(E) debugcc_kalama(E) smp2p_sleepstate(E) pci_msm_drv(E) pinctrl_somc_pmic(E) pwm_qti_lpg(E) rproc_qcom_common(E) qcom_smd(E) qcom_glink_smem(E) qcom_glink(E) msm_show_resume_irq(E) msm_sysstats(E) zram(E) wakeup_irq_debug(E) zsmalloc(E) nvme(E) nvme_core(E) bcl_pmic5(E) c1dcvs_scmi(E) c1dcvs_vendor(E) qcom_rimps(E) sdhci_msm(E) arm_smmu(E) ufs_qcom(E) ufshcd_crypto_qti(E) msm_qmp(E) qcom_aoss(E) stub_regulator(E) socinfo(E) rtc_pm8xxx(E) qrtr(E) qcom_reboot_reason(E) spmi_pmic_arb(E) qcom_spmi_pmic(E) regmap_spmi(E) qti_regmap_debugfs(E)
[    8.898682] pmu_scmi(E) pmu_vendor(E) qcom_pmu_lib(E) qcom_llcc_pmu(E) qcom_iommu_util(E) qcom_logbuf_vh(E) debug_symbol(E) qcom_dload_mode(E) pinctrl_somc(E) phy_qcom_ufs_qrbtc_sdm845(E) phy_qcom_ufs_qmp_v4_kalama(E) phy_qcom_ufs(E) nvmem_qcom_spmi_sdam(E) ns(E) qnoc_kalama(E) qnoc_qos(E) pinctrl_kalama(E) pinctrl_msm(E) memory_dump_v2(E) mem_buf(E) qcom_dma_heaps(E) msm_dma_iommu_mapping(E) mem_buf_msgq(E) mem_buf_dev(E) mem_hooks(E) llcc_qcom(E) iommu_logger(E) gunyah(E) mdt_loader(E) secure_buffer(E) gh_ctrl(E) videocc_kalama(E) tcsrcc_kalama(E) dispcc_kalama(E) dcc_v2(E) crypto_qti_common(E) crypto_qti_hwkm(E) hwkm(E) tmecom_intf(E) cqhci(E) clk_dummy(E) cpu_hotplug(E) thermal_pause(E) sched_walt(E) qcom_cpufreq_hw(E) bwmon(E) qcom_dcvs(E) dcvs_fp(E) rpmh_regulator(E) qcom_tsens(E) thermal_minidump(E) qcom_pdc(E) qcom_ipcc(E) camcc_kalama(E) icc_rpmh(E) icc_debug(E) icc_bcm_voter(E) gcc_kalama(E) clk_qcom(E) gdsc_regulator(E) debug_regulator(E) proxy_consumer(E)
[    8.898723] clk_rpmh(E) qcom_rpmh(E) cmd_db(E) qcom_ipc_logging(E) qcom_cpu_vendor_hooks(E) gh_virt_wdt(E) qcom_wdt_core(E) qcom_scm(E) minidump(E) smem(E) qcom_hwspinlock(E) gh_rm_drv(E) gh_dbl(E) gh_msgq(E) gh_arm_drv(E)
[    8.898734] CPU: 4 PID: 719 Comm: kworker/4:7 Tainted: G S      W  OE     5.15.189-android13-8-00016-g51bba4309aac-ab14546557 #1
[    8.898737] Hardware name: Sony Corporation. PDX-234 J(Kalama QRD) (DT)
[    8.898739] Workqueue: events power_supply_changed_work.cfi_jt
[    8.898750] pstate: 624000c5 (nZCv daIF +PAN -UAO +TCO -DIT -SSBS BTYPE=--)
[    8.898752] pc : rcu_note_context_switch+0x338/0x6b8
[    8.898755] lr : rcu_note_context_switch+0x338/0x6b8
[    8.898757] sp : ffffffc014273a20
[    8.898758] x29: ffffffc014273a30 x28: ffffffdf238f9000 x27: ffffff803369ec00
[    8.898761] x26: 0000000000000000 x25: ffffff8a788f2340 x24: ffffff803369ec10
[    8.898764] x23: ffffffab55016000 x22: ffffffdf238dc340 x21: ffffffdf22d0fd96
[    8.898767] x20: 0000000000000000 x19: ffffff803369ec00 x18: ffffffc00a9e3080
[    8.898769] x17: ffffffffffffffff x16: 0000000000000002 x15: 0000000000000004
[    8.898771] x14: ffffff8a6c720000 x13: 0000000000001fff x12: 0000000000000003
[    8.898774] x11: 00000000ffffdfff x10: ffffffdf239d81a8 x9 : 17eb2c0a7aa54600
[    8.898776] x8 : 17eb2c0a7aa54600 x7 : 205b5d3735343839 x6 : 382e38202020205b
[    8.898778] x5 : ffffff8030fbe055 x4 : ffffffc01427362f x3 : 0000000000000000
[    8.898781] x2 : 0000000000000000 x1 : ffffffc014273790 x0 : 000000000000003f
[    8.898784] Call trace:
[    8.898785] rcu_note_context_switch+0x338/0x6b8
[    8.898787] __schedule+0xc4/0xb8c
[    8.898795] schedule+0x150/0x254
[    8.898797] schedule_preempt_disabled+0x2c/0x4c
[    8.898800] __mutex_lock+0x360/0xb00
[    8.898803] __mutex_lock_slowpath+0x18/0x28
[    8.898806] mutex_lock+0x48/0x12c
[    8.898809] battery_chg_write+0x54/0xc8 [qti_battery_charger]
[    8.898816] usb_psy_get_prop+0xd8/0x1d8 [qti_battery_charger]
[    8.898820] power_supply_get_property+0x48/0xb8
[    8.898826] somc_bcext_psy_notifier_cb+0xac/0x18c [somc_battchg_ext]
[    8.898836] atomic_notifier_call_chain+0x8c/0x138
[    8.898839] power_supply_changed_work+0xe8/0x310
[    8.898841] process_one_work+0x248/0x55c
[    8.898849] worker_thread+0x3b0/0x740
[    8.898852] kthread+0x168/0x1dc
[    8.898858] ret_from_fork+0x10/0x20
[    8.898862] ---[ end trace 3f4323f00206c208 ]---
[    8.900144] input: SOMC Charger Removal as /devices/platform/soc/soc:qcom,pmic_glink/soc:qcom,pmic_glink:somc,battchg_ext/input/input7
[    8.902151] battchg_ext: idtp9382a_irq_handler: irq_status=1
[    8.907988] msm_vidc:     fw: <VFW_E:HostDr:unkn:--------:--> VenusHostDriver_ParseC2SysPacket(1072): licence unique code is not matched
[    8.923684] msm_vidc:     fw: <VFW_E:HostDr:unkn:--------:--> VenusHostDriver_ParseC2SysPacket(1072): licence unique code is not matched
[    8.936942] input: kalama-qrd-snd-card Headset Jack as /devices/platform/soc/soc:spf_core_platform/soc:spf_core_platform:sound/sound/card0/input5
[    8.936977] input: kalama-qrd-snd-card Button Jack as /devices/platform/soc/soc:spf_core_platform/soc:spf_core_platform:sound/sound/card0/input6
[    8.937034] kalama-asoc-snd soc:spf_core_platform:sound: msm_asoc_machine_probe: Sound card kalama-qrd-snd-card registered
[    8.937615] kalama-asoc-snd soc:spf_core_platform:sound: msm_common_snd_init: No DT match for tdm clk attribute, set to default
[    8.937618] kalama-asoc-snd soc:spf_core_platform:sound: msm_common_snd_init: No DT match for mi2s clk attribute, set to default
[    8.937750] kalama-asoc-snd soc:spf_core_platform:sound: num_links 33 
[    8.938453] audio_prm_callback: Failed response received
[    8.938472] prm_gpr_send_pkt: DSP returned error 2
[    8.938482] msm_set_upd_config: upd cdc duty cycling registration failed
[    8.940656] msm_vidc:     fw: <VFW_E:HostDr:unkn:--------:--> VenusHostDriver_ParseC2SysPacket(1072): licence unique code is not matched
[    8.975230] msm_vidc:     fw: <VFW_E:HostDr:unkn:--------:--> VenusHostDriver_ParseC2SysPacket(1072): licence unique code is not matched
[    8.986431] android.hardware.health-service.qti: opened battery/capacity after 4 retries
[    8.986630] android.hardware.health-service.qti: Read Batt Capacity after 4 retries ret : 1
[    8.986941] healthd: batteryCapacityLevelPath not found
[    8.986977] android.hardware.health-service.qti: Starting health HAL.
[    8.992013] healthd: battery l=97 v=4147 t=30.0 h=2 st=3 c=-2147880 fc=4434000 cc=17 chg=
[    9.018195] msm_vidc:     fw: <VFW_E:HostDr:unkn:--------:--> VenusHostDriver_ParseC2SysPacket(1072): licence unique code is not matched
[    9.041864] kgsl-3d 3d00000.qcom,kgsl-3d0: Direct firmware load for a740_sqe.fw failed with error -2
[    9.041873] kgsl-3d 3d00000.qcom,kgsl-3d0: Falling back to sysfs fallback for: a740_sqe.fw
[    9.044551] logd: logdr: UID=2987 GID=2987 PID=2101 b tail=0 logMask=8b pid=0 start=0ns deadline=0ns
[    9.049105] lxs_ts 2-0028: after probe start 
[    9.049113] lxs_ts 2-0028: start init work
[    9.049138] lxs_ts 2-0028: LXS(SW82907) after probe start(0.01b-f1)
[    9.049143] lxs_ts 2-0028: lxs_ts_after_probe_func: change power status to power on
[    9.049145] lxs_ts 2-0028: SW82907 reg quirks: [0] 0022h -> 0020h
[    9.049147] lxs_ts 2-0028: SW82907 reg quirks: [1] 0024h -> 0022h
[    9.049149] lxs_ts 2-0028: SW82907 reg quirks: [2] 0005h -> 0004h
[    9.049151] lxs_ts 2-0028: SW82907 reg quirks: [3] 0047h -> 0045h
[    9.049152] lxs_ts 2-0028: SW82907 reg quirks: [4] 0C6Eh -> FFFFh
[    9.049154] lxs_ts 2-0028: SW82907 reg quirks: [5] 0289h -> FFFFh
[    9.049155] lxs_ts 2-0028: SW82907 reg quirks: t 6, m 0
[    9.049156] lxs_ts 2-0028: [opt summary]
[    9.049157] lxs_ts 2-0028:  f_flex_report   : 1
[    9.049159] lxs_ts 2-0028:  f_grab_en       : 1
[    9.049160] lxs_ts 2-0028:  t_sw_rst        : 5
[    9.049161] lxs_ts 2-0028:  t_clock         : 4
[    9.049162] lxs_ts 2-0028:  t_oled          : 2
[    9.049163] lxs_ts 2-0028:  t_tc_cmd        : 10
[    9.049164] lxs_ts 2-0028:  t_tc_quirk      : 1
[    9.049165] lxs_ts 2-0028:  drv_reset_low   : 5 ms
[    9.049166] lxs_ts 2-0028:  drv_delay       : 30 ms
[    9.049168] lxs_ts 2-0028: [tc cmd set] (mode bit 0007h)
[    9.049169] lxs_ts 2-0028:  0001h [LP  ] 
[    9.049171] lxs_ts 2-0028:  0301h [NP  ] 
[    9.049172] lxs_ts 2-0028:  0004h [STOP] 
[    9.049174] lxs_ts 2-0028: fw upgrade setup
[    9.051223] msm_vidc:     fw: <VFW_E:HostDr:unkn:--------:--> VenusHostDriver_ParseC2SysPacket(1072): licence unique code is not matched
[    9.054197] lxs_ts 2-0028: gpio_reset: gpio_set_value(325, 1)
[    9.075359] remoteproc remoteproc3: powering up 4080000.remoteproc-mss
[    9.075381] remoteproc remoteproc3: Direct firmware load for modem.mdt failed with error -2
[    9.075384] remoteproc remoteproc3: Falling back to sysfs fallback for: modem.mdt
[    9.078726] msm_vidc:     fw: <VFW_E:HostDr:unkn:--------:--> VenusHostDriver_ParseC2SysPacket(1072): licence unique code is not matched
[    9.110109] msm_vidc:     fw: <VFW_E:HostDr:unkn:--------:--> VenusHostDriver_ParseC2SysPacket(1072): licence unique code is not matched
[    9.132572] msm_vidc:     fw: <VFW_E:HostDr:unkn:--------:--> VenusHostDriver_ParseC2SysPacket(1072): licence unique code is not matched
[    9.156126] msm_cvp: sess: vendor.qti.medi opening cvp instance: 0000000000000000 type 1 cnt 0
[    9.156499] msm_cvp:  err: __flush_debug_queue: invalid msg size - 135
[    9.156504] msm_cvp:   fw: <CFW_E:HostDr:--------:-> [52564354]: VenusHostDriver_SetSysProperty(595): QC_IMAGE_VERSION_STRING=EVA.FIRMWARE.3.1-12_06620505_build1
[    9.166484] synx: [sess: 11265] session created cvp-kernel-client
[    9.168715] msm_vidc: err : e9852fc0:  avcE_0: msm_venc_subscribe_event: invalid type 5 id 0
[    9.168746] msm_vidc:     fw: <VFW_E:HostDr:unkn:--------:--> VenusHostDriver_ParseC2SysPacket(1072): licence unique code is not matched
[    9.174480] lxs_ts 2-0028: ic test done
[    9.174705] msm_cvp: warn: msm_cvp_cleanup_instance Unexpected pm_qos off vote 0
[    9.174877] synx: [sess: 11265] session destroyed cvp-kernel-client, uid: 11265
[    9.174892] lxs_ts 2-0028: rinfo: max_x 1645, max_y 3841
[    9.174974] msm_cvp: vendor.qti.medi: closed cvp instance: 0000000000000000 session_id = 0 type 1 0
[    9.175322] lxs_ts 2-0028: rinfo: tx 16, rx 37
[    9.175703] lxs_ts 2-0028: threaded irq request done(383, lxs_ts, 0x2002)
[    9.175714] lxs_ts 2-0028: report type  : 1
[    9.175717] lxs_ts 2-0028: status type  : 2
[    9.175719] lxs_ts 2-0028: status mask  : 0050A660h
[    9.175721] lxs_ts 2-0028:  normal      : 00508060h
[    9.175723] lxs_ts 2-0028:  logging     : 0050A000h
[    9.175724] lxs_ts 2-0028:  reset       : 00000660h
[    9.175726] lxs_ts 2-0028:  ic normal   : 000000D6h
[    9.175728] lxs_ts 2-0028:  ic abnormal : 00000001h
[    9.175730] lxs_ts 2-0028:  ic error    : 00000028h
[    9.175732] lxs_ts 2-0028:  ic valid    : 000000FFh
[    9.175734] lxs_ts 2-0028: LXS Touch Probe done
[    9.175736] lxs_ts 2-0028: LXS Touch Auto Start
[    9.175743] lxs_ts 2-0028: watchdog on
[    9.175745] lxs_ts 2-0028: watchdog delay 10000 ms
[    9.175747] lxs_ts 2-0028: lxs_ts_watchdog_init (10000 ms)
[    9.175751] lxs_ts 2-0028: LXS(SW82907) init work start(0.01b-f1)
[    9.187284] lxs_ts 2-0028: ic test done
[    9.192017] lxs_ts 2-0028: [T] chip class 7601, version v1.18 (0x040A0112, 0x01)
[    9.192027] lxs_ts 2-0028: [T] product id S2X65234, flash boot idle(done), crc ok (0x00000004)
[    9.193571] msm_vidc:     fw: <VFW_E:HostDr:unkn:--------:--> VenusHostDriver_ParseC2SysPacket(1072): licence unique code is not matched
[    9.193681] msm_vidc: err : e980efc0:  avcE_0: msm_venc_subscribe_event: invalid type 5 id 0
[    9.193792] lxs_ts 2-0028: [SW82907] IC info is good: 10, 4
[    9.194668] lxs_ts 2-0028: SW82907 resume touch: lpm 0
[    9.194676] lxs_ts 2-0028: display frame rate: 2
[    9.194946] lxs_ts 2-0028: touch frame rate: 2
[    9.195237] lxs_ts 2-0028: current driving mode is NP
[    9.195545] lxs_ts 2-0028: TC Driving[0C03h] wr 0x301
[    9.201945] msm_cvp: sess: vendor.qti.medi opening cvp instance: 0000000000000000 type 1 cnt 0
[    9.202628] msm_cvp:   fw: <CFW_E:HostDr:--------:-> [54277501]: VenusHostDriver_SetSysProperty(595): QC_IMAGE_VERSION_STRING=EVA.FIRMWARE.3.1-12_06620505_build1
[    9.216809] battchg_ext: somc_bcext_smart_set_suspend: Couldn't set smart charge voter due to unactivated
[    9.227526] synx: [sess: 22529] session created cvp-kernel-client
[    9.228056] msm_vidc: err : eb192fc0:  avcE_0: msm_venc_subscribe_event: invalid type 5 id 0
[    9.228079] msm_vidc:     fw: <VFW_E:HostDr:unkn:--------:--> VenusHostDriver_ParseC2SysPacket(1072): licence unique code is not matched
[    9.230881] lxs_ts 2-0028: command done: mode 1, running_sts 02h
[    9.231204] lxs_ts 2-0028: grab_mode[0D0Bh]: ON(00000001h)
[    9.231211] lxs_ts 2-0028: charger: 0h (0h, 0h)
[    9.231504] lxs_ts 2-0028: state_ime: 0
[    9.231789] lxs_ts 2-0028: state_call: 0(IDLE)
[    9.232348] lxs_ts 2-0028: blend_filter(set): 0
[    9.232641] lxs_ts 2-0028: stop_filter(set): 0
[    9.232649] lxs_ts 2-0028: SW82907 resume touch(0): lcd_mode 1, driving_mode 1
[    9.232671] lxs_ts 2-0028: prd: param: row 16, col 37
[    9.233704] lxs_ts 2-0028: prd:  raw: t 1, rr 0, rt 0, ro 0, s 1, v 0, h 0, fmt 0x20000
[    9.233710] lxs_ts 2-0028: prd:  sys: t 1, rr 0, rt 0, ro 0, s 1, v 0, h 0, fmt 0x20000
[    9.233714] lxs_ts 2-0028: prd:   sd: t 1, rr 0, rt 0, ro 0, s 1, v 0, h 0, fmt 0x20000
[    9.233718] lxs_ts 2-0028: prd: flag: raw 0, sys 0, sd 0, app 1
[    9.233725] lxs_ts 2-0028: prd: prd_sd_cmp_setup: cmp set: LP_OPEN, min 4800, max 8192
[    9.233729] lxs_ts 2-0028: prd: prd_sd_cmp_setup: cmp set: LP_SHORT_GND, min 6500, max 8192
[    9.233732] lxs_ts 2-0028: prd: prd_sd_cmp_setup: cmp set: LP_SHORT_TRX, min 6500, max 8192
[    9.233735] lxs_ts 2-0028: prd: prd_sd_cmp_setup: cmp set: LP_SHORT_VDD, min 0, max 5200
[    9.233737] lxs_ts 2-0028: prd: prd_sd_cmp_setup: cmp set: SYNC(V), min 57, max 63
[    9.233739] lxs_ts 2-0028: prd: SW82907[S2X65234] param init done
[    9.233848] lxs_ts 2-0028: LXS(SW82907) init done
[    9.233870] lxs_ts 2-0028: irq(383) enabled
[    9.233873] lxs_ts 2-0028: irq(383) wake enabled
[    9.233876] lxs_ts 2-0028: Touch F/W upgrade triggered(1h)
[    9.233885] lxs_ts 2-0028: FW upgrade work func
[    9.233893] lxs_ts 2-0028: irq(383) wake disabled
[    9.233906] lxs_ts 2-0028: irq(383) disabled
[    9.233908] lxs_ts 2-0028: FW upgrade: status 1(BUSY)
[    9.233909] lxs_ts 2-0028: fw type: FW_TYPE_OLED
[    9.233911] lxs_ts 2-0028: getting fw from file
[    9.233913] lxs_ts 2-0028: target fw: touch_module_id_0x01.img (rel)
[    9.233939] lxs_ts 2-0028: Direct firmware load for touch_module_id_0x01.img failed with error -2
[    9.233941] lxs_ts 2-0028: Falling back to sysfs fallback for: touch_module_id_0x01.img
[    9.238484] msm_cvp: warn: msm_cvp_cleanup_instance Unexpected pm_qos off vote 0
[    9.238671] synx: [sess: 22529] session destroyed cvp-kernel-client, uid: 22529
[    9.238684] msm_cvp: vendor.qti.medi: closed cvp instance: 0000000000000000 session_id = 0 type 1 0
[    9.242127] msm_vidc: err : ea7b2fc0:  avcE_0: msm_venc_subscribe_event: invalid type 5 id 0
[    9.242130] msm_vidc:     fw: <VFW_E:HostDr:unkn:--------:--> VenusHostDriver_ParseC2SysPacket(1072): licence unique code is not matched
[    9.247497] msm_cvp: sess: vendor.qti.medi opening cvp instance: 0000000000000000 type 1 cnt 0
[    9.247827] msm_cvp:   fw: <CFW_E:HostDr:--------:-> [55975568]: VenusHostDriver_SetSysProperty(595): QC_IMAGE_VERSION_STRING=EVA.FIRMWARE.3.1-12_06620505_build1
[    9.249907] synx: [sess: 38401] session created cvp-kernel-client
[    9.256048] msm_vidc: err : ea4a8fc0:  avcE_0: msm_venc_subscribe_event: invalid type 5 id 0
[    9.256063] msm_vidc:     fw: <VFW_E:HostDr:unkn:--------:--> VenusHostDriver_ParseC2SysPacket(1072): licence unique code is not matched
[    9.268619] msm_cvp: warn: msm_cvp_cleanup_instance Unexpected pm_qos off vote 0
[    9.268865] msm_cvp: vendor.qti.medi: closed cvp instance: 0000000000000000 session_id = 0 type 1 0
[    9.268884] synx: [sess: 38401] session destroyed cvp-kernel-client, uid: 38401
[    9.276694] msm_vidc: err : eb636fc0:  avcE_0: msm_venc_subscribe_event: invalid type 5 id 0
[    9.276741] msm_vidc:     fw: <VFW_E:HostDr:unkn:--------:--> VenusHostDriver_ParseC2SysPacket(1072): licence unique code is not matched
[    9.374369] cnss-daemon: NL group_id 10, cnss_nl.family_id 41
[    9.376456] cnss_plat: cnss_plat_ipc_qmi_reg_client_req_handler: QMI Client Connected. QMI Socket Node: 1 Port: 16517 ID: 1
[    9.376480] cnss: CNSS Daemon connected
[    9.391974] cnss-daemon: ro.baseband : [msm]
[    9.392065] cnss_plat: MAC: 1 HW_TRC: 0 CAL: 0
[    9.392916] cnss-daemon: no interop issues ap currently
[    9.444742] msm-dwc3 a600000.ssusb: DWC3 exited from low power mode
[    9.445638] eusb2-repeater c42d000.qcom,spmi:qcom,pm8550b@7:qcom,eusb2-repeater@fd00: eUSB2 repeater status:OK
[    9.446959] healthd: battery l=97 v=4129 t=30.0 h=2 st=3 c=-2322201 fc=4434000 cc=17 chg=
[    9.451347] dwc3 a600000.dwc3: Adding to iommu group 53
[    9.462319] healthd: battery l=97 v=4129 t=30.0 h=2 st=3 c=-2322201 fc=4434000 cc=17 chg=
[    9.466691] eusb2-repeater c42d000.qcom,spmi:qcom,pm8550b@7:qcom,eusb2-repeater@fd00: eUSB2 repeater status:OK
[    9.468463] healthd: battery l=97 v=4129 t=30.0 h=2 st=3 c=-2322201 fc=4434000 cc=17 chg=
[    9.475304] healthd: battery l=97 v=4129 t=30.0 h=2 st=3 c=-2322201 fc=4434000 cc=17 chg=
[    9.481472] healthd: battery l=97 v=4129 t=30.0 h=2 st=3 c=-2322201 fc=4434000 cc=17 chg=
[    9.494241] sps_register_bam_device: sps:BAM 0x000000000a704000 is registered
[    9.522554] gsi soc:qcom,msm_gsi: gsi_stop_channel:3615 chan=14 busy try again
[    9.536778] adreno-gen7-gmu 3d68000.qcom,gmu: Direct firmware load for gmu_gen70200.bin failed with error -2
[    9.536788] adreno-gen7-gmu 3d68000.qcom,gmu: Falling back to sysfs fallback for: gmu_gen70200.bin
[    9.542516] read descriptors
[    9.542545] read strings
[    9.546047] remoteproc remoteproc3: Booting fw image modem.mdt, size 6364
[    9.546282] qcom_q6v5_pas 4080000.remoteproc-mss: Direct firmware load for modem_dtb.mdt failed with error -2
[    9.546288] qcom_q6v5_pas 4080000.remoteproc-mss: Falling back to sysfs fallback for: modem_dtb.mdt
[    9.561942] msm_ext_disp_update_audio_ops: Display not found (EXT_DISPLAY_TYPE_DP) ctld (0) stream (0)
[    9.561955] msm_ext_disp_update_audio_ops: Display not found (EXT_DISPLAY_TYPE_HDMI) ctld (0) stream (0)
[    9.561959] msm_ext_disp_update_audio_ops: Display not found (EXT_DISPLAY_TYPE_DP) ctld (0) stream (0)
[    9.561963] msm_ext_disp_update_audio_ops: Display not found (EXT_DISPLAY_TYPE_DP) ctld (0) stream (0)
[    9.561969] msm_ext_disp_update_audio_ops: Display not found (EXT_DISPLAY_TYPE_DP) ctld (0) stream (0)
[    9.561973] msm-ext-disp-audio-codec-rx soc:qcom,msm-ext-disp:qcom,msm-ext-disp-audio-codec-rx: msm_ext_disp_audio_type_get: get_audio_edid_blk() or get_intf_id is NULL
[    9.561981] msm_ext_disp_update_audio_ops: Display not found (EXT_DISPLAY_TYPE_DP) ctld (0) stream (0)
[    9.561983] msm-ext-disp-audio-codec-rx soc:qcom,msm-ext-disp:qcom,msm-ext-disp-audio-codec-rx: msm_ext_disp_audio_type_get: get_audio_edid_blk() or get_intf_id is NULL
[    9.561987] msm_ext_disp_update_audio_ops: Display not found (EXT_DISPLAY_TYPE_DP) ctld (0) stream (0)
[    9.561989] msm-ext-disp-audio-codec-rx soc:qcom,msm-ext-disp:qcom,msm-ext-disp-audio-codec-rx: msm_ext_disp_audio_type_get: get_audio_edid_blk() or get_intf_id is NULL
[    9.562576] msm-ext-disp-audio-codec-rx soc:qcom,msm-ext-disp:qcom,msm-ext-disp-audio-codec-rx: msm_ext_disp_audio_device_get: invalid dai id: 4
[    9.571148] lxs_ts 2-0028: fw size: 131072
[    9.571157] lxs_ts 2-0028: FW compare: bin-ver: 1.18(0) (S2X65234)
[    9.571158] lxs_ts 2-0028: FW compare: dev-ver: 1.18(0) (S2X65234)
[    9.571160] lxs_ts 2-0028: FW compare: up 0x00, fup 0x00
[    9.571161] lxs_ts 2-0028: FW upgrade: status 4(NG_F_CHK)
[    9.571170] lxs_ts 2-0028: (E) FW upgrade skipped
[    9.571176] lxs_ts 2-0028: LXS(SW82907) reset control(0x1)
[    9.571177] lxs_ts 2-0028: HW Reset(Async)
[    9.571187] lxs_ts 2-0028: gpio_reset: gpio_set_value(325, 0)
[    9.576398] lxs_ts 2-0028: gpio_reset: gpio_set_value(325, 1)
[    9.628953] qcom_q6v5_pas 4080000.remoteproc-mss: Direct firmware load for modem_dtb.b02 failed with error -2
[    9.628962] qcom_q6v5_pas 4080000.remoteproc-mss: Falling back to sysfs fallback for: modem_dtb.b02
[    9.678033] lxs_ts 2-0028: LXS(SW82907) init work start(0.01b-f1)
[    9.690850] qcom_q6v5_pas 4080000.remoteproc-mss: Direct firmware load for modem_dtb.b01 failed with error -2
[    9.690857] qcom_q6v5_pas 4080000.remoteproc-mss: Falling back to sysfs fallback for: modem_dtb.b01
[    9.695735] adsprpc: fastrpc_restart_notifier_cb: subsystem mpss is about to start
[    9.695744] ipa-wan ipa3_lcl_mdm_ssr_notifier_cb:4037 IPA received MPSS BEFORE_POWERUP
[    9.695843] lxs_ts 2-0028: ic test done
[    9.696235] ipa-wan ipa3_lcl_mdm_ssr_notifier_cb:4046 IPA BEFORE_POWERUP handling is complete
[    9.699651] qcom_q6v5_pas 4080000.remoteproc-mss: Direct firmware load for modem.b31 failed with error -2
[    9.699654] qcom_q6v5_pas 4080000.remoteproc-mss: Falling back to sysfs fallback for: modem.b31
[    9.699689] lxs_ts 2-0028: [T] chip class 7601, version v1.18 (0x040A0112, 0x01)
[    9.699693] lxs_ts 2-0028: [T] product id S2X65234, flash boot idle(done), crc ok (0x00000004)
[    9.701051] lxs_ts 2-0028: [SW82907] IC info is good: 10, 4
[    9.701820] lxs_ts 2-0028: SW82907 resume touch: lpm 0
[    9.701825] lxs_ts 2-0028: display frame rate: 2
[    9.702100] lxs_ts 2-0028: touch frame rate: 2
[    9.702351] lxs_ts 2-0028: current driving mode is NP
[    9.702610] lxs_ts 2-0028: TC Driving[0C03h] wr 0x301
[    9.705609] kgsl-3d 3d00000.qcom,kgsl-3d0: Direct firmware load for a740_zap.mbn failed with error -2
[    9.705613] kgsl-3d 3d00000.qcom,kgsl-3d0: Falling back to sysfs fallback for: a740_zap.mbn
[    9.722180] (virq:irq_count)- GICv3:IPI(1):33630 GICv3:ufshcd(35):14025 GICv3:IPI(6):13921 GICv3:IPI(2):12476 GICv3:arch_timer(11):9289 ipcc:glink-native-adsp(385):3624 GICv3:ipcc_0(37):3495 GICv3:apps_rsc-drv-2(20):741 GICv3:i2c_geni(279):700 GICv3:i2c_geni(280):662 
[    9.722196] (cpu:irq_count)- 0:17662 1:3227 2:3206 3:10275 4:11475 5:11717 6:11158 7:25254 
[    9.722201] (ipi:irq_count)- 0:33630 1:12476 2:0 3:0 4:0 5:13921 6:0 
[    9.736817] qcom_q6v5_pas 4080000.remoteproc-mss: Direct firmware load for modem.b01 failed with error -2
[    9.736823] qcom_q6v5_pas 4080000.remoteproc-mss: Falling back to sysfs fallback for: modem.b01
[    9.738405] lxs_ts 2-0028: command done: mode 1, running_sts 02h
[    9.738733] lxs_ts 2-0028: grab_mode[0D0Bh]: ON(00000001h)
[    9.738738] lxs_ts 2-0028: charger: 0h (0h, 0h)
[    9.738993] lxs_ts 2-0028: state_ime: 0
[    9.739244] lxs_ts 2-0028: state_call: 0(IDLE)
[    9.739754] lxs_ts 2-0028: blend_filter(set): 0
[    9.740002] lxs_ts 2-0028: stop_filter(set): 0
[    9.740004] lxs_ts 2-0028: SW82907 resume touch(0): lcd_mode 1, driving_mode 1
[    9.740007] lxs_ts 2-0028: prd: update swap info
[    9.740677] lxs_ts 2-0028: prd:  raw: t 1, rr 0, rt 0, ro 0, s 1, v 0, h 0, fmt 0x20000
[    9.740680] lxs_ts 2-0028: prd:  sys: t 1, rr 0, rt 0, ro 0, s 1, v 0, h 0, fmt 0x20000
[    9.740681] lxs_ts 2-0028: prd:   sd: t 1, rr 0, rt 0, ro 0, s 1, v 0, h 0, fmt 0x20000
[    9.740683] lxs_ts 2-0028: prd: flag: raw 0, sys 0, sd 0, app 1
[    9.740687] lxs_ts 2-0028: prd: prd_sd_cmp_setup: cmp set: LP_OPEN, min 4800, max 8192
[    9.740689] lxs_ts 2-0028: prd: prd_sd_cmp_setup: cmp set: LP_SHORT_GND, min 6500, max 8192
[    9.740690] lxs_ts 2-0028: prd: prd_sd_cmp_setup: cmp set: LP_SHORT_TRX, min 6500, max 8192
[    9.740692] lxs_ts 2-0028: prd: prd_sd_cmp_setup: cmp set: LP_SHORT_VDD, min 0, max 5200
[    9.740693] lxs_ts 2-0028: prd: prd_sd_cmp_setup: cmp set: SYNC(V), min 57, max 63
[    9.740695] lxs_ts 2-0028: LXS(SW82907) init done
[    9.740710] lxs_ts 2-0028: irq(383) enabled
[    9.740713] lxs_ts 2-0028: irq(383) wake enabled
[    9.740716] lxs_ts 2-0028: lxs_ts_watchdog_run: on (10000 ms)
[    9.741654] lxs_ts 2-0028: [1] TC Driving OK
[    9.757697] qcom_q6v5_pas 4080000.remoteproc-mss: Direct firmware load for modem.b02 failed with error -2
[    9.757702] qcom_q6v5_pas 4080000.remoteproc-mss: Falling back to sysfs fallback for: modem.b02
[    9.765419] qcom_q6v5_pas 4080000.remoteproc-mss: Direct firmware load for modem.b03 failed with error -2
[    9.765425] qcom_q6v5_pas 4080000.remoteproc-mss: Falling back to sysfs fallback for: modem.b03
[    9.769663] qcom_q6v5_pas 4080000.remoteproc-mss: Direct firmware load for modem.b04 failed with error -2
[    9.769669] qcom_q6v5_pas 4080000.remoteproc-mss: Falling back to sysfs fallback for: modem.b04
[    9.773808] qcom_q6v5_pas 4080000.remoteproc-mss: Direct firmware load for modem.b05 failed with error -2
[    9.773812] qcom_q6v5_pas 4080000.remoteproc-mss: Falling back to sysfs fallback for: modem.b05
[    9.782909] qcom_q6v5_pas 4080000.remoteproc-mss: Direct firmware load for modem.b06 failed with error -2
[    9.782918] qcom_q6v5_pas 4080000.remoteproc-mss: Falling back to sysfs fallback for: modem.b06
[    9.786193] qcom_q6v5_pas 4080000.remoteproc-mss: Direct firmware load for modem.b07 failed with error -2
[    9.786201] qcom_q6v5_pas 4080000.remoteproc-mss: Falling back to sysfs fallback for: modem.b07
[    9.789183] slg51000-regulator 0-0075: disable LDO6 supply_name:vin7 off_time:2000us
[    9.790082] qcom_q6v5_pas 4080000.remoteproc-mss: Direct firmware load for modem.b08 failed with error -2
[    9.790086] qcom_q6v5_pas 4080000.remoteproc-mss: Falling back to sysfs fallback for: modem.b08
[    9.799000] qcom_q6v5_pas 4080000.remoteproc-mss: Direct firmware load for modem.b09 failed with error -2
[    9.799008] qcom_q6v5_pas 4080000.remoteproc-mss: Falling back to sysfs fallback for: modem.b09
[    9.808899] qcom_q6v5_pas 4080000.remoteproc-mss: Direct firmware load for modem.b10 failed with error -2
[    9.808908] qcom_q6v5_pas 4080000.remoteproc-mss: Falling back to sysfs fallback for: modem.b10
[    9.812500] qcom_q6v5_pas 4080000.remoteproc-mss: Direct firmware load for modem.b11 failed with error -2
[    9.812507] qcom_q6v5_pas 4080000.remoteproc-mss: Falling back to sysfs fallback for: modem.b11
[    9.829143] qcom_q6v5_pas 4080000.remoteproc-mss: Direct firmware load for modem.b12 failed with error -2
[    9.829149] qcom_q6v5_pas 4080000.remoteproc-mss: Falling back to sysfs fallback for: modem.b12
[    9.835616] qcom_q6v5_pas 4080000.remoteproc-mss: Direct firmware load for modem.b13 failed with error -2
[    9.835624] qcom_q6v5_pas 4080000.remoteproc-mss: Falling back to sysfs fallback for: modem.b13
[    9.860152] qcom_q6v5_pas 4080000.remoteproc-mss: Direct firmware load for modem.b15 failed with error -2
[    9.860160] qcom_q6v5_pas 4080000.remoteproc-mss: Falling back to sysfs fallback for: modem.b15
[    9.879490] qcom_q6v5_pas 4080000.remoteproc-mss: Direct firmware load for modem.b16 failed with error -2
[    9.879499] qcom_q6v5_pas 4080000.remoteproc-mss: Falling back to sysfs fallback for: modem.b16
[    9.887988] qcom_q6v5_pas 4080000.remoteproc-mss: Direct firmware load for modem.b17 failed with error -2
[    9.887995] qcom_q6v5_pas 4080000.remoteproc-mss: Falling back to sysfs fallback for: modem.b17
[    9.895221] qcom_q6v5_pas 4080000.remoteproc-mss: Direct firmware load for modem.b18 failed with error -2
[    9.895229] qcom_q6v5_pas 4080000.remoteproc-mss: Falling back to sysfs fallback for: modem.b18
[    9.965505] qcom_q6v5_pas 4080000.remoteproc-mss: Direct firmware load for modem.b19 failed with error -2
[    9.965515] qcom_q6v5_pas 4080000.remoteproc-mss: Falling back to sysfs fallback for: modem.b19
[   10.001606] qcom_q6v5_pas 4080000.remoteproc-mss: Direct firmware load for modem.b20 failed with error -2
[   10.001615] qcom_q6v5_pas 4080000.remoteproc-mss: Falling back to sysfs fallback for: modem.b20
[   10.007013] qcedev_ioctl: info: vaddr = ffa00000
, fd = 17
[   10.011928] qcedev_ioctl: info: vaddr = ff600000
, fd = 19
[   10.012273] msm_ext_disp_update_audio_ops: Display not found (EXT_DISPLAY_TYPE_DP) ctld (0) stream (0)
[   10.012285] msm_ext_disp_update_audio_ops: Display not found (EXT_DISPLAY_TYPE_HDMI) ctld (0) stream (0)
[   10.012289] msm_ext_disp_update_audio_ops: Display not found (EXT_DISPLAY_TYPE_DP) ctld (0) stream (0)
[   10.012293] msm_ext_disp_update_audio_ops: Display not found (EXT_DISPLAY_TYPE_DP) ctld (0) stream (0)
[   10.012301] msm_ext_disp_update_audio_ops: Display not found (EXT_DISPLAY_TYPE_DP) ctld (0) stream (0)
[   10.012304] msm-ext-disp-audio-codec-rx soc:qcom,msm-ext-disp:qcom,msm-ext-disp-audio-codec-rx: msm_ext_disp_audio_type_get: get_audio_edid_blk() or get_intf_id is NULL
[   10.012312] msm_ext_disp_update_audio_ops: Display not found (EXT_DISPLAY_TYPE_DP) ctld (0) stream (0)
[   10.012315] msm-ext-disp-audio-codec-rx soc:qcom,msm-ext-disp:qcom,msm-ext-disp-audio-codec-rx: msm_ext_disp_audio_type_get: get_audio_edid_blk() or get_intf_id is NULL
[   10.012321] msm_ext_disp_update_audio_ops: Display not found (EXT_DISPLAY_TYPE_DP) ctld (0) stream (0)
[   10.012323] msm-ext-disp-audio-codec-rx soc:qcom,msm-ext-disp:qcom,msm-ext-disp-audio-codec-rx: msm_ext_disp_audio_type_get: get_audio_edid_blk() or get_intf_id is NULL
[   10.012341] msm-ext-disp-audio-codec-rx soc:qcom,msm-ext-disp:qcom,msm-ext-disp-audio-codec-rx: msm_ext_disp_audio_device_get: invalid dai id: 4
[   10.015898] qcedev_ioctl: info: vaddr = ff200000
, fd = 21
[   10.021260] qcom_q6v5_pas 4080000.remoteproc-mss: Direct firmware load for modem.b22 failed with error -2
[   10.021270] qcom_q6v5_pas 4080000.remoteproc-mss: Falling back to sysfs fallback for: modem.b22
[   10.025206] qcom_q6v5_pas 4080000.remoteproc-mss: Direct firmware load for modem.b23 failed with error -2
[   10.025214] qcom_q6v5_pas 4080000.remoteproc-mss: Falling back to sysfs fallback for: modem.b23
[   10.067109] qcom_q6v5_pas 4080000.remoteproc-mss: Direct firmware load for modem.b24 failed with error -2
[   10.067116] qcom_q6v5_pas 4080000.remoteproc-mss: Falling back to sysfs fallback for: modem.b24
[   10.115489] Config b/1 of g1 needs at least one function.
[   10.115514] udc a600000.dwc3: failed to start g1: -22
[   10.167431] cs35l45 4-0030: Preload DSP before boot
[   10.185205] cs35l45 4-0030: Direct firmware load for L-cs35l45-dsp1-spk-prot.wmfw failed with error -2
[   10.185225] cs35l45 4-0030: Falling back to sysfs fallback for: L-cs35l45-dsp1-spk-prot.wmfw
[   10.192576] cs35l45 4-0030: DSP1: Firmware version: 3
[   10.192586] cs35l45 4-0030: DSP1: L-cs35l45-dsp1-spk-prot.wmfw: Fri 24 Jun 2022 13:57:44 W. Europe Daylight Time
[   10.210567] qcom_q6v5_pas 4080000.remoteproc-mss: Direct firmware load for modem.b25 failed with error -2
[   10.210576] qcom_q6v5_pas 4080000.remoteproc-mss: Falling back to sysfs fallback for: modem.b25
[   10.218423] qcom_q6v5_pas 4080000.remoteproc-mss: Direct firmware load for modem.b26 failed with error -2
[   10.218434] qcom_q6v5_pas 4080000.remoteproc-mss: Falling back to sysfs fallback for: modem.b26
[   10.222324] qcom_q6v5_pas 4080000.remoteproc-mss: Direct firmware load for modem.b27 failed with error -2
[   10.222332] qcom_q6v5_pas 4080000.remoteproc-mss: Falling back to sysfs fallback for: modem.b27
[   10.226956] qcom_q6v5_pas 4080000.remoteproc-mss: Direct firmware load for modem.b28 failed with error -2
[   10.226964] qcom_q6v5_pas 4080000.remoteproc-mss: Falling back to sysfs fallback for: modem.b28
[   10.230597] qcom_q6v5_pas 4080000.remoteproc-mss: Direct firmware load for modem.b29 failed with error -2
[   10.230605] qcom_q6v5_pas 4080000.remoteproc-mss: Falling back to sysfs fallback for: modem.b29
[   10.524120] cs35l45 4-0030: DSP1: Firmware: 4fa00 vendor: 0x2 v0.61.0, 5 algorithms
[   10.525797] cs35l45 4-0030: DSP1: 0: ID cd v129.78.0 XM@202 YM@27
[   10.525807] cs35l45 4-0030: DSP1: 1: ID f206 v1.0.0 XM@f2 YM@0
[   10.525810] cs35l45 4-0030: DSP1: 2: ID f20b v0.1.0 XM@3c2 YM@0
[   10.525813] cs35l45 4-0030: DSP1: 3: ID f204 v0.0.1 XM@414 YM@0
[   10.525816] cs35l45 4-0030: DSP1: 4: ID f205 v0.2.0 XM@442 YM@0
[   10.525836] cs35l45 4-0030: Direct firmware load for L-cs35l45-dsp1-spk-prot.bin failed with error -2
[   10.525839] cs35l45 4-0030: Falling back to sysfs fallback for: L-cs35l45-dsp1-spk-prot.bin
[   10.618308] read descriptors
[   10.618324] read strings
[   10.675168] cs35l45 4-0030: DSP1: Failed to parse legacy: -19
[   10.696371] msm-dwc3 a600000.ssusb: DWC3 in low power mode
[   10.698438] msm-dwc3 a600000.ssusb: DWC3 exited from low power mode
[   10.698622] eusb2-repeater c42d000.qcom,spmi:qcom,pm8550b@7:qcom,eusb2-repeater@fd00: eUSB2 repeater status:OK
[   10.754740] dwc3 a600000.dwc3: Set IRQ thread:irq/333-dwc3 pid:3118 to SCHED_NORMAL prio
[   10.863866] binder: 986:986 transaction async to 2341:0 failed 5477/29201/-1, code 1 size 164-8 line 3235
[   10.876080] msm_eusb2_phy 88e3000.hsphy: Avail curr from USB = 100
[   10.880203] android_work: sent uevent USB_STATE=CONNECTED
[   10.886274] msm_eusb2_phy 88e3000.hsphy: Avail curr from USB = 900
[   10.886447] android_work: sent uevent USB_STATE=CONFIGURED
[   10.983960] slg51000-regulator 0-0075: disable LDO6 supply_name:vin7 off_time:2000us
[   11.027034] slg51000-regulator 0-0075: disable LDO6 supply_name:vin7 off_time:2000us
[   11.072676] [drm:dsi_display_set_mode [msm_drm]] [msm-dsi-info]: mdp_transfer_time=7680, hactive=1096, vactive=2560, fps=60, clk_rate=1191321360
[   11.073375] lxs_ts 2-0028: After: Unblank
[   11.073378] lxs_ts 2-0028: start@11.43383952
[   11.073380] lxs_ts 2-0028: lxs_ts_resume: start
[   11.073381] lxs_ts 2-0028: lxs_hal_touch_mode: state 0(0), lcd 1(1, 1, 1), c 0x0(0)
[   11.073384] lxs_ts 2-0028: lxs_ts_resume: end
[   11.073385] lxs_ts 2-0028: end@11.43391661
[   11.082954] slg51000-regulator 0-0075: disable LDO6 supply_name:vin7 off_time:2000us
[   11.094886] [drm:dsi_display_set_mode [msm_drm]] [msm-dsi-info]: mdp_transfer_time=7680, hactive=1096, vactive=2560, fps=120, clk_rate=1191321360
[   11.096214] init: processing action (vendor.backlight_on=1 && vendor.display.hmd_mode=0 && vendor.enable.always_on_display=0) from (/odm/etc/init/init.sony-device-common.rc:24)
[   11.096509] lxs_ts 2-0028: After: Unblank
[   11.096512] lxs_ts 2-0028: start@11.66518484
[   11.096514] lxs_ts 2-0028: lxs_ts_resume: start
[   11.096516] lxs_ts 2-0028: lxs_hal_touch_mode: state 0(0), lcd 1(1, 1, 1), c 0x0(0)
[   11.096518] lxs_ts 2-0028: lxs_ts_resume: end
[   11.096519] lxs_ts 2-0028: end@11.66525307
[   11.113959] dsi_panel_set_hmd_mode: set HMD mode=0
[   11.114374] init: processing action (vendor.backlight_on=1) from (/odm/etc/init/init.sony-platform.rc:187)
[   11.114557] lxs_ts 2-0028: store_enable: value 1
[   11.114563] lxs_ts 2-0028: touch enable device, 1
[   11.114566] lxs_ts 2-0028: lxs_ts_watchdog_stop
[   11.114570] lxs_ts 2-0028: __lxs_hal_enable_work_func: lcd 1(1, 1, 1), c 0x0(0)
[   11.114574] lxs_ts 2-0028: lxs_ts_watchdog_run: on (10000 ms)
[   11.114686] init: processing action (vendor.backlight_on=1 && vendor.enable.always_on_display=0) from (/odm/etc/init/init.sony-platform.rc:193)
[   11.114913] lxs_ts 2-0028: set_lowpower_mode: 0
[   11.115043] lxs_ts 2-0028: store_enable: value 1
[   11.115047] lxs_ts 2-0028: touch enable device, 1
[   11.115051] lxs_ts 2-0028: lxs_ts_watchdog_stop
[   11.115053] lxs_ts 2-0028: __lxs_hal_enable_work_func: lcd 1(1, 1, 1), c 0x0(0)
[   11.115058] lxs_ts 2-0028: lxs_ts_watchdog_run: on (10000 ms)
[   11.120528] adsprpc: fastrpc_restart_notifier_cb: mpss subsystem is up
[   11.120539] ipa-wan ipa3_lcl_mdm_ssr_notifier_cb:4056 IPA received MPSS AFTER_POWERUP
[   11.120544] ipa ipa3_odl_pipe_open:371 adpl pipe not configured
[   11.120551] ipa-wan ipa3_lcl_mdm_ssr_notifier_cb:4061 IPA AFTER_POWERUP handling is complete
[   11.120554] remoteproc remoteproc3: remote processor 4080000.remoteproc-mss is now up
[   11.125880] qcom_smd_qrtr_probe:SMD QRTR driver probed
[   11.125951] qrtr: Modem QMI Readiness RX cmd:0x2 node[0x0]
[   11.193719] cs35l45 4-0031: Preload DSP before boot
[   11.195445] cs35l45 4-0031: Direct firmware load for R-cs35l45-dsp1-spk-prot.wmfw failed with error -2
[   11.195452] cs35l45 4-0031: Falling back to sysfs fallback for: R-cs35l45-dsp1-spk-prot.wmfw
[   11.196978] ueventd: firmware: loading 'R-cs35l45-dsp1-spk-prot.wmfw' for '/devices/platform/soc/8c0000.qcom,qupv3_2_geni_se/88c000.i2c/i2c-4/4-0031/firmware/R-cs35l45-dsp1-spk-prot.wmfw'
[   11.197201] ueventd: found /vendor/firmware/R-cs35l45-dsp1-spk-prot.wmfw for /devices/platform/soc/8c0000.qcom,qupv3_2_geni_se/88c000.i2c/i2c-4/4-0031/firmware/R-cs35l45-dsp1-spk-prot.wmfw
[   11.197720] cs35l45 4-0031: DSP1: Firmware version: 3
[   11.197724] cs35l45 4-0031: DSP1: R-cs35l45-dsp1-spk-prot.wmfw: Fri 24 Jun 2022 13:57:44 W. Europe Daylight Time
[   11.198114] ueventd: loading /devices/platform/soc/8c0000.qcom,qupv3_2_geni_se/88c000.i2c/i2c-4/4-0031/firmware/R-cs35l45-dsp1-spk-prot.wmfw took 1ms
[   11.203432] servicemanager: Caller(pid=1844,uid=1041,sid=u:r:audioserver:s0) Since 'activity' could not be found trying to start it as a lazy AIDL service. (if it's not configured to be a lazy service, it may be stuck starting or still starting).
[   11.203912] init: Control message: Could not find 'aidl/activity' for ctl.interface_start from pid: 984 (/system/bin/servicemanager)
[   11.204107] servicemanager: Caller(pid=1844,uid=1041,sid=u:r:audioserver:s0) Tried to start aidl service activity as a lazy service, but was unable to. Usually this happens when a service is not installed, but if the service is intended to be used as a lazy service, then it may be configured incorrectly.
[   11.218110] rmt_storage:INFO:rmt_storage_open_cb: Processing: Open Request (req_h 0x1) for /boot/modem_fs1!
[   11.218691] rmt_storage:INFO:rmt_storage_open_cb: Processing: Open Request (req_h 0x2) for /boot/modem_fs2!
[   11.219921] rmt_storage:INFO:rmt_storage_alloc_buff_cb: Received req_size: 2621440! avail: 2621440
[   11.220270] rmt_storage:INFO:rmt_storage_rw_iovec_cb: Read iovec request (req_h 0x4 wr_count 0) received for /boot/modem_fs1
[   11.220440] rmt_storage:INFO:rmt_storage_client_thread: Calling Read [offset=512, size=512, req_h 0x4, wr_count 0] for /boot/modem_fs1!
[   11.221822] rmt_storage:INFO:rmt_storage_client_thread: Done Read (bytes = 512, req_h 0x4, wr_count 0) for /boot/modem_fs1!
[   11.222282] rmt_storage:INFO:rmt_storage_rw_iovec_cb: Read iovec request (req_h 0x5 wr_count 0) received for /boot/modem_fs2
[   11.222435] rmt_storage:INFO:rmt_storage_client_thread: Calling Read [offset=512, size=512, req_h 0x5, wr_count 0] for /boot/modem_fs2!
[   11.247653] init: Service 'keyprov_daemon' (pid 2466) exited with status 0 oneshot service took 1.855000 seconds in background
[   11.247668] init: Sending signal 9 to service 'keyprov_daemon' (pid 2466) process group...
[   11.247833] libprocessgroup: Removed cgroup /sys/fs/cgroup/uid_1000/pid_2466
[   11.328601] coresight-remote-etm soc:modem2_etm0: Connection established between QMI handle and 11 service
[   11.328682] coresight-remote-etm soc:modem_etm0: Connection established between QMI handle and 2 service
[   11.347746] memshare soc:qcom,memshare: memshare_query: client_id : 1, query_resp.size :5242880, query_resp.resp.result :0
[   11.347890] memshare soc:qcom,memshare: memshare_alloc: memory alloc request received for client id: 1, proc_id: 0, request size: 5242880
[   11.347897] memshare soc:qcom,memshare: memshare_alloc: found client with client_id: 1, index: 2
[   11.353425] memshare soc:qcom,memshare: memshare_alloc: client_id: 1, alloc_resp.num_bytes: 5242880, alloc_resp.resp.result: 0
[   11.398691] Sending QMI_IPA_INIT_MODEM_DRIVER_REQ_V01
[   11.398907] ipa-wan ipa3_handle_indication_req:147 not send indication
[   11.413504] ipa ipa3_uc_wdi_event_log_info_handler:371 WDI protocol missing 0x1
[   11.413519] ipa ipa3_uc_ntn_event_log_info_handler:19 NTN protocol missing 0x1
[   11.413543] ipa ipa_pc_qmp_enable:12130 mailbox channel request failed, ret=-2
[   11.413621] ipa ipa3_uc_send_cmd_64b_param:1086 uC cmd(17): Received status 4, Expected status 0
[   11.413625] ipa ipa3_deferred_holb_work:387 Failed to enable HOLB monitoring -14
[   11.421427] QMI_IPA_INIT_MODEM_DRIVER_REQ_V01 response received
[   11.454260] CAM_INFO: CAM-SMMU: cam_smmu_need_force_alloc_cached: 453 force_cache_allocs=1
[   11.454275] CAM_INFO: CAM-MEM: cam_mem_mgr_get_dma_heaps: 662 Heaps : system=0000000000000000, system_uncached=0000000000000000, camera=0000000000000000, camera-uncached=0000000000000000, secure_display=0000000000000000, ubwc_p_heap=0000000000000000
[   11.455097] cnss: COEX server arrive: node 0 port 58
[   11.455105] cnss: COEX Server Connected: 0x2e0200f
[   11.456274] CAM_INFO: CAM-ICP: cam_icp_v2_download_fw: 790 Loading Secure PIL : Y
[   11.459677] ueventd: firmware: loading 'CAMERA_ICP.mbn' for '/devices/platform/soc/ac01000.qcom,icp/firmware/CAMERA_ICP.mbn'
[   11.459810] ueventd: found /vendor/firmware/CAMERA_ICP.mbn for /devices/platform/soc/ac01000.qcom,icp/firmware/CAMERA_ICP.mbn
[   11.462578] ueventd: loading /devices/platform/soc/ac01000.qcom,icp/firmware/CAMERA_ICP.mbn took 2ms
[   11.498553] CAM_INFO: CAM-ICP: cam_icp_mgr_process_dbg_buf: 2918 FW_DBG:CICP_FW_E : HFI  :QC_IMAGE_VERSION_STRING=CICP.FW.1.0-00137-DOUBLE_EXC_UPDATE_0718,OEM_IMAGE_VERSION_STRING=QCAM-SYS-SW9,BUILD_TIME: Jul 18 2023 02:40:16,CACHE_ENABLED at icphostinterface.c:814
[   11.498562] CAM_INFO: CAM-ICP: cam_icp_mgr_process_dbg_buf: 2918 FW_DBG:CICP_FW_E : HFI  :ELF variant: CACHE-ENABLED:T480:API_V2:USE_CDM_1_1:T780:TCM_ENABLED: , API version: 0x20000d3 at icphostinterface.c:815 QC_IMAGE_VERSION_STRING=CICP.FW.1.0-00137-DOUBLE_EXC_UPDATE_0718 OEM_IMAGE_VERSION_STRING=QCAM-SYS-SW9
[   11.498565] CAM_INFO: CAM-ICP: cam_icp_mgr_process_dbg_buf: 2918 FW_DBG:CICP_FW_E : HWDRV_:DMI_STATUS polling timed out at hardwaredriver_ipebps.c:450 QC_IMAGE_VERSION_STRING=CICP.FW.1.0-00137-DOUBLE_EXC_UPDATE_0718 OEM_IMAGE_VERSION_STRING=QCAM-SYS-SW9
[   11.498573] CAM_INFO: CAM-ICP: cam_icp_mgr_hw_open: 4600 FW download done successfully
[   11.514224] gsi soc:qcom,msm_gsi: gsi_stop_channel:3615 chan=14 busy try again
[   11.529261] cs35l45 4-0031: DSP1: Firmware: 4fa00 vendor: 0x2 v0.61.0, 5 algorithms
[   11.530922] cs35l45 4-0031: DSP1: 0: ID cd v129.78.0 XM@202 YM@27
[   11.530931] cs35l45 4-0031: DSP1: 1: ID f206 v1.0.0 XM@f2 YM@0
[   11.530936] cs35l45 4-0031: DSP1: 2: ID f20b v0.1.0 XM@3c2 YM@0
[   11.530941] cs35l45 4-0031: DSP1: 3: ID f204 v0.0.1 XM@414 YM@0
[   11.530945] cs35l45 4-0031: DSP1: 4: ID f205 v0.2.0 XM@442 YM@0
[   11.530977] cs35l45 4-0031: Direct firmware load for R-cs35l45-dsp1-spk-prot.bin failed with error -2
[   11.530980] cs35l45 4-0031: Falling back to sysfs fallback for: R-cs35l45-dsp1-spk-prot.bin
[   11.532386] ueventd: firmware: loading 'R-cs35l45-dsp1-spk-prot.bin' for '/devices/platform/soc/8c0000.qcom,qupv3_2_geni_se/88c000.i2c/i2c-4/4-0031/firmware/R-cs35l45-dsp1-spk-prot.bin'
[   11.532545] ueventd: found /vendor/firmware/R-cs35l45-dsp1-spk-prot.bin for /devices/platform/soc/8c0000.qcom,qupv3_2_geni_se/88c000.i2c/i2c-4/4-0031/firmware/R-cs35l45-dsp1-spk-prot.bin
[   11.533068] ueventd: loading /devices/platform/soc/8c0000.qcom,qupv3_2_geni_se/88c000.i2c/i2c-4/4-0031/firmware/R-cs35l45-dsp1-spk-prot.bin took 0ms
[   11.657967] servicemanager: Caller(pid=1671,uid=1000,sid=u:r:hal_sensors_default:s0) Found android.hardware.sensors.ISensors/default in device VINTF manifest.
[   11.677994] cs35l45 4-0031: DSP1: Failed to parse legacy: -19
[   12.143522] servicemanager: Caller(pid=2278,uid=1001,sid=u:r:rild:s0) Found android.hardware.radio.messaging.IRadioMessaging/slot2 in device VINTF manifest.
[   12.143937] servicemanager: Caller(pid=2277,uid=1001,sid=u:r:rild:s0) Found android.hardware.radio.config.IRadioConfig/default in device VINTF manifest.
[   12.144536] servicemanager: Caller(pid=2278,uid=1001,sid=u:r:rild:s0) Found android.hardware.radio.modem.IRadioModem/slot2 in device VINTF manifest.
[   12.150123] servicemanager: Caller(pid=2277,uid=1001,sid=u:r:rild:s0) Found android.hardware.radio.messaging.IRadioMessaging/slot1 in device VINTF manifest.
[   12.150384] servicemanager: Caller(pid=2277,uid=1001,sid=u:r:rild:s0) Found android.hardware.radio.modem.IRadioModem/slot1 in device VINTF manifest.
[   12.150743] servicemanager: Caller(pid=2277,uid=1001,sid=u:r:rild:s0) Found android.hardware.radio.network.IRadioNetwork/slot1 in device VINTF manifest.
[   12.150947] servicemanager: Caller(pid=2277,uid=1001,sid=u:r:rild:s0) Found android.hardware.radio.sim.IRadioSim/slot1 in device VINTF manifest.
[   12.199493] adsp_sleepmon: Audio: num_sessions=1,num_lpi_sessions=0,timer_pending=0
[   12.204261] init: Control message: Could not find 'aidl/activity' for ctl.interface_start from pid: 984 (/system/bin/servicemanager)
[   12.284766] msm_cvp:  pwr: cvp (eva) power collapsed
[   12.335179] cnss: IMS server arrive: node 0 port 109
[   12.335191] cnss: IMS Server Connected: 0x2e0600f
[   12.335193] cnss: Sending ASYNC ims subscribe for indication
[   12.337255] USB cable not connected
[   12.347731] adsp_sleepmon: Audio: num_sessions=0,num_lpi_sessions=0,timer_pending=1
[   12.348476] init: processing action (persist.vendor.data.shsusr_load=1) from (/vendor/etc/init/shsusrd.rc:26)
[   12.348572] init: service 'vendor.shsusrd' requested start, but it is already running (flags: 132)
[   12.355120] ip_local_port_range: prefer different parity for start/end values.
[   12.367153] cnss: QMI DMS service connected, state: 0x2f0600f
[   12.381635] kalama-asoc-snd soc:spf_core_platform:sound: check_userspace_service_state: pcm_id 25 state 0
[   12.453040] cnss: Received IMS subscribe indication response
[   12.499336] DATARMNET6e31e62d2e(): Initializing on device rmnet_data0
[   12.499347] rmnet_shs initializing rmnet_data0
[   12.499357] rmnet_shs init with 0
[   12.499402] DATARMNET7dec24813e(): Initializing on device rmnet_data0
[   12.534415] ipa ipa3_setup_apps_low_lat_prod_pipe:349 Configuring low lat prod with rmnet config
[   12.534929] ipa ipa3_setup_apps_low_lat_data_prod_pipe:510 Configuring low lat data prod with rmnet config
[   12.534936] ipa ipa3_setup_apps_low_lat_data_prod_pipe:538 Not enabling deaggr on low_lat_prod
[   12.536111] ipa ipa3_set_aggr_limit:5610 set rx_buff_sz config from netmngr 32768
[   12.543810] ipa ipa3_set_aggr_limit:5610 set rx_buff_sz config from netmngr 32768
[   12.552571] rmnet_ctl driver probed
[   12.553520] ipa ipa3_set_aggr_limit:5610 set rx_buff_sz config from netmngr 8192
[   12.563027] ipa-wan ipa3_wwan_ioctl:2910 dev(rmnet_data0) register to IPA
[   12.668063] DFC QMAP init
[   12.669285] Connection established with the WDA Service, DL Marker enabled
[   12.724417] rmnet_shs:  mask: 0x7d maplen: 6
[   13.218221] gsi soc:qcom,msm_gsi: gsi_stop_channel:3615 chan=1 busy try again
[   13.220364] gsi soc:qcom,msm_gsi: gsi_stop_channel:3615 chan=14 busy try again
[   13.230078] SELinux:  Context u:object_r:lsposed_file:s0 is not valid (left unmapped).
[   13.798256] gsi soc:qcom,msm_gsi: gsi_stop_channel:3615 chan=1 busy try again
[   13.800397] gsi soc:qcom,msm_gsi: gsi_stop_channel:3615 chan=14 busy try again
[   13.914622] kalama-asoc-snd soc:spf_core_platform:sound: check_userspace_service_state: pcm_id 7 state 0
[   13.929424] read descriptors
[   13.929436] read strings
[   13.929475] read descriptors
[   13.929479] read strings
[   14.042081] [EGISFP] egisfp_ioctl : cmd = 0x5 
[   14.042089] [EGISFP] egisfp_ioctl : FP_POWER_ONOFF 
[   14.042091] [EGISFP] do_egisfp_power_onoff : power_onoff = 2 
[   14.042096] [EGISFP] egisfp_vreg_setup : original voltage = 3400000 
[   14.042098] [EGISFP] egisfp_vreg_setup : enable_3_8V 
[   14.042272] [EGISFP] egisfp_vreg_setup : modified voltage = 3800000, ret = 0 
[   14.042277] [EGISFP] egisfp_vreg_setup : regulator enable, ret = 0 
[   14.050073] [EGISFP] do_egisfp_power_onoff : power_pin value = 1 
[   14.050082] [EGISFP] egisfp_ioctl done 
[   14.051337] [EGISFP] egisfp_ioctl : cmd = 0x4 
[   14.051344] [EGISFP] egisfp_ioctl : FP_SENSOR_RESET 
[   14.064382] [EGISFP] do_egisfp_reset : reset_pin = 1 
[   14.064391] [EGISFP] egisfp_ioctl done 
[   14.203972] apexd: getSessions() received by ApexService
[   14.610286] gsi soc:qcom,msm_gsi: gsi_stop_channel:3615 chan=1 busy try again
[   14.612852] gsi soc:qcom,msm_gsi: gsi_stop_channel:3615 chan=14 busy try again
[   14.680316] [EGISFP] egisfp_ioctl : cmd = 0x7 
[   14.680324] [EGISFP] egisfp_ioctl : FP_RESET_SET 
[   14.680326] [EGISFP] do_egisfp_reset_set : reset_high_low = 0 
[   14.680344] [EGISFP] do_egisfp_reset_set : reset_pin value = 0 
[   14.680346] [EGISFP] egisfp_ioctl done 
[   14.680351] [EGISFP] egisfp_ioctl : cmd = 0x5 
[   14.680352] [EGISFP] egisfp_ioctl : FP_POWER_ONOFF 
[   14.680353] [EGISFP] do_egisfp_power_onoff : power_onoff = 0 
[   14.680536] [EGISFP] egisfp_vreg_setup : regulator disable, ret = 0 
[   14.734064] [EGISFP] do_egisfp_power_onoff : power_pin value = 0 
[   14.734073] [EGISFP] egisfp_ioctl done 
[   15.004668] audit_log_lost: 188 callbacks suppressed
[   15.004675] audit: audit_lost=79 audit_rate_limit=20 audit_backlog_limit=128
[   15.004680] audit: rate limit exceeded
[   15.140505] bt_ioctl: BT_CMD_PWR_CTRL pwr_cntrl: 0
[   15.140514] bt_ioctl: BT chip state is already: 0 no change
[   15.140531] bt_ioctl: BT_CMD_PWR_CTRL pwr_cntrl: 1
[   15.140935] BTON:Turn Bt OFF asserting BT_EN to low
[   15.140944] bt-reset-gpio(382) value(0)
[   15.195098] BTON:Turn Bt OFF post asserting BT_EN to low
[   15.195114] bt-reset-gpio(382) value(0)
[   15.195116] BTON:Turn Bt OFF bt-sw-ctrl-gpio(383) value(1)
[   15.195119] BTON:Turn Bt ON wl-reset-gpio(381) value(1)
[   15.195122] BTON: WLAN ON Asserting BT_EN to high
[   15.250123] BTON:Turn Bt On bt-reset-gpio(382) value(1)
[   15.250143] BTON: Turn BT ON bt-sw-ctrl-gpio(383) value(1)
[   15.250148] bt_configure_gpios: bt_gpio= 382 on: 1
[   15.278303] bt_ioctl: unified Current SOC Version : 40170200
[   15.735090] cnss: Received QMI WLFW pin connect result indication
[   15.735104] cnss: Pin connect Result: pwr_pin: 0x0 phy_io_pin: 0x0 rf_io_pin: 0x2b
[   15.737235] cnss: Received Cal done indication. File size: 8442616
[   15.737248] cnss: Calibration took 7688 ms
[   15.737250] cnss: Posting event: COLD_BOOT_CAL_DONE(6), state: 0x2f0600f flags: 0x0
[   15.737254] cnss: PM stay awake, state: 0x2f0600f, count: 1
[   15.737268] cnss: PM relax, state: 0x2f0600f, count: 0
[   15.737282] cnss: PM stay awake, state: 0x2f0600f, count: 1
[   15.737284] cnss: Processing driver event: COLD_BOOT_CAL_DONE(6), state: 0x2f0600f
[   15.737287] cnss: Calibration completed successfully
[   15.737289] cnss: Sending mode message, mode: OFF(4), state: 0x2f0600f
[   15.787719] cnss: Sending coex antenna switch_to_mdm
[   15.787865] cnss: Skip driver remove
[   15.787908] cnss: WLFW server exiting
[   15.787911] cnss: Posting event: SERVER_EXIT(1), state: 0x2f8600f flags: 0x0
[   15.788429] cnss: Enable ADSP power collapse
[   15.788434] cnss: Setting MHI state: POWER_OFF(4)
[   15.834069] cnss: Suspending PCI link
[   15.842572] msm_pcie_disable: PCIe: Assert the reset of endpoint of RC0.
[   15.843028] cnss: Setting MHI state: DEINIT(1)
[   15.843073] cnss: WLAN_EN Value: 0
[   15.843077] cnss: De-assert WLAN_EN GPIO successfully
[   15.843079] cnss: Regulator vdd-wlan-rfa2 is being disabled
[   15.843084] cnss: Regulator vdd-wlan-rfa1 is being disabled
[   15.843087] cnss: Regulator vdd-wlan-dig is being disabled
[   15.843092] cnss: Regulator vdd-wlan-aon is being disabled
[   15.843111] cnss: Regulator vdd-wlan is being disabled
[   15.843123] cnss: Regulator vdd-wlan-io is being disabled
[   15.946053] cnss: CAL DB file not required as per BDF
[   15.946065] cnss: Schedule WLAN driver load
[   15.946077] cnss: Processing driver event: SERVER_EXIT(1), state: 0x2fa6001
[   15.946081] cnss: QMI WLFW service disconnected, state: 0x2fa6000
[   15.946136] cnss: Posting event: REGISTER_DRIVER(7)-sync, state: 0x2fa6000 flags: 0x5
[   15.946241] cnss: Processing driver event: REGISTER_DRIVER-sync(7), state: 0x2f26000
[   15.946253] cnss: FW name added with prefix: kiwi/amss20.bin
[   15.946626] cnss: FW name added with prefix: kiwi/amss20.bin
[   15.946629] cnss: FW name is kiwi/amss20.bin, FW fallback name is kiwi/amss20.bin
[   15.946631] cnss: New driver mode is 0
[   15.946635] cnss: Regulator vdd-wlan-io is being enabled
[   15.946639] cnss: Regulator vdd-wlan is being enabled
[   15.946837] cnss: Regulator vdd-wlan-aon is being enabled
[   15.947003] cnss: Regulator vdd-wlan-dig is being enabled
[   15.947013] cnss: Regulator vdd-wlan-rfa1 is being enabled
[   15.947018] cnss: Regulator vdd-wlan-rfa2 is being enabled
[   15.948042] cnss: WLAN_EN Value: 1
[   15.948047] cnss: Assert WLAN_EN GPIO successfully
[   15.948050] cnss: Resuming PCI link
[   15.948077] msm_pcie_enable: PCIe: Assert the reset of endpoint of RC0.
[   15.951501] msm_pcie_enable: PCIe: RC0: PCIE20_PARF_INT_ALL_MASK: 0x7f80d202
[   15.953768] pcie_phy_init: PCIe RC0 PHY is ready!
[   15.963813] msm_pcie_enable: PCIe: Release the reset of endpoint of RC0.
[   15.967210] AidlLazyServiceRegistrar: Process has 0 (of 1 available) client(s) in use after notification apexservice has clients: 0
[   15.967221] AidlLazyServiceRegistrar: Shutdown prevented by forcePersist override flag.
[   15.980652] msm_pcie_link_train: PCIe RC0 link initialized
[   15.994128] cnss_pci 0000:01:00.0: enabling device (0000 -> 0002)
[   15.994504] cnss: Setting MHI state: INIT(0)
[   15.994565] cnss: Setting MHI state: POWER_ON(2)
[   15.994935] cnss_pci 0000:01:00.0: Direct firmware load for kiwi/amss20.bin failed with error -2
[   15.994940] cnss_pci 0000:01:00.0: Falling back to sysfs fallback for: kiwi/amss20.bin
[   15.996952] ueventd: firmware: loading 'kiwi/amss20.bin' for '/devices/platform/soc/1c00000.qcom,pcie/pci0000:00/0000:00:00.0/0000:01:00.0/firmware/kiwi!amss20.bin'
[   16.002520] gsi soc:qcom,msm_gsi: gsi_stop_channel:3615 chan=1 busy try again
[   16.004718] gsi soc:qcom,msm_gsi: gsi_stop_channel:3615 chan=14 busy try again
[   16.161716] [EGISFP] egisfp_ioctl : cmd = 0x5 
[   16.161725] [EGISFP] egisfp_ioctl : FP_POWER_ONOFF 
[   16.161726] [EGISFP] do_egisfp_power_onoff : power_onoff = 2 
[   16.161731] [EGISFP] egisfp_vreg_setup : original voltage = 3400000 
[   16.161733] [EGISFP] egisfp_vreg_setup : enable_3_8V 
[   16.161928] [EGISFP] egisfp_vreg_setup : modified voltage = 3800000, ret = 0 
[   16.161932] [EGISFP] egisfp_vreg_setup : regulator enable, ret = 0 
[   16.170073] [EGISFP] do_egisfp_power_onoff : power_pin value = 1 
[   16.170083] [EGISFP] egisfp_ioctl done 
[   16.171098] [EGISFP] egisfp_ioctl : cmd = 0x4 
[   16.171102] [EGISFP] egisfp_ioctl : FP_SENSOR_RESET 
[   16.184288] [EGISFP] do_egisfp_reset : reset_pin = 1 
[   16.184296] [EGISFP] egisfp_ioctl done 
[   16.255656] SELinux: avc:  denied  { find } for pid=1775 uid=1000 name=vendor.qti.hardware.servicetrackeraidl.IServicetracker/default scontext=u:r:system_server:s0 tcontext=u:object_r:default_android_service:s0 tclass=service_manager permissive=0
[   16.258044] SELinux: avc:  denied  { find } for pid=1775 uid=1000 name=vendor.qti.hardware.servicetrackeraidl.IServicetracker/default scontext=u:r:system_server:s0 tcontext=u:object_r:default_android_service:s0 tclass=service_manager permissive=0
[   16.267243] SELinux: avc:  denied  { find } for pid=1775 uid=1000 name=vendor.qti.hardware.servicetrackeraidl.IServicetracker/default scontext=u:r:system_server:s0 tcontext=u:object_r:default_android_service:s0 tclass=service_manager permissive=0
[   16.294800] SELinux: avc:  denied  { find } for pid=1775 uid=1000 name=vendor.qti.hardware.servicetrackeraidl.IServicetracker/default scontext=u:r:system_server:s0 tcontext=u:object_r:default_android_service:s0 tclass=service_manager permissive=0
[   16.309416] [EGISFP] egisfp_ioctl : cmd = 0xA5 
[   16.309426] [EGISFP] egisfp_interrupt_free 
[   16.309428] [EGISFP] egisfp_ioctl : INT_TRIGGER_CLOSE 0  
[   16.309429] [EGISFP] egisfp_ioctl done 
[   16.309435] [EGISFP] egisfp_ioctl : cmd = 0xA4 
[   16.309437] [EGISFP] egisfp_interrupt_init :  mode = 3 period = 0 threshold = 0 
[   16.309438] [EGISFP] egisfp_interrupt_init :  request_irq_done = 0 gpio_irq = 0  pin = 341 
[   16.309482] [EGISFP] egisfp_interrupt_init : fp_irq number 403 
[   16.309484] [EGISFP] egisfp_interrupt_init : current flag : 0 disable: 0 enable: 1 
[   16.309485] [EGISFP] egisfp_interrupt_init : LEVEL_TRIGGER_HIGH 
[   16.309539] [EGISFP] egisfp_interrupt_init : request_irq return 0 
[   16.309541] [EGISFP] egisfp_interrupt_init : current flag : 1 disable: 0 enable: 1 
[   16.309542] [EGISFP] egisfp_interrupt_init : enable irq with mode = 3 
[   16.309543] [EGISFP] egisfp_interrupt_enable : enable 
[   16.309545] [EGISFP] egisfp_ioctl : INT_TRIGGER_INIT 0 
[   16.309546] [EGISFP] egisfp_ioctl done 
[   16.374729] SELinux: avc:  denied  { find } for pid=4645 uid=10246 name=vendor.qti.hardware.perf2.IPerf/default scontext=u:r:priv_app:s0:c512,c768 tcontext=u:object_r:default_android_service:s0 tclass=service_manager permissive=0
[   16.380735] SELinux: avc:  denied  { find } for pid=1775 uid=1000 name=vendor.qti.hardware.servicetrackeraidl.IServicetracker/default scontext=u:r:system_server:s0 tcontext=u:object_r:default_android_service:s0 tclass=service_manager permissive=0
[   16.396187] SELinux: avc:  denied  { find } for pid=1775 uid=1000 name=vendor.qti.hardware.servicetrackeraidl.IServicetracker/default scontext=u:r:system_server:s0 tcontext=u:object_r:default_android_service:s0 tclass=service_manager permissive=0
[   16.452014] SELinux: avc:  denied  { find } for pid=4656 uid=10383 name=vendor.qti.hardware.perf2.IPerf/default scontext=u:r:platform_app:s0:c512,c768 tcontext=u:object_r:default_android_service:s0 tclass=service_manager permissive=0
[   16.453928] SELinux: avc:  denied  { find } for pid=1775 uid=1000 name=vendor.qti.hardware.servicetrackeraidl.IServicetracker/default scontext=u:r:system_server:s0 tcontext=u:object_r:default_android_service:s0 tclass=service_manager permissive=0
[   16.460656] SELinux: avc:  denied  { find } for pid=4691 uid=10380 name=vendor.qti.hardware.perf2.IPerf/default scontext=u:r:platform_app:s0:c512,c768 tcontext=u:object_r:default_android_service:s0 tclass=service_manager permissive=0
[   16.481123] cnss: MHI status cb is called with reason MISSION_MODE(5)
[   16.481142] cnss: Disable ADSP power collapse
[   16.481210] cnss: Completed event: REGISTER_DRIVER(7), state: 0x6f26010, ret: 0/0
[   16.481218] cnss: PM relax, state: 0x6f26010, count: 0
[   16.484978] cnss: Setting link speed:0x2, width:0x1
[   16.588480] bt_ioctl: BT_CMD_PWR_CTRL pwr_cntrl: 2
[   16.610390] qrtr: announce_servers(): Avoiding duplicate announce for NODE ID 7
[   16.610644] cnss: WLFW server arriving: node 7 port 1
[   16.610652] cnss: Posting event: SERVER_ARRIVE(0), state: 0x6f26010 flags: 0x0
[   16.610657] cnss: PM stay awake, state: 0x6f26010, count: 1
[   16.610669] cnss: PM relax, state: 0x6f26010, count: 0
[   16.610687] cnss: PM stay awake, state: 0x6f26010, count: 1
[   16.610693] cnss: Processing driver event: SERVER_ARRIVE(0), state: 0x6f26010
[   16.610697] cnss: QMI WLFW service connected, state: 0x6f26011
[   16.610700] cnss: Sending indication register message, state: 0x6f26011
[   16.615726] cnss: Sending host capability message, state: 0x6f26011
[   16.615738] cnss: Number of clients is 1
[   16.615741] cnss: Assign MSI to user: WAKE, num_vectors: 1, user_base_data: 13, base_vector: 13
[   16.615744] cnss: WAKE MSI base data is 13
[   16.615746] cnss: Calibration done is 1
[   16.615748] cnss: Sending iova starting 0xa0000000 with size 0x10010000
[   16.615750] cnss: Sending feature list 0x6
[   16.617855] cnss: Received QMI WLFW request memory indication
[   16.617859] cnss: PM relax, state: 0x6f26011, count: 0
[   16.617866] cnss: FW requests for memory, size: 0x6f0000, type: 1
[   16.617869] cnss: FW requests for memory, size: 0x810000, type: 4
[   16.617871] cnss: Posting event: REQUEST_MEM(2), state: 0x6f26011 flags: 0x0
[   16.617874] cnss: PM stay awake, state: 0x6f26011, count: 1
[   16.617881] cnss: PM relax, state: 0x6f26011, count: 0
[   16.617886] cnss: PM stay awake, state: 0x6f26011, count: 1
[   16.617889] cnss: Processing driver event: REQUEST_MEM(2), state: 0x6f26011
[   16.617892] cnss: Sending respond memory message, state: 0x6f26011
[   16.617895] cnss: Memory for FW, va: 0x0000000000000000, pa: 0x00000000a1800000, size: 0x6f0000, type: 1
[   16.617898] cnss: Memory for FW, va: 0x0000000000000000, pa: 0x00000000a2000000, size: 0x810000, type: 4
[   16.623717] cnss: PM relax, state: 0x6f26011, count: 0
[   16.625311] cnss: Received QMI WLFW FW memory ready indication
[   16.625321] cnss: Posting event: FW_MEM_READY(3), state: 0x6f26011 flags: 0x0
[   16.625325] cnss: PM stay awake, state: 0x6f26011, count: 1
[   16.625341] cnss: PM relax, state: 0x6f26011, count: 0
[   16.625351] cnss: PM stay awake, state: 0x6f26011, count: 1
[   16.625359] cnss: Processing driver event: FW_MEM_READY(3), state: 0x6f26011
[   16.625362] cnss: Sending target capability message, state: 0x6f26013
[   16.627722] cnss: Device frequency is 19200000 HZ
[   16.627734] cnss: Target capability: chip_id: 0x2, chip_family: 0x4, board_id: 0x31, soc_id: 0x40170200, otp_version: 0x0
[   16.627738] cnss: fw_version: 0x110c8586, fw_build_timestamp: 2025-08-25 13:49, fw_build_id: QC_IMAGE_VERSION_STRING=WLAN.HMT.1.1-01414.6-QCAHMTSWPL_V1.0_V2.0_SILICONZ-1.121323.2.124673.3, hwid_bitmap:0x0
[   16.627741] cnss: Hang event params, Length: 0x180, Offset Address: 0x1ec000
[   16.627745] cnss: Sending BDF download message, state: 0x6f26013, type: 4
[   16.627749] cnss: FW name added with prefix: kiwi/regdb.bin
[   16.633469] ueventd: firmware: loading 'kiwi/regdb.bin' for '/devices/platform/soc/b0000000.qcom,cnss-qca-converged/firmware/kiwi!regdb.bin'
[   16.633631] ueventd: found /vendor/firmware/kiwi/regdb.bin for /devices/platform/soc/b0000000.qcom,cnss-qca-converged/firmware/kiwi!regdb.bin
[   16.633708] ueventd: loading /devices/platform/soc/b0000000.qcom,cnss-qca-converged/firmware/kiwi!regdb.bin took 0ms
[   16.633822] cnss: Downloading BDF: kiwi/regdb.bin, size: 24278
[   16.648252] cnss: INI File 1 download
[   16.661916] ueventd: firmware: loading 'wlan-connection-roaming.ini' for '/devices/platform/soc/b0000000.qcom,cnss-qca-converged/firmware/wlan-connection-roaming.ini'
[   16.662364] ueventd: firmware: could not find firmware for wlan-connection-roaming.ini
[   16.662377] ueventd: firmware: attempted /etc/firmware/wlan-connection-roaming.ini, open failed: No such file or directory
[   16.662381] ueventd: firmware: attempted /odm/firmware/wlan-connection-roaming.ini, open failed: No such file or directory
[   16.662385] ueventd: firmware: attempted /vendor/firmware/wlan-connection-roaming.ini, open failed: No such file or directory
[   16.662389] ueventd: firmware: attempted /firmware/image/wlan-connection-roaming.ini, open failed: No such file or directory
[   16.662392] ueventd: firmware: attempted /vendor/firmware_mnt/image/wlan-connection-roaming.ini, open failed: No such file or directory
[   16.662532] cnss: Failed to get INI file wlan-connection-roaming.ini (-2), Backup file: Supported
[   16.667108] cnss: Failed to get INI file wlan-connection-roaming-backup.ini (-2)
[   16.667126] cnss: Sending BDF download message, state: 0x6f26013, type: 1
[   16.667132] cnss: FW name added with prefix: kiwi/bdwlan.e31
[   16.672287] cnss: Downloading BDF: kiwi/bdwlan.e31, size: 88760
[   16.716973] cnss: Host BDF config: HW_XPA: 1 CalDB: 0
[   16.716987] cnss: Sending M3 information message, state: 0x6f26013
[   16.716991] cnss: M3 memory, va: 0x0000000000000000, pa: 0x00000000a2a00000, size: 0x4926c
[   16.721583] cnss: Sending QDSS config download message, state: 0x6f26013
[   16.721596] cnss: FW name added with prefix: kiwi/qdss_trace_config_v2.cfg
[   16.734787] cnss: Downloading QDSS: kiwi/qdss_trace_config_v2.cfg, size: 4911
[   16.739578] cnss: PM relax, state: 0x6f26013, count: 0
[   16.747129] cnss: Received QMI WLFW FW initialization done indication
[   16.747141] cnss: Posting event: FW_READY(4), state: 0x6f26013 flags: 0x0
[   16.747145] cnss: PM stay awake, state: 0x6f26013, count: 1
[   16.747161] cnss: PM relax, state: 0x6f26013, count: 0
[   16.747178] cnss: PM stay awake, state: 0x6f26013, count: 1
[   16.747186] cnss: Processing driver event: FW_READY(4), state: 0x6f26013
[   16.747189] cnss: Processing FW Init Done..
[   16.747192] cnss: PCIE Gen speed not setup
[   16.747194] cnss: Requesting DMS MAC address
[   16.747562] cnss: QMI_DMS_GET_MAC_ADDRESS_REQ_V01 failed, result: 1, err: 16
[   16.763232] cnss: Sending ini sync request, state: 0x6f26017, fw_log_mode: 1
[   16.767148] [kworke][0x1aab20f4][17:34:26.034973] wlan: [721:I:HIF] hif_pci_enable_bus: con_mode = 0x0, WLAN_SOC_device_id = 0x1107
[   16.767172] [kworke][0x1aab21da][17:34:26.034985] wlan: [721:I:HIF] hif_pci_get_soc_info_pld: hif_pci_get_soc_info_pld: fam num 4 dev ver 23 maj ver 2 min ver 0

[   16.767177] [kworke][0x1aab2329][17:34:26.035003] wlan: [721:I:HIF] hif_pci_enable_bus: hif_enable_pci done
[   16.767325] [kworke][0x1aab2e47][17:34:26.035151] wlan: [721:I:HIF] hif_get_device_type:  *********** KIWI *************
[   16.767328] [kworke][0x1aab2e89][17:34:26.035154] wlan: [721:I:HIF] hif_pci_enable_bus: hif_type = 0x1a, target_type = 0x1f
[   16.767332] [kworke][0x1aab2ed0][17:34:26.035158] wlan: [721:I:HIF] hif_register_tbl_attach: HIF_TYPE_KIWI
[   16.767335] [kworke][0x1aab2f03][17:34:26.035161] wlan: [721:I:HIF] hif_target_register_tbl_attach: TARGET_TYPE_KIWI
[   16.767337] [kworke][0x1aab2f30][17:34:26.035163] wlan: [721:I:HIF] hif_pci_enable_bus: Skip tgt_wake up for srng devices
[   16.767373] cnss: Assign MSI to user: CE, num_vectors: 10, user_base_data: 3, base_vector: 3
[   16.767383] [kworke][0x1aab3296][17:34:26.035208] wlan: [721:E:HIF] hif_print_hal_shadow_register_cfg: v3: num_config 36
[   16.767390] [kworke][0x1aab3333][17:34:26.035217] wlan: [721:E:HIF] hif_print_hal_shadow_register_cfg: i 0, val a3b04c
[   16.767394] [kworke][0x1aab3375][17:34:26.035220] wlan: [721:E:HIF] hif_print_hal_shadow_register_cfg: i 1, val a3b054
[   16.767398] [kworke][0x1aab33bc][17:34:26.035224] wlan: [721:E:HIF] hif_print_hal_shadow_register_cfg: i 2, val a3b05c
[   16.767401] [kworke][0x1aab33ff][17:34:26.035227] wlan: [721:E:HIF] hif_print_hal_shadow_register_cfg: i 3, val a3b064
[   16.767405] [kworke][0x1aab3440][17:34:26.035231] wlan: [721:E:HIF] hif_print_hal_shadow_register_cfg: i 4, val a3b06c
[   16.767408] [kworke][0x1aab347d][17:34:26.035234] wlan: [721:E:HIF] hif_print_hal_shadow_register_cfg: i 5, val a3b074
[   16.767411] [kworke][0x1aab34c6][17:34:26.035237] wlan: [721:E:HIF] hif_print_hal_shadow_register_cfg: i 6, val a3b07c
[   16.767414] [kworke][0x1aab34ff][17:34:26.035240] wlan: [721:E:HIF] hif_print_hal_shadow_register_cfg: i 7, val a3b084
[   16.767418] [kworke][0x1aab353d][17:34:26.035244] wlan: [721:E:HIF] hif_print_hal_shadow_register_cfg: i 8, val a3b08c
[   16.767421] [kworke][0x1aab357e][17:34:26.035247] wlan: [721:E:HIF] hif_print_hal_shadow_register_cfg: i 9, val a3b028
[   16.767432] [kworke][0x1aab35b9][17:34:26.035250] wlan: [721:E:HIF] hif_print_hal_shadow_register_cfg: i 10, val a3b020
[   16.767435] [kworke][0x1aab368f][17:34:26.035261] wlan: [721:E:HIF] hif_print_hal_shadow_register_cfg: i 11, val a3b0ac
[   16.767439] [kworke][0x1aab36d1][17:34:26.035265] wlan: [721:E:HIF] hif_print_hal_shadow_register_cfg: i 12, val a46000
[   16.767442] [kworke][0x1aab3713][17:34:26.035268] wlan: [721:E:HIF] hif_print_hal_shadow_register_cfg: i 13, val a46008
[   16.767446] [kworke][0x1aab3756][17:34:26.035272] wlan: [721:E:HIF] hif_print_hal_shadow_register_cfg: i 14, val a46010
[   16.767449] [kworke][0x1aab3799][17:34:26.035275] wlan: [721:E:HIF] hif_print_hal_shadow_register_cfg: i 15, val a46018
[   16.767452] [kworke][0x1aab37d2][17:34:26.035278] wlan: [721:E:HIF] hif_print_hal_shadow_register_cfg: i 16, val a46020
[   16.767455] [kworke][0x1aab380f][17:34:26.035281] wlan: [721:E:HIF] hif_print_hal_shadow_register_cfg: i 17, val a370b8
[   16.767459] [kworke][0x1aab3851][17:34:26.035285] wlan: [721:E:HIF] hif_print_hal_shadow_register_cfg: i 18, val a37010
[   16.767462] [kworke][0x1aab3889][17:34:26.035288] wlan: [721:E:HIF] hif_print_hal_shadow_register_cfg: i 19, val a370cc
[   16.767465] [kworke][0x1aab38ca][17:34:26.035291] wlan: [721:E:HIF] hif_print_hal_shadow_register_cfg: i 20, val a370d4
[   16.767468] [kworke][0x1aab3906][17:34:26.035294] wlan: [721:E:HIF] hif_print_hal_shadow_register_cfg: i 21, val a370dc
[   16.767471] [kworke][0x1aab3945][17:34:26.035297] wlan: [721:E:HIF] hif_print_hal_shadow_register_cfg: i 22, val a370e4
[   16.767475] [kworke][0x1aab3984][17:34:26.035301] wlan: [721:E:HIF] hif_print_hal_shadow_register_cfg: i 23, val a370ec
[   16.767478] [kworke][0x1aab39c4][17:34:26.035304] wlan: [721:E:HIF] hif_print_hal_shadow_register_cfg: i 24, val a370f4
[   16.767481] [kworke][0x1aab3a02][17:34:26.035307] wlan: [721:E:HIF] hif_print_hal_shadow_register_cfg: i 25, val a370fc
[   16.767484] [kworke][0x1aab3a3c][17:34:26.035310] wlan: [721:E:HIF] hif_print_hal_shadow_register_cfg: i 26, val a37104
[   16.767487] [kworke][0x1aab3a7a][17:34:26.035314] wlan: [721:E:HIF] hif_print_hal_shadow_register_cfg: i 27, val 1b80400
[   16.767496] [kworke][0x1aab3ab9][17:34:26.035317] wlan: [721:E:HIF] hif_print_hal_shadow_register_cfg: i 28, val 1b83400
[   16.767499] [kworke][0x1aab3b5f][17:34:26.035325] wlan: [721:E:HIF] hif_print_hal_shadow_register_cfg: i 29, val 1b8340c
[   16.767503] [kworke][0x1aab3ba1][17:34:26.035329] wlan: [721:E:HIF] hif_print_hal_shadow_register_cfg: i 30, val 1b85400
[   16.767506] [kworke][0x1aab3be5][17:34:26.035332] wlan: [721:E:HIF] hif_print_hal_shadow_register_cfg: i 31, val 1b8540c
[   16.767510] [kworke][0x1aab3c25][17:34:26.035336] wlan: [721:E:HIF] hif_print_hal_shadow_register_cfg: i 32, val 1b86400
[   16.767513] [kworke][0x1aab3c64][17:34:26.035339] wlan: [721:E:HIF] hif_print_hal_shadow_register_cfg: i 33, val 1b88400
[   16.767516] [kworke][0x1aab3ca1][17:34:26.035342] wlan: [721:E:HIF] hif_print_hal_shadow_register_cfg: i 34, val 1b8f400
[   16.767519] [kworke][0x1aab3ce1][17:34:26.035346] wlan: [721:E:HIF] hif_print_hal_shadow_register_cfg: i 35, val 1b8f40c
[   16.767523] cnss: Mode: 0, config: 0000000000000000, host_version: 5.2.1.45E
[   16.767526] cnss: Sending WLAN config message, state: 0x6f26017
[   16.767529] cnss: Shadow reg v3 len: 36
[   16.771818] cnss: Sending mode message, mode: MISSION(0), state: 0x6f26017
[   16.808375] cnss: Get MSI low addr = 0xa0000040, high addr = 0x0
[   16.808389] [kworke][0x1ab73606][17:34:26.076214] wlan: [721:I:HAL] hal_srng_update_high_wm_thresholds: ring_id: 64, wm_thresh- <50:0, 50-60:8, 60-70:9, 70-80:11, 80-90:12, 90-100:14
[   16.808456] [kworke][0x1ab73b23][17:34:26.076282] wlan: [721:I:HAL] hal_srng_update_high_wm_thresholds: ring_id: 82, wm_thresh- <50:0, 50-60:256, 60-70:307, 70-80:358, 80-90:409, 90-100:460
[   16.808506] cnss: Received QMI WLFW pin connect result indication
[   16.808513] cnss: Pin connect Result: pwr_pin: 0x1 phy_io_pin: 0x0 rf_io_pin: 0x0
[   16.808558] [kworke][0x1ab742bf][17:34:26.076384] wlan: [721:I:HAL] hal_srng_update_high_wm_thresholds: ring_id: 101, wm_thresh- <50:0, 50-60:256, 60-70:307, 70-80:358, 80-90:409, 90-100:460
[   16.808640] [kworke][0x1ab748e8][17:34:26.076466] wlan: [721:I:HAL] hal_srng_update_high_wm_thresholds: ring_id: 83, wm_thresh- <50:0, 50-60:128, 60-70:153, 70-80:179, 80-90:204, 90-100:230
[   16.808741] [kworke][0x1ab75073][17:34:26.076567] wlan: [721:I:HAL] hal_srng_update_high_wm_thresholds: ring_id: 102, wm_thresh- <50:0, 50-60:128, 60-70:153, 70-80:179, 80-90:204, 90-100:230
[   16.808808] [kworke][0x1ab75584][17:34:26.076634] wlan: [721:I:HAL] hal_srng_update_high_wm_thresholds: ring_id: 67, wm_thresh- <50:0, 50-60:16, 60-70:19, 70-80:22, 80-90:25, 90-100:28
[   16.808877] [kworke][0x1ab75aac][17:34:26.076703] wlan: [721:I:HAL] hal_srng_update_high_wm_thresholds: ring_id: 68, wm_thresh- <50:0, 50-60:128, 60-70:153, 70-80:179, 80-90:204, 90-100:230
[   16.809118] [kworke][0x1ab76cb4][17:34:26.076943] wlan: [721:I:HAL] hal_srng_update_high_wm_thresholds: ring_id: 88, wm_thresh- <50:0, 50-60:16, 60-70:19, 70-80:22, 80-90:25, 90-100:28
[   16.809227] [kworke][0x1ab774dc][17:34:26.077052] wlan: [721:I:HAL] hal_srng_update_high_wm_thresholds: ring_id: 107, wm_thresh- <50:0, 50-60:16, 60-70:19, 70-80:22, 80-90:25, 90-100:28
[   16.809293] [kworke][0x1ab779d0][17:34:26.077118] wlan: [721:I:HIF] hif_configure_irq: E
[   16.809296] cnss: Get IRQ number 359 for vector index 13
[   16.809367] cnss: Get IRQ number 349 for vector index 3
[   16.809405] cnss: Get IRQ number 350 for vector index 4
[   16.809440] cnss: Get IRQ number 351 for vector index 5
[   16.809471] cnss: Get IRQ number 352 for vector index 6
[   16.809502] cnss: Get IRQ number 353 for vector index 7
[   16.809532] cnss: Get IRQ number 354 for vector index 8
[   16.809550] cnss: Get IRQ number 355 for vector index 9
[   16.809570] cnss: Get IRQ number 356 for vector index 10
[   16.809588] cnss: Get IRQ number 357 for vector index 11
[   16.809630] wlan_pld:pld_is_ipa_offload_disabled:3344:: Not supported on type 0
[   16.809685] [kworke][0x1ab79744][17:34:26.077511] wlan: [721:E:POLICY_MGR] policy_mgr_init_cfg: max_conc_cxns 4 non-nan
[   16.809694] cnss: Platform cap_flag is 0x4
[   16.809831] [kworke][0x1ab7a235][17:34:26.077657] wlan: [721:E:QDF] __cds_get_context: Module ID 66 context is Null (via hdd_update_ol_config)
[   16.811541] [kworke][0x1ab821a5][17:34:26.079356] wlan: [721:E:QDF] __cds_get_context: Module ID 66 context is Null (via cds_open)
[   16.812129] [kworke][0x1ab84e85][17:34:26.079954] wlan: [721:F:WMA] WMA --> wmi_unified_attach - success
[   16.817412] [kworke][0x1ab9dac1][17:34:26.085237] wlan: [721:E:QDF] htc_wait_target: Target Ready! TX resource : 1 size:2176, MaxMsgsPerHTCBundle = 1
[   16.817426] [kworke][0x1ab9dbdc][17:34:26.085252] wlan: [721:E:QDF] htc_setup_target_buffer_assignments: SVS Index : 1 TX : 0x100 : alloc:1
[   16.817789] [kworke][0x1ab9f717][17:34:26.085615] wlan: [721:I:DP] dp_soc_tx_desc_sw_pools_alloc Tx Desc Alloc num_pool = 6, descs = 8192
[   16.818715] cnss: Assign MSI to user: DP, num_vectors: 18, user_base_data: 14, base_vector: 14
[   16.819593] [kworke][0x1aba7e5d][17:34:26.087419] wlan: [721:I:HAL] hal_srng_update_high_wm_thresholds: ring_id: 120, wm_thresh- <50:0, 50-60:16384, 60-70:19660, 70-80:22937, 80-90:26214, 90-100:29491
[   16.819934] [kworke][0x1aba97f5][17:34:26.087760] wlan: [721:I:HAL] hal_srng_update_high_wm_thresholds: ring_id: 121, wm_thresh- <50:0, 50-60:512, 60-70:614, 70-80:716, 80-90:819, 90-100:921
[   16.819976] [kworke][0x1aba9b16][17:34:26.087802] wlan: [721:I:HAL] hal_srng_update_high_wm_thresholds: ring_id: 16, wm_thresh- <50:0, 50-60:64, 60-70:76, 70-80:89, 80-90:102, 90-100:115
[   16.820036] [kworke][0x1aba9f9d][17:34:26.087862] wlan: [721:I:HAL] hal_srng_update_high_wm_thresholds: ring_id: 131, wm_thresh- <50:0, 50-60:512, 60-70:614, 70-80:716, 80-90:819, 90-100:921
[   16.820108] [kworke][0x1abaa4f9][17:34:26.087934] wlan: [721:I:HAL] hal_srng_update_high_wm_thresholds: ring_id: 0, wm_thresh- <50:0, 50-60:128, 60-70:153, 70-80:179, 80-90:204, 90-100:230
[   16.820163] [kworke][0x1abaa929][17:34:26.087989] wlan: [721:I:HAL] hal_srng_update_high_wm_thresholds: ring_id: 20, wm_thresh- <50:0, 50-60:64, 60-70:76, 70-80:89, 80-90:102, 90-100:115
[   16.820214] [kworke][0x1abaacf6][17:34:26.088040] wlan: [721:I:HAL] hal_srng_update_high_wm_thresholds: ring_id: 21, wm_thresh- <50:0, 50-60:128, 60-70:153, 70-80:179, 80-90:204, 90-100:230
[   16.820274] [kworke][0x1abab179][17:34:26.088100] wlan: [721:I:HAL] hal_srng_update_high_wm_thresholds: ring_id: 24, wm_thresh- <50:0, 50-60:2560, 60-70:3072, 70-80:3584, 80-90:4096, 90-100:4608
[   16.820337] [kworke][0x1abab635][17:34:26.088163] wlan: [721:I:HAL] hal_srng_update_high_wm_thresholds: ring_id: 128, wm_thresh- <50:0, 50-60:4096, 60-70:4915, 70-80:5734, 80-90:6553, 90-100:7372
[   16.820412] [kworke][0x1ababb91][17:34:26.088235] wlan: [721:I:HAL] hal_srng_update_high_wm_thresholds: ring_id: 25, wm_thresh- <50:0, 50-60:2560, 60-70:3072, 70-80:3584, 80-90:4096, 90-100:4608
[   16.820475] [kworke][0x1abac08e][17:34:26.088301] wlan: [721:I:HAL] hal_srng_update_high_wm_thresholds: ring_id: 132, wm_thresh- <50:0, 50-60:4096, 60-70:4915, 70-80:5734, 80-90:6553, 90-100:7372
[   16.820546] [kworke][0x1abac5dc][17:34:26.088372] wlan: [721:I:HAL] hal_srng_update_high_wm_thresholds: ring_id: 26, wm_thresh- <50:0, 50-60:2560, 60-70:3072, 70-80:3584, 80-90:4096, 90-100:4608
[   16.820610] [kworke][0x1abacaa6][17:34:26.088436] wlan: [721:I:HAL] hal_srng_update_high_wm_thresholds: ring_id: 130, wm_thresh- <50:0, 50-60:4096, 60-70:4915, 70-80:5734, 80-90:6553, 90-100:7372
[   16.820694] [kworke][0x1abad0fb][17:34:26.088520] wlan: [721:I:HAL] hal_srng_update_high_wm_thresholds: ring_id: 1, wm_thresh- <50:0, 50-60:3072, 60-70:3686, 70-80:4300, 80-90:4915, 90-100:5529
[   16.820778] [kworke][0x1abad73d][17:34:26.088604] wlan: [721:I:HAL] hal_srng_update_high_wm_thresholds: ring_id: 2, wm_thresh- <50:0, 50-60:3072, 60-70:3686, 70-80:4300, 80-90:4915, 90-100:5529
[   16.820867] [kworke][0x1abaddf2][17:34:26.088693] wlan: [721:I:HAL] hal_srng_update_high_wm_thresholds: ring_id: 3, wm_thresh- <50:0, 50-60:3072, 60-70:3686, 70-80:4300, 80-90:4915, 90-100:5529
[   16.820952] [kworke][0x1abae451][17:34:26.088778] wlan: [721:I:HAL] hal_srng_update_high_wm_thresholds: ring_id: 4, wm_thresh- <50:0, 50-60:3072, 60-70:3686, 70-80:4300, 80-90:4915, 90-100:5529
[   16.821029] [kworke][0x1abaea1c][17:34:26.088855] wlan: [721:I:HAL] hal_srng_update_high_wm_thresholds: ring_id: 5, wm_thresh- <50:0, 50-60:3072, 60-70:3686, 70-80:4300, 80-90:4915, 90-100:5529
[   16.821097] [kworke][0x1abaef26][17:34:26.088922] wlan: [721:I:HAL] hal_srng_update_high_wm_thresholds: ring_id: 6, wm_thresh- <50:0, 50-60:3072, 60-70:3686, 70-80:4300, 80-90:4915, 90-100:5529
[   16.821165] [kworke][0x1abaf444][17:34:26.088991] wlan: [721:I:HAL] hal_srng_update_high_wm_thresholds: ring_id: 7, wm_thresh- <50:0, 50-60:3072, 60-70:3686, 70-80:4300, 80-90:4915, 90-100:5529
[   16.821233] [kworke][0x1abaf966][17:34:26.089059] wlan: [721:I:HAL] hal_srng_update_high_wm_thresholds: ring_id: 8, wm_thresh- <50:0, 50-60:3072, 60-70:3686, 70-80:4300, 80-90:4915, 90-100:5529
[   16.822883] [kworke][0x1abb7526][17:34:26.090709] wlan: [721:I:scan] scm_channel_list_db_init: min_freq 5935 max_freq 7115
[   16.823014] [kworke][0x1abb7efa][17:34:26.090840] wlan: [721:I:HAL] hal_srng_update_high_wm_thresholds: ring_id: 184, wm_thresh- <50:0, 50-60:8192, 60-70:9830, 70-80:11468, 80-90:13107, 90-100:14745
[   16.823032] [kworke][0x1abb804f][17:34:26.090858] wlan: [721:I:HAL] hal_srng_update_high_wm_thresholds: ring_id: 189, wm_thresh- <50:0, 50-60:512, 60-70:614, 70-80:716, 80-90:819, 90-100:921
[   16.823037] [kworke][0x1abb80b7][17:34:26.090863] wlan: [721:I:DP] Peer pool init
[   16.823148] [kworke][0x1abb890a][17:34:26.090974] wlan: [721:I:HAL] hal_srng_update_high_wm_thresholds: ring_id: 185, wm_thresh- <50:0, 50-60:2048, 60-70:2457, 70-80:2867, 80-90:3276, 90-100:3686
[   16.823158] [kworke][0x1abb8990][17:34:26.090981] wlan: [721:I:HAL] hal_srng_update_high_wm_thresholds: ring_id: 198, wm_thresh- <50:0, 50-60:2048, 60-70:2457, 70-80:2867, 80-90:3276, 90-100:3686
[   16.823162] [kworke][0x1abb8a17][17:34:26.090988] wlan: [721:E:DP] dp_rx_fst_attach: FST setup params FT size 256, hash_mask 0xff, skid_length 16
[   16.823182] [kworke][0x1abb8b91][17:34:26.091008] wlan: [721:I:HAL] hal_srng_update_high_wm_thresholds: ring_id: 188, wm_thresh- <50:0, 50-60:512, 60-70:614, 70-80:716, 80-90:819, 90-100:921
[   16.823187] [kworke][0x1abb8be6][17:34:26.091013] wlan: [721:I:HAL] hal_srng_update_high_wm_thresholds: ring_id: 201, wm_thresh- <50:0, 50-60:512, 60-70:614, 70-80:716, 80-90:819, 90-100:921
[   16.824631] [kworke][0x1abbf83d][17:34:26.092457] wlan: [721:E:DP] dp_rx_buffer_pool_init: RX buffer pool support is disabled
[   16.831320] cnss: Get IRQ number 360 for vector index 14
[   16.831350] [kworke][0x1abdef3c][17:34:26.099164] wlan: [721:I:HIF] hif_event_history_init: SRNG events history initialized for group: 0
[   16.831352] cnss: Get IRQ number 361 for vector index 15
[   16.831357] [kworke][0x1abdf0a9][17:34:26.099183] wlan: [721:I:HIF] hif_event_history_init: SRNG events history initialized for group: 1
[   16.831358] cnss: Get IRQ number 362 for vector index 16
[   16.831363] [kworke][0x1abdf12c][17:34:26.099189] wlan: [721:I:HIF] hif_event_history_init: SRNG events history initialized for group: 2
[   16.831365] cnss: Get IRQ number 363 for vector index 17
[   16.831368] [kworke][0x1abdf189][17:34:26.099194] wlan: [721:I:HIF] hif_event_history_init: SRNG events history initialized for group: 3
[   16.831370] cnss: Get IRQ number 364 for vector index 18
[   16.831373] [kworke][0x1abdf1dc][17:34:26.099199] wlan: [721:I:HIF] hif_event_history_init: SRNG events history initialized for group: 4
[   16.831374] cnss: Get IRQ number 365 for vector index 19
[   16.831377] [kworke][0x1abdf22f][17:34:26.099203] wlan: [721:I:HIF] hif_event_history_init: SRNG events history initialized for group: 5
[   16.831378] cnss: Get IRQ number 366 for vector index 20
[   16.831382] [kworke][0x1abdf28d][17:34:26.099208] wlan: [721:I:HIF] hif_event_history_init: SRNG events history initialized for group: 6
[   16.831383] cnss: Get IRQ number 367 for vector index 21
[   16.831386] [kworke][0x1abdf2d6][17:34:26.099212] wlan: [721:I:HIF] hif_event_history_init: SRNG events history initialized for group: 7
[   16.831387] cnss: Get IRQ number 368 for vector index 22
[   16.831389] [kworke][0x1abdf31c][17:34:26.099215] wlan: [721:I:HIF] hif_event_history_init: SRNG events history initialized for group: 8
[   16.831390] cnss: Get IRQ number 369 for vector index 23
[   16.831393] [kworke][0x1abdf363][17:34:26.099219] wlan: [721:I:HIF] hif_event_history_init: SRNG events history initialized for group: 9
[   16.831394] cnss: Get IRQ number 370 for vector index 24
[   16.831398] [kworke][0x1abdf3bd][17:34:26.099224] wlan: [721:I:HIF] hif_event_history_init: SRNG events history initialized for group: 10
[   16.831399] cnss: Get IRQ number 371 for vector index 25
[   16.831402] [kworke][0x1abdf40b][17:34:26.099228] wlan: [721:I:HIF] hif_event_history_init: SRNG events history initialized for group: 11
[   16.831403] cnss: Get IRQ number 372 for vector index 26
[   16.831405] [kworke][0x1abdf452][17:34:26.099231] wlan: [721:I:HIF] hif_event_history_init: SRNG events history initialized for group: 12
[   16.831407] cnss: Get IRQ number 373 for vector index 27
[   16.831409] [kworke][0x1abdf4a1][17:34:26.099236] wlan: [721:I:HIF] hif_event_history_init: SRNG events history initialized for group: 13
[   16.831411] cnss: Get IRQ number 374 for vector index 28
[   16.831414] [kworke][0x1abdf500][17:34:26.099241] wlan: [721:I:HIF] hif_event_history_init: SRNG events history initialized for group: 14
[   16.831416] cnss: Get IRQ number 375 for vector index 29
[   16.831418] [kworke][0x1abdf54a][17:34:26.099244] wlan: [721:I:HIF] hif_event_history_init: SRNG events history initialized for group: 15
[   16.831419] cnss: Get IRQ number 376 for vector index 30
[   16.831422] [kworke][0x1abdf58f][17:34:26.099248] wlan: [721:I:HIF] hif_event_history_init: SRNG events history initialized for group: 16
[   16.831423] cnss: Get IRQ number 377 for vector index 31
[   16.831426] [kworke][0x1abdf5db][17:34:26.099252] wlan: [721:I:HIF] hif_event_history_init: SRNG events history initialized for group: 17
[   16.841702] [kworke][0x1ac0f88b][17:34:26.109528] wlan: [191:I:WMA] wma_rx_service_ready_event: Firmware build version : 110c8586
[   16.841712] [kworke][0x1ac0f951][17:34:26.109538] wlan: [191:I:WMA] wma_rx_service_ready_event: Board id: 0, Board version: 8 0 0 0 1
[   16.842962] [kworke][0x1ac1570b][17:34:26.110788] wlan: [191:E:WMA] wma_update_supported_bands: wrong supported band
[   16.843049] [kworke][0x1ac15d9f][17:34:26.110875] wlan: [191:E:QDF] copy_fw_abi_version_tlv: copy_fw_abi_version_tlv: INIT_CMD version: 1, 0, 0x5f414351, 0x4c4d, 0x0, 0x0
[   16.941928] [kworke][0x1ade5587][17:34:26.209754] wlan: [866:E:QDF] ready_extract_init_status_tlv: ready_extract_init_status_tlv:0
[   16.942330] [kworke][0x1ade73a2][17:34:26.210156] wlan: [866:E:REGULATORY] reg_is_fcc_regdmn: Failed to get reg domain
[   16.942343] [kworke][0x1ade74a7][17:34:26.210169] wlan: [866:I:dfs] WLAN_DEBUG_DFS_ALWAYS : wlan_dfs_pdev_obj_create_notification: dfs_offload 1
[   16.942346] [kworke][0x1ade74dc][17:34:26.210172] wlan: [866:I:dfs] WLAN_DEBUG_DFS_ALWAYS : wlan_dfs_pdev_obj_create_notification: dfs_bangradar_320_support 0
[   16.942353] [kworke][0x1ade7561][17:34:26.210179] wlan: [866:I:SPECTRAL] null_get_capability: SPECTRAL : get_capability not registered

[   16.942355] [kworke][0x1ade758b][17:34:26.210181] wlan: [866:I:SPECTRAL] target_if_pdev_spectral_init: HAL_CAP_PHYDIAG : Capable
[   16.942357] [kworke][0x1ade75b3][17:34:26.210183] wlan: [866:I:SPECTRAL] null_get_capability: SPECTRAL : get_capability not registered

[   16.942359] [kworke][0x1ade75d9][17:34:26.210185] wlan: [866:I:SPECTRAL] target_if_pdev_spectral_init: HAL_CAP_RADAR   : Capable
[   16.942361] [kworke][0x1ade75fd][17:34:26.210187] wlan: [866:I:SPECTRAL] null_get_capability: SPECTRAL : get_capability not registered

[   16.942363] [kworke][0x1ade7625][17:34:26.210189] wlan: [866:I:SPECTRAL] target_if_pdev_spectral_init: HAL_CAP_SPECTRAL_SCAN : Capable
[   16.942365] [kworke][0x1ade7650][17:34:26.210191] wlan: [866:I:SPECTRAL] null_get_tsf64: SPECTRAL : get_tsf64 not registered

[   16.942374] [kworke][0x1ade76ef][17:34:26.210200] wlan: [866:I:GREEN_AP] wlan_green_ap_pdev_obj_create_notification: Green AP creation successful, green ap ctx: 0000000000000000, pdev: 0000000000000000
[   16.942555] [kworke][0x1ade8482][17:34:26.210381] wlan: [866:I:HAL] hal_srng_update_high_wm_thresholds: ring_id: 193, wm_thresh- <50:0, 50-60:24, 60-70:28, 70-80:33, 80-90:38, 90-100:43
[   16.942623] [kworke][0x1ade89a8][17:34:26.210449] wlan: [866:I:HAL] hal_srng_update_high_wm_thresholds: ring_id: 206, wm_thresh- <50:0, 50-60:24, 60-70:28, 70-80:33, 80-90:38, 90-100:43
[   16.942683] [kworke][0x1ade8e24][17:34:26.210509] wlan: [866:E:CFR] cfr_streamfs_init: Directory create failed
[   16.942688] [kworke][0x1ade8e80][17:34:26.210514] wlan: [866:E:CFR] wlan_cfr_pdev_open: cfr_streamfs_init failed with 16

[   16.942704] [kworke][0x1ade8fbd][17:34:26.210530] wlan: [866:I:REGULATORY] reg_set_band: same band 7
[   16.942707] [kworke][0x1ade8ff3][17:34:26.210533] wlan: [866:I:HDD] hdd_intersect_igmp_offload_setting: fw cap to handle igmp 1 igmp_offload_enable ini 0
[   16.942792] [kworke][0x1ade962b][17:34:26.210616] wlan: [866:I:GREEN_AP] target_if_green_ap_register_egap_event_handler: Set the Enhance Green AP event handler
[   16.942814] [kworke][0x1ade97f1][17:34:26.210640] wlan: [721:I:WMA] wma_wait_for_ready_event: FW ready event received
[   16.942840] [kworke][0x1ade99e9][17:34:26.210666] wlan: [721:I:HAL] hal_srng_update_high_wm_thresholds: ring_id: 192, wm_thresh- <50:0, 50-60:64, 60-70:76, 70-80:89, 80-90:102, 90-100:115
[   16.942910] [kworke][0x1ade9ef1][17:34:26.210733] wlan: [721:I:HAL] hal_srng_update_high_wm_thresholds: ring_id: 205, wm_thresh- <50:0, 50-60:64, 60-70:76, 70-80:89, 80-90:102, 90-100:115
[   16.943045] [kworke][0x1adea954][17:34:26.210872] wlan: [721:I:SYS] Creating periodic timer for OLBC UPDATE CACHE TIMEOUT

[   16.943080] [kworke][0x1adeabed][17:34:26.210906] wlan: [721:E:DP] dp_rxdma_ring_config: pdev_id 0 max_mac_rings 2
[   16.943084] [kworke][0x1adeac31][17:34:26.210910] wlan: [721:E:TXRX] dp_rxdma_ring_config: mac_id 0
[   16.943103] [kworke][0x1adeadae][17:34:26.210930] wlan: [721:E:TXRX] dp_rxdma_ring_config: mac_id 1
[   16.943218] [kworke][0x1adeb645][17:34:26.211044] wlan: [721:I:HAL] hal_reo_set_err_dst_remap_kiwi: HWIO_REO_R0_ERROR_DESTINATION_MAPPING_IX_0 0x0
[   16.943235] [kworke][0x1adeb795][17:34:26.211062] wlan: [721:I:HAL] hal_reo_set_err_dst_remap_kiwi: HWIO_REO_R0_ERROR_DESTINATION_MAPPING_IX_1 0x0
[   16.943267] [kworke][0x1adeb9f9][17:34:26.211093] wlan: [721:I:DIRECT_BUF_RX] target_if_direct_buf_rx_register_events: DBR Handler Context 1
[   16.963824] [kworke][0x1ae4bfbc][17:34:26.231650] wlan: [721:E:fwol] ucfg_fwol_send_get_thermal_stats_cmd: Command Disabled in Ini gThermalStatsTempOffset 5 or not enabled in FW 0
[   16.963833] [kworke][0x1ae4c064][17:34:26.231659] wlan: [721:E:OSIF] os_if_fwol_get_thermal_stats_req: Failed to send get thermal stats cmd to FW, 4
[   16.963940] [kworke][0x1ae4c86e][17:34:26.231766] wlan: [721:E:WMI] send_action_oui_cmd_tlv: Invalid action id
[   16.963945] [kworke][0x1ae4c8cd][17:34:26.231771] wlan: [721:E:WMI] send_action_oui_cmd_tlv: Invalid action id
[   16.964193] cnss_utils: WLAN MAC address is not set, type 0
[   16.967226] [kworke][0x1ae5bed9][17:34:26.235052] wlan: [721:I:HDD] hdd_initialize_mac_address: using MAC address from wlan_mac.bin
[   16.967920] cnss: Host time = 23504020 us, device time = 1003210 us, offset = 22500810 us
[   16.967944] cnss: Updated time sync regs [0x98c] = 0x15755ca, [0x990] = 0x0
[   16.967957] cnss: Removing vote for Regulator vdd-wlan-rfa2
[   16.967976] cnss: Removing vote for Regulator vdd-wlan-rfa1
[   16.967990] cnss: Removing vote for Regulator vdd-wlan-dig
[   16.968001] cnss: Removing vote for Regulator vdd-wlan-aon
[   16.968011] cnss: Removing vote for Regulator vdd-wlan
[   16.968023] cnss: Removing vote for Regulator vdd-wlan-io
[   16.968028] cnss: PM relax, state: 0x6f26107, count: 0
[   16.979651] [wifi@1][0x1ae962b0][17:34:26.247476] wlan: [1680:I:HDD] wlan_hdd_state_ctrl_param_write: Wifi Turning On from UI

[   16.979661] [wifi@1][0x1ae96373][17:34:26.247486] wlan: [1680:I:HDD] wlan_hdd_state_ctrl_param_write: is_driver_loaded 1 is_driver_recovering 0
[   16.980241] [wifi@1][0x1ae98efc][17:34:26.248067] wlan: [1680:I:DP] 00000000: df 1e 9b 08 d6 ad 50 66 d5 55 2e 64 a0 75 d9 5b
[   16.980246] [wifi@1][0x1ae98f5e][17:34:26.248072] wlan: [1680:I:DP] 00000010: 7b 07 3a 07
[   16.980250] [wifi@1][0x1ae98fa8][17:34:26.248076] wlan: [1680:I:DP] 00000000: 6a eb 1e 92 eb 5b 62 76 e5 e7 b9 b1 04 6b 51 94
[   16.980252] [wifi@1][0x1ae98fd8][17:34:26.248078] wlan: [1680:I:DP] 00000010: 63 d0 00 48 3a 8b 94 ee b6 50 7d c0 db 5e bd db
[   16.980264] [wifi@1][0x1ae99009][17:34:26.248081] wlan: [1680:I:DP] 00000020: 03 fd 58 7c bd 23 ff 0a 2c b1 5a 84
[   16.980993] [wifi@1][0x1ae9c75a][17:34:26.248819] wlan: [1680:E:HDD] hdd_sysfs_bmiss_create: could not create bmiss sysfs file
[   16.981006] [wifi@1][0x1ae9c82e][17:34:26.248830] wlan: [1680:I:HDD] hdd_sysfs_somcsne_interface_create: Completed to create somcsne sysfs file (wlan0)
[   16.981279] [wifi@1][0x1ae9dccf][17:34:26.249105] wlan: [1680:E:TWT] wlan_twt_is_setup_done: Peer object not found 00:00:00:00:00:00
[   16.995011] [wifi@1][0x1aede2ac][17:34:26.262836] wlan: [1680:E:HDD] hdd_convert_nl80211_to_reg_band_mask: band: 2 not supported
[   17.001640] init: starting service 'wpa_supplicant'...
[   17.001879] init: Created socket '/dev/socket/wpa_wlan0', mode 660, user 1010, group 1010
[   17.003113] init: ... started service 'wpa_supplicant' has pid 4902
[   17.003129] init: Control message: Processed ctl.interface_start for 'aidl/android.hardware.wifi.supplicant.ISupplicant/default' from pid: 984 (/system/bin/servicemanager)
[   17.020378] capability: warning: `wpa_supplicant' uses 32-bit capabilities (legacy support in use)
[   17.035590] [wifi@1][0x1af9c621][17:34:26.303416] wlan: [1680:E:HDD] hdd_convert_nl80211_to_reg_band_mask: band: 2 not supported
[   17.051004] [wifi@1][0x1afe4a3d][17:34:26.318830] wlan: [1680:E:OSIF] wlan_hdd_set_station_stats_request_pending: peer is null
[   17.126266] [kworke][0x1b1456da][17:34:26.394092] wlan: [758:I:REGULATORY] reg_set_band: set band bitmap: 3
[   17.126281] [kworke][0x1b145800][17:34:26.394107] wlan: [758:E:HDD] hdd_reg_set_band: Failed to send RSO update to fw on set band
[   17.194252] gsi soc:qcom,msm_gsi: gsi_stop_channel:3615 chan=1 busy try again
[   17.196351] gsi soc:qcom,msm_gsi: gsi_stop_channel:3615 chan=14 busy try again
[   17.402023] adsp_sleepmon: timer_event = 1,suspend_event = 0
[   17.753412] cnss: Runtime suspend start
[   17.753532] [kworke][0x1bcc1bd1][17:34:27.021358] wlan: [133:I:PMO] pmo_core_enable_wow_in_fw: drv wow is enabled
[   17.769354] [kworke][0x1bd0be78][17:34:27.037180] wlan: [133:I:HIF] hif_try_complete_tasks: waiting for tasklets 1 grp tasklets 0 work 0
[   17.782021] cnss: Setting MHI state: SUSPEND(6)
[   17.782031] cnss: Suspending PCI link
[   17.782033] cnss: Use PCIe DRV suspend
[   17.785714] cnss: Runtime suspend status: 0
[   19.138194] gsi soc:qcom,msm_gsi: gsi_stop_channel:3615 chan=1 busy try again
[   19.140298] gsi soc:qcom,msm_gsi: gsi_stop_channel:3615 chan=14 busy try again
[   19.194099] (virq:irq_count)- GICv3:IPI(1):98789 GICv3:IPI(6):33680 GICv3:ufshcd(35):31275 GICv3:arch_timer(11):24722 GICv3:IPI(2):18106 GICv3:ipcc_0(37):8759 ipcc:glink-native-adsp(385):6875 ipcc:glink-native-modem(402):2271 GICv3:i2c_geni(280):1892 GICv3:apps_rsc-drv-2(20):1613 
[   19.194110] (cpu:irq_count)- 0:42438 1:5602 2:5701 3:32387 4:30514 5:31453 6:30842 7:56520 
[   19.194114] (ipi:irq_count)- 0:98789 1:18106 2:0 3:0 4:0 5:33680 6:0 
[   19.503093] USB cable not connected
[   21.306315] SELinux: avc:  denied  { find } for pid=1775 uid=1000 name=vendor.qti.hardware.servicetrackeraidl.IServicetracker/default scontext=u:r:system_server:s0 tcontext=u:object_r:default_android_service:s0 tclass=service_manager permissive=0
[   21.307245] SELinux: avc:  denied  { find } for pid=1775 uid=1000 name=vendor.qti.hardware.servicetrackeraidl.IServicetracker/default scontext=u:r:system_server:s0 tcontext=u:object_r:default_android_service:s0 tclass=service_manager permissive=0
[   21.354927] SELinux: avc:  denied  { find } for pid=1775 uid=1000 name=vendor.qti.hardware.servicetrackeraidl.IServicetracker/default scontext=u:r:system_server:s0 tcontext=u:object_r:default_android_service:s0 tclass=service_manager permissive=0
[   21.355531] SELinux: avc:  denied  { find } for pid=1775 uid=1000 name=vendor.qti.hardware.servicetrackeraidl.IServicetracker/default scontext=u:r:system_server:s0 tcontext=u:object_r:default_android_service:s0 tclass=service_manager permissive=0
[   23.305070] init: Sending signal 9 to service 'idmap2d' (pid 2286) process group...
[   23.305964] libprocessgroup: Removed cgroup /sys/fs/cgroup/uid_1000/pid_2286
[   23.306413] init: Control message: Processed ctl.stop for 'idmap2d' from pid: 1775 (system_server)
[   23.306488] init: Service 'idmap2d' (pid 2286) received signal 9
[   23.306492] init: Sending signal 9 to service 'idmap2d' (pid 2286) process group...
[   23.306513] libprocessgroup: Failed to write 1 to /sys/fs/cgroup/uid_1000/pid_2286/cgroup.kill: No such file or directory
[   23.306524] libprocessgroup: Failed to open /sys/fs/cgroup/uid_1000/pid_2286/cgroup.procs: No such file or directory
[   23.382903] SELinux: avc:  denied  { find } for pid=1775 uid=1000 name=vendor.qti.hardware.servicetrackeraidl.IServicetracker/default scontext=u:r:system_server:s0 tcontext=u:object_r:default_android_service:s0 tclass=service_manager permissive=0
[   23.386394] SELinux: avc:  denied  { find } for pid=1775 uid=1000 name=vendor.qti.hardware.servicetrackeraidl.IServicetracker/default scontext=u:r:system_server:s0 tcontext=u:object_r:default_android_service:s0 tclass=service_manager permissive=0
[   23.390967] SELinux: avc:  denied  { find } for pid=1775 uid=1000 name=vendor.qti.hardware.servicetrackeraidl.IServicetracker/default scontext=u:r:system_server:s0 tcontext=u:object_r:default_android_service:s0 tclass=service_manager permissive=0
[   23.397182] SELinux: avc:  denied  { find } for pid=1775 uid=1000 name=vendor.qti.hardware.servicetrackeraidl.IServicetracker/default scontext=u:r:system_server:s0 tcontext=u:object_r:default_android_service:s0 tclass=service_manager permissive=0
[   23.412900] SELinux: avc:  denied  { find } for pid=1775 uid=1000 name=vendor.qti.hardware.servicetrackeraidl.IServicetracker/default scontext=u:r:system_server:s0 tcontext=u:object_r:default_android_service:s0 tclass=service_manager permissive=0
[   23.865454] SELinux: avc:  denied  { find } for pid=1775 uid=1000 name=vendor.qti.hardware.servicetrackeraidl.IServicetracker/default scontext=u:r:system_server:s0 tcontext=u:object_r:default_android_service:s0 tclass=service_manager permissive=0
[   24.317893] binder: undelivered transaction 53199, process died.
[   24.318052] init: Service 'bootanim' (pid 2859) exited with status 0 oneshot service took 14.515000 seconds in background
[   24.318063] init: Sending signal 9 to service 'bootanim' (pid 2859) process group...
[   24.318197] libprocessgroup: Removed cgroup /sys/fs/cgroup/uid_1003/pid_2859
[   24.365033] [wifi@1][0x235d1266][17:34:33.632859] wlan: [1680:E:REGULATORY] reg_get_channel_flags_for_freq: chan freq is not valid
[   24.365045] [wifi@1][0x235d1347][17:34:33.632871] wlan: [1680:E:REGULATORY] reg_get_channel_flags_for_freq: chan freq is not valid
[   24.365048] [wifi@1][0x235d138a][17:34:33.632874] wlan: [1680:E:REGULATORY] reg_get_channel_flags_for_freq: chan freq is not valid
[   24.365052] [wifi@1][0x235d13cb][17:34:33.632878] wlan: [1680:E:REGULATORY] reg_get_channel_flags_for_freq: chan freq is not valid
[   24.365055] [wifi@1][0x235d140c][17:34:33.632881] wlan: [1680:E:REGULATORY] reg_get_channel_flags_for_freq: chan freq is not valid
[   24.365066] [wifi@1][0x235d144c][17:34:33.632884] wlan: [1680:E:REGULATORY] reg_get_channel_flags_for_freq: chan freq is not valid
[   24.365069] [wifi@1][0x235d1520][17:34:33.632895] wlan: [1680:E:REGULATORY] reg_get_channel_flags_for_freq: chan freq is not valid
[   24.365072] [wifi@1][0x235d155c][17:34:33.632899] wlan: [1680:E:REGULATORY] reg_get_channel_flags_for_freq: chan freq is not valid
[   24.365076] [wifi@1][0x235d1599][17:34:33.632902] wlan: [1680:E:REGULATORY] reg_get_channel_flags_for_freq: chan freq is not valid
[   24.365079] [wifi@1][0x235d15d4][17:34:33.632905] wlan: [1680:E:REGULATORY] reg_get_channel_flags_for_freq: chan freq is not valid
[   24.365082] [wifi@1][0x235d160f][17:34:33.632908] wlan: [1680:E:REGULATORY] reg_get_channel_flags_for_freq: chan freq is not valid
[   24.365085] [wifi@1][0x235d1648][17:34:33.632911] wlan: [1680:E:REGULATORY] reg_get_channel_flags_for_freq: chan freq is not valid
[   24.366035] cnss: Resuming PCI link
[   24.369210] AidlLazyServiceRegistrar: Process has 1 (of 1 available) client(s) in use after notification apexservice has clients: 1
[   24.369217] AidlLazyServiceRegistrar: Shutdown prevented by forcePersist override flag.
[   24.370159] apexd: markBootCompleted() received by ApexService
[   24.370396] cnss: Set PCI link status to: 2
[   24.370407] cnss: Setting MHI state: RESUME(7)
[   24.370766] [wifi@1][0x235ec05d][17:34:33.638592] wlan: [1680:E:OSIF] wlan_hdd_set_station_stats_request_pending: peer is null
[   24.378310] cnss: Setting MHI state: SUSPEND(6)
[   24.379441] cnss: Suspending PCI link
[   24.379448] cnss: Use PCIe DRV suspend
[   24.396259] cnss: Runtime resume start
[   24.396280] cnss: Resuming PCI link
[   24.399079] Boot completed 
[   24.400197] cnss: Set PCI link status to: 2
[   24.400210] cnss: Setting MHI state: RESUME(7)
[   24.401431] [kworke][0x2367bc2c][17:34:33.669256] wlan: [798:I:PMO] pmo_core_psoc_send_host_wakeup_ind_to_fw: Host wakeup indication sent to fw
[   24.408561] cnss: Runtime resume status: 0
[   24.409208] Boot completed 
[   24.456993] [schedu][0x23780369][17:34:33.724819] wlan: [4860:I:OSIF] scan start scan id 40961
[   24.460547] zram0: detected capacity change from 0 to 8388608
[   24.491740] Adding 4194300k swap on /dev/block/zram0.  Priority:32758 extents:1 across:4194300k SS
[   24.496354] init: wait for '/dev/smcinvoke' took 0ms
[   24.513854] lxs_ts 2-0028: orientation_change: landscape 0(0)
[   24.518354] lxs_ts 2-0028: grab_mode[0D0Bh]: ON(00000001h)
[   24.518516] lxs_ts 2-0028: enable_knock: 1
[   24.518579] dsi_panel_pre_sod_mode_store: sod mode setting 1
[   24.522583] healthd: battery l=97 v=4418 t=29.0 h=2 st=2 c=635757 fc=4434000 cc=17 chg=a
[   24.688317] Enabling WiFi
[   24.688337] [cnd][0x23bbca11][17:34:33.956161] wlan: [5136:I:HDD] wlan_hdd_state_ctrl_param_write: is_driver_loaded 1 is_driver_recovering 0
[   24.688352] [cnd][0x23bbcb39][17:34:33.956177] wlan: [5136:E:HDD] wlan_hdd_state_ctrl_param_write: WiFi is already enabled
[   24.913831] [soft_i][0x23fdda0f][17:34:34.181655] wlan: [0:E:REGULATORY] reg_is_fcc_regdmn: Failed to get reg domain
[   25.248828] [schedu][0x245ffefb][17:34:34.516654] wlan: [4860:I:OSIF] vdev 0, scan id 40961 type COMPLETED(1) reason COMPLETED(1) scan found 23 bss
[   25.258677] [wifi@1][0x2462e1a1][17:34:34.526502] wlan: [1680:E:OSIF] wlan_hdd_set_station_stats_request_pending: peer is null
[   25.289552] [schedu][0x246bed3b][17:34:34.557377] wlan: [4860:I:OSIF] vdev 0, scan id 40962 type COMPLETED(1) reason CANCELLED(2) scan found 0 bss
[   25.364783] [schedu][0x2481f797][17:34:34.632608] wlan: [4860:I:CMN_MLME] vdev 0 cm_id 0xc000001: Connecting to HDSB d4:76:a0:11:24:40 rssi: -52 freq: 5320 akm 0x1 cipher: uc 0x8 mc 0x8, wps 0 osen 0 force RSN 0 CC: CA
[   25.365097] [schedu][0x24820f37][17:34:34.632923] wlan: [4860:I:WMI] send_vdev_start_cmd_tlv: vdev_id 0 freq 5320 chanmode 16 ch_info: 0x10 is_dfs 0 beacon interval 100 dtim 0 center_chan 5320 center_freq2 0 reg_info_1: 0x0 reg_info_2: 0x0, req->max_txpow: 0x0 Tx SS 2, Rx SS 2, ldpc_rx: 0, cac 0, regd 1, HE ops: 0req->dis_hw_ack: 1 
[   25.535248] [schedu][0x24b3e857][17:34:34.803072] wlan: [4860:I:PE] Auth TX: vdev 0 seq 1 seq num 2049 status 0 WEP 0 to d4:76:a0:11:24:40
[   25.538104] [schedu][0x24b4be94][17:34:34.805928] wlan: [4860:I:PE] Auth TX: success (0)
[   25.539638] [schedu][0x24b531a0][17:34:34.807462] wlan: [4860:I:PE] Auth RX: vdev 0 sys role 2 lim_state 5 from d4:76:a0:11:24:40 rssi -48 auth_alg 0 seq 0
[   25.539895] [schedu][0x24b544e6][17:34:34.807719] wlan: [4860:I:PE] Assoc req TX: vdev 0 to d4:76:a0:11:24:40 seq num 2050
[   25.541984] [schedu][0x24b5e1a0][17:34:34.809809] wlan: [4860:I:PE] Assoc req TX: success (0)
[   25.575341] [schedu][0x24bfa75c][17:34:34.843165] wlan: [4860:I:PE] Assoc rsp RX: subtype 0 vdev 0 sys role 2 lim state 10 rssi -48 from d4:76:a0:11:24:40
[   25.584763] [schedu][0x24c269ec][17:34:34.852586] wlan: [4860:E:WMA] wma_sr_update: Spatial Reuse disabled for vdev_id: 0
[   25.585602] [schedu][0x24c2a8e7][17:34:34.853426] wlan: [4860:I:CMN_MLME] cm_roam_switch_to_init: dual_sta_roam_active:1, is_dbs:0, state:0
[   25.585614] [schedu][0x24c2a9d3][17:34:34.853438] wlan: [4860:I:CMN_MLME] cm_roam_switch_to_init: STA + STA concurrency with a primary iface, have roaming enabled on both interfaces
[   25.585725] [schedu][0x24c2b237][17:34:34.853550] wlan: [4860:I:OSIF] wlan0(vdevid-0): 3c:38:f4:2e:16:56 Connect with d4:76:a0:11:24:40 SSID "HDSB" is SUCCESS cm_id 0xc000001 cm_reason 0 status_code 0 is_reassoc 0 send discon 0
[   25.642830] gsi soc:qcom,msm_gsi: gsi_stop_channel:3615 chan=1 busy try again
[   25.644961] gsi soc:qcom,msm_gsi: gsi_stop_channel:3615 chan=14 busy try again
[   25.968067] AidlLazyServiceRegistrar: Process has 0 (of 1 available) client(s) in use after notification apexservice has clients: 0
[   25.968127] AidlLazyServiceRegistrar: Shutdown prevented by forcePersist override flag.
[   26.367495] SELinux: avc:  denied  { find } for pid=5249 uid=10312 name=vendor.somc.hardware.security.aidlsecd.IDeviceSecurity/default scontext=u:r:platform_app:s0:c512,c768 tcontext=u:object_r:default_android_service:s0 tclass=service_manager permissive=0
[   26.406724] SELinux: avc:  denied  { find } for pid=5249 uid=10312 name=vendor.somc.hardware.security.aidlsecd.IDeviceSecurity/default scontext=u:r:platform_app:s0:c512,c768 tcontext=u:object_r:default_android_service:s0 tclass=service_manager permissive=0
[   26.410514] SELinux: avc:  denied  { find } for pid=5249 uid=10312 name=vendor.somc.hardware.security.aidlsecd.IDeviceSecurity/default scontext=u:r:platform_app:s0:c512,c768 tcontext=u:object_r:default_android_service:s0 tclass=service_manager permissive=0
[   26.418513] SELinux: avc:  denied  { find } for pid=5249 uid=10312 name=vendor.somc.hardware.security.aidlsecd.IDeviceSecurity/default scontext=u:r:platform_app:s0:c512,c768 tcontext=u:object_r:default_android_service:s0 tclass=service_manager permissive=0
[   26.484897] qcedev_ioctl: info: vaddr = ffa00000
, fd = 17
[   26.486596] qcedev_ioctl: info: vaddr = ff600000
, fd = 19
[   26.492406] qcedev_ioctl: info: vaddr = ff200000
, fd = 21
[   26.504769] SELinux: avc:  denied  { find } for pid=5249 uid=10312 name=vendor.somc.hardware.security.aidlsecd.IDeviceSecurity/default scontext=u:r:platform_app:s0:c512,c768 tcontext=u:object_r:default_android_service:s0 tclass=service_manager permissive=0
[   26.896119] apexd: Deleting unused dm device com.android.apex.cts.shim
[   26.906354] apexd: Deleting unused dm device com.android.btservices
[   26.922809] apexd: Deleting unused dm device com.android.devicelock
[   26.938642] apexd: Deleting unused dm device com.android.i18n
[   26.954671] apexd: Deleting unused dm device com.android.nfcservices
[   27.132210] servicemanager: Caller(pid=1188,uid=0,sid=u:r:apexd:s0) Unregistering apexservice
[   27.132251] BpBinder: onLastStrongRef automatically unlinking death recipients: 
[   27.138775] printk: binder:1188_3: 132 output lines suppressed due to ratelimiting
[   27.432348] healthd: battery l=97 v=4495 t=29.0 h=2 st=2 c=1523475 fc=4434000 cc=17 chg=a
[   27.591252] gsi soc:qcom,msm_gsi: gsi_stop_channel:3615 chan=1 busy try again
[   27.593957] gsi soc:qcom,msm_gsi: gsi_stop_channel:3615 chan=14 busy try again
[   27.601426] [soft_i][0x27113b1d][17:34:36.869242] wlan: [0:I:QDF] EAPOL-2 TX: SA:3c:38:f4:2e:16:56 DA:d4:76:a0:11:24:40 msdu_id:0 status: succ
[   27.601716] [soft_i][0x27115146][17:34:36.869538] wlan: [0:E:DP] dp_tx_update_peer_stats: Release source:3 is not from TQM
[   27.602826] [dp_rx_][0x2711a388][17:34:36.870635] wlan: [4869:I:QDF] EAPOL-2 RX: SA:d4:76:a0:11:24:40 DA:3c:38:f4:2e:16:56
[   27.615938] [dp_rx_][0x27157bac][17:34:36.883757] wlan: [4869:I:QDF] EAPOL-4 RX: SA:d4:76:a0:11:24:40 DA:3c:38:f4:2e:16:56
[   27.631399] [soft_i][0x271a0369][17:34:36.899220] wlan: [0:I:QDF] EAPOL-4 TX: SA:3c:38:f4:2e:16:56 DA:d4:76:a0:11:24:40 msdu_id:0 status: succ
[   27.652148] [dp_rx_][0x2720162e][17:34:36.919950] wlan: [4869:I:QDF] EAPOL-4 RX: SA:d4:76:a0:11:24:40 DA:3c:38:f4:2e:16:56
[   27.659377] [dp_rx_][0x2722359f][17:34:36.927196] wlan: [4869:I:QDF] EAPOL-2 RX: SA:d4:76:a0:11:24:40 DA:3c:38:f4:2e:16:56
[   27.661461] [soft_i][0x2722d1c0][17:34:36.929278] wlan: [0:I:QDF] EAPOL-2 TX: SA:3c:38:f4:2e:16:56 DA:d4:76:a0:11:24:40 msdu_id:0 status: succ
[   27.674525] [dp_rx_][0x2726a5b3][17:34:36.942344] wlan: [4869:I:QDF] EAPOL-4 RX: SA:d4:76:a0:11:24:40 DA:3c:38:f4:2e:16:56
[   27.676568] [soft_i][0x27273ea6][17:34:36.944383] wlan: [0:I:QDF] EAPOL-4 TX: SA:3c:38:f4:2e:16:56 DA:d4:76:a0:11:24:40 msdu_id:0 status: succ
[   27.707759] [soft_i][0x2730628d][17:34:36.975581] wlan: [0:I:QDF] EAPOL-4 TX: SA:3c:38:f4:2e:16:56 DA:d4:76:a0:11:24:40 msdu_id:0 status: succ
[   27.718287] [dp_rx_][0x27337801][17:34:36.986108] wlan: [4869:I:QDF] EAPOL-2 RX: SA:d4:76:a0:11:24:40 DA:3c:38:f4:2e:16:56
[   27.720282] [soft_i][0x27340db2][17:34:36.988103] wlan: [0:I:QDF] EAPOL-2 TX: SA:3c:38:f4:2e:16:56 DA:d4:76:a0:11:24:40 msdu_id:0 status: succ
[   27.731748] [dp_rx_][0x27376987][17:34:36.999568] wlan: [4869:I:QDF] EAPOL-4 RX: SA:d4:76:a0:11:24:40 DA:3c:38:f4:2e:16:56
[   27.734315] [soft_i][0x27382a12][17:34:37.002135] wlan: [0:I:QDF] EAPOL-4 TX: SA:3c:38:f4:2e:16:56 DA:d4:76:a0:11:24:40 msdu_id:0 status: succ
[   27.941602] [dp_rx_][0x2774e35c][17:34:37.209407] wlan: [4869:I:QDF] EAPOL-4 RX: SA:d4:76:a0:11:24:40 DA:3c:38:f4:2e:16:56
[   27.945253] [soft_i][0x2775f62a][17:34:37.213070] wlan: [0:I:QDF] EAPOL-4 TX: SA:3c:38:f4:2e:16:56 DA:d4:76:a0:11:24:40 msdu_id:0 status: succ
[   27.959013] [dp_rx_][0x2779fe3e][17:34:37.226831] wlan: [4869:I:QDF] EAPOL-2 RX: SA:d4:76:a0:11:24:40 DA:3c:38:f4:2e:16:56
[   27.961914] [soft_i][0x277ad7d8][17:34:37.229732] wlan: [0:I:QDF] EAPOL-2 TX: SA:3c:38:f4:2e:16:56 DA:d4:76:a0:11:24:40 msdu_id:0 status: succ
[   28.035072] [dp_rx_][0x2790461b][17:34:37.302884] wlan: [4869:I:QDF] EAPOL-2 RX: SA:d4:76:a0:11:24:40 DA:3c:38:f4:2e:16:56
[   28.035300] [dp_rx_][0x2790567f][17:34:37.303101] wlan: [4869:I:QDF] EAPOL-1 RX: SA:d4:76:a0:11:24:40 DA:3c:38:f4:2e:16:56
[   28.042331] [soft_i][0x27926744][17:34:37.310151] wlan: [0:I:QDF] EAPOL-2 TX: SA:3c:38:f4:2e:16:56 DA:d4:76:a0:11:24:40 msdu_id:0 status: succ
[   28.044257] [dp_rx_][0x2792f7f0][17:34:37.312080] wlan: [4869:I:QDF] EAPOL-3 RX: SA:d4:76:a0:11:24:40 DA:3c:38:f4:2e:16:56
[   28.047688] [soft_i][0x2793f91f][17:34:37.315509] wlan: [0:I:QDF] EAPOL-4 TX: SA:3c:38:f4:2e:16:56 DA:d4:76:a0:11:24:40 msdu_id:0 status: succ
[   28.057989] [schedu][0x2796fdec][17:34:37.325813] wlan: [4860:I:WMI] wmi_fill_rso_tlvs: RSO_CFG: vdev:0 pmk_len = 32 pmksa caching:1 OKC:1 sae_same_pmk:0 key_mgmt_offload:1
[   28.196539] [soft_i][0x27bf94e3][17:34:37.464359] wlan: [0:I:QDF] DHCP-R TX: SA:3c:38:f4:2e:16:56 DA:ff:ff:ff:ff:ff:ff msdu_id:1 status: succ
[   28.196721] [soft_i][0x27bfa2bf][17:34:37.464544] wlan: [0:E:DP] dp_tx_update_peer_stats: Release source:3 is not from TQM
[   28.203574] [dp_rx_][0x27c1a450][17:34:37.471392] wlan: [4871:I:QDF] DHCP-A RX: SA:00:ff:3b:e3:a6:06 DA:3c:38:f4:2e:16:56
[   28.301614] [schedu][0x27de5dac][17:34:37.569436] wlan: [4860:W:PE] lim_process_action_frame: Action category: 22 not handled
[   28.666829] (virq:irq_count)- GICv3:IPI(1):125237 GICv3:IPI(6):40567 GICv3:ufshcd(35):36594 GICv3:arch_timer(11):35244 GICv3:IPI(2):21861 GICv3:ipcc_0(37):9198 ipcc:glink-native-adsp(385):7186 GICv3:msm_drm(243):2717 GICv3:apps_rsc-drv-2(20):2475 ipcc:glink-native-modem(402):2426 
[   28.666895] (cpu:irq_count)- 0:54379 1:10539 2:11074 3:38915 4:37874 5:36954 6:38589 7:65278 
[   28.666918] (ipi:irq_count)- 0:125237 1:21861 2:0 3:0 4:0 5:40567 6:0 
[   28.800897] init: service 'adbd' requested start, but it is already running (flags: 132)
[   28.800936] init: Control message: Processed ctl.start for 'adbd' from pid: 1775 (system_server)
[   30.841035] SELinux: avc:  denied  { find } for pid=1775 uid=1000 name=vendor.qti.hardware.servicetrackeraidl.IServicetracker/default scontext=u:r:system_server:s0 tcontext=u:object_r:default_android_service:s0 tclass=service_manager permissive=0
[   31.711169] SELinux: avc:  denied  { find } for pid=1775 uid=1000 name=vendor.qti.hardware.servicetrackeraidl.IServicetracker/default scontext=u:r:system_server:s0 tcontext=u:object_r:default_android_service:s0 tclass=service_manager permissive=0
[   31.739670] i2c_geni 988000.i2c: i2c error :-107
[   31.739938] i2c_geni 988000.i2c: i2c error :-107
[   31.740143] i2c_geni 988000.i2c: i2c error :-107
[   31.740347] i2c_geni 988000.i2c: i2c error :-107
[   31.740551] i2c_geni 988000.i2c: i2c error :-107
[   31.740760] i2c_geni 988000.i2c: i2c error :-107
[   31.740987] i2c_geni 988000.i2c: i2c error :-107
[   31.806836] audit: audit_lost=114 audit_rate_limit=5 audit_backlog_limit=128
[   31.806864] audit: rate limit exceeded
[   31.970551] cnss: Runtime suspend start
[   31.971248] [kworke][0x2c117451][17:34:41.239071] wlan: [828:I:PMO] pmo_core_enable_wow_in_fw: drv wow is enabled
[   32.007221] cnss: Setting MHI state: SUSPEND(6)
[   32.007268] cnss: Suspending PCI link
[   32.007277] cnss: Use PCIe DRV suspend
[   32.013752] cnss: Runtime suspend status: 0
[   32.368335] SELinux: avc:  denied  { find } for pid=1775 uid=1000 name=vendor.qti.hardware.servicetrackeraidl.IServicetracker/default scontext=u:r:system_server:s0 tcontext=u:object_r:default_android_service:s0 tclass=service_manager permissive=0
[   32.432869] SELinux: avc:  denied  { find } for pid=1775 uid=1000 name=vendor.qti.hardware.servicetrackeraidl.IServicetracker/default scontext=u:r:system_server:s0 tcontext=u:object_r:default_android_service:s0 tclass=service_manager permissive=0
[   32.433649] SELinux: avc:  denied  { find } for pid=1775 uid=1000 name=vendor.qti.hardware.servicetrackeraidl.IServicetracker/default scontext=u:r:system_server:s0 tcontext=u:object_r:default_android_service:s0 tclass=service_manager permissive=0
[   32.436330] SELinux: avc:  denied  { find } for pid=1775 uid=1000 name=vendor.qti.hardware.servicetrackeraidl.IServicetracker/default scontext=u:r:system_server:s0 tcontext=u:object_r:default_android_service:s0 tclass=service_manager permissive=0
[   32.436809] SELinux: avc:  denied  { find } for pid=1775 uid=1000 name=vendor.qti.hardware.servicetrackeraidl.IServicetracker/default scontext=u:r:system_server:s0 tcontext=u:object_r:default_android_service:s0 tclass=service_manager permissive=0
[   32.466657] cnss: Runtime resume start
[   32.466752] cnss: Resuming PCI link
[   32.474205] cnss: Set PCI link status to: 2
[   32.474245] cnss: Setting MHI state: RESUME(7)
[   32.478711] [kworke][0x2ca61ffb][17:34:41.746534] wlan: [828:I:PMO] pmo_core_psoc_send_host_wakeup_ind_to_fw: Host wakeup indication sent to fw
[   32.496463] cnss: Runtime resume status: 0
[   33.278103] ------------[ cut here ]------------
[   33.278128] refcount_t: addition on 0; use-after-free.
[   33.278150] WARNING: CPU: 1 PID: 10956 at lib/refcount.c:25 rt_mutex_adjust_prio_chain+0xe88/0x14c0
[   33.278174] Modules linked in: sony_camera(OE) slg51000_regulator(OE) lxs_touchscreen(OE) wlan(OE) ipa_clientsm(OE) rndisipam(OE) ipanetm(OE) camera(OE) ipam(OE) msm_drm(OE) msm_kgsl(OE) qdss_bridge(E) coresight_tmc(E) usb_f_gsi(E) gsim(OE) usb_f_qdss(E) machine_dlkm(OE) mac80211(E) rmnet_perf_tether(OE) lpass_cdc_wsa2_macro_dlkm(OE) lpass_cdc_tx_macro_dlkm(OE) lpass_cdc_rx_macro_dlkm(OE) lpass_cdc_va_macro_dlkm(OE) lpass_cdc_wsa_macro_dlkm(OE) swr_dmic_dlkm(OE) stm_console(E) atmel_mxt_ts(OE) rmnet_aps(OE) pt_device_access(OE) rmnet_shs(OE) rmnet_wlan(OE) rmnet_perf(OE) rmnet_offload(OE) msm_eva(OE) stm_p_basic(E) coresight_stm(E) slim_qcom_ngd_ctrl(E) bt_fm_slim(OE) somc_battchg_ext(OE) wcd938x_dlkm(OE) swr_ctrl_dlkm(OE) wcd9xxx_dlkm(OE) adsp_loader_dlkm(OE) audio_prm_dlkm(OE) lpass_cdc_dlkm(OE) pinctrl_lpi_dlkm(OE) audio_pkt_dlkm(OE) pt_i2c(OE) repeater_qti_pmic_eusb2(E) qcom_pon(E) microdump_collector(E) qsee_ipc_irq_bridge(E) msm_video(OE) nxp_nci(OE) goodix_ts(OE)
[   33.278357] nt36xxx_i2c(OE) pt_ts(OE) swr_haptics_dlkm(OE) glink_probe(E) spf_core_dlkm(OE) gpr_dlkm(OE) q6_notifier_dlkm(OE) wsa883x_dlkm(OE) stm_p_ost(E) mhi_dev_uci(E) msm_mmrm(OE) wsa884x_dlkm(OE) wcd938x_slave_dlkm(OE) rmnet_sch(OE) sync_fence(OE) qcom_q6v5_pas(E) stm_ftrace(E) leds_qti_flash(E) rmnet_core(OE) cnss2(OE) rmnet_ctl(OE) qrtr_smd(E) rdtags(OE) cnss_nl(OE) frpc_adsprpc(E) camera_sync(OE) charger_ulog_glink(E) coresight_tpda(E) last_logs(OE) qrtr_gunyah(E) coresight_cti(E) memlat_scmi(E) spcom(E) qrng_dlkm(OE) cirrus_cs35l45(OE) coresight_hwevent(E) btpower(OE) qcrypto_msm_dlkm(OE) mbhc_dlkm(OE) gh_tlmm_vm_mem_access(E) qcedev_mod_dlkm(OE) mhi_cntrl_qcom(E) coresight_tpdm(E) altmode_glink(E) mhi_dev_satellite(E) slimbus(E) wlan_firmware_service(OE) cfg80211(E) qti_battery_debug(E) qcom_spmi_temp_alarm(E) qrtr_mhi(E) phy_qcom_ufs_qmp_v4_khaje(E) cirrus_wm_adsp(OE) cnss_prealloc(OE) cnss_plat_ipc_qmi_svc(OE) coresight_tgu(E) leds_qti_tri_led(E)
[   33.278518] snd_usb_audio_qmi(E) coresight_funnel(E) spss_utils(E) qbt_handler(E) qce50_dlkm(OE) stub_dlkm(OE) phy_msm_m31_eusb2(E) smsc(E) core_hang_detect(E) audpkt_ion_dlkm(OE) phy_msm_snps_eusb2(E) bcl_soc(E) mmc_log_probes(E) reboot_mode(E) repeater_i2c_eusb2(E) qcom_lpm(E) cdsp_loader(E) cdsprm(E) icc_test(E) msm_hw_fence(OE) usb_f_cdev(E) cpu_voltage_cooling(E) ucsi_glink(E) max31760_fan(E) qcom_edac(E) synaptics_tcm_ts(OE) gh_irq_lend(E) ddr_cdev(E) dwc3_msm(E) qti_fixed_regulator(E) realtek(E) pm8941_pwrkey(E) spmi_glink_debug(E) qti_battery_charger(E) cirrus_cs40l2x_codec(OE) sys_pm_vx(E) smcinvoke_dlkm(OE) qcom_spmi_adc5_gen3(E) cirrus_cs40l2x(OE) et603_int(OE) hdcp_qseecom_dlkm(OE) ipa_fmwk(E) radio_i2c_rtc6226_qca(OE) swr_dlkm(OE) mhi_dev_dtr(E) qcom_pil_info(E) qcom_q6v5(E) stm_core(E) usb_bam(E) qti_qmi_cdev(E) snd_event_dlkm(OE) qti_qmi_sensor_v2(E) tz_log_dlkm(OE) pmic_pon_log(E) qti_ocp_notifier(E) wcd_core_dlkm(OE) q6_dlkm(OE) rdbg(E) hdmi_dlkm(OE)
[   33.278683] msm_show_epoch(E) msm_memshare(E) q6_pdr_dlkm(OE) qcom_spss(E) pmic_glink(E) msm_ext_display(OE) spmi_pmic_arb_debug(E) qcom_va_minidump(E) coresight_replicator(E) msm_performance(E) coresight_dummy(E) coresight_csr(E) hung_task_enh(E) memlat(E) coresight_remote_etm(E) gh_mem_notifier(E) snd_soc_hdmi_codec(E) nvmem_qfprom(E) smsc95xx(E) phy_msm_ssusb_qmp(E) qcom_iommu_debug(E) gpucc_kalama(E) panel_event_notifier(E) bam_dma(E) sysmon_subsystem_stats(E) qcom_esoc(E) usbmon(E) ehset(E) repeater(E) cnss_utils(OE) pinctrl_spmi_mpp(E) dmesg_dumper(E) redriver(E) sg(E) pinctrl_spmi_gpio(E) rq_stats(E) memlat_vendor(E) qcom_vadc_common(E) usb_f_diag(E) qseecom_proxy(E) glink_pkt(E) msm_gpi(E) subsystem_sleep_stats(E) eud(E) boot_stats(E) synx_driver(E) coresight(E) qti_devfreq_cdev(E) lt9611uxc(E) msm_sharedmem(E) phy_generic(E) hvc_gunyah(E) sps_drv(E) r8168(E) qcom_cpufreq_hw_debug(E) qcom_glink_spss(E) adsp_sleepmon(E) qcom_ramdump(E) mhi_dev_netdev(E)
[   33.278849] heap_mem_ext_v01(E) spi_msm_geni(E) smsc75xx(E) phy_qcom_ufs_qmp_v4_waipio(E) f_fs_ipc_log(E) usb_f_ccid(E) pdr_interface(E) i2c_msm_geni(E) qcom_cpuss_sleep_stats(E) msm_geni_serial(E) qcom_sysmon(E) rimps_log(E) qti_userspace_cdev(E) soc_sleep_stats(E) qcom_ipc_lite(E) i3c_master_msm_geni(E) phy_qcom_ufs_qmp_v4(E) policy_engine(E) msm_lmh_dcvs(E) mhi(E) qmi_helpers(E) sdpm_clk(E) qti_cpufreq_cdev(E) phy_qcom_emu(E) smp2p(E) debugcc_kalama(E) smp2p_sleepstate(E) pci_msm_drv(E) pinctrl_somc_pmic(E) pwm_qti_lpg(E) rproc_qcom_common(E) qcom_smd(E) qcom_glink_smem(E) qcom_glink(E) msm_show_resume_irq(E) msm_sysstats(E) zram(E) wakeup_irq_debug(E) zsmalloc(E) nvme(E) nvme_core(E) bcl_pmic5(E) c1dcvs_scmi(E) c1dcvs_vendor(E) qcom_rimps(E) sdhci_msm(E) arm_smmu(E) ufs_qcom(E) ufshcd_crypto_qti(E) msm_qmp(E) qcom_aoss(E) stub_regulator(E) socinfo(E) rtc_pm8xxx(E) qrtr(E) qcom_reboot_reason(E) spmi_pmic_arb(E) qcom_spmi_pmic(E) regmap_spmi(E) qti_regmap_debugfs(E)
[   33.279028] pmu_scmi(E) pmu_vendor(E) qcom_pmu_lib(E) qcom_llcc_pmu(E) qcom_iommu_util(E) qcom_logbuf_vh(E) debug_symbol(E) qcom_dload_mode(E) pinctrl_somc(E) phy_qcom_ufs_qrbtc_sdm845(E) phy_qcom_ufs_qmp_v4_kalama(E) phy_qcom_ufs(E) nvmem_qcom_spmi_sdam(E) ns(E) qnoc_kalama(E) qnoc_qos(E) pinctrl_kalama(E) pinctrl_msm(E) memory_dump_v2(E) mem_buf(E) qcom_dma_heaps(E) msm_dma_iommu_mapping(E) mem_buf_msgq(E) mem_buf_dev(E) mem_hooks(E) llcc_qcom(E) iommu_logger(E) gunyah(E) mdt_loader(E) secure_buffer(E) gh_ctrl(E) videocc_kalama(E) tcsrcc_kalama(E) dispcc_kalama(E) dcc_v2(E) crypto_qti_common(E) crypto_qti_hwkm(E) hwkm(E) tmecom_intf(E) cqhci(E) clk_dummy(E) cpu_hotplug(E) thermal_pause(E) sched_walt(E) qcom_cpufreq_hw(E) bwmon(E) qcom_dcvs(E) dcvs_fp(E) rpmh_regulator(E) qcom_tsens(E) thermal_minidump(E) qcom_pdc(E) qcom_ipcc(E) camcc_kalama(E) icc_rpmh(E) icc_debug(E) icc_bcm_voter(E) gcc_kalama(E) clk_qcom(E) gdsc_regulator(E) debug_regulator(E) proxy_consumer(E)
[   33.279201] clk_rpmh(E) qcom_rpmh(E) cmd_db(E) qcom_ipc_logging(E) qcom_cpu_vendor_hooks(E) gh_virt_wdt(E) qcom_wdt_core(E) qcom_scm(E) minidump(E) smem(E) qcom_hwspinlock(E) gh_rm_drv(E) gh_dbl(E) gh_msgq(E) gh_arm_drv(E)
[   33.279250] CPU: 1 PID: 10956 Comm: ghostlock Tainted: G S      W  OE     5.15.189-android13-8-00016-g51bba4309aac-ab14546557 #1
[   33.279260] Hardware name: Sony Corporation. PDX-234 J(Kalama QRD) (DT)
[   33.279269] pstate: 624000c5 (nZCv daIF +PAN -UAO +TCO -DIT -SSBS BTYPE=--)
[   33.279279] pc : rt_mutex_adjust_prio_chain+0xe88/0x14c0
[   33.279286] lr : max_tt_usecs+0x6646/0x1fe6b
[   33.279297] sp : ffffffc02d253be0
[   33.279304] x29: ffffffc02d253c20 x28: ffffffc02cea3b18 x27: ffffff897d558000
[   33.279315] x26: ffffff897b34a400 x25: 0000000000000000 x24: 0000000000000000
[   33.279326] x23: 0000000000000000 x22: ffffff897b34ec00 x21: ffffff897b34a410
[   33.279335] x20: 0000000000000001 x19: ffffff897d558400 x18: ffffffc009f7b050
[   33.279344] x17: 0000000000000078 x16: ffffffdf2390d000 x15: ffffffdf23928000
[   33.279355] x14: 0000000000000000 x13: 0000000000000000 x12: ffffffdf2390d000
[   33.279365] x11: 0000000000000001 x10: ffffffdf239d81a8 x9 : 25ba95d243939100
[   33.279376] x8 : 25ba95d243939100 x7 : 00000000000000e0 x6 : ffffffdf22c4041d
[   33.279385] x5 : ffffff897b34ec00 x4 : ffffffdf2390d000 x3 : 00000000c0000000
[   33.279395] x2 : 0000000000000000 x1 : ffffffc02d253950 x0 : 000000000000002a
[   33.279409] Call trace:
[   33.279414] rt_mutex_adjust_prio_chain+0xe88/0x14c0
[   33.279420] rt_mutex_adjust_pi+0x174/0x318
[   33.279428] __sched_setscheduler+0xdf8/0x1144
[   33.279446] __do_sys_sched_setattr+0x244/0x3c8
[   33.279455] __arm64_sys_sched_setattr+0x24/0x34
[   33.279465] invoke_syscall+0x60/0x150
[   33.279476] el0_svc_common+0xb8/0xf8
[   33.279481] do_el0_svc+0x28/0x98
[   33.279486] el0_svc+0x24/0x84
[   33.279499] el0t_64_sync_handler+0x88/0xec
[   33.279506] el0t_64_sync+0x1b8/0x1bc
[   33.279516] ---[ end trace 3f4323f00206c209 ]---
[   33.279534] ------------[ cut here ]------------
[   33.279538] refcount_t: underflow; use-after-free.
[   33.279550] WARNING: CPU: 1 PID: 10956 at lib/refcount.c:28 rt_mutex_adjust_prio_chain+0x13fc/0x14c0
[   33.279558] Modules linked in: sony_camera(OE) slg51000_regulator(OE) lxs_touchscreen(OE) wlan(OE) ipa_clientsm(OE) rndisipam(OE) ipanetm(OE) camera(OE) ipam(OE) msm_drm(OE) msm_kgsl(OE) qdss_bridge(E) coresight_tmc(E) usb_f_gsi(E) gsim(OE) usb_f_qdss(E) machine_dlkm(OE) mac80211(E) rmnet_perf_tether(OE) lpass_cdc_wsa2_macro_dlkm(OE) lpass_cdc_tx_macro_dlkm(OE) lpass_cdc_rx_macro_dlkm(OE) lpass_cdc_va_macro_dlkm(OE) lpass_cdc_wsa_macro_dlkm(OE) swr_dmic_dlkm(OE) stm_console(E) atmel_mxt_ts(OE) rmnet_aps(OE) pt_device_access(OE) rmnet_shs(OE) rmnet_wlan(OE) rmnet_perf(OE) rmnet_offload(OE) msm_eva(OE) stm_p_basic(E) coresight_stm(E) slim_qcom_ngd_ctrl(E) bt_fm_slim(OE) somc_battchg_ext(OE) wcd938x_dlkm(OE) swr_ctrl_dlkm(OE) wcd9xxx_dlkm(OE) adsp_loader_dlkm(OE) audio_prm_dlkm(OE) lpass_cdc_dlkm(OE) pinctrl_lpi_dlkm(OE) audio_pkt_dlkm(OE) pt_i2c(OE) repeater_qti_pmic_eusb2(E) qcom_pon(E) microdump_collector(E) qsee_ipc_irq_bridge(E) msm_video(OE) nxp_nci(OE) goodix_ts(OE)
[   33.279656] nt36xxx_i2c(OE) pt_ts(OE) swr_haptics_dlkm(OE) glink_probe(E) spf_core_dlkm(OE) gpr_dlkm(OE) q6_notifier_dlkm(OE) wsa883x_dlkm(OE) stm_p_ost(E) mhi_dev_uci(E) msm_mmrm(OE) wsa884x_dlkm(OE) wcd938x_slave_dlkm(OE) rmnet_sch(OE) sync_fence(OE) qcom_q6v5_pas(E) stm_ftrace(E) leds_qti_flash(E) rmnet_core(OE) cnss2(OE) rmnet_ctl(OE) qrtr_smd(E) rdtags(OE) cnss_nl(OE) frpc_adsprpc(E) camera_sync(OE) charger_ulog_glink(E) coresight_tpda(E) last_logs(OE) qrtr_gunyah(E) coresight_cti(E) memlat_scmi(E) spcom(E) qrng_dlkm(OE) cirrus_cs35l45(OE) coresight_hwevent(E) btpower(OE) qcrypto_msm_dlkm(OE) mbhc_dlkm(OE) gh_tlmm_vm_mem_access(E) qcedev_mod_dlkm(OE) mhi_cntrl_qcom(E) coresight_tpdm(E) altmode_glink(E) mhi_dev_satellite(E) slimbus(E) wlan_firmware_service(OE) cfg80211(E) qti_battery_debug(E) qcom_spmi_temp_alarm(E) qrtr_mhi(E) phy_qcom_ufs_qmp_v4_khaje(E) cirrus_wm_adsp(OE) cnss_prealloc(OE) cnss_plat_ipc_qmi_svc(OE) coresight_tgu(E) leds_qti_tri_led(E)
[   33.279751] snd_usb_audio_qmi(E) coresight_funnel(E) spss_utils(E) qbt_handler(E) qce50_dlkm(OE) stub_dlkm(OE) phy_msm_m31_eusb2(E) smsc(E) core_hang_detect(E) audpkt_ion_dlkm(OE) phy_msm_snps_eusb2(E) bcl_soc(E) mmc_log_probes(E) reboot_mode(E) repeater_i2c_eusb2(E) qcom_lpm(E) cdsp_loader(E) cdsprm(E) icc_test(E) msm_hw_fence(OE) usb_f_cdev(E) cpu_voltage_cooling(E) ucsi_glink(E) max31760_fan(E) qcom_edac(E) synaptics_tcm_ts(OE) gh_irq_lend(E) ddr_cdev(E) dwc3_msm(E) qti_fixed_regulator(E) realtek(E) pm8941_pwrkey(E) spmi_glink_debug(E) qti_battery_charger(E) cirrus_cs40l2x_codec(OE) sys_pm_vx(E) smcinvoke_dlkm(OE) qcom_spmi_adc5_gen3(E) cirrus_cs40l2x(OE) et603_int(OE) hdcp_qseecom_dlkm(OE) ipa_fmwk(E) radio_i2c_rtc6226_qca(OE) swr_dlkm(OE) mhi_dev_dtr(E) qcom_pil_info(E) qcom_q6v5(E) stm_core(E) usb_bam(E) qti_qmi_cdev(E) snd_event_dlkm(OE) qti_qmi_sensor_v2(E) tz_log_dlkm(OE) pmic_pon_log(E) qti_ocp_notifier(E) wcd_core_dlkm(OE) q6_dlkm(OE) rdbg(E) hdmi_dlkm(OE)
[   33.279850] msm_show_epoch(E) msm_memshare(E) q6_pdr_dlkm(OE) qcom_spss(E) pmic_glink(E) msm_ext_display(OE) spmi_pmic_arb_debug(E) qcom_va_minidump(E) coresight_replicator(E) msm_performance(E) coresight_dummy(E) coresight_csr(E) hung_task_enh(E) memlat(E) coresight_remote_etm(E) gh_mem_notifier(E) snd_soc_hdmi_codec(E) nvmem_qfprom(E) smsc95xx(E) phy_msm_ssusb_qmp(E) qcom_iommu_debug(E) gpucc_kalama(E) panel_event_notifier(E) bam_dma(E) sysmon_subsystem_stats(E) qcom_esoc(E) usbmon(E) ehset(E) repeater(E) cnss_utils(OE) pinctrl_spmi_mpp(E) dmesg_dumper(E) redriver(E) sg(E) pinctrl_spmi_gpio(E) rq_stats(E) memlat_vendor(E) qcom_vadc_common(E) usb_f_diag(E) qseecom_proxy(E) glink_pkt(E) msm_gpi(E) subsystem_sleep_stats(E) eud(E) boot_stats(E) synx_driver(E) coresight(E) qti_devfreq_cdev(E) lt9611uxc(E) msm_sharedmem(E) phy_generic(E) hvc_gunyah(E) sps_drv(E) r8168(E) qcom_cpufreq_hw_debug(E) qcom_glink_spss(E) adsp_sleepmon(E) qcom_ramdump(E) mhi_dev_netdev(E)
[   33.279950] heap_mem_ext_v01(E) spi_msm_geni(E) smsc75xx(E) phy_qcom_ufs_qmp_v4_waipio(E) f_fs_ipc_log(E) usb_f_ccid(E) pdr_interface(E) i2c_msm_geni(E) qcom_cpuss_sleep_stats(E) msm_geni_serial(E) qcom_sysmon(E) rimps_log(E) qti_userspace_cdev(E) soc_sleep_stats(E) qcom_ipc_lite(E) i3c_master_msm_geni(E) phy_qcom_ufs_qmp_v4(E) policy_engine(E) msm_lmh_dcvs(E) mhi(E) qmi_helpers(E) sdpm_clk(E) qti_cpufreq_cdev(E) phy_qcom_emu(E) smp2p(E) debugcc_kalama(E) smp2p_sleepstate(E) pci_msm_drv(E) pinctrl_somc_pmic(E) pwm_qti_lpg(E) rproc_qcom_common(E) qcom_smd(E) qcom_glink_smem(E) qcom_glink(E) msm_show_resume_irq(E) msm_sysstats(E) zram(E) wakeup_irq_debug(E) zsmalloc(E) nvme(E) nvme_core(E) bcl_pmic5(E) c1dcvs_scmi(E) c1dcvs_vendor(E) qcom_rimps(E) sdhci_msm(E) arm_smmu(E) ufs_qcom(E) ufshcd_crypto_qti(E) msm_qmp(E) qcom_aoss(E) stub_regulator(E) socinfo(E) rtc_pm8xxx(E) qrtr(E) qcom_reboot_reason(E) spmi_pmic_arb(E) qcom_spmi_pmic(E) regmap_spmi(E) qti_regmap_debugfs(E)
[   33.280052] pmu_scmi(E) pmu_vendor(E) qcom_pmu_lib(E) qcom_llcc_pmu(E) qcom_iommu_util(E) qcom_logbuf_vh(E) debug_symbol(E) qcom_dload_mode(E) pinctrl_somc(E) phy_qcom_ufs_qrbtc_sdm845(E) phy_qcom_ufs_qmp_v4_kalama(E) phy_qcom_ufs(E) nvmem_qcom_spmi_sdam(E) ns(E) qnoc_kalama(E) qnoc_qos(E) pinctrl_kalama(E) pinctrl_msm(E) memory_dump_v2(E) mem_buf(E) qcom_dma_heaps(E) msm_dma_iommu_mapping(E) mem_buf_msgq(E) mem_buf_dev(E) mem_hooks(E) llcc_qcom(E) iommu_logger(E) gunyah(E) mdt_loader(E) secure_buffer(E) gh_ctrl(E) videocc_kalama(E) tcsrcc_kalama(E) dispcc_kalama(E) dcc_v2(E) crypto_qti_common(E) crypto_qti_hwkm(E) hwkm(E) tmecom_intf(E) cqhci(E) clk_dummy(E) cpu_hotplug(E) thermal_pause(E) sched_walt(E) qcom_cpufreq_hw(E) bwmon(E) qcom_dcvs(E) dcvs_fp(E) rpmh_regulator(E) qcom_tsens(E) thermal_minidump(E) qcom_pdc(E) qcom_ipcc(E) camcc_kalama(E) icc_rpmh(E) icc_debug(E) icc_bcm_voter(E) gcc_kalama(E) clk_qcom(E) gdsc_regulator(E) debug_regulator(E) proxy_consumer(E)
[   33.280157] clk_rpmh(E) qcom_rpmh(E) cmd_db(E) qcom_ipc_logging(E) qcom_cpu_vendor_hooks(E) gh_virt_wdt(E) qcom_wdt_core(E) qcom_scm(E) minidump(E) smem(E) qcom_hwspinlock(E) gh_rm_drv(E) gh_dbl(E) gh_msgq(E) gh_arm_drv(E)
[   33.280186] CPU: 1 PID: 10956 Comm: ghostlock Tainted: G S      W  OE     5.15.189-android13-8-00016-g51bba4309aac-ab14546557 #1
[   33.280192] Hardware name: Sony Corporation. PDX-234 J(Kalama QRD) (DT)
[   33.280197] pstate: 62400005 (nZCv daif +PAN -UAO +TCO -DIT -SSBS BTYPE=--)
[   33.280203] pc : rt_mutex_adjust_prio_chain+0x13fc/0x14c0
[   33.280208] lr : rt_mutex_adjust_prio_chain+0x13fc/0x14c0
[   33.280212] sp : ffffffc02d253be0
[   33.280216] x29: ffffffc02d253c20 x28: ffffffc02cea3b18 x27: ffffff897d558000
[   33.280226] x26: ffffff897b34a400 x25: 0000000000000000 x24: ffffff897d558c84
[   33.280234] x23: 0000000000000000 x22: ffffffc02cea3b18 x21: ffffff897b34a410
[   33.280242] x20: 0000000000000000 x19: ffffff897d558400 x18: ffffffc009f7b050
[   33.280250] x17: ffffffffffffffff x16: 0000000000000000 x15: 0000000000000004
[   33.280260] x14: ffffff8a6c720000 x13: 0000000000001fff x12: 0000000000000003
[   33.280271] x11: 00000000ffffdfff x10: ffffffdf239d81a8 x9 : 25ba95d243939100
[   33.280278] x8 : 25ba95d243939100 x7 : 65646e75203a745f x6 : 746e756f63666572
[   33.280285] x5 : ffffffdf23b7c2ff x4 : ffffff8a7883b2ce x3 : 0000000000000000
[   33.280294] x2 : 0000000000000000 x1 : ffffffc02d253950 x0 : 0000000000000026
[   33.280304] Call trace:
[   33.280307] rt_mutex_adjust_prio_chain+0x13fc/0x14c0
[   33.280312] rt_mutex_adjust_pi+0x174/0x318
[   33.280318] __sched_setscheduler+0xdf8/0x1144
[   33.280325] __do_sys_sched_setattr+0x244/0x3c8
[   33.280331] __arm64_sys_sched_setattr+0x24/0x34
[   33.280336] invoke_syscall+0x60/0x150
[   33.280342] el0_svc_common+0xb8/0xf8
[   33.280348] do_el0_svc+0x28/0x98
[   33.280354] el0_svc+0x24/0x84
[   33.280359] el0t_64_sync_handler+0x88/0xec
[   33.280364] el0t_64_sync+0x1b8/0x1bc
[   33.280371] ---[ end trace 3f4323f00206c20a ]---
[   34.127202] cnss: Runtime suspend start
[   34.127987] [kworke][0x2e894f6a][17:34:43.395806] wlan: [828:I:PMO] pmo_core_enable_wow_in_fw: drv wow is enabled
[   34.168935] [kworke][0x2e954e87][17:34:43.436754] wlan: [828:I:HIF] hif_try_complete_tasks: waiting for tasklets 0 grp tasklets 0 work 2
[   34.183149] cnss: Runtime suspend status: 0
[   34.184774] cnss: Setting MHI state: SUSPEND(6)
[   34.185644] cnss: Suspending PCI link
[   34.185668] cnss: Use PCIe DRV suspend
[   35.323073] cnss: Runtime resume start
[   35.323213] cnss: Resuming PCI link
[   35.330144] cnss: Set PCI link status to: 2
[   35.330181] cnss: Setting MHI state: RESUME(7)
[   35.334520] [kworke][0x2feac9ac][17:34:44.602343] wlan: [796:I:PMO] pmo_core_psoc_send_host_wakeup_ind_to_fw: Host wakeup indication sent to fw
[   35.352930] cnss: Runtime resume status: 0
[   35.834790] audit: audit_lost=127 audit_rate_limit=5 audit_backlog_limit=128
[   35.834805] audit: rate limit exceeded
[   35.955588] cnss: Runtime suspend start
[   35.956094] [kworke][0x30a0e3b8][17:34:45.223917] wlan: [796:I:PMO] pmo_core_enable_wow_in_fw: drv wow is enabled
[   35.994405] [kworke][0x30ac1d3b][17:34:45.262230] wlan: [796:I:HIF] hif_try_complete_tasks: waiting for tasklets 1 grp tasklets 0 work 0
[   36.014044] cnss: Setting MHI state: SUSPEND(6)
[   36.014065] cnss: Suspending PCI link
[   36.014068] cnss: Use PCIe DRV suspend
[   36.017896] cnss: Runtime suspend status: 0
[   36.468052] cnss: Runtime resume start
[   36.468145] cnss: Resuming PCI link
[   36.475010] cnss: Set PCI link status to: 2
[   36.475043] cnss: Setting MHI state: RESUME(7)
[   36.479426] [kworke][0x313a35a5][17:34:45.747249] wlan: [828:I:PMO] pmo_core_psoc_send_host_wakeup_ind_to_fw: Host wakeup indication sent to fw
[   36.496279] cnss: Runtime resume status: 0
[   37.129226] cnss: Runtime suspend start
[   37.129711] [kworke][0x31f8b91a][17:34:46.397535] wlan: [828:I:PMO] pmo_core_enable_wow_in_fw: drv wow is enabled
[   37.170862] [kworke][0x3204c74f][17:34:46.438685] wlan: [828:I:HIF] hif_try_complete_tasks: waiting for tasklets 1 grp tasklets 0 work 0
[   37.186175] cnss: Setting MHI state: SUSPEND(6)
[   37.186218] cnss: Suspending PCI link
[   37.186229] cnss: Use PCIe DRV suspend
[   37.191444] cnss: Runtime suspend status: 0
[   37.204584] cnss: Resuming PCI link
[   37.210783] cnss: Set PCI link status to: 2
[   37.210820] cnss: Setting MHI state: RESUME(7)
[   37.221209] cnss: Setting MHI state: SUSPEND(6)
[   37.221587] cnss: Suspending PCI link
[   37.221596] cnss: Use PCIe DRV suspend
[   38.139143] (virq:irq_count)- GICv3:IPI(1):136441 GICv3:arch_timer(11):44580 GICv3:IPI(6):43223 GICv3:ufshcd(35):36732 GICv3:IPI(2):22804 GICv3:ipcc_0(37):9262 ipcc:glink-native-adsp(385):7243 GICv3:msm_drm(243):3294 GICv3:apps_rsc-drv-2(20):3290 ipcc:glink-native-modem(402):2436 
[   38.139323] (cpu:irq_count)- 0:61655 1:18459 2:17916 3:41298 4:38854 5:37660 6:39415 7:65420 
[   38.139377] (ipi:irq_count)- 0:136441 1:22804 2:0 3:0 4:0 5:43223 6:0 
[   38.477517] SELinux: avc:  denied  { find } for pid=1775 uid=1000 name=vendor.qti.hardware.servicetrackeraidl.IServicetracker/default scontext=u:r:system_server:s0 tcontext=u:object_r:default_android_service:s0 tclass=service_manager permissive=0
[   39.935518] SELinux: avc:  denied  { find } for pid=1775 uid=1000 name=vendor.qti.hardware.servicetrackeraidl.IServicetracker/default scontext=u:r:system_server:s0 tcontext=u:object_r:default_android_service:s0 tclass=service_manager permissive=0
[   39.946840] SELinux: avc:  denied  { find } for pid=1775 uid=1000 name=vendor.qti.hardware.servicetrackeraidl.IServicetracker/default scontext=u:r:system_server:s0 tcontext=u:object_r:default_android_service:s0 tclass=service_manager permissive=0
[   39.947836] SELinux: avc:  denied  { find } for pid=1775 uid=1000 name=vendor.qti.hardware.servicetrackeraidl.IServicetracker/default scontext=u:r:system_server:s0 tcontext=u:object_r:default_android_service:s0 tclass=service_manager permissive=0
[   39.948475] SELinux: avc:  denied  { find } for pid=1775 uid=1000 name=vendor.qti.hardware.servicetrackeraidl.IServicetracker/default scontext=u:r:system_server:s0 tcontext=u:object_r:default_android_service:s0 tclass=service_manager permissive=0
[   39.949546] SELinux: avc:  denied  { find } for pid=1775 uid=1000 name=vendor.qti.hardware.servicetrackeraidl.IServicetracker/default scontext=u:r:system_server:s0 tcontext=u:object_r:default_android_service:s0 tclass=service_manager permissive=0
[   39.956149] SELinux: avc:  denied  { find } for pid=1775 uid=1000 name=vendor.qti.hardware.servicetrackeraidl.IServicetracker/default scontext=u:r:system_server:s0 tcontext=u:object_r:default_android_service:s0 tclass=service_manager permissive=0
[   39.956940] SELinux: avc:  denied  { find } for pid=1775 uid=1000 name=vendor.qti.hardware.servicetrackeraidl.IServicetracker/default scontext=u:r:system_server:s0 tcontext=u:object_r:default_android_service:s0 tclass=service_manager permissive=0
[   40.236585] cnss: Resuming PCI link
[   40.245188] cnss: Set PCI link status to: 2
[   40.245249] cnss: Setting MHI state: RESUME(7)
[   40.264453] cnss: Setting MHI state: SUSPEND(6)
[   40.264484] cnss: Retry MHI suspend #1
[   40.270604] cnss: Retry MHI suspend #2
[   40.282740] cnss: Suspending PCI link
[   40.282771] cnss: Use PCIe DRV suspend
[   40.443773] cnss: Runtime resume start
[   40.443839] cnss: Resuming PCI link
[   40.450075] cnss: Set PCI link status to: 2
[   40.450104] cnss: Setting MHI state: RESUME(7)
[   40.454639] [kworke][0x35c6d2ae][17:34:49.722463] wlan: [796:I:PMO] pmo_core_psoc_send_host_wakeup_ind_to_fw: Host wakeup indication sent to fw
[   40.472197] cnss: Runtime resume status: 0
[   41.094331] cnss: Runtime suspend start
[   41.094707] [kworke][0x368257c7][17:34:50.362531] wlan: [781:I:PMO] pmo_core_enable_wow_in_fw: drv wow is enabled
[   41.132015] [kworke][0x368d45b7][17:34:50.399837] wlan: [781:I:HIF] hif_try_complete_tasks: waiting for tasklets 0 grp tasklets 0 work 2
[   41.146589] cnss: Setting MHI state: SUSPEND(6)
[   41.146632] cnss: Suspending PCI link
[   41.146640] cnss: Use PCIe DRV suspend
[   41.151474] cnss: Runtime suspend status: 0
[   41.511046] gsi soc:qcom,msm_gsi: gsi_stop_channel:3615 chan=1 busy try again
[   41.513406] gsi soc:qcom,msm_gsi: gsi_stop_channel:3615 chan=14 busy try again
[   43.305926] cnss: Resuming PCI link
[   43.313184] cnss: Set PCI link status to: 2
[   43.313227] cnss: Setting MHI state: RESUME(7)
[   43.333007] cnss: Setting MHI state: SUSPEND(6)
[   43.334619] cnss: Suspending PCI link
[   43.334630] cnss: Use PCIe DRV suspend
[   43.460865] gsi soc:qcom,msm_gsi: gsi_stop_channel:3615 chan=1 busy try again
[   43.463133] gsi soc:qcom,msm_gsi: gsi_stop_channel:3615 chan=14 busy try again
[   43.514659] cnss: Runtime resume start
[   43.514764] cnss: Resuming PCI link
[   43.521062] cnss: Set PCI link status to: 2
[   43.521107] cnss: Setting MHI state: RESUME(7)
[   43.525481] [kworke][0x394a7a6c][17:34:52.793286] wlan: [781:I:PMO] pmo_core_psoc_send_host_wakeup_ind_to_fw: Host wakeup indication sent to fw
[   43.542931] cnss: Runtime resume status: 0
[   43.600894] SELinux: avc:  denied  { find } for pid=1775 uid=1000 name=vendor.qti.hardware.servicetrackeraidl.IServicetracker/default scontext=u:r:system_server:s0 tcontext=u:object_r:default_android_service:s0 tclass=service_manager permissive=0
[   44.222547] cnss: Runtime suspend start
[   44.224065] [kworke][0x3a172565][17:34:53.491886] wlan: [781:I:PMO] pmo_core_enable_wow_in_fw: drv wow is enabled
[   44.265484] cnss: Setting MHI state: SUSPEND(6)
[   44.265591] cnss: Suspending PCI link
[   44.265611] cnss: Use PCIe DRV suspend
[   44.275083] cnss: Runtime suspend status: 0
[   44.475850] cnss: Runtime resume start
[   44.475939] cnss: Resuming PCI link
[   44.481422] cnss: Set PCI link status to: 2
[   44.481458] cnss: Setting MHI state: RESUME(7)
[   44.486070] [kworke][0x3a63e7a8][17:34:53.753889] wlan: [781:I:PMO] pmo_core_psoc_send_host_wakeup_ind_to_fw: Host wakeup indication sent to fw
[   44.505767] cnss: Runtime resume status: 0
[   45.130340] cnss: Runtime suspend start
[   45.131918] [kworke][0x3b211e36][17:34:54.399737] wlan: [781:I:PMO] pmo_core_enable_wow_in_fw: drv wow is enabled
[   45.170698] cnss: Setting MHI state: SUSPEND(6)
[   45.170758] cnss: Suspending PCI link
[   45.170780] cnss: Use PCIe DRV suspend
[   45.178664] cnss: Runtime suspend status: 0
[   46.350171] cnss: Resuming PCI link
[   46.358386] cnss: Set PCI link status to: 2
[   46.358455] cnss: Setting MHI state: RESUME(7)
[   46.380072] cnss: Setting MHI state: SUSPEND(6)
[   46.385741] cnss: Suspending PCI link
[   46.385767] cnss: Use PCIe DRV suspend
[   46.854338] SELinux: avc:  denied  { find } for pid=1775 uid=1000 name=vendor.qti.hardware.servicetrackeraidl.IServicetracker/default scontext=u:r:system_server:s0 tcontext=u:object_r:default_android_service:s0 tclass=service_manager permissive=0
[   47.610944] (virq:irq_count)- GICv3:IPI(1):145583 GICv3:arch_timer(11):118174 GICv3:IPI(6):45335 GICv3:ufshcd(35):36830 GICv3:IPI(2):23572 GICv3:ipcc_0(37):9334 ipcc:glink-native-adsp(385):7309 GICv3:apps_rsc-drv-2(20):4142 GICv3:msm_drm(243):3834 ipcc:glink-native-modem(402):2443 
[   47.611093] (cpu:irq_count)- 0:133803 1:24857 2:23759 3:43620 4:39382 5:37876 6:40079 7:65501 
[   47.611146] (ipi:irq_count)- 0:145583 1:23572 2:0 3:0 4:0 5:45335 6:0 
[   47.700168] audit: audit_lost=130 audit_rate_limit=5 audit_backlog_limit=128
[   47.700182] audit: rate limit exceeded
[   48.635175] cnss: Runtime resume start
[   48.635251] cnss: Resuming PCI link
[   48.642204] cnss: Set PCI link status to: 2
[   48.642239] cnss: Setting MHI state: RESUME(7)
[   48.646628] [kworke][0x3f26d1cd][17:34:57.914451] wlan: [781:I:PMO] pmo_core_psoc_send_host_wakeup_ind_to_fw: Host wakeup indication sent to fw
[   48.665616] cnss: Runtime resume status: 0
[   48.728049] SELinux:  Converting 2383 SID table entries...
[   48.745798] SELinux:  policy capability network_peer_controls=1
[   48.745810] SELinux:  policy capability open_perms=1
[   48.745815] SELinux:  policy capability extended_socket_class=1
[   48.745819] SELinux:  policy capability always_check_network=0
[   48.745824] SELinux:  policy capability cgroup_seclabel=0
[   48.745828] SELinux:  policy capability nnp_nosuid_transition=1
[   48.745833] SELinux:  policy capability genfs_seclabel_symlinks=0
[   48.745837] SELinux:  policy capability ioctl_skip_cloexec=0
[   48.782762] audit: audit_lost=180 audit_rate_limit=5 audit_backlog_limit=128
[   48.782781] audit: rate limit exceeded
[   49.290180] cnss: Runtime suspend start
[   49.290646] [kworke][0x3fe37f20][17:34:58.558469] wlan: [781:I:PMO] pmo_core_enable_wow_in_fw: drv wow is enabled
[   49.331031] cnss: Setting MHI state: SUSPEND(6)
[   49.331092] cnss: Suspending PCI link
[   49.331103] cnss: Use PCIe DRV suspend
[   49.335928] cnss: Runtime suspend status: 0
[   49.407479] cnss: Resuming PCI link
[   49.413228] cnss: Set PCI link status to: 2
[   49.413268] cnss: Setting MHI state: RESUME(7)
[   49.423665] cnss: Setting MHI state: SUSPEND(6)
[   49.424008] cnss: Suspending PCI link
[   49.424018] cnss: Use PCIe DRV suspend
[   49.640938] KernelSU: shell is allowed at init!
[   49.761978] found variant: sys_call_table
[   49.804078] KernelSU: sys_call_table=0xffffffdf22d56a08
[   49.836088] KernelSU: sys_ni_syscall: 0xffffffdf22550ae8
[   49.836115] KernelSU: ni_syscall 1: 42
[   49.836121] KernelSU: patch syscall 42, 0xffffffdf22550ae8 -> 0xffffffdf1ccaab98
[   49.836772] KernelSU: dispatcher installed at slot 42
[   49.836777] KernelSU: feature: feature management initialized
[   49.836782] KernelSU: feature: registered handler for sulog (id=2)
[   49.836788] KernelSU: feature: registered handler for adb_root (id=3)
[   49.836792] KernelSU: lsm_hook: init, tracked hooks=0
[   49.836795] KernelSU: feature: registered handler for selinux_hide (id=4)
[   49.836802] KernelSU: initialize_fake_status initialized: sequence=0, policyload=0, enforcing=1
[   49.877655] KernelSU: KernelSU IOCTL Commands:
[   49.877685] KernelSU:   GRANT_ROOT         = 0x00004b01
[   49.877692] KernelSU:   GET_INFO           = 0x80104b02
[   49.877698] KernelSU:   GET_INFO_LEGACY    = 0x80004b02
[   49.877703] KernelSU:   REPORT_EVENT       = 0x40004b03
[   49.877709] KernelSU:   SET_SEPOLICY       = 0xc0004b04
[   49.877713] KernelSU:   CHECK_SAFEMODE     = 0x80004b05
[   49.877718] KernelSU:   GET_ALLOW_LIST     = 0xc0004b06
[   49.877723] KernelSU:   GET_DENY_LIST      = 0xc0004b07
[   49.877727] KernelSU:   NEW_GET_ALLOW_LIST = 0xc0044b06
[   49.877731] KernelSU:   NEW_GET_DENY_LIST  = 0xc0044b07
[   49.877736] KernelSU:   UID_GRANTED_ROOT   = 0xc0004b08
[   49.877741] KernelSU:   UID_SHOULD_UMOUNT  = 0xc0004b09
[   49.877745] KernelSU:   GET_MANAGER_APPID  = 0x80004b0a
[   49.877752] KernelSU:   GET_APP_PROFILE    = 0xc0004b0b
[   49.877756] KernelSU:   SET_APP_PROFILE    = 0x40004b0c
[   49.877761] KernelSU:   GET_FEATURE        = 0xc0004b0d
[   49.877767] KernelSU:   SET_FEATURE        = 0x40004b0e
[   49.877772] KernelSU:   GET_WRAPPER_FD     = 0x40004b0f
[   49.877778] KernelSU:   MANAGE_MARK        = 0xc0004b10
[   49.877783] KernelSU:   NUKE_EXT4_SYSFS    = 0x40004b11
[   49.877787] KernelSU:   ADD_TRY_UMOUNT     = 0x40004b12
[   49.877792] KernelSU:   SET_INIT_PGRP      = 0x00004b13
[   49.877798] KernelSU:   GET_SULOG_FD       = 0x40044b14
[   49.877803] KernelSU:   DISABLE_ESCAPE_TO_ROOT = 0x00004b15
[   49.880198] KernelSU: reboot kprobe registered successfully
[   49.880206] KernelSU: late load mode, skipping kprobe hooks
[   49.880210] KernelSU: SELinux permissive or disabled, apply rules!
[   49.890297] KernelSU: old config: 1
[   49.890307] KernelSU: adding POLICYDB_CONFIG_ANDROID_NETLINK_ROUTE
[   49.890311] KernelSU: adding POLICYDB_CONFIG_ANDROID_NETLINK_GETNEIGH
[   49.890314] KernelSU: new config: 3221225473
[   49.908604] audit: audit_lost=227 audit_rate_limit=5 audit_backlog_limit=128
[   49.908616] audit: rate limit exceeded
[   49.967331] KernelSU: backup sepolicy success! latest_granting=2
[   50.000633] KernelSU: old config: 1
[   50.000664] KernelSU: adding POLICYDB_CONFIG_ANDROID_NETLINK_ROUTE
[   50.000669] KernelSU: adding POLICYDB_CONFIG_ANDROID_NETLINK_GETNEIGH
[   50.000675] KernelSU: new config: 3221225473
